# Object Export From Tinkercad Server 2015

mtllib obj.mtl

o obj_0
v -19.103 		331.658 		5
v 69.453 		281.375 		5
v 17.792 		331.658 		5
v 69.116 		281.601 		5
v -49.153 		244.499 		2
v -49.152 		244.4985 		2
v 68.811 		281.868 		5
v 69.498 		331.658 		5
v -50.034 		245.021 		2
v 68.543 		282.173 		5
v -27.316 		294.339 		2
v -58.368 		264.928 		2
v -51.001 		245.72 		2
v -58.293 		264.319 		2
v 68.318 		282.51 		5
v 86 		331.658 		5
v -51.0463 		245.76 		2
v -16.384 		216.4021 		4
v -14.173 		217.29 		4
v 86 		331.658 		2
v -14.173 		217.29 		5
v -33.15 		246.552 		4
v -10.854 		218.962 		4
v -33.368 		246.388 		4
v 67.903 		284.06 		5
v 67.929 		284.465 		5
v -58.399 		265.703 		2
v 67.903 		331.658 		2
v 68.008 		284.863 		5
v -10.854 		218.962 		5
v -58.4028 		266.24 		2
v -9.7258 		219.656 		4
v -37.106 		219.977 		2
v 68.139 		285.247 		5
v -82.213 		331.658 		5
v -101.498 		331.658 		5
v 68.318 		285.61 		5
v -41.917 		220.934 		2
v -57.618 		262.999 		2
v -57.344 		262.7288 		2
v 68.543 		285.948 		5
v -46.562 		222.511 		2
v -57.937 		263.403 		2
v 68.811 		286.252 		5
v -50.962 		224.68 		2
v -101.498 		331.658 		2
v 69.116 		286.52 		5
v -58.156 		263.826 		2
v -55.041 		227.406 		2
v -118 		331.658 		2
v -118 		331.658 		5
v 69.612 		190.23 		2
v -58.729 		230.64 		2
v 86 		182.658 		2
v 86 		182.658 		5
v 68.139 		282.874 		5
v 69.549 		190.044 		2
v -61.963 		234.328 		2
v -69.713 		182.658 		5
v 68.008 		283.258 		5
v 69.511 		189.851 		2
v 67.929 		283.656 		5
v 69.498 		189.656 		2
v -118 		182.658 		5
v -55.7689 		220.3159 		2
v -118 		182.658 		2
v -64.689 		275.909 		2
v -54.6962 		219.656 		2
v 73.688 		282.51 		5
v 69.511 		189.46 		2
v -66.858 		242.806 		5
v -61.963 		279.988 		2
v 73.462 		282.173 		5
v -68.435 		247.452 		5
v -58.729 		283.676 		2
v 69.549 		189.267 		2
v 73.195 		281.868 		5
v -66.841 		221.058 		5
v -55.041 		286.91 		2
v 69.612 		189.082 		2
v -64.689 		238.407 		2
v 72.89 		281.601 		5
v -50.962 		289.635 		2
v -16.512 		245.799 		5
v -16.512 		245.799 		4
v -46.562 		291.805 		2
v 72.553 		281.375 		5
v -65.536 		228.8112 		2
v 70.249 		188.356 		2
v -22.505 		293.382 		5
v -65.084 		228.252 		2
v -27.316 		294.339 		5
v 72.189 		281.196 		5
v 71.805 		281.066 		5
v -61.7183 		289.4431 		2
v 70.425 		188.27 		2
v -62.512 		288.745 		2
v -65.084 		286.064 		2
v 71.407 		280.987 		5
v 70.612 		188.207 		2
v -65.536 		285.5046 		2
v 71.003 		280.96 		5
v -62.512 		225.571 		2
v 70.804 		188.168 		2
v -67.419 		231.141 		5
v 70.598 		280.987 		5
v -59.722 		223.117 		2
v -41.917 		293.382 		2
v 70.2 		281.066 		5
v 71 		188.156 		2
v -69.392 		252.263 		5
v -56.733 		220.909 		2
v 69.817 		281.196 		5
v 71.197 		188.168 		2
v -57.2605 		293.0173 		2
v -59.722 		291.199 		2
v 71.389 		188.207 		2
v 72.89 		286.52 		5
v 73.195 		286.252 		5
v -37.106 		294.339 		2
v 71.575 		188.27 		2
v 73.462 		285.948 		5
v -69.501 		234.218 		5
v -54.6962 		294.66 		2
v -56.733 		293.407 		2
v 73.688 		285.61 		5
v 71.752 		188.356 		2
v -69.713 		257.158 		5
v -69.392 		262.053 		5
v 73.867 		285.247 		5
v 73.997 		284.863 		5
v 74.076 		284.465 		5
v -15.524 		236.144 		2
v 69.699 		190.406 		2
v 74.103 		284.06 		5
v 74.076 		283.656 		5
v -2.46 		234.33 		2
v 73.997 		283.258 		5
v -5.694 		230.642 		2
v -2.46 		279.987 		2
v -9.382 		227.407 		2
v -33.634 		254.252 		5
v -13.461 		224.682 		2
v -36.306 		255.762 		5
v -17.86 		222.513 		2
v -38.348 		256.914 		5
v -22.505 		220.936 		2
v -39.848 		257.756 		5
v 69.699 		188.906 		2
v -40.894 		258.336 		5
v 73.867 		282.874 		5
v -27.316 		219.979 		2
v -32.211 		219.658 		2
v 69.808 		188.742 		2
v 69.938 		188.595 		2
v 69.453 		286.745 		5
v -32.211 		294.658 		2
v -42.994 		261.986 		5
v -2.694 		251.979 		2
v -27.316 		294.337 		2
v -22.505 		293.38 		2
v 70.086 		188.465 		2
v -17.86 		291.804 		2
v -13.461 		289.634 		2
v 69.817 		286.925 		5
v -9.382 		286.909 		2
v -5.694 		283.675 		2
v 70.2 		287.055 		5
v -44.442 		261.625 		5
v 70.598 		287.134 		5
v -7.2254 		262.144 		2
v -7.365 		262.756 		2
v 71.003 		287.161 		5
v -8.192 		259.8725 		2
v -7.644 		260.435 		2
v -7.895 		263.6 		2
v 71.575 		191.041 		2
v -8.192 		263.8738 		2
v 71.407 		287.134 		5
v -7.175 		261.923 		2
v -16.384 		245.8006 		4
v 71.805 		287.055 		5
v 71.389 		191.105 		2
v -7.598 		263.209 		2
v -7.283 		261.137 		2
v 72.189 		286.925 		5
v 71.197 		191.143 		2
v 72.553 		286.745 		5
v -42.074 		262.131 		5
v 71 		191.156 		2
v 69.612 		325.235 		5
v 70.804 		191.143 		2
v 69.549 		325.049 		5
v 70.612 		191.105 		2
v -15.715 		266.734 		2
v -16.384 		266.7654 		2
v 69.511 		324.856 		5
v -41.574 		258.703 		5
v -41.976 		258.906 		5
v -42.188 		258.992 		5
v 70.425 		191.041 		2
v -42.297 		259.01 		5
v 69.498 		324.66 		5
v -42.354 		258.973 		5
v -42.4 		258.853 		5
v -42.436 		258.636 		5
v -14.903 		266.638 		2
v -42.464 		258.305 		5
v 69.511 		324.465 		5
v 70.249 		190.955 		2
v 69.549 		324.272 		5
v -45.727 		261.15 		5
v -14.328 		266.481 		2
v -3.779 		254.042 		2
v 70.086 		190.846 		2
v -4.096 		254.2539 		2
v 69.612 		324.086 		5
v -46.844 		260.565 		5
v -13.887 		266.245 		2
v 69.938 		190.716 		2
v -13.8809 		266.24 		2
v -47.789 		259.873 		5
v 69.808 		190.569 		2
v -3.6906 		253.952 		2
v -48.557 		259.079 		5
v 70.086 		323.47 		5
v 70.249 		323.361 		5
v -49.144 		258.187 		5
v 72.49 		189.851 		2
v 72.503 		189.656 		2
v -10.964 		264.656 		2
v -12.111 		264.639 		2
v -12.288 		264.8036 		2
v 70.425 		323.275 		5
v 72.452 		190.044 		2
v 70.612 		323.212 		5
v 70.804 		323.173 		5
v 72.389 		190.23 		2
v -10.301 		264.635 		2
v -5.656 		254.689 		2
v -5.94 		254.674 		2
v -6.144 		254.665 		2
v 71 		323.16 		5
v -42.484 		257.847 		5
v -42.497 		257.246 		5
v -42.504 		256.488 		5
v -9.698 		264.552 		2
v -42.507 		255.558 		5
v -42.505 		254.517 		5
v 72.302 		190.406 		2
v 71.197 		323.173 		5
v 71.389 		323.212 		5
v -9.155 		264.407 		2
v -5.413 		254.692 		2
v 71.575 		323.275 		5
v -8.674 		264.199 		2
v -5.203 		254.683 		2
v 71.752 		323.361 		5
v 71.915 		188.465 		2
v -40.736 		251.11 		5
v -8.663 		264.192 		2
v 71.915 		323.47 		5
v -40.052 		250.771 		5
v -39.282 		250.393 		5
v -38.444 		249.985 		5
v -5.015 		254.66 		2
v 72.063 		188.595 		2
v -4.841 		254.621 		2
v 72.192 		188.742 		2
v 69.808 		325.574 		5
v -35.389 		247.994 		5
v -35.901 		248.221 		5
v -4.671 		254.565 		2
v -36.408 		248.423 		5
v 72.302 		188.906 		2
v 69.699 		325.411 		5
v -4.496 		254.49 		2
v -34.399 		248.011 		5
v 72.389 		189.082 		2
v -4.307 		254.395 		2
v -35.075 		248.347 		5
v 69.699 		323.91 		5
v 72.452 		189.267 		2
v 69.808 		323.747 		5
v -11.3259 		262.144 		2
v -35.84 		248.723 		5
v -11.313 		262.203 		2
v -11.159 		262.458 		2
v -10.92 		262.665 		2
v -10.605 		262.804 		2
v -10.222 		262.854 		2
v 72.49 		189.46 		2
v -9.979 		262.836 		2
v 69.938 		323.6 		5
v -9.758 		262.784 		2
v -9.564 		262.7 		2
v -36.674 		249.13 		5
v -9.4 		262.587 		2
v -9.267 		262.446 		2
v -9.169 		262.281 		2
v -9.1245 		262.144 		2
v 72.192 		190.569 		2
v 71.575 		326.046 		5
v 71.389 		326.109 		5
v 72.063 		190.716 		2
v -32.866 		246.79 		5
v 71.197 		326.148 		5
v 71.915 		190.846 		2
v -32.814 		246.853 		5
v 71 		326.161 		5
v 71.752 		190.955 		2
v 70.804 		326.148 		5
v -32.802 		246.898 		5
v 70.612 		326.109 		5
v -32.799 		246.947 		5
v -6.145 		254.665 		2
v 70.425 		326.046 		5
v -6.348 		254.662 		2
v -6.545 		254.666 		2
v -6.729 		254.675 		2
v -6.896 		254.69 		2
v -7.04 		254.711 		2
v -7.155 		254.736 		2
v -7.237 		254.765 		2
v 70.249 		325.96 		5
v -7.653 		255.076 		2
v -8.192 		255.5143 		2
v -32.805 		247 		5
v 70.086 		325.851 		5
v 69.938 		325.721 		5
v -32.82 		247.054 		5
v 72.49 		324.856 		5
v 72.503 		324.66 		5
v -32.843 		247.108 		5
v 72.452 		325.049 		5
v 72.389 		325.235 		5
v -32.873 		247.161 		5
v 72.302 		325.411 		5
v 72.192 		325.574 		5
v -32.91 		247.209 		5
v 72.063 		323.6 		5
v 72.192 		323.747 		5
v -32.953 		247.253 		5
v 72.302 		323.91 		5
v -8.253 		263.93 		2
v 72.389 		324.086 		5
v 72.452 		324.272 		5
v -33.787 		246.941 		5
v -33.779 		247.004 		5
v 72.49 		324.465 		5
v -33.088 		247.335 		5
v 72.063 		325.721 		5
v 71.915 		325.851 		5
v -33.386 		247.495 		5
v 71.752 		325.96 		5
v -33.83 		247.724 		5
v -15.9423 		262.144 		2
v -16.122 		262.305 		2
v -15.44 		265.072 		2
v -14.529 		264.313 		2
v -14.145 		263.988 		2
v -13.85 		263.717 		2
v -13.63 		263.478 		2
v -13.475 		263.249 		2
v -13.371 		263.006 		2
v -13.306 		262.727 		2
v -13.266 		262.389 		2
v 86 		280.96 		5
v -13.2514 		262.144 		2
v -9.108 		262.093 		2
v -33.834 		246.859 		5
v -9.087 		261.885 		2
v -9.131 		261.544 		2
v 69.453 		227.571 		5
v -9.255 		261.261 		2
v -33.879 		247.134 		5
v -9.445 		261.041 		2
v -34.119 		247.313 		5
v -9.688 		260.891 		2
v -34.47 		247.526 		5
v 69.116 		227.796 		5
v -9.972 		260.814 		2
v -10.282 		260.819 		2
v -10.606 		260.909 		2
v -10.93 		261.091 		2
v 68.811 		228.064 		5
v -11.192 		261.343 		2
v -11.338 		261.626 		2
v -11.375 		261.919 		2
v 68.543 		228.368 		5
v -32.98 		246.688 		5
v 68.318 		228.706 		5
v -33.368 		246.388 		5
v -33.628 		246.202 		5
v 68.139 		229.069 		5
v -33.15 		246.552 		5
v 73.688 		228.706 		5
v 73.462 		228.368 		5
v 73.195 		228.064 		5
v 72.89 		227.796 		5
v -33.921 		245.998 		5
v -34.241 		245.781 		5
v 72.553 		227.571 		5
v 72.189 		227.392 		5
v -17.309 		246.009 		4
v 71.805 		227.261 		5
v 71.407 		227.182 		5
v -17.309 		246.009 		5
v -12.5768 		265.072 		2
v 71.003 		227.156 		5
v -34.812 		246.07 		5
v -34.575 		246.229 		5
v -34.365 		246.379 		5
v -34.185 		246.519 		5
v -34.034 		246.647 		5
v 70.598 		227.182 		5
v -33.917 		246.761 		5
v -18.031 		246.447 		4
v 70.2 		227.261 		5
v 69.817 		227.392 		5
v -18.031 		246.447 		5
v -13.476 		265.91 		2
v -35.066 		245.901 		5
v 73.867 		229.069 		5
v -12.992 		265.458 		2
v -16.9065 		247.808 		4
v -16.874 		247.773 		4
v -16.507 		247.546 		4
v -16.384 		247.5255 		4
v -34.903 		247.757 		5
v -16.874 		247.773 		5
v 67.903 		230.256 		5
v 67.929 		230.66 		5
v -37.559 		249.557 		5
v 68.008 		231.058 		5
v -16.384 		262.5031 		2
v -16.507 		247.546 		5
v -40.073 		248.955 		5
v 68.139 		231.442 		5
v 68.318 		231.806 		5
v 68.543 		232.143 		5
v -18.811 		247.454 		4
v -18.873 		247.613 		4
v -36.883 		248.586 		5
v -37.114 		248.647 		5
v 68.811 		232.448 		5
v -37.396 		248.705 		5
v -37.729 		248.758 		5
v -38.11 		248.807 		5
v -38.537 		248.851 		5
v -39.008 		248.891 		5
v -39.521 		248.925 		5
v 69.116 		232.715 		5
v -18.873 		247.613 		5
v -18.462 		266.819 		2
v -20.605 		266.846 		2
v 69.453 		232.941 		5
v -18.811 		247.454 		5
v -24.576 		266.897 		2
v -18.916 		247.78 		4
v 67.903 		233.356 		5
v -16.867 		266.788 		2
v 68.008 		229.453 		5
v -42.498 		253.702 		5
v -18.916 		247.78 		5
v -42.484 		253.084 		5
v -42.461 		252.632 		5
v -42.425 		252.316 		5
v -42.375 		252.107 		5
v -42.308 		251.973 		5
v 67.929 		229.851 		5
v -42.223 		251.886 		5
v -42.076 		251.798 		5
v -41.767 		251.633 		5
v -41.314 		251.401 		5
v -18.9201 		247.808 		4
v -48.852 		252.602 		5
v 69.817 		233.12 		5
v -48.255 		251.849 		5
v 70.2 		233.25 		5
v -46.665 		250.572 		5
v -47.523 		251.169 		5
v 70.598 		233.33 		5
v -19.954 		246.3306 		4
v -20.48 		246.6444 		4
v -45.688 		250.071 		5
v -20.101 		263.429 		2
v 71.003 		233.356 		5
v -20.48 		263.4504 		2
v -20.48 		265.0683 		2
v -20.295 		265.07 		2
v -19.483 		265.072 		2
v 71.407 		233.33 		5
v -18.9447 		245.76 		4
v -19.256 		245.936 		4
v 71.805 		233.25 		5
v -19.256 		245.936 		5
v -32.98 		246.688 		4
v -19.953 		246.33 		4
v 72.189 		233.12 		5
v -41.823 		249.077 		5
v -42.56 		249.168 		5
v 72.553 		232.941 		5
v -41.001 		249.008 		5
v -19.953 		246.33 		5
v 72.89 		232.715 		5
v 73.195 		232.448 		5
v 73.462 		232.143 		5
v -19.246 		263.375 		2
v 73.688 		231.806 		5
v -18.531 		263.301 		2
v 73.867 		231.442 		5
v -17.929 		263.197 		2
v 73.997 		231.058 		5
v 74.076 		230.66 		5
v 74.103 		230.256 		5
v -22.505 		293.382 		2
v 74.076 		229.851 		5
v 73.997 		229.453 		5
v -17.86 		291.805 		5
v -17.86 		291.805 		2
v -17.413 		263.055 		2
v -16.958 		262.864 		2
v 86 		227.156 		5
v -16.536 		262.618 		2
v 67.903 		219.656 		5
v 17.792 		259.28 		5
v 17.792 		255.036 		5
v -52.826 		211.594 		5
v -56.619 		213.505 		5
v -23.0325 		264.192 		2
v -23.223 		264.435 		2
v -23.284 		264.521 		2
v -23.34 		264.605 		2
v -60.236 		215.73 		5
v -23.391 		264.686 		2
v -23.435 		264.761 		2
v -23.472 		264.828 		2
v -23.5 		264.885 		2
v -23.518 		264.93 		2
v -23.524 		264.961 		2
v -63.652 		218.254 		5
v -23.442 		264.983 		2
v -23.206 		265.004 		2
v -22.832 		265.023 		2
v -22.338 		265.039 		2
v -21.739 		265.053 		2
v -21.052 		265.063 		2
v -53.568 		218.962 		5
v -50.249 		217.29 		5
v -36.455 		207.335 		5
v -40.669 		207.875 		5
v -44.822 		208.769 		5
v -48.884 		210.012 		5
v -46.8 		215.905 		5
v -43.245 		214.817 		5
v -39.612 		214.035 		5
v -35.925 		213.563 		5
v -19.6 		208.769 		5
v -23.753 		207.875 		5
v -27.967 		207.335 		5
v -32.211 		207.155 		5
v -32.211 		213.406 		5
v -28.497 		213.563 		5
v -24.81 		214.035 		5
v -21.176 		214.817 		5
v -17.622 		215.905 		5
v -32.211 		219.656 		5
v -0.77 		218.254 		5
v -4.186 		215.73 		5
v -7.803 		213.505 		5
v -11.596 		211.594 		5
v -15.538 		210.012 		5
v 69.612 		190.23 		5
v -20.845 		263.471 		2
v 69.549 		190.044 		5
v -21.44 		263.522 		2
v -21.909 		263.588 		2
v -22.277 		263.679 		2
v -22.568 		263.801 		2
v -22.806 		263.963 		2
v -23.016 		264.171 		2
v 69.511 		189.851 		5
v 69.498 		189.656 		5
v 69.511 		189.46 		5
v 69.549 		189.267 		5
v 69.612 		189.082 		5
v 70.249 		188.356 		5
v 70.425 		188.27 		5
v 70.612 		188.207 		5
v 70.804 		188.168 		5
v 71 		188.156 		5
v 71.197 		188.168 		5
v 71.389 		188.207 		5
v 71.575 		188.27 		5
v 71.752 		188.356 		5
v 69.699 		190.406 		5
v 69.699 		188.906 		5
v 69.808 		188.742 		5
v -30.678 		268.394 		2
v -32.768 		268.8436 		2
v 69.938 		188.595 		5
v 70.086 		188.465 		5
v -26.0201 		266.9156 		2
v -28.23 		267.617 		2
v -26.365 		266.92 		2
v 71.575 		191.041 		5
v 71.389 		191.105 		5
v 71.197 		191.143 		5
v 71 		191.156 		5
v 70.804 		191.143 		5
v 70.612 		191.105 		5
v 70.425 		191.041 		5
v 70.249 		190.955 		5
v 70.086 		190.846 		5
v -32.211 		294.66 		2
v 69.938 		190.716 		5
v 69.808 		190.569 		5
v -13.46 		289.635 		2
v 72.49 		189.851 		5
v 72.503 		189.656 		5
v -9.381 		286.91 		2
v 72.452 		190.044 		5
v -5.693 		283.676 		2
v 72.389 		190.23 		5
v -2.459 		279.988 		2
v 72.302 		190.406 		5
v 0 		286.7541 		2
v -1.91 		288.745 		2
v 71.915 		188.465 		5
v -4.7 		291.199 		2
v 72.063 		188.595 		5
v -7.689 		293.407 		2
v 72.192 		188.742 		5
v -9.7258 		294.66 		2
v 72.302 		188.906 		5
v 72.389 		189.082 		5
v 72.452 		189.267 		5
v 72.49 		189.46 		5
v 72.192 		190.569 		5
v 0.265 		275.908 		2
v 2.435 		271.509 		2
v 4.011 		266.864 		2
v 72.063 		190.716 		5
v 0.267 		275.909 		2
v 71.915 		190.846 		5
v 2.436 		271.509 		2
v 71.752 		190.955 		5
v 4.013 		266.864 		2
v 0.0713 		286.6798 		2
v 5.291 		279.7179 		2
v 5.079 		280.097 		2
v -16.405 		186.582 		5
v 2.417 		293.256 		2
v -16.803 		186.661 		5
v 2.419 		293.257 		2
v -17.187 		186.791 		5
v -17.551 		186.971 		5
v -17.889 		187.196 		5
v -18.194 		187.464 		5
v -18.461 		187.768 		5
v -18.687 		188.106 		5
v 2.997 		283.174 		2
v 0.662 		286.064 		2
v -18.866 		188.469 		5
v -18.997 		188.853 		5
v -19.076 		189.251 		5
v -19.103 		189.656 		5
v -19.076 		190.06 		5
v -18.997 		190.458 		5
v -54.2865 		294.912 		2
v -18.866 		190.842 		5
v -18.687 		191.206 		5
v -18.461 		191.543 		5
v -18.194 		191.848 		5
v -17.889 		192.115 		5
v -50.249 		297.026 		2
v -17.551 		192.34 		5
v -17.187 		192.52 		5
v -16.803 		192.65 		5
v -63.65 		296.06 		2
v -60.235 		298.584 		2
v -56.618 		300.809 		2
v -52.825 		302.72 		2
v -16.405 		192.729 		5
v -63.652 		296.062 		2
v -13.313 		188.106 		5
v -60.236 		298.585 		2
v -13.539 		187.768 		5
v -56.619 		300.811 		2
v -13.806 		187.464 		5
v -52.826 		302.722 		2
v -14.111 		187.196 		5
v -14.449 		186.971 		5
v -14.813 		186.791 		5
v -53.568 		295.354 		2
v -15.197 		186.661 		5
v -15.595 		186.582 		5
v -16 		186.556 		5
v -32.768 		300.8863 		2
v -35.925 		300.752 		2
v -14.449 		192.34 		5
v -14.111 		192.115 		5
v -13.806 		191.848 		5
v -13.539 		191.543 		5
v -36.455 		306.978 		2
v -13.313 		191.206 		5
v -48.883 		304.302 		2
v -44.821 		305.545 		2
v -40.669 		306.439 		2
v -13.134 		190.842 		5
v -48.884 		304.304 		2
v -13.003 		190.458 		5
v -44.822 		305.547 		2
v -12.924 		190.06 		5
v -40.669 		306.441 		2
v -12.898 		189.656 		5
v -36.455 		306.98 		2
v -12.924 		189.251 		5
v -13.003 		188.853 		5
v -13.134 		188.469 		5
v -39.612 		300.281 		2
v -43.245 		299.498 		2
v -16 		192.756 		5
v -15.595 		192.729 		5
v -15.197 		192.65 		5
v -46.8 		298.411 		2
v -14.813 		192.52 		5
v -10.1355 		294.912 		2
v -34.241 		245.781 		4
v -34.2729 		245.76 		4
v -33.921 		245.998 		4
v -32.211 		307.158 		2
v -27.967 		306.978 		2
v -23.753 		306.439 		2
v -19.601 		305.545 		2
v -33.628 		246.202 		4
v -32.211 		300.91 		2
v -27.967 		306.98 		2
v -32.211 		307.16 		2
v -23.753 		306.441 		2
v -34.575 		246.229 		4
v -34.365 		246.379 		4
v -19.6 		305.547 		2
v -34.812 		246.07 		4
v -16.384 		297.9138 		2
v -17.622 		298.411 		2
v -34.816 		246.0673 		4
v -21.176 		299.498 		2
v -24.81 		300.281 		2
v -28.497 		300.752 		2
v -33.8975 		246.784 		4
v -33.917 		246.761 		4
v -34.034 		246.647 		4
v -10.854 		295.354 		2
v -34.185 		246.519 		4
v -15.539 		304.302 		2
v -11.597 		302.72 		2
v -7.804 		300.809 		2
v -4.187 		298.584 		2
v -0.772 		296.06 		2
v -15.538 		304.304 		2
v -11.596 		302.722 		2
v -7.803 		300.811 		2
v -4.186 		298.585 		2
v -0.77 		296.062 		2
v -34.903 		247.757 		4
v -34.816 		247.7106 		4
v -14.173 		297.026 		2
v -35.066 		245.901 		4
v -35.2689 		245.76 		4
v -35.0076 		247.808 		4
v -40.96 		249.0057 		4
v -40.073 		248.955 		4
v -39.521 		248.925 		4
v -37.559 		249.557 		4
v -38.1773 		249.856 		4
v 8.025 		227.427 		2
v 5.357 		224.124 		2
v 8.027 		227.425 		2
v -36.864 		249.2217 		4
v 5.358 		224.122 		2
v -39.008 		248.891 		4
v 15.641 		242.517 		2
v 14.225 		238.515 		2
v 12.476 		234.648 		2
v 10.404 		230.943 		2
v 15.643 		242.516 		2
v 14.228 		238.514 		2
v 12.478 		234.647 		2
v -38.537 		248.851 		4
v 10.406 		230.941 		2
v -38.11 		248.807 		4
v 5.291 		234.5971 		2
v 6.892 		237.46 		2
v 8.423 		240.845 		2
v -37.729 		248.758 		4
v 9.661 		244.346 		2
v -37.396 		248.705 		4
v 10.598 		247.94 		2
v -37.114 		248.647 		4
v 17.789 		259.28 		2
v 17.789 		255.036 		2
v 17.429 		250.807 		2
v 16.711 		246.624 		2
v 17.792 		259.28 		2
v 17.431 		250.807 		2
v -36.883 		248.586 		4
v 17.792 		255.036 		2
v 16.713 		246.623 		2
v 11.226 		251.601 		2
v -36.864 		248.5795 		4
v 11.541 		255.301 		2
v 11.541 		259.015 		2
v 11.2746 		262.144 		2
v -42.308 		251.973 		4
v -42.375 		252.107 		4
v 5.291 		257.158 		2
v 11.226 		262.715 		2
v -42.425 		252.316 		4
v 14.225 		275.801 		2
v 15.641 		271.799 		2
v 16.711 		267.692 		2
v 17.429 		263.509 		2
v 14.228 		275.802 		2
v -42.461 		252.632 		4
v 15.643 		271.8 		2
v 16.713 		267.692 		2
v 17.431 		263.509 		2
v -40.96 		251.2228 		4
v -41.314 		251.401 		4
v 10.598 		266.376 		2
v 9.661 		269.969 		2
v 8.423 		273.471 		2
v 6.892 		276.855 		2
v 5.9564 		278.528 		2
v -69.78 		224.122 		5
v -72.449 		227.425 		5
v -74.828 		230.941 		5
v -76.9 		234.647 		5
v -78.65 		238.514 		5
v -80.065 		242.516 		5
v 5.357 		290.192 		2
v 8.025 		286.89 		2
v 10.404 		283.374 		2
v 12.476 		279.668 		2
v 5.358 		290.193 		2
v -74.083 		244.346 		5
v -72.845 		240.845 		5
v -71.314 		237.46 		5
v 8.027 		286.891 		2
v -81.135 		246.623 		5
v 10.406 		283.375 		2
v -81.853 		250.807 		5
v -82.213 		255.036 		5
v 12.478 		279.669 		2
v -82.213 		259.28 		5
v -75.963 		259.015 		5
v -75.963 		255.301 		5
v -75.648 		251.601 		5
v -75.02 		247.94 		5
v -81.853 		263.509 		5
v -81.135 		267.692 		5
v 69.612 		325.235 		2
v -80.065 		271.8 		5
v -78.65 		275.802 		5
v 69.549 		325.049 		2
v 69.511 		324.856 		2
v 69.498 		324.66 		2
v -71.314 		276.855 		5
v -72.845 		273.471 		5
v -74.083 		269.969 		5
v -75.02 		266.376 		5
v -75.648 		262.715 		5
v 69.511 		324.465 		2
v 69.549 		324.272 		2
v -76.9 		279.669 		5
v -20.48 		248.2449 		4
v -20.643 		248.091 		4
v -21.3073 		247.4638 		4
v 69.612 		324.086 		2
v -74.828 		283.375 		5
v -21.318 		247.44 		4
v -21.284 		247.293 		4
v -21.144 		247.12 		4
v -20.884 		246.91 		4
v -20.491 		246.651 		4
v -72.449 		286.891 		5
v -69.78 		290.193 		5
v -82.213 		279.736 		5
v -20.643 		248.091 		5
v 70.086 		323.47 		2
v 70.249 		323.361 		2
v -21.116 		247.711 		4
v -21.257 		247.576 		4
v 70.425 		323.275 		2
v -21.116 		247.711 		5
v 70.612 		323.212 		2
v 70.804 		323.173 		2
v -102.598 		280.987 		5
v -21.144 		247.12 		5
v -20.884 		246.91 		5
v 71 		323.16 		2
v -103.002 		280.96 		5
v 71.197 		323.173 		2
v -20.491 		246.651 		5
v -103.407 		280.987 		5
v 71.389 		323.212 		2
v -103.805 		281.066 		5
v 71.575 		323.275 		2
v -104.189 		281.196 		5
v 71.752 		323.361 		2
v -104.552 		281.375 		5
v 71.915 		323.47 		2
v -21.257 		247.576 		5
v -104.89 		281.601 		5
v -105.195 		281.868 		5
v -21.318 		247.44 		5
v -105.462 		282.173 		5
v 69.808 		325.574 		2
v -105.687 		282.51 		5
v 69.699 		325.411 		2
v -21.284 		247.293 		5
v -106.102 		284.06 		5
v -106.076 		284.465 		5
v -105.997 		284.863 		5
v 69.699 		323.91 		2
v -105.867 		285.247 		5
v 69.808 		323.747 		2
v -105.687 		285.61 		5
v -25.766 		251.904 		4
v -25.203 		252.263 		4
v 69.938 		323.6 		2
v -24.9758 		252.4113 		4
v -105.462 		285.948 		5
v -26.523 		252.092 		4
v -26.649 		252.066 		4
v -105.195 		286.252 		5
v 71.575 		326.046 		2
v -104.89 		286.52 		5
v -25.203 		252.263 		5
v -45.069 		249.816 		5
v 71.389 		326.109 		2
v -44.467 		249.603 		5
v 71.197 		326.148 		2
v -43.862 		249.426 		5
v -26.649 		252.066 		5
v -26.523 		252.092 		5
v 71 		326.161 		2
v -43.233 		249.283 		5
v 70.804 		326.148 		2
v -26.725 		252.082 		4
v 70.612 		326.109 		2
v -41.767 		251.633 		4
v 70.425 		326.046 		2
v -26.725 		252.082 		5
v 70.249 		325.96 		2
v 70.086 		325.851 		2
v -35.374 		245.687 		5
v -42.076 		251.798 		4
v 69.938 		325.721 		2
v -26.748 		252.141 		4
v -35.723 		245.439 		5
v -26.748 		252.141 		5
v -36.102 		245.164 		5
v 72.503 		324.66 		2
v -42.223 		251.886 		4
v 72.49 		324.856 		2
v -36.5 		244.872 		5
v -26.7435 		252.1557 		4
v -26.716 		252.245 		4
v 72.452 		325.049 		2
v 72.389 		325.235 		2
v -26.716 		252.245 		5
v 72.302 		325.411 		2
v -34.58 		245.558 		5
v -35.263 		245.11 		5
v 72.192 		325.574 		2
v -42.484 		253.084 		4
v -25.575 		252.606 		4
v -25.873 		252.418 		4
v -24.576 		252.6722 		4
v 72.063 		323.6 		2
v -35.915 		244.672 		5
v -36.535 		244.247 		5
v 72.192 		323.747 		2
v -36.904 		244.57 		5
v 72.302 		323.91 		2
v -42.498 		253.702 		4
v 72.389 		324.086 		2
v -37.303 		244.268 		5
v -10.677 		259.192 		2
v -9.773 		259.196 		2
v -105.867 		282.874 		5
v 72.452 		324.272 		2
v -11.2269 		258.048 		2
v -25.575 		252.606 		5
v -12.288 		258.9505 		2
v -25.873 		252.418 		5
v -105.997 		283.258 		5
v 72.49 		324.465 		2
v -42.5001 		253.952 		4
v -11.601 		259.453 		2
v -106.076 		283.656 		5
v -26.132 		252.269 		4
v 72.063 		325.721 		2
v -11.984 		259.647 		2
v -26.132 		252.269 		5
v -100.318 		282.51 		5
v 71.915 		325.851 		2
v -12.288 		259.8528 		2
v -100.543 		282.173 		5
v 71.752 		325.96 		2
v -26.35 		252.16 		4
v -100.81 		281.868 		5
v -8.21 		259.854 		2
v -49.152 		253.137 		4
v -48.852 		252.602 		4
v -101.115 		281.601 		5
v -48.255 		251.849 		4
v -13.46 		289.635 		5
v -47.523 		251.169 		4
v -46.665 		250.572 		4
v -45.688 		250.071 		4
v -101.452 		281.375 		5
v -45.1661 		249.856 		4
v -101.816 		281.196 		5
v -37.685 		243.974 		5
v -102.2 		281.066 		5
v -101.115 		286.52 		5
v -9.381 		286.91 		5
v -37.121 		243.834 		5
v -100.81 		286.252 		5
v -100.543 		285.948 		5
v -38.461 		243.375 		5
v -100.318 		285.61 		5
v -26.35 		252.16 		5
v -100.138 		285.247 		5
v -5.693 		283.676 		5
v -100.008 		284.863 		5
v -99.929 		284.465 		5
v -45.069 		249.816 		4
v -44.467 		249.603 		4
v -43.862 		249.426 		4
v -43.233 		249.283 		4
v -42.56 		249.168 		4
v -41.823 		249.077 		4
v -41.001 		249.008 		4
v -99.902 		284.06 		5
v -99.929 		283.656 		5
v -2.459 		279.988 		5
v -100.008 		283.258 		5
v -100.138 		282.874 		5
v -26.412 		252.881 		4
v -52.825 		211.597 		2
v -26.178 		253.393 		4
v -56.618 		213.507 		2
v -26.005 		253.815 		4
v -60.235 		215.733 		2
v -63.65 		218.256 		2
v -25.9597 		253.952 		4
v -52.826 		211.594 		2
v -26.178 		253.393 		5
v -56.619 		213.505 		2
v -26.005 		253.815 		5
v -37.672 		243.436 		5
v -38.187 		243.052 		5
v -60.236 		215.73 		2
v -38.663 		242.685 		5
v -63.652 		218.254 		2
v -26.412 		252.881 		5
v -40.715 		242.18 		5
v -40.347 		242.239 		5
v -39.978 		242.37 		5
v -24.576 		253.2723 		4
v -1.91 		288.745 		4
v -39.568 		242.591 		5
v 0 		286.7541 		4
v -1.91 		288.745 		5
v -39.076 		242.92 		5
v -4.7 		291.199 		4
v -35.374 		245.687 		4
v -35.723 		245.439 		4
v -36.102 		245.164 		4
v -36.5 		244.872 		4
v -36.864 		244.5999 		4
v -4.7 		291.199 		5
v -28.672 		251.5389 		4
v -36.864 		244.0151 		4
v -28.518 		251.46 		4
v -36.535 		244.247 		4
v -28.01 		251.218 		4
v -27.662 		251.075 		4
v -53.568 		218.962 		2
v -7.689 		293.407 		4
v -27.469 		251.029 		4
v -27.309 		251.06 		4
v -27.073 		251.155 		4
v -26.752 		251.318 		4
v -26.338 		251.554 		4
v -25.824 		251.867 		4
v -50.249 		217.29 		2
v -39.1 		242.334 		5
v -7.689 		293.407 		5
v -39.282 		242.181 		5
v -39.43 		242.047 		5
v -39.544 		241.932 		5
v -39.625 		241.833 		5
v -9.7258 		294.66 		4
v -39.675 		241.749 		5
v -39.696 		241.678 		5
v -49.152 		216.8495 		2
v -26.338 		251.554 		5
v -25.824 		251.867 		5
v -32.211 		294.66 		5
v -46.8 		215.905 		2
v -28.518 		251.46 		5
v -28.01 		251.218 		5
v -39.688 		241.619 		5
v -39.652 		241.569 		5
v -39.544 		241.528 		5
v -36.455 		207.338 		2
v -39.306 		241.495 		5
v -40.669 		207.877 		2
v -44.821 		208.772 		2
v -38.933 		241.47 		5
v -48.883 		210.014 		2
v -38.418 		241.451 		5
v -37.752 		241.44 		5
v -36.928 		241.435 		5
v -35.94 		241.437 		5
v -27.662 		251.075 		5
v -34.78 		241.445 		5
v 4.011 		266.864 		4
v 2.435 		271.509 		4
v -8.935 		259.429 		2
v 0.265 		275.908 		4
v -36.455 		207.335 		2
v -40.669 		207.875 		2
v -35.915 		244.672 		4
v -44.822 		208.769 		2
v -48.884 		210.012 		2
v -48.172 		244.009 		5
v -47.115 		243.558 		5
v -46.009 		243.156 		5
v -44.88 		242.811 		5
v -43.752 		242.532 		5
v -42.653 		242.327 		5
v -41.607 		242.204 		5
v -41.121 		242.174 		5
v -35.3553 		245.048 		4
v -35.263 		245.11 		4
v 0.267 		275.909 		5
v -43.245 		214.817 		2
v -39.612 		214.035 		2
v -104.552 		286.745 		5
v 2.436 		271.509 		5
v -35.925 		213.563 		2
v -104.189 		286.925 		5
v -13.113 		261.097 		2
v -12.984 		260.731 		2
v -32.768 		213.4296 		2
v -103.805 		287.055 		5
v -13.6236 		260.096 		2
v -13.897 		260.331 		2
v -14.7596 		261.0842 		2
v -15.689 		261.917 		2
v -34.58 		245.558 		4
v 4.013 		266.864 		5
v -103.407 		287.134 		5
v -103.002 		287.161 		5
v -102.598 		287.134 		5
v -13.198 		261.509 		2
v -102.2 		287.055 		5
v 0.0713 		286.6798 		4
v -101.816 		286.925 		5
v -13.241 		261.969 		2
v -101.452 		286.745 		5
v -12.586 		260.121 		2
v -12.5588 		260.096 		2
v -36.904 		244.57 		4
v -37.303 		244.268 		4
v -37.685 		243.974 		4
v -12.809 		260.407 		2
v -38.0244 		243.712 		4
v -37.2899 		243.712 		4
v -37.121 		243.834 		4
v -103.915 		323.47 		5
v -27.469 		251.029 		5
v -103.751 		323.361 		5
v 5.079 		280.097 		4
v 5.291 		279.7179 		4
v -103.575 		323.275 		5
v -27.309 		251.06 		5
v 2.417 		293.256 		4
v -103.389 		323.212 		5
v -27.073 		251.155 		5
v -103.196 		323.173 		5
v -103 		323.16 		5
v -26.752 		251.318 		5
v -102.804 		323.173 		5
v 2.419 		293.257 		5
v -102.611 		323.212 		5
v -14.985 		261.281 		2
v -102.425 		323.275 		5
v -32.768 		253.7652 		4
v -32.25 		253.474 		4
v -104.192 		325.574 		5
v -31.052 		252.809 		4
v -30.034 		252.253 		4
v -29.191 		251.805 		4
v -104.301 		325.411 		5
v 5.079 		280.097 		5
v -38.461 		243.375 		4
v 2.997 		283.174 		4
v -31.052 		252.809 		5
v -30.034 		252.253 		5
v -38.663 		242.685 		4
v 2.997 		283.174 		5
v 0.662 		286.064 		4
v -29.191 		251.805 		5
v -15.2046 		258.048 		2
v 0.662 		286.064 		5
v -15.172 		258.31 		2
v -55.161 		260.141 		5
v -15.121 		258.475 		2
v -38.912 		243.0413 		4
v -15.052 		258.549 		2
v -14.962 		258.566 		2
v -19.601 		208.772 		2
v -23.753 		207.877 		2
v -27.967 		207.338 		2
v -55.165 		260.36 		5
v -32.211 		207.158 		2
v -32.211 		213.406 		2
v -55.189 		260.544 		5
v -19.6 		208.769 		2
v -55.248 		260.713 		5
v -23.753 		207.875 		2
v -27.967 		207.335 		2
v -55.357 		260.888 		5
v -55.531 		261.09 		5
v -38.187 		243.052 		4
v -55.787 		261.338 		5
v -32.211 		207.155 		2
v -54.6962 		294.66 		4
v -54.2865 		294.912 		4
v -56.139 		261.654 		5
v -32.25 		253.474 		5
v -37.672 		243.436 		4
v -28.497 		213.563 		2
v -56.603 		262.057 		5
v -24.81 		214.035 		2
v -21.176 		214.817 		2
v -16.6982 		236.6632 		4
v -17.113 		236.892 		4
v -17.622 		215.905 		2
v -55.372 		258.681 		5
v -55.425 		258.465 		5
v -16.384 		216.4021 		2
v -17.113 		236.892 		5
v -55.323 		258.908 		5
v -50.249 		297.026 		4
v -17.977 		237.389 		4
v -55.278 		259.141 		5
v -39.6941 		241.664 		4
v -39.696 		241.678 		4
v -39.8026 		242.4645 		4
v -39.978 		242.37 		4
v -17.977 		237.389 		5
v -32.211 		219.656 		2
v -52.825 		302.72 		4
v -55.239 		259.373 		5
v -56.618 		300.809 		4
v -60.235 		298.584 		4
v -63.65 		296.06 		4
v -18.8969 		237.9295 		4
v -19.102 		238.05 		4
v -55.206 		259.595 		5
v -14.173 		217.29 		2
v -19.102 		238.05 		5
v -40.347 		242.239 		4
v -55.182 		259.802 		5
v -55.166 		259.986 		5
v -0.772 		218.256 		2
v -4.187 		215.733 		2
v -7.804 		213.507 		2
v -11.597 		211.597 		2
v -15.539 		210.014 		2
v -40.715 		242.18 		4
v -20.524 		238.894 		4
v -22.13 		239.846 		4
v -0.77 		218.254 		2
v -23.497 		240.647 		4
v -24.576 		241.2704 		4
v -4.186 		215.73 		2
v -20.524 		238.894 		5
v -7.803 		213.505 		2
v -63.652 		296.062 		5
v -49.545 		257.199 		5
v -40.96 		242.1764 		4
v -11.596 		211.594 		2
v -22.13 		239.846 		5
v -49.756 		256.119 		5
v -15.538 		210.012 		2
v -60.236 		298.585 		5
v -49.769 		255.187 		5
v -23.497 		240.647 		5
v -16.384 		236.4939 		4
v -16.473 		236.539 		4
v -49.617 		254.282 		5
v -10.854 		218.962 		2
v -16.473 		236.539 		5
v -39.568 		242.591 		4
v -9.7258 		219.656 		2
v -39.675 		241.749 		4
v -56.619 		300.811 		5
v -39.3909 		242.7094 		4
v -55.542 		257.888 		5
v -52.826 		302.722 		5
v -55.626 		257.195 		5
v -55.678 		256.422 		5
v -55.697 		255.609 		5
v -55.683 		254.792 		5
v 86 		207.155 		2
v -55.637 		254.011 		5
v -18.858 		245.711 		4
v -49.309 		253.417 		5
v -18.858 		245.711 		5
v -39.076 		242.92 		4
v -39.625 		241.833 		4
v -14.843 		258.511 		2
v -14.616 		258.352 		2
v -14.293 		258.102 		2
v -14.2272 		258.048 		2
v -55.557 		253.303 		5
v -55.444 		252.706 		5
v -55.1 		251.543 		5
v -54.649 		250.421 		5
v -54.097 		249.348 		5
v -53.451 		248.333 		5
v -52.715 		247.385 		5
v -51.896 		246.511 		5
v -50.249 		297.026 		5
v -53.568 		295.354 		4
v -53.568 		295.354 		5
v -51.001 		245.72 		5
v -50.034 		245.021 		5
v -49.153 		244.499 		5
v -12.404 		259.0492 		2
v -104.388 		325.235 		5
v -37.106 		219.977 		5
v -104.451 		325.049 		5
v -39.544 		241.932 		4
v -35.925 		300.752 		4
v -41.917 		220.934 		5
v -32.768 		300.8863 		4
v -104.49 		324.856 		5
v -46.562 		222.511 		5
v -104.503 		324.66 		5
v -50.962 		224.68 		5
v -104.49 		324.465 		5
v -39.43 		242.047 		4
v -55.041 		227.406 		5
v -36.455 		306.978 		4
v -40.669 		306.439 		4
v -104.451 		324.272 		5
v -44.821 		305.545 		4
v -58.729 		230.64 		5
v -48.883 		304.302 		4
v -104.388 		324.086 		5
v -61.963 		234.328 		5
v -18.445 		245.474 		4
v -104.301 		323.91 		5
v -39.282 		242.181 		4
v -104.192 		323.747 		5
v -18.445 		245.474 		5
v -64.689 		238.407 		5
v -104.062 		323.6 		5
v -18.029 		245.231 		4
v -39.1 		242.334 		4
v -59.722 		223.117 		5
v -56.733 		220.909 		5
v -18.029 		245.231 		5
v -65.084 		228.252 		5
v -62.512 		225.571 		5
v -102.425 		326.046 		5
v -17.621 		244.991 		4
v -102.611 		326.109 		5
v -48.884 		304.304 		5
v -102.804 		326.148 		5
v -17.621 		244.991 		5
v -103 		326.161 		5
v -7.644 		260.435 		5
v -17.234 		244.759 		4
v -7.283 		261.137 		5
v -7.175 		261.923 		5
v -44.822 		305.547 		5
v -103.196 		326.148 		5
v -17.234 		244.759 		5
v -103.389 		326.109 		5
v -3.779 		254.042 		5
v -39.688 		241.619 		4
v -103.575 		326.046 		5
v -16.879 		244.543 		4
v -5.94 		254.674 		5
v -103.751 		325.96 		5
v -40.669 		306.441 		5
v -103.915 		325.851 		5
v -16.879 		244.543 		5
v -104.062 		325.721 		5
v -36.928 		241.435 		4
v -16.57 		244.35 		4
v -37.752 		241.44 		4
v -36.455 		306.98 		5
v -16.57 		244.35 		5
v -4.307 		254.395 		5
v -4.496 		254.49 		5
v -4.671 		254.565 		5
v -4.841 		254.621 		5
v -102.249 		323.361 		5
v -5.015 		254.66 		5
v -5.203 		254.683 		5
v -5.413 		254.692 		5
v -5.656 		254.689 		5
v -102.085 		323.47 		5
v -16.384 		244.2304 		4
v -38.418 		241.451 		4
v -6.144 		253.952 		5
v -7.653 		255.076 		5
v -38.933 		241.47 		4
v -101.51 		324.856 		5
v -101.498 		324.66 		5
v -7.237 		254.765 		5
v -101.549 		325.049 		5
v -6.348 		254.662 		5
v -6.545 		254.666 		5
v -101.612 		325.235 		5
v -39.306 		241.495 		4
v -6.145 		254.665 		5
v -35.925 		300.752 		5
v -101.699 		325.411 		5
v -101.808 		325.574 		5
v -39.544 		241.528 		4
v -24.641 		241.308 		4
v -25.578 		241.837 		4
v -26.326 		242.243 		4
v -7.155 		254.736 		5
v -26.9 		242.536 		4
v -101.938 		323.6 		5
v -27.317 		242.724 		4
v -27.593 		242.817 		4
v -27.717 		242.836 		4
v -27.844 		242.833 		4
v -27.98 		242.806 		4
v -28.133 		242.751 		4
v -28.309 		242.666 		4
v -7.04 		254.711 		5
v -28.516 		242.548 		4
v -28.759 		242.394 		4
v -29.047 		242.2 		4
v -30.085 		241.489 		4
v -6.896 		254.69 		5
v -101.808 		323.747 		5
v -6.729 		254.675 		5
v -101.699 		323.91 		5
v -27.317 		242.724 		5
v -27.593 		242.817 		5
v -101.612 		324.086 		5
v -101.549 		324.272 		5
v -27.717 		242.836 		5
v -101.51 		324.465 		5
v -27.844 		242.833 		5
v -9.108 		262.093 		5
v -101.938 		325.721 		5
v -27.98 		242.806 		5
v -102.085 		325.851 		5
v -9.972 		260.814 		5
v -10.282 		260.819 		5
v -102.249 		325.96 		5
v -9.688 		260.891 		5
v -28.133 		242.751 		5
v -9.445 		261.041 		5
v -9.255 		261.261 		5
v -28.309 		242.666 		5
v -9.131 		261.544 		5
v -24.641 		241.308 		5
v -9.087 		261.885 		5
v -25.578 		241.837 		5
v -26.326 		242.243 		5
v -26.9 		242.536 		5
v -11.375 		261.919 		5
v -11.338 		261.626 		5
v -39.652 		241.569 		4
v -28.516 		242.548 		5
v -11.192 		261.343 		5
v -28.759 		242.394 		5
v -10.93 		261.091 		5
v -29.047 		242.2 		5
v -10.606 		260.909 		5
v -30.085 		241.489 		5
v -34.78 		241.445 		4
v -35.94 		241.437 		4
v -32.768 		241.4639 		4
v -2.459 		234.328 		5
v -11.984 		259.647 		5
v -11.601 		259.453 		5
v -10.677 		259.192 		5
v -9.773 		259.196 		5
v -8.935 		259.429 		5
v -2.459 		234.328 		2
v -8.21 		259.854 		5
v -13.897 		260.331 		5
v -5.693 		230.64 		5
v -5.693 		230.64 		2
v -41.607 		242.204 		4
v -42.653 		242.327 		4
v -13.241 		261.969 		5
v -13.198 		261.509 		5
v -13.113 		261.097 		5
v -12.984 		260.731 		5
v -12.809 		260.407 		5
v -12.586 		260.121 		5
v -9.381 		227.406 		5
v -43.752 		242.532 		4
v -9.381 		227.406 		2
v -14.985 		261.281 		5
v -15.689 		261.917 		5
v -44.88 		242.811 		4
v -12.566 		259.187 		2
v -13.6158 		260.0893 		2
v -12.312 		259.869 		2
v 69.498 		186.556 		2
v -19.103 		186.556 		2
v -48.172 		244.009 		4
v -49.152 		244.4985 		4
v -14.293 		258.102 		5
v -46.009 		243.156 		4
v -14.616 		258.352 		5
v -14.843 		258.511 		5
v -69.778 		224.124 		2
v -72.447 		227.427 		2
v -47.115 		243.558 		4
v -69.78 		224.122 		2
v -72.449 		227.425 		2
v -14.962 		258.566 		5
v -12.312 		259.869 		5
v -12.566 		259.187 		5
v -74.083 		244.346 		2
v -41.121 		242.174 		4
v -15.052 		258.549 		5
v -74.826 		230.943 		2
v -76.897 		234.648 		2
v -78.647 		238.515 		2
v -80.062 		242.517 		2
v -15.121 		258.475 		5
v -74.828 		230.941 		2
v -13.46 		224.68 		5
v -76.9 		234.647 		2
v -15.172 		258.31 		5
v -102.598 		227.182 		5
v -78.65 		238.514 		2
v -103.002 		227.156 		5
v -80.065 		242.516 		2
v -103.407 		227.182 		5
v -12.288 		256.3767 		2
v -11.702 		255.845 		2
v -10.835 		255.047 		2
v -10.154 		254.412 		2
v -103.805 		227.261 		5
v -9.6764 		253.952 		2
v -10.154 		254.412 		5
v -104.189 		227.392 		5
v -72.845 		240.845 		2
v -10.835 		255.047 		5
v -104.552 		227.571 		5
v -71.314 		237.46 		2
v -104.89 		227.796 		5
v -11.702 		255.845 		5
v -69.713 		234.5971 		2
v -105.195 		228.064 		5
v -8.536 		255.794 		5
v -105.462 		228.368 		5
v -105.687 		228.706 		5
v -9.744 		256.798 		5
v -8.536 		255.794 		2
v -9.744 		256.798 		2
v -11.134 		257.969 		2
v -75.6966 		262.144 		2
v -75.963 		259.015 		2
v -105.867 		229.069 		5
v -11.134 		257.969 		5
v -81.851 		250.807 		2
v -82.211 		255.036 		2
v -82.211 		259.28 		2
v -100.138 		229.069 		5
v -81.133 		246.624 		2
v -100.318 		228.706 		5
v -81.135 		246.623 		2
v -100.543 		228.368 		5
v -81.853 		250.807 		2
v -100.81 		228.064 		5
v -82.213 		255.036 		2
v -13.887 		257.769 		5
v -13.412 		257.366 		5
v -13.46 		224.68 		2
v -49.152 		258.1673 		4
v -49.2004 		258.048 		4
v -15.208 		258.021 		5
v -17.86 		222.511 		5
v -15.231 		257.572 		5
v -15.251 		254.933 		2
v -15.25 		256.062 		2
v -12.306 		256.393 		5
v -15.244 		256.93 		2
v -17.86 		222.511 		2
v -15.231 		257.572 		2
v -15.208 		258.021 		2
v -13.887 		257.769 		2
v -13.412 		257.366 		2
v -12.881 		256.904 		2
v -12.306 		256.393 		2
v -12.881 		256.904 		5
v -22.505 		220.934 		5
v -55.1625 		260.096 		4
v -55.161 		260.141 		4
v -82.213 		259.28 		2
v -55.165 		260.36 		4
v -55.189 		260.544 		4
v -55.248 		260.713 		4
v -55.357 		260.888 		4
v -55.531 		261.09 		4
v -55.787 		261.338 		4
v -56.139 		261.654 		4
v -75.963 		255.301 		2
v -56.603 		262.057 		4
v -75.648 		251.601 		2
v -22.505 		220.934 		2
v -15.244 		256.93 		5
v -75.02 		247.94 		2
v -15.25 		256.062 		5
v -15.251 		254.933 		5
v -1.91 		225.571 		4
v -69.713 		257.158 		2
v -2.7037 		224.8728 		4
v -1.91 		225.571 		5
v -70.3784 		278.528 		2
v -71.314 		276.855 		2
v 0 		227.562 		4
v -101.115 		227.796 		5
v -101.452 		227.571 		5
v -101.816 		227.392 		5
v -81.851 		263.509 		2
v -81.133 		267.692 		2
v -80.062 		271.799 		2
v -78.647 		275.801 		2
v -102.2 		227.261 		5
v -3.111 		250.283 		5
v -27.316 		219.977 		5
v -2.844 		250.824 		5
v -2.707 		251.396 		5
v -2.694 		251.979 		5
v -81.853 		263.509 		2
v -2.801 		252.554 		5
v -3.02 		253.102 		5
v -3.349 		253.604 		5
v -81.135 		267.692 		2
v -106.102 		230.256 		5
v -106.076 		230.66 		5
v -80.065 		271.8 		2
v -105.997 		231.058 		5
v -27.316 		219.977 		2
v -4.891 		252.482 		5
v -4.779 		252.26 		5
v -78.65 		275.802 		2
v -5.049 		252.669 		5
v -105.997 		229.453 		5
v -2.801 		252.554 		2
v -106.076 		229.851 		5
v -5.148 		252.752 		5
v -72.845 		273.471 		2
v -2.707 		251.396 		2
v -74.083 		269.969 		2
v -105.867 		231.442 		5
v -5.243 		252.818 		5
v -4.7 		223.117 		4
v -7.1615 		221.2987 		4
v -2.844 		250.824 		2
v -75.02 		266.376 		2
v -105.687 		231.806 		5
v -5.34 		252.867 		5
v -75.648 		262.715 		2
v -4.7 		223.117 		5
v -3.111 		250.283 		2
v -105.462 		232.143 		5
v -5.442 		252.9 		5
v -3.4872 		249.856 		2
v -105.195 		232.448 		5
v -104.89 		232.715 		5
v -5.554 		252.918 		5
v -3.349 		253.604 		2
v -104.552 		232.941 		5
v -5.678 		252.923 		5
v -104.189 		233.12 		5
v -3.02 		253.102 		2
v -103.805 		233.25 		5
v -5.819 		252.915 		5
v -103.407 		233.33 		5
v -76.897 		279.668 		2
v -74.826 		283.374 		2
v -72.447 		286.89 		2
v -69.778 		290.192 		2
v -5.982 		252.895 		5
v -103.002 		233.356 		5
v -106.102 		233.356 		5
v -102.598 		233.33 		5
v -76.9 		279.669 		2
v -74.828 		283.375 		2
v -72.449 		286.891 		2
v -102.2 		233.25 		5
v -69.78 		290.193 		2
v -4.713 		252.017 		5
v -101.816 		233.12 		5
v -7.689 		220.909 		4
v -101.452 		232.941 		5
v -7.689 		220.909 		5
v -101.115 		232.715 		5
v -100.81 		232.448 		5
v -39.612 		300.281 		4
v -100.543 		232.143 		5
v -6.144 		252.8541 		2
v -5.982 		252.895 		2
v -5.819 		252.915 		2
v -100.318 		231.806 		5
v -39.612 		300.281 		5
v -69.713 		279.7179 		2
v -5.678 		252.923 		2
v -5.554 		252.918 		2
v -5.442 		252.9 		2
v -5.34 		252.867 		2
v -5.243 		252.818 		2
v -43.245 		299.498 		4
v -5.148 		252.752 		2
v -100.138 		231.442 		5
v -5.049 		252.669 		2
v -4.891 		252.482 		2
v -4.779 		252.26 		2
v -4.713 		252.017 		2
v -4.704 		251.904 		2
v -100.008 		231.058 		5
v -43.245 		299.498 		5
v -99.929 		230.66 		5
v -82.213 		323.16 		2
v -46.8 		298.411 		4
v -99.902 		230.256 		5
v -82.213 		188.156 		2
v -46.8 		298.411 		5
v -99.929 		229.851 		5
v -103.915 		323.47 		2
v 0.265 		238.408 		4
v 2.435 		242.808 		4
v -100.008 		229.453 		5
v 4.011 		247.452 		4
v 4.968 		252.263 		4
v 5.289 		257.158 		4
v 4.968 		262.053 		4
v -103.751 		323.361 		2
v 4.968 		262.053 		2
v -103.575 		323.275 		2
v 5.289 		257.158 		2
v -103.389 		323.212 		2
v 4.968 		252.263 		2
v -103.196 		323.173 		2
v -103 		323.16 		2
v 4.011 		247.452 		2
v -10.1355 		294.912 		4
v -102.804 		323.173 		2
v 2.435 		242.808 		2
v -102.611 		323.212 		2
v 0.265 		238.408 		2
v -102.425 		323.275 		2
v -19.601 		305.545 		4
v -23.753 		306.439 		4
v -27.967 		306.978 		4
v -32.211 		307.158 		4
v -32.211 		300.91 		4
v 4.97 		262.053 		5
v -104.192 		325.574 		2
v 4.97 		262.053 		2
v -104.301 		325.411 		2
v 5.291 		257.158 		5
v -104.388 		325.235 		2
v -104.451 		325.049 		2
v -104.49 		324.856 		2
v -104.503 		324.66 		2
v -104.49 		324.465 		2
v -32.211 		307.16 		5
v -104.451 		324.272 		2
v 4.97 		252.263 		5
v -27.967 		306.98 		5
v 4.97 		252.263 		2
v 4.013 		247.452 		5
v -23.753 		306.441 		5
v -7.056 		252.189 		2
v -6.904 		252.434 		2
v -6.671 		252.641 		2
v -6.362 		252.799 		2
v 4.013 		247.452 		2
v -7.1185 		251.904 		2
v -7.12 		251.92 		2
v 2.436 		242.806 		5
v -6.671 		252.641 		5
v -6.362 		252.799 		5
v -16.405 		186.582 		2.998
v 2.436 		242.806 		2
v -56.7015 		262.144 		4
v -16.803 		186.661 		2.998
v 0.267 		238.407 		5
v -17.187 		186.791 		2.998
v -6.904 		252.434 		5
v -17.551 		186.971 		2.998
v -7.056 		252.189 		5
v 0.267 		238.407 		2
v -17.889 		187.196 		2.998
v -55.5096 		258.048 		4
v -55.425 		258.465 		4
v -55.2338 		259.4078 		4
v -55.206 		259.595 		4
v -55.182 		259.802 		4
v -18.194 		187.464 		2.998
v -55.166 		259.986 		4
v -7.12 		251.92 		5
v -18.461 		187.768 		2.998
v -18.687 		188.106 		2.998
v -5.067 		250.96 		5
v -5.273 		250.851 		5
v -4.693 		251.767 		2
v 0.6454 		228.2347 		4
v -4.718 		251.522 		2
v -4.789 		251.297 		2
v -4.905 		251.105 		2
v -18.866 		188.469 		2.998
v -5.067 		250.96 		2
v -5.273 		250.851 		2
v -5.489 		250.778 		2
v -4.905 		251.105 		5
v -5.71 		250.742 		2
v -55.372 		258.681 		4
v -5.932 		250.742 		2
v -55.323 		258.908 		4
v -55.278 		259.141 		4
v -6.144 		250.776 		2
v -55.239 		259.373 		4
v -104.388 		324.086 		2
v -4.789 		251.297 		5
v 0.662 		228.252 		4
v -104.301 		323.91 		2
v -4.718 		251.522 		5
v -104.192 		323.747 		2
v 2.417 		221.06 		4
v -104.062 		323.6 		2
v -4.693 		251.767 		5
v 2.417 		221.06 		2
v -102.425 		326.046 		2
v 2.419 		221.058 		5
v 2.419 		221.058 		2
v -102.611 		326.109 		2
v -5.932 		250.742 		5
v -102.804 		326.148 		2
v -5.71 		250.742 		5
v -103 		326.161 		2
v -5.489 		250.778 		5
v -103.196 		326.148 		2
v -103.389 		326.109 		2
v 0.662 		228.252 		5
v 1.5705 		229.376 		4
v -103.575 		326.046 		2
v -103.751 		325.96 		2
v -103.915 		325.851 		2
v -7.093 		251.639 		5
v -104.062 		325.721 		2
v 2.997 		231.141 		4
v -6.969 		251.359 		5
v 2.997 		231.141 		5
v 5.079 		234.218 		4
v -6.742 		251.093 		5
v -8.192 		249.9523 		2
v -8.1201 		249.856 		2
v -49.545 		257.199 		4
v -102.249 		323.361 		2
v -49.756 		256.119 		4
v -49.769 		255.187 		4
v -49.617 		254.282 		4
v -49.4995 		253.952 		4
v 5.079 		234.218 		5
v -102.085 		323.47 		2
v 5.291 		234.5971 		4
v -6.56 		250.953 		5
v -6.56 		250.953 		2
v -6.361 		250.848 		5
v -6.742 		251.093 		2
v -6.969 		251.359 		2
v -7.093 		251.639 		2
v -66.856 		271.509 		4
v -101.498 		324.66 		2
v -68.433 		266.864 		4
v -101.51 		324.856 		2
v -6.15 		250.777 		2
v -6.15 		250.777 		5
v -6.361 		250.848 		2
v -68.433 		266.864 		2
v -101.549 		325.049 		2
v -66.856 		271.509 		2
v -101.612 		325.235 		2
v -101.699 		325.411 		2
v -68.435 		266.864 		5
v -101.808 		325.574 		2
v -68.435 		266.864 		2
v -55.6303 		253.952 		4
v -66.858 		271.509 		5
v -55.637 		254.011 		4
v -101.938 		323.6 		2
v -101.808 		323.747 		2
v -66.858 		271.509 		2
v -19.6 		305.547 		5
v -101.699 		323.91 		2
v -101.612 		324.086 		2
v -55.683 		254.792 		4
v -101.549 		324.272 		2
v -101.51 		324.465 		2
v -67.419 		283.174 		4
v -65.536 		285.5046 		4
v -55.697 		255.609 		4
v -101.938 		325.721 		2
v -8.097 		249.825 		2
v -7.458 		249.35 		2
v -102.085 		325.851 		2
v -66.839 		293.256 		4
v -102.249 		325.96 		2
v -55.678 		256.422 		4
v -66.839 		293.256 		2
v -5.91 		248.934 		2
v -5.1 		248.997 		2
v -6.712 		249.053 		2
v -66.841 		293.257 		5
v -55.626 		257.195 		4
v -32.211 		300.91 		5
v -66.841 		293.257 		2
v -3.652 		249.669 		2
v -17.622 		298.411 		4
v -16.384 		297.9138 		4
v -55.542 		257.888 		4
v -17.622 		298.411 		5
v -104.503 		280.96 		2
v -4.331 		249.241 		2
v -21.176 		299.498 		4
v -67.419 		283.174 		5
v -21.176 		299.498 		5
v -69.501 		280.097 		4
v -24.81 		300.281 		4
v -69.501 		280.097 		5
v -24.81 		300.281 		5
v -69.713 		279.7179 		4
v -28.497 		300.752 		4
v -103.751 		188.356 		2
v -28.497 		300.752 		5
v -103.575 		188.27 		2
v -5.1 		248.997 		5
v -4.331 		249.241 		5
v -3.652 		249.669 		5
v -12.288 		249.856 		2
v -61.962 		279.987 		4
v -64.687 		275.908 		4
v -103.389 		188.207 		2
v -8.582 		250.475 		2
v -8.097 		249.825 		5
v -7.458 		249.35 		5
v -6.712 		249.053 		5
v -5.91 		248.934 		5
v -52.715 		247.385 		4
v -53.451 		248.333 		4
v -103.196 		188.168 		2
v -60.692 		271.902 		4
v -9.639 		253.916 		5
v -8.705 		250.743 		2
v -103 		188.156 		2
v -8.805 		251.036 		2
v -102.804 		188.168 		2
v -64.687 		275.908 		2
v -102.611 		188.207 		2
v -54.097 		249.348 		4
v -61.962 		279.987 		2
v -102.425 		188.27 		2
v -9.639 		253.916 		2
v -9.27 		253.54 		5
v -9.4654 		253.7391 		2
v -8.88 		251.343 		2
v -54.649 		250.421 		4
v -104.301 		190.406 		2
v -104.388 		190.23 		2
v -104.451 		190.044 		2
v -37.106 		294.337 		4
v -41.917 		293.38 		4
v -9.027 		253.26 		5
v -46.562 		291.804 		4
v -55.1 		251.543 		4
v -50.961 		289.634 		4
v -55.039 		286.909 		4
v -9.27 		253.54 		2
v -58.727 		283.675 		4
v -9.2125 		253.4738 		2
v -8.929 		251.657 		2
v -104.49 		189.851 		2
v -104.503 		189.656 		2
v -51.0463 		245.76 		4
v -51.896 		246.511 		4
v -8.888 		253.056 		5
v -104.49 		189.46 		2
v -58.727 		283.675 		2
v -104.451 		189.267 		2
v -55.039 		286.909 		2
v -9.0442 		253.2798 		2
v -8.951 		251.967 		2
v -104.388 		189.082 		2
v -8.9429 		251.8534 		2
v -104.301 		188.906 		2
v -50.961 		289.634 		2
v -8.848 		252.787 		5
v -8.912 		252.541 		5
v -8.946 		252.265 		5
v -104.192 		188.742 		2
v -8.951 		251.967 		5
v -46.562 		291.804 		2
v -104.062 		188.595 		2
v -9.027 		253.26 		2
v -8.9317 		253.1201 		2
v -8.946 		252.265 		2
v -41.917 		293.38 		2
v -103.915 		188.465 		2
v -49.309 		253.417 		4
v -8.836 		252.905 		5
v -37.106 		294.337 		2
v -8.929 		251.657 		5
v -8.88 		251.343 		5
v -8.805 		251.036 		5
v -8.705 		250.743 		5
v -8.582 		250.475 		5
v -102.425 		191.041 		2
v -102.611 		191.105 		2
v -8.888 		253.056 		2
v -102.804 		191.143 		2
v -8.8589 		252.9716 		2
v -55.444 		252.706 		4
v -8.912 		252.541 		2
v -103 		191.156 		2
v -103.196 		191.143 		2
v -49.152 		276.2863 		4
v -48.749 		275.901 		4
v -103.389 		191.105 		2
v -15.251 		251.299 		5
v -55.557 		253.303 		4
v -103.575 		191.041 		2
v -48.749 		275.901 		5
v -103.751 		190.955 		2
v -8.836 		252.905 		2
v -8.848 		252.787 		2
v -48.331 		275.201 		4
v -13.92 		250.207 		5
v -14.321 		250.581 		5
v -14.821 		250.977 		5
v -103.915 		190.846 		2
v -104.062 		190.716 		2
v -48.331 		275.201 		5
v -15.208 		247.988 		5
v -104.192 		190.569 		2
v -48.174 		274.439 		4
v -15.095 		248.301 		5
v -48.174 		274.439 		5
v -49.153 		244.499 		4
v -15.133 		248.641 		5
v -102.249 		188.356 		2
v -48.1755 		274.432 		4
v -15.358 		248.981 		5
v -50.034 		245.021 		4
v -101.498 		189.656 		2
v -101.51 		189.851 		2
v -15.523 		249.1 		5
v -101.549 		190.044 		2
v -13.313 		247.891 		5
v -48.342 		273.659 		4
v -48.398 		273.558 		4
v -51.001 		245.72 		4
v -101.612 		190.23 		2
v -15.737 		249.185 		5
v -13.224 		248.334 		5
v -13.6215 		249.856 		2
v -13.92 		250.207 		2
v -101.699 		190.406 		2
v -48.342 		273.659 		5
v -48.398 		273.558 		5
v -15.982 		249.238 		5
v -13.204 		248.742 		5
v -48.482 		273.437 		4
v -15.251 		251.299 		2
v -14.821 		250.977 		2
v -102.085 		188.465 		2
v -16.239 		249.256 		5
v -48.482 		273.437 		5
v -13.26 		249.123 		5
v -101.938 		188.595 		2
v -48.589 		273.301 		4
v -101.808 		188.742 		2
v -14.321 		250.581 		2
v -13.394 		249.488 		5
v -101.699 		188.906 		2
v -13.613 		249.846 		5
v -48.589 		273.301 		5
v -101.612 		189.082 		2
v -15.44 		247.73 		5
v -48.716 		273.154 		4
v -101.549 		189.267 		2
v -15.756 		247.552 		5
v -101.51 		189.46 		2
v -48.716 		273.154 		5
v -101.808 		190.569 		2
v -48.858 		273.002 		4
v -16.123 		247.482 		5
v -101.938 		190.716 		2
v -48.858 		273.002 		5
v -13.204 		248.742 		2
v -102.085 		190.846 		2
v -13.2488 		249.0466 		2
v -102.249 		190.955 		2
v -49.012 		272.848 		4
v -15.695 		245.809 		5
v -14.912 		246.03 		5
v -14.218 		246.457 		5
v -13.667 		247.079 		5
v -13.224 		248.334 		2
v -13.2091 		248.6382 		2
v -49.012 		272.848 		5
v -13.313 		247.891 		2
v -13.2514 		248.1977 		2
v -13.3492 		247.808 		2
v -49.152 		272.7159 		4
v -16.019 		236.309 		5
v -15.716 		236.184 		5
v -16.384 		249.2474 		2
v -16.239 		249.256 		2
v -15.982 		249.238 		2
v -15.737 		249.185 		2
v -18.997 		188.853 		2.998
v -15.523 		249.1 		2
v -15.358 		248.981 		2
v -15.133 		248.641 		2
v -15.095 		248.301 		2
v -15.208 		247.988 		2
v -15.3699 		247.808 		2
v -19.076 		189.251 		2.998
v -103.751 		188.356 		5
v -10.854 		295.354 		4
v -40.907 		269.179 		4
v -103.575 		188.27 		5
v -103.389 		188.207 		5
v -40.907 		269.179 		5
v -103.196 		188.168 		5
v -0.772 		296.06 		4
v -4.187 		298.584 		4
v -7.804 		300.809 		4
v -11.597 		302.72 		4
v -103 		188.156 		5
v -15.539 		304.302 		4
v -38.36 		269.33 		4
v -102.804 		188.168 		5
v -38.36 		269.33 		5
v -102.611 		188.207 		5
v -19.103 		189.656 		2.998
v -102.425 		188.27 		5
v -35.78 		269.25 		4
v -19.076 		190.06 		2.998
v -15.524 		236.144 		5
v -15.409 		236.169 		5
v -15.375 		236.254 		5
v -15.344 		236.464 		5
v -15.318 		236.79 		5
v -15.295 		237.224 		5
v -15.276 		237.757 		5
v -104.301 		190.406 		5
v -15.263 		238.382 		5
v -18.997 		190.458 		2.998
v -15.254 		239.09 		5
v -35.78 		269.25 		5
v -15.251 		239.872 		5
v -15.251 		243.487 		5
v -16.318 		244.188 		5
v -104.388 		190.23 		5
v -18.866 		190.842 		2.998
v -33.207 		268.938 		4
v -104.451 		190.044 		5
v -18.687 		191.206 		2.998
v -17.336 		260.201 		5
v -33.207 		268.938 		5
v -104.49 		189.851 		5
v -13.26 		249.123 		2
v -13.3715 		249.4267 		2
v -18.461 		191.543 		2.998
v -104.503 		189.656 		5
v -17.459 		260.654 		5
v -104.49 		189.46 		5
v -18.194 		191.848 		2.998
v -17.64 		260.961 		5
v -104.451 		189.267 		5
v -17.889 		192.115 		2.998
v -33.402 		262.144 		4
v -33.788 		262.206 		4
v -104.388 		189.082 		5
v -34.758 		262.306 		4
v -35.898 		262.367 		4
v -37.147 		262.39 		4
v -17.89 		261.183 		5
v -38.449 		262.376 		4
v -39.743 		262.328 		4
v -104.301 		188.906 		5
v -40.96 		262.2467 		4
v -17.551 		192.34 		2.998
v -13.613 		249.846 		2
v -104.192 		188.742 		5
v -17.187 		192.52 		2.998
v -18.22 		261.382 		5
v -104.062 		188.595 		5
v -13.394 		249.488 		2
v -33.788 		262.206 		5
v -103.915 		188.465 		5
v -16.803 		192.65 		2.998
v -18.369 		261.456 		5
v -16.405 		192.729 		2.998
v -34.758 		262.306 		5
v -18.525 		261.518 		5
v -102.425 		191.041 		5
v -35.898 		262.367 		5
v -102.611 		191.105 		5
v -18.695 		261.568 		5
v -13.313 		188.106 		2.998
v -37.147 		262.39 		5
v -18.884 		261.607 		5
v -13.539 		187.768 		2.998
v -16.384 		245.8006 		2
v -15.695 		245.809 		2
v -38.449 		262.376 		5
v -19.095 		261.636 		5
v -13.806 		187.464 		2.998
v -14.111 		187.196 		2.998
v -19.334 		261.656 		5
v -39.743 		262.328 		5
v -69.39 		262.053 		4
v -69.711 		257.158 		4
v -69.39 		252.263 		4
v -68.433 		247.452 		4
v -66.856 		242.808 		4
v -14.449 		186.971 		2.998
v -15.44 		247.73 		2
v -19.606 		261.667 		5
v -15.756 		247.552 		2
v -16.123 		247.482 		2
v -16.384 		247.5255 		2
v -14.813 		186.791 		2.998
v -66.856 		242.808 		2
v -19.916 		261.671 		5
v -15.197 		186.661 		2.998
v -32.768 		268.8436 		4
v -68.433 		247.452 		2
v -20.152 		261.67 		5
v -15.595 		186.582 		2.998
v -69.39 		252.263 		2
v -20.372 		261.667 		5
v -69.711 		257.158 		2
v -16 		186.556 		2.998
v -69.39 		262.053 		2
v -49.152 		266.8578 		4
v -49.025 		266.906 		4
v -48.7 		267.036 		4
v -48.349 		267.183 		4
v -14.218 		246.457 		2
v -47.979 		267.345 		4
v -13.667 		247.079 		2
v -14.449 		192.34 		2.998
v -14.912 		246.03 		2
v -14.111 		192.115 		2.998
v -48.7 		267.036 		5
v -17.218 		258.607 		5
v -48.349 		267.183 		5
v -66.858 		242.806 		2
v -13.806 		191.848 		2.998
v -47.979 		267.345 		5
v -17.259 		259.539 		5
v -13.539 		191.543 		2.998
v -68.435 		247.452 		2
v -13.313 		191.206 		2.998
v -13.134 		190.842 		2.998
v -20.042 		258.456 		5
v -20.178 		259.01 		5
v -20.336 		259.571 		5
v -49.025 		266.906 		5
v -13.003 		190.458 		2.998
v -69.392 		252.263 		2
v -16.384 		236.4939 		2
v -16.019 		236.309 		2
v -20.999 		261.637 		5
v -12.924 		190.06 		2.998
v -66.839 		221.06 		4
v -20.572 		261.661 		5
v -65.536 		228.8112 		4
v -45.755 		268.186 		4
v -12.898 		189.656 		2.998
v -65.9925 		229.376 		4
v -15.254 		239.09 		2
v -15.251 		239.872 		2
v -20.747 		261.655 		5
v -12.924 		189.251 		2.998
v -45.755 		268.186 		5
v -66.839 		221.06 		2
v -20.89 		261.646 		5
v -15.263 		238.382 		2
v -13.003 		188.853 		2.998
v -43.385 		268.798 		4
v -15.276 		237.757 		2
v -13.134 		188.469 		2.998
v -43.385 		268.798 		5
v -66.841 		221.058 		2
v -15.295 		237.224 		2
v -21.068 		261.626 		5
v -15.595 		192.729 		2.998
v -15.318 		236.79 		2
v -16 		192.756 		2.998
v -15.197 		192.65 		2.998
v -21.092 		261.615 		5
v -15.344 		236.464 		2
v -14.813 		192.52 		2.998
v -40.971 		262.246 		4
v -21.084 		261.584 		5
v -15.375 		236.254 		2
v -41.9493 		262.144 		4
v -15.409 		236.169 		2
v -21.061 		261.517 		5
v -40.971 		262.246 		5
v -21.024 		261.419 		5
v -67.419 		231.141 		4
v -68.07 		232.1031 		4
v -15.716 		236.184 		2
v -20.976 		261.293 		5
v -52.9218 		276.48 		4
v -52.824 		276.577 		4
v -16.318 		244.188 		2
v -16.384 		244.2304 		2
v -52.824 		276.577 		5
v -20.917 		261.144 		5
v -20.775 		260.793 		5
v -20.849 		260.976 		5
v -15.251 		243.487 		2
v -102.804 		191.143 		5
v -103 		191.156 		5
v -103.196 		191.143 		5
v -103.389 		191.105 		5
v -20.511 		260.11 		5
v -20.695 		260.599 		5
v -103.575 		191.041 		5
v -17.201 		257.345 		5
v -50.115 		276.919 		4
v -49.364 		276.489 		4
v -15.538 		304.304 		5
v -49.364 		276.489 		5
v -50.115 		276.919 		5
v -49.3546 		276.48 		4
v -11.596 		302.722 		5
v -20.414 		256.326 		5
v -20.018 		256.679 		5
v -19.857 		256.88 		5
v -19.837 		257.12 		5
v -19.865 		257.482 		5
v -19.936 		257.937 		5
v -52.543 		276.792 		4
v -17.198 		255.688 		5
v -7.803 		300.811 		5
v -52.543 		276.792 		5
v -20.48 		261.6638 		2
v -20.372 		261.667 		2
v -20.152 		261.67 		2
v -19.916 		261.671 		2
v -19.606 		261.667 		2
v -19.334 		261.656 		2
v -19.095 		261.636 		2
v -18.884 		261.607 		2
v -51.767 		277.118 		4
v -18.695 		261.568 		2
v -18.525 		261.518 		2
v -18.369 		261.456 		2
v -18.22 		261.382 		2
v -17.89 		261.183 		2
v -17.64 		260.961 		2
v -17.459 		260.654 		2
v -17.336 		260.201 		2
v -51.767 		277.118 		5
v -17.3238 		260.096 		2
v -4.186 		298.585 		5
v -50.937 		277.145 		4
v -19.743 		254.21 		5
v -19.762 		254.801 		5
v -19.786 		255.197 		5
v -19.818 		255.436 		5
v -50.937 		277.145 		5
v -19.861 		255.557 		5
v -19.92 		255.601 		5
v -19.997 		255.605 		5
v -20.107 		255.558 		5
v -54.6962 		219.656 		4
v -20.344 		255.424 		5
v -55.7689 		220.3159 		4
v -0.77 		296.062 		5
v -23.575 		253.963 		5
v -22.623 		254.64 		5
v -21.754 		255.278 		5
v -21.005 		255.849 		5
v -65.084 		228.252 		4
v -20.694 		255.212 		5
v -21.141 		254.931 		5
v -21.67 		254.592 		5
v -22.268 		254.204 		5
v -49.8421 		274.432 		4
v -49.828 		274.478 		4
v -49.827 		274.618 		4
v -26.289 		258.252 		5
v -49.866 		274.766 		4
v -10.854 		295.354 		5
v -49.943 		274.924 		4
v -50.06 		275.093 		4
v -50.132 		275.177 		4
v -50.211 		275.247 		4
v -14.173 		297.026 		4
v -50.298 		275.304 		4
v -50.396 		275.349 		4
v -50.507 		275.382 		4
v -26.555 		258.677 		5
v -50.633 		275.405 		4
v -50.777 		275.418 		4
v -50.94 		275.422 		4
v -51.2 		275.4016 		4
v -14.173 		297.026 		5
v -26.881 		259.095 		5
v -27.27 		259.513 		5
v -49.828 		274.478 		5
v -27.847 		260.036 		5
v -62.512 		225.571 		4
v -49.827 		274.618 		5
v -28.471 		260.497 		5
v -49.866 		274.766 		5
v -59.722 		223.117 		4
v -29.152 		260.9 		5
v -29.9 		261.251 		5
v -49.943 		274.924 		5
v -56.733 		220.909 		4
v -30.727 		261.552 		5
v -50.06 		275.093 		5
v -31.644 		261.808 		5
v -50.132 		275.177 		5
v -16.405 		321.587 		2.998
v -16.405 		321.587 		5
v -32.661 		262.025 		5
v -16.803 		321.666 		2.998
v -16.803 		321.666 		5
v -50.211 		275.247 		5
v -17.187 		321.796 		2.998
v -17.187 		321.796 		5
v -17.259 		259.539 		2
v -17.218 		258.607 		2
v -32.211 		219.658 		4
v -27.316 		219.979 		4
v -17.551 		321.976 		2.998
v -20.336 		259.571 		2
v -50.298 		275.304 		5
v -22.505 		220.936 		4
v -17.551 		321.976 		5
v -20.48 		260.0145 		2
v -26.08 		257.81 		5
v -17.86 		222.513 		4
v -25.924 		257.341 		5
v -13.461 		224.682 		4
v -9.382 		227.407 		4
v -5.694 		230.642 		4
v -2.46 		234.33 		4
v -17.889 		322.201 		2.998
v -17.889 		322.201 		5
v -103.751 		190.955 		5
v -25.885 		254.178 		5
v -15.524 		236.144 		4
v -103.915 		190.846 		5
v -25.806 		254.514 		5
v -104.062 		190.716 		5
v -104.192 		190.569 		5
v -25.762 		254.855 		5
v -20.178 		259.01 		2
v -25.742 		255.234 		5
v -20.042 		258.456 		2
v -69.501 		234.218 		4
v -102.249 		188.356 		5
v -69.713 		234.5971 		4
v -19.9587 		258.048 		2
v -25.737 		255.683 		5
v -25.756 		256.286 		5
v -25.817 		256.836 		5
v -21.0064 		261.6358 		2
v -20.999 		261.637 		2
v -20.89 		261.646 		2
v -20.747 		261.655 		2
v -20.572 		261.661 		2
v -69.392 		262.053 		2
v -20.511 		260.11 		2
v -2.694 		251.979 		4
v -17.198 		251.169 		5
v -18.044 		250.446 		5
v -64.687 		238.408 		4
v -18.322 		250.206 		5
v -61.962 		234.33 		4
v -18.532 		250.012 		5
v -18.194 		322.468 		2.998
v -18.194 		322.468 		5
v -18.461 		322.773 		2.998
v -18.461 		322.773 		5
v -21.092 		261.615 		2
v -21.068 		261.626 		2
v -7.644 		260.435 		4
v -18.687 		323.11 		2.998
v -8.192 		259.8725 		4
v -18.687 		323.11 		5
v -20.695 		260.599 		2
v -20.775 		260.793 		2
v -20.849 		260.976 		2
v -20.9201 		261.1518 		2
v -20.976 		261.293 		2
v -21.024 		261.419 		2
v -21.061 		261.517 		2
v -18.866 		323.474 		2.998
v -18.866 		323.474 		5
v -21.084 		261.584 		2
v -72.447 		227.427 		4
v -69.778 		224.124 		4
v -19.701 		250.323 		5
v -19.691 		251.178 		5
v -19.706 		252.282 		5
v -19.725 		253.383 		5
v -7.2254 		262.144 		4
v -7.175 		261.923 		4
v -18.997 		323.858 		2.998
v -18.997 		323.858 		5
v -24.572 		253.275 		5
v -19.076 		324.256 		2.998
v -19.076 		324.256 		5
v -24.466 		252.744 		5
v -19.103 		324.66 		2.998
v -19.103 		324.66 		5
v -101.51 		189.851 		5
v -101.498 		189.656 		5
v -19.076 		325.065 		2.998
v -19.076 		325.065 		5
v -101.549 		190.044 		5
v -22.918 		253.776 		5
v -23.607 		253.317 		5
v -18.997 		325.463 		2.998
v -18.997 		325.463 		5
v -101.612 		190.23 		5
v -101.699 		190.406 		5
v -50.396 		275.349 		5
v -16.491 		249.241 		5
v -50.507 		275.382 		5
v -16.717 		249.192 		5
v -50.633 		275.405 		5
v -102.085 		188.465 		5
v -74.083 		244.346 		4
v -20.917 		261.144 		2
v -101.938 		188.595 		5
v -50.777 		275.418 		5
v -16.901 		249.11 		5
v -101.808 		188.742 		5
v -50.94 		275.422 		5
v -101.699 		188.906 		5
v -80.062 		242.517 		4
v -78.647 		238.515 		4
v -76.897 		234.648 		4
v -17.023 		248.993 		5
v -74.826 		230.943 		4
v -101.612 		189.082 		5
v -17.106 		248.836 		5
v -101.549 		189.267 		5
v -101.51 		189.46 		5
v -17.16 		248.674 		5
v -53.248 		276.0992 		4
v -53.065 		276.338 		4
v -17.184 		248.511 		5
v -101.808 		190.569 		5
v -53.065 		276.338 		5
v -101.938 		190.716 		5
v -17.179 		248.349 		5
v -102.085 		190.846 		5
v -17.145 		248.191 		5
v -102.249 		190.955 		5
v -17.201 		257.345 		2
v -17.1986 		256 		2
v -17.082 		248.041 		5
v -19.857 		256.88 		2
v -51.31 		275.393 		4
v -51.609 		275.31 		4
v -19.837 		257.12 		2
v -51.836 		275.18 		4
v -51.985 		275.009 		4
v -52.054 		274.803 		4
v -52.039 		274.568 		4
v -51.9845 		274.432 		4
v -16.992 		247.9 		5
v -51.31 		275.393 		5
v -51.609 		275.31 		5
v -51.836 		275.18 		5
v -51.985 		275.009 		5
v -52.054 		274.803 		5
v -20.018 		256.679 		2
v -52.039 		274.568 		5
v -20.414 		256.326 		2
v -7.283 		261.137 		4
v -20.48 		256.2727 		2
v -18.684 		249.846 		5
v -18.789 		249.686 		5
v -18.857 		249.512 		5
v -18.898 		249.305 		5
v -18.923 		249.044 		5
v -18.943 		248.711 		5
v -18.954 		248.42 		5
v -18.955 		248.174 		5
v -18.943 		247.964 		5
v -19.936 		257.937 		2
v -19.865 		257.482 		2
v -57.344 		275.0874 		4
v -56.842 		275.021 		4
v -53.6604 		274.6001 		4
v -20.285 		248.429 		5
v -53.662 		274.8 		4
v -20.027 		248.772 		5
v -19.853 		249.169 		5
v -19.75 		249.67 		5
v -53.662 		274.8 		5
v -72.845 		240.845 		4
v -53.624 		275.154 		4
v -4.096 		254.2539 		4
v -3.779 		254.042 		4
v -53.624 		275.154 		5
v -71.314 		237.46 		4
v -53.545 		275.484 		4
v -19.762 		254.801 		2
v -19.786 		255.197 		2
v -3.6906 		253.952 		4
v -53.545 		275.484 		5
v -17.198 		255.688 		2
v -53.425 		275.792 		4
v -82.211 		255.036 		4
v -82.211 		259.28 		4
v -53.425 		275.792 		5
v -18.729 		247.293 		5
v -75.963 		259.015 		4
v -18.624 		247.121 		5
v -75.6966 		262.144 		4
v -53.265 		276.077 		4
v -19.743 		254.21 		2
v -53.265 		276.077 		5
v -6.144 		254.665 		4
v -5.94 		254.674 		4
v -5.656 		254.689 		4
v -19.7374 		253.952 		2
v -81.851 		250.807 		4
v -81.133 		246.624 		4
v -19.92 		255.601 		2
v -19.997 		255.605 		2
v -56.842 		275.021 		5
v -19.861 		255.557 		2
v -53.6591 		274.432 		4
v -56.255 		274.851 		4
v -19.818 		255.436 		2
v -18.866 		325.847 		2.998
v -18.866 		325.847 		5
v -18.687 		326.21 		2.998
v -18.687 		326.21 		5
v -20.344 		255.424 		2
v -20.48 		255.3416 		2
v -18.461 		326.548 		2.998
v -18.461 		326.548 		5
v -56.255 		274.851 		5
v -20.107 		255.558 		2
v -18.194 		326.853 		2.998
v -55.691 		274.601 		4
v -18.194 		326.853 		5
v -55.691 		274.601 		5
v -17.889 		327.12 		2.998
v -17.889 		327.12 		5
v -55.4147 		274.432 		4
v -17.551 		327.345 		2.998
v -17.551 		327.345 		5
v -17.187 		327.525 		2.998
v -17.187 		327.525 		5
v -65.9925 		229.376 		2
v -16.803 		327.655 		2.998
v -16.803 		327.655 		5
v -50.449 		273.819 		4
v -50.235 		273.954 		4
v -50.072 		274.084 		4
v -49.951 		274.214 		4
v -49.869 		274.344 		4
v -51.2 		273.6883 		4
v -51.054 		273.664 		4
v -16.405 		327.734 		2.998
v -50.86 		273.674 		4
v -16.405 		327.734 		5
v -50.658 		273.726 		4
v -21.005 		255.849 		2
v -20.694 		255.212 		2
v -49.951 		274.214 		5
v -21.141 		254.931 		2
v -49.869 		274.344 		5
v -5.413 		254.692 		4
v -75.963 		255.301 		4
v -13.134 		323.474 		2.998
v -13.134 		323.474 		5
v -21.754 		255.278 		2
v -13.313 		323.11 		2.998
v -13.313 		323.11 		5
v -23.5909 		253.952 		2
v -75.648 		251.601 		4
v -23.575 		253.963 		2
v -50.449 		273.819 		5
v -50.235 		273.954 		5
v -13.539 		322.773 		2.998
v -13.539 		322.773 		5
v -5.203 		254.683 		4
v -22.623 		254.64 		2
v -50.072 		274.084 		5
v -75.02 		247.94 		4
v -13.806 		322.468 		2.998
v -13.806 		322.468 		5
v -14.111 		322.201 		2.998
v -14.111 		322.201 		5
v -51.054 		273.664 		5
v -5.015 		254.66 		4
v -61.962 		234.33 		2
v -14.449 		321.976 		2.998
v -14.449 		321.976 		5
v -50.86 		273.674 		5
v -64.687 		238.408 		2
v -14.813 		321.796 		2.998
v -14.813 		321.796 		5
v -50.658 		273.726 		5
v -15.197 		321.666 		2.998
v -15.197 		321.666 		5
v -4.841 		254.621 		4
v -15.595 		321.587 		2.998
v -15.595 		321.587 		5
v -22.268 		254.204 		2
v -22.6507 		253.952 		2
v -49.172 		272.697 		4
v -58.727 		230.642 		4
v -16 		321.56 		2.998
v -55.039 		227.407 		4
v -16 		321.56 		5
v -21.67 		254.592 		2
v -50.961 		224.682 		4
v -46.562 		222.513 		4
v -41.917 		220.936 		4
v -37.106 		219.979 		4
v -4.671 		254.565 		4
v -49.172 		272.697 		5
v -15.197 		327.655 		2.998
v -49.336 		272.554 		4
v -15.197 		327.655 		5
v -37.106 		219.979 		2
v -49.336 		272.554 		5
v -14.813 		327.525 		2.998
v -14.813 		327.525 		5
v -4.496 		254.49 		4
v -41.917 		220.936 		2
v -49.5386 		272.384 		4
v -14.449 		327.345 		2.998
v -14.449 		327.345 		5
v -46.562 		222.513 		2
v -14.111 		327.12 		2.998
v -14.111 		327.12 		5
v -50.961 		224.682 		2
v -4.307 		254.395 		4
v -52.5227 		272.384 		4
v -13.806 		326.853 		2.998
v -52.526 		272.39 		4
v -13.806 		326.853 		5
v -55.039 		227.407 		2
v -52.7595 		272.6742 		4
v -32.768 		262.0422 		2
v -53.103 		273.02 		4
v -32.661 		262.025 		2
v -31.644 		261.808 		2
v -53.248 		273.166 		4
v -30.727 		261.552 		2
v -29.9 		261.251 		2
v -29.152 		260.9 		2
v -28.471 		260.497 		2
v -27.847 		260.036 		2
v -58.727 		230.642 		2
v -27.27 		259.513 		2
v -26.881 		259.095 		2
v -13.539 		326.548 		2.998
v -26.555 		258.677 		2
v -13.539 		326.548 		5
v -26.289 		258.252 		2
v -26.1925 		258.048 		2
v -13.313 		326.21 		2.998
v -13.313 		326.21 		5
v -52.526 		272.39 		5
v -13.134 		325.847 		2.998
v -13.134 		325.847 		5
v -40.96 		258.3716 		4
v -40.894 		258.336 		4
v -13.003 		325.463 		2.998
v -13.003 		325.463 		5
v -53.103 		273.02 		5
v -32.768 		262.0422 		4
v -12.924 		325.065 		2.998
v -12.924 		325.065 		5
v -52.775 		272.693 		4
v -8.192 		255.5143 		4
v -12.898 		324.66 		2.998
v -7.653 		255.076 		4
v -12.898 		324.66 		5
v -7.237 		254.765 		4
v -7.155 		254.736 		4
v -7.04 		254.711 		4
v -6.896 		254.69 		4
v -52.775 		272.693 		5
v -6.729 		254.675 		4
v -6.545 		254.666 		4
v -6.348 		254.662 		4
v -12.924 		324.256 		2.998
v -6.145 		254.665 		4
v -12.924 		324.256 		5
v -13.003 		323.858 		2.998
v -13.003 		323.858 		5
v -39.848 		257.756 		4
v -51.936 		274.311 		4
v -51.742 		274.037 		4
v -51.585 		273.882 		4
v -51.417 		273.768 		4
v -15.595 		327.734 		2.998
v -51.24 		273.695 		4
v -15.595 		327.734 		5
v -16 		327.761 		5
v -16 		327.761 		2.998
v -38.348 		256.914 		4
v -51.936 		274.311 		5
v -36.306 		255.762 		4
v -51.742 		274.037 		5
v -51.585 		273.882 		5
v -33.634 		254.252 		4
v -51.417 		273.768 		5
v -33.1003 		253.952 		4
v -51.24 		273.695 		5
v -26.08 		257.81 		2
v -25.924 		257.341 		2
v -25.817 		256.836 		2
v -25.756 		256.286 		2
v -25.737 		255.683 		2
v -25.742 		255.234 		2
v -25.762 		254.855 		2
v -25.806 		254.514 		2
v -25.885 		254.178 		2
v -25.9597 		253.952 		2
v -42.2985 		262.0956 		4
v -52.098 		270.336 		4
v -42.994 		261.986 		4
v -52.1 		270.438 		4
v -44.442 		261.625 		4
v -45.056 		261.398 		4
v -52.142 		271.135 		4
v -52.22 		271.661 		4
v -52.344 		272.062 		4
v -42.4752 		258.048 		4
v -42.464 		258.305 		4
v -52.344 		272.062 		5
v -71.314 		276.855 		4
v -70.3784 		278.528 		4
v -52.1 		270.438 		5
v -52.142 		271.135 		5
v -78.647 		275.801 		4
v -80.062 		271.799 		4
v -81.133 		267.692 		4
v -81.851 		263.509 		4
v -52.22 		271.661 		5
v -42.1412 		262.1204 		4
v -42.436 		258.636 		4
v -50.132 		271.886 		4
v -11.3259 		262.144 		4
v -11.375 		261.919 		4
v -11.338 		261.626 		4
v -11.192 		261.343 		4
v -10.93 		261.091 		4
v -10.606 		260.909 		4
v -10.282 		260.819 		4
v -50.132 		271.886 		5
v -9.972 		260.814 		4
v -9.688 		260.891 		4
v -9.445 		261.041 		4
v -9.255 		261.261 		4
v -9.131 		261.544 		4
v -9.087 		261.885 		4
v -9.108 		262.093 		4
v -9.1245 		262.144 		4
v -42.074 		262.131 		4
v -55.296 		274.3594 		4
v -55.176 		274.286 		4
v -42.4 		258.853 		4
v -53.249 		273.167 		4
v -53.249 		273.167 		5
v -18.532 		250.012 		2
v -18.6748 		249.856 		2
v -53.365 		273.303 		4
v -19.725 		253.383 		2
v -53.365 		273.303 		5
v -53.456 		273.437 		4
v -18.322 		250.206 		2
v -53.456 		273.437 		5
v -53.525 		273.58 		4
v -53.525 		273.58 		5
v -18.044 		250.446 		2
v -17.198 		251.169 		2
v -53.576 		273.741 		4
v -53.576 		273.741 		5
v -72.845 		273.471 		4
v -53.613 		273.929 		4
v -74.083 		269.969 		4
v -53.613 		273.929 		5
v -53.639 		274.154 		4
v -75.02 		266.376 		4
v -53.639 		274.154 		5
v -19.706 		252.282 		2
v -75.648 		262.715 		4
v -19.736 		249.856 		2
v -19.701 		250.323 		2
v -53.659 		274.425 		4
v -53.659 		274.425 		5
v -19.691 		251.178 		2
v -69.778 		290.192 		4
v -72.447 		286.89 		4
v -74.826 		283.374 		4
v -76.897 		279.668 		4
v -55.176 		274.286 		5
v -9.773 		259.196 		4
v -10.677 		259.192 		4
v -54.736 		273.918 		4
v -12.288 		258.9505 		4
v -11.2269 		258.048 		4
v -23.607 		253.317 		2
v -24.466 		252.744 		2
v -24.576 		252.6722 		2
v -54.736 		273.918 		5
v -24.572 		253.275 		2
v -24.576 		253.2723 		2
v -54.4 		273.513 		4
v -11.601 		259.453 		4
v -54.4 		273.513 		5
v -54.194 		273.085 		4
v -22.918 		253.776 		2
v -11.984 		259.647 		4
v -54.194 		273.085 		5
v -54.072 		272.56 		4
v -54.072 		272.56 		5
v -12.288 		259.8528 		4
v -54.0573 		272.384 		4
v -8.21 		259.854 		4
v -16.9065 		247.808 		2
v -16.992 		247.9 		2
v -17.082 		248.041 		2
v -17.145 		248.191 		2
v -17.179 		248.349 		2
v -8.935 		259.429 		4
v -17.184 		248.511 		2
v -17.16 		248.674 		2
v -17.106 		248.836 		2
v -17.023 		248.993 		2
v -16.901 		249.11 		2
v -16.717 		249.192 		2
v -16.491 		249.241 		2
v -56.1923 		272.384 		4
v -56.195 		272.4 		4
v -56.362 		272.708 		4
v -56.613 		272.948 		4
v -56.925 		273.112 		4
v -57.276 		273.192 		4
v -57.344 		273.1896 		4
v -56.195 		272.4 		5
v -56.362 		272.708 		5
v -56.613 		272.948 		5
v -56.925 		273.112 		5
v -15.9423 		262.144 		4
v -15.689 		261.917 		4
v -14.7596 		261.0842 		4
v -13.897 		260.331 		4
v -13.6236 		260.096 		4
v -102.598 		280.987 		2.998
v -57.276 		273.192 		5
v -12.984 		260.731 		4
v -13.113 		261.097 		4
v -103.002 		280.96 		2.998
v -103.407 		280.987 		2.998
v -103.805 		281.066 		2.998
v -104.189 		281.196 		2.998
v -57.344 		270.9037 		4
v -57.297 		270.899 		4
v -56.943 		270.96 		4
v -56.625 		271.111 		4
v -56.368 		271.346 		4
v -56.197 		271.656 		4
v -56.134 		272.033 		4
v -13.198 		261.509 		4
v -104.552 		281.375 		2.998
v -104.89 		281.601 		2.998
v -56.197 		271.656 		5
v -56.134 		272.033 		5
v -105.195 		281.868 		2.998
v -105.462 		282.173 		2.998
v -13.241 		261.969 		4
v -105.687 		282.51 		2.998
v -57.297 		270.899 		5
v -18.943 		247.964 		2
v -18.9201 		247.808 		2
v -12.5588 		260.096 		4
v -106.076 		284.465 		2.998
v -12.586 		260.121 		4
v -56.943 		270.96 		5
v -106.102 		284.06 		2.998
v -19.853 		249.169 		2
v -19.75 		249.67 		2
v -105.997 		284.863 		2.998
v -56.625 		271.111 		5
v -18.955 		248.174 		2
v -12.809 		260.407 		4
v -105.867 		285.247 		2.998
v -56.368 		271.346 		5
v -18.954 		248.42 		2
v -105.687 		285.61 		2.998
v -18.943 		248.711 		2
v -105.462 		285.948 		2.998
v -105.195 		286.252 		2.998
v -18.923 		249.044 		2
v -54.061 		271.546 		4
v -104.89 		286.52 		2.998
v -54.165 		271.071 		4
v -18.898 		249.305 		2
v -54.061 		271.546 		5
v -54.165 		271.071 		5
v -18.857 		249.512 		2
v -13.2514 		262.144 		4
v -105.867 		282.874 		2.998
v -54.34 		270.629 		4
v -18.789 		249.686 		2
v -105.997 		283.258 		2.998
v -54.34 		270.629 		5
v -18.684 		249.846 		2
v -106.076 		283.656 		2.998
v -54.5171 		270.336 		4
v -14.985 		261.281 		4
v -100.318 		282.51 		2.998
v -100.543 		282.173 		2.998
v -54.029 		272.044 		4
v -100.81 		281.868 		2.998
v -54.029 		272.044 		5
v -101.115 		281.601 		2.998
v -101.452 		281.375 		2.998
v -101.816 		281.196 		2.998
v -20.027 		248.772 		2
v -102.2 		281.066 		2.998
v -14.2272 		258.048 		4
v -14.293 		258.102 		4
v -14.616 		258.352 		4
v -14.843 		258.511 		4
v -20.285 		248.429 		2
v -14.962 		258.566 		4
v -59.4118 		274.432 		4
v -15.052 		258.549 		4
v -59.342 		274.484 		4
v -15.121 		258.475 		4
v -101.115 		286.52 		2.998
v -20.48 		248.2449 		2
v -59.342 		274.484 		5
v -100.81 		286.252 		2.998
v -59.012 		274.686 		4
v -100.543 		285.948 		2.998
v -59.012 		274.686 		5
v -100.318 		285.61 		2.998
v -68.07 		232.1031 		2
v -67.419 		231.141 		2
v -58.667 		274.854 		4
v -100.138 		285.247 		2.998
v -58.667 		274.854 		5
v -100.008 		284.863 		2.998
v -58.319 		274.983 		4
v -99.929 		284.465 		2.998
v -18.9447 		245.76 		2
v -19.256 		245.936 		2
v -19.954 		246.3306 		2
v -20.48 		246.6444 		2
v -58.319 		274.983 		5
v -99.902 		284.06 		2.998
v -18.624 		247.121 		2
v -18.031 		246.447 		2
v -99.929 		283.656 		2.998
v -57.976 		275.066 		4
v -18.729 		247.293 		2
v -100.008 		283.258 		2.998
v -57.976 		275.066 		5
v -18.811 		247.454 		2
v -100.138 		282.874 		2.998
v -57.424 		275.098 		4
v -57.424 		275.098 		5
v -16.512 		245.799 		2
v -104.552 		286.745 		2.998
v -17.309 		246.009 		2
v -104.189 		286.925 		2.998
v -15.172 		258.31 		4
v -15.2046 		258.048 		4
v -69.501 		234.218 		2
v -60.15 		273.749 		4
v -59.921 		274.009 		4
v -16.507 		247.546 		2
v -16.874 		247.773 		2
v -59.921 		274.009 		5
v -60.15 		273.749 		5
v -60.6679 		272.384 		4
v -60.665 		272.441 		4
v -60.665 		272.441 		5
v -18.873 		247.613 		2
v -12.404 		259.0492 		4
v -60.544 		272.972 		4
v -18.916 		247.78 		2
v -60.544 		272.972 		5
v -60.325 		273.482 		4
v -60.325 		273.482 		5
v -13.6158 		260.0893 		4
v -12.566 		259.187 		4
v -12.312 		259.869 		4
v -40.894 		258.336 		2
v -40.96 		258.3716 		2
v -33.402 		262.144 		2
v -57.642 		273.179 		4
v -58.002 		273.065 		4
v -58.332 		272.841 		4
v -58.497 		272.666 		4
v -58.615 		272.486 		4
v -58.6547 		272.384 		4
v -39.848 		257.756 		2
v -57.642 		273.179 		5
v -38.348 		256.914 		2
v -36.306 		255.762 		2
v -58.002 		273.065 		5
v -33.634 		254.252 		2
v -58.332 		272.841 		5
v -33.1003 		253.952 		2
v -58.497 		272.666 		5
v -58.615 		272.486 		5
v -59.648 		274.256 		4
v -42.994 		261.986 		2
v -42.2985 		262.0956 		2
v -42.464 		258.305 		2
v -42.4752 		258.048 		2
v -59.648 		274.256 		5
v -45.056 		261.398 		2
v -44.442 		261.625 		2
v -9.6764 		253.952 		4
v -10.154 		254.412 		4
v -10.835 		255.047 		4
v -11.702 		255.845 		4
v -12.288 		256.3767 		4
v -103.805 		287.055 		2.998
v -103.407 		287.134 		2.998
v -103.002 		287.161 		2.998
v -42.1412 		262.1204 		2
v -42.436 		258.636 		2
v -102.598 		287.134 		2.998
v -102.2 		287.055 		2.998
v -101.816 		286.925 		2.998
v -101.452 		286.745 		2.998
v -42.4 		258.853 		2
v -11.134 		257.969 		4
v -9.744 		256.798 		4
v -8.536 		255.794 		4
v -42.074 		262.131 		2
v -41.9493 		262.144 		2
v -42.354 		258.973 		2
v -41.574 		258.703 		2
v -41.976 		258.906 		2
v -42.297 		259.01 		2
v -42.188 		258.992 		2
v -12.306 		256.393 		4
v -12.881 		256.904 		4
v -13.412 		257.366 		4
v -13.887 		257.769 		4
v -15.208 		258.021 		4
v -15.231 		257.572 		4
v -15.244 		256.93 		4
v -15.25 		256.062 		4
v -15.251 		254.933 		4
v -47.789 		259.873 		2
v -46.844 		260.565 		2
v -45.727 		261.15 		2
v -49.152 		258.1673 		2
v -49.144 		258.187 		2
v -48.557 		259.079 		2
v -24.576 		245.2625 		5
v -42.505 		254.517 		2
v -42.5001 		253.952 		2
v -42.507 		255.558 		2
v -2.801 		252.554 		4
v -42.504 		256.488 		2
v -42.497 		257.246 		2
v -42.484 		257.847 		2
v -2.707 		251.396 		4
v -2.844 		250.824 		4
v -40.052 		250.771 		2
v -39.282 		250.393 		2
v -3.111 		250.283 		4
v -40.736 		251.11 		2
v -40.96 		251.2228 		2
v -3.4872 		249.856 		4
v -38.444 		249.985 		2
v -38.1773 		249.856 		2
v -60.1975 		270.336 		4
v -60.233 		270.383 		4
v -3.349 		253.604 		4
v -60.233 		270.383 		5
v -60.473 		270.86 		4
v -3.02 		253.102 		4
v -60.473 		270.86 		5
v -60.627 		271.371 		4
v -60.627 		271.371 		5
v -58.687 		272.301 		4
v -58.712 		272.112 		4
v -58.69 		271.92 		4
v -58.622 		271.726 		4
v -58.507 		271.531 		4
v -58.346 		271.335 		4
v -58.023 		271.079 		4
v -57.665 		270.936 		4
v -4.779 		252.26 		4
v -4.891 		252.482 		4
v -5.049 		252.669 		4
v -5.148 		252.752 		4
v -5.243 		252.818 		4
v -58.687 		272.301 		5
v -5.34 		252.867 		4
v -5.442 		252.9 		4
v -5.554 		252.918 		4
v -5.678 		252.923 		4
v -5.819 		252.915 		4
v -5.982 		252.895 		4
v -6.144 		252.8541 		4
v -4.704 		251.904 		4
v -4.713 		252.017 		4
v -58.712 		272.112 		5
v -58.69 		271.92 		5
v -58.622 		271.726 		5
v -58.023 		271.079 		5
v -57.665 		270.936 		5
v -58.507 		271.531 		5
v -58.346 		271.335 		5
v -19.953 		246.33 		2
v -60.692 		271.902 		5
v -52.0781 		268.288 		4
v -52.078 		268.328 		4
v -52.082 		269.518 		4
v -20.491 		246.651 		2
v -20.884 		246.91 		2
v -21.144 		247.12 		2
v -21.284 		247.293 		2
v -21.318 		247.44 		2
v -21.3073 		247.4638 		2
v -20.643 		248.091 		2
v -52.078 		268.328 		5
v -52.082 		269.518 		5
v -21.116 		247.711 		2
v -21.257 		247.576 		2
v -50.132 		269.301 		4
v -50.129 		268.731 		4
v -50.1212 		268.288 		4
v -50.132 		269.301 		5
v -6.362 		252.799 		4
v -6.671 		252.641 		4
v -6.904 		252.434 		4
v -7.056 		252.189 		4
v -7.12 		251.92 		4
v -7.1185 		251.904 		4
v -50.129 		268.731 		5
v -52.1028 		266.24 		4
v -52.0917 		266.6829 		4
v -52.09 		266.752 		4
v -52.081 		267.473 		4
v -52.09 		266.752 		5
v -52.081 		267.473 		5
v -24.9758 		252.4113 		2
v -25.203 		252.263 		2
v -25.766 		251.904 		2
v -26.649 		252.066 		2
v -26.523 		252.092 		2
v -26.725 		252.082 		2
v -6.144 		250.776 		4
v -5.932 		250.742 		4
v -26.748 		252.141 		2
v -5.71 		250.742 		4
v -5.489 		250.778 		4
v -50.12 		268.218 		4
v -5.273 		250.851 		4
v -50.106 		267.769 		4
v -5.067 		250.96 		4
v -50.087 		267.386 		4
v -4.905 		251.105 		4
v -50.064 		267.075 		4
v -4.789 		251.297 		4
v -50.035 		266.842 		4
v -4.718 		251.522 		4
v -50.003 		266.689 		4
v -4.693 		251.767 		4
v -49.967 		266.623 		4
v -49.896 		266.621 		4
v -49.759 		266.651 		4
v -26.716 		252.245 		2
v -49.562 		266.711 		4
v -49.315 		266.796 		4
v -26.7435 		252.1557 		2
v -42.354 		258.973 		4
v -50.12 		268.218 		5
v -25.873 		252.418 		2
v -25.575 		252.606 		2
v -50.106 		267.769 		5
v -41.976 		258.906 		4
v -26.132 		252.269 		2
v -41.574 		258.703 		4
v -50.087 		267.386 		5
v -26.35 		252.16 		2
v -50.064 		267.075 		5
v -50.035 		266.842 		5
v -26.005 		253.815 		2
v -26.178 		253.393 		2
v -50.003 		266.689 		5
v -26.412 		252.881 		2
v -42.297 		259.01 		4
v -49.967 		266.623 		5
v -42.188 		258.992 		4
v -49.896 		266.621 		5
v -49.759 		266.651 		5
v -49.562 		266.711 		5
v -8.1201 		249.856 		4
v -8.192 		249.9523 		4
v -49.315 		266.796 		5
v -45.727 		261.15 		4
v -46.844 		260.565 		4
v -47.789 		259.873 		4
v -48.557 		259.079 		4
v -49.144 		258.187 		4
v -54.583 		270.227 		4
v -56.2942 		267.3961 		4
v -56.296 		266.781 		4
v -56.2932 		266.24 		4
v -7.093 		251.639 		4
v -6.969 		251.359 		4
v -6.742 		251.093 		4
v -6.56 		250.953 		4
v -6.361 		250.848 		4
v -6.15 		250.777 		4
v -54.583 		270.227 		5
v -54.8097 		269.9666 		4
v -54.892 		269.872 		4
v -25.824 		251.867 		2
v -56.2512 		268.3105 		4
v -26.338 		251.554 		2
v -56.28 		268.008 		4
v -26.752 		251.318 		2
v -56.294 		267.477 		4
v -27.073 		251.155 		2
v -27.309 		251.06 		2
v -27.469 		251.029 		2
v -27.662 		251.075 		2
v -28.01 		251.218 		2
v -28.518 		251.46 		2
v -28.672 		251.5389 		2
v -32.768 		253.7652 		2
v -42.505 		254.517 		4
v -42.507 		255.558 		4
v -7.458 		249.35 		4
v -8.097 		249.825 		4
v -42.504 		256.488 		4
v -36.864 		249.2217 		2
v -36.674 		249.13 		2
v -35.84 		248.723 		2
v -35.075 		248.347 		2
v -34.399 		248.011 		2
v -33.9965 		247.808 		2
v -36.408 		248.423 		2
v -36.864 		248.5795 		2
v -42.497 		257.246 		4
v 5.357 		224.124 		4
v 8.025 		227.427 		4
v -35.901 		248.221 		2
v -5.1 		248.997 		4
v -35.389 		247.994 		2
v -5.91 		248.934 		4
v -29.191 		251.805 		2
v -30.034 		252.253 		2
v -31.052 		252.809 		2
v -32.25 		253.474 		2
v -35.0076 		247.808 		2
v 8.027 		227.425 		5
v -6.712 		249.053 		4
v 5.358 		224.122 		5
v -54.892 		269.872 		5
v 10.404 		230.943 		4
v 12.476 		234.648 		4
v 14.225 		238.515 		4
v 15.641 		242.517 		4
v -55.265 		269.573 		4
v -56.0218 		268.9663 		4
v -56.045 		268.941 		4
v -56.168 		268.707 		4
v -56.242 		268.407 		4
v -55.265 		269.573 		5
v -17.113 		236.892 		2
v -16.6982 		236.6632 		2
v -55.606 		269.342 		4
v -55.861 		269.142 		4
v -17.977 		237.389 		2
v -55.606 		269.342 		5
v -32.805 		247 		2
v 15.643 		242.516 		5
v -32.799 		246.947 		2
v -19.102 		238.05 		2
v -18.8969 		237.9295 		2
v -32.802 		246.898 		2
v -32.814 		246.853 		2
v -32.866 		246.79 		2
v -32.8727 		246.784 		2
v -33.779 		247.004 		2
v -33.792 		247.0209 		2
v -55.861 		269.142 		5
v -22.13 		239.846 		2
v 14.228 		238.514 		5
v -33.792 		247.7044 		2
v -20.524 		238.894 		2
v -33.386 		247.495 		2
v -33.088 		247.335 		2
v -32.953 		247.253 		2
v -24.576 		241.2704 		2
v -32.91 		247.209 		2
v -23.497 		240.647 		2
v -32.873 		247.161 		2
v -32.843 		247.108 		2
v -32.82 		247.054 		2
v -56.045 		268.941 		5
v 12.478 		234.647 		5
v -56.168 		268.707 		5
v -16.473 		236.539 		2
v 10.406 		230.941 		5
v -56.242 		268.407 		5
v -56.28 		268.008 		5
v -18.858 		245.711 		2
v -18.445 		245.474 		2
v -56.294 		267.477 		5
v -18.029 		245.231 		2
v -56.296 		266.781 		5
v 6.892 		237.46 		4
v -17.621 		244.991 		2
v 6.892 		237.46 		5
v -17.234 		244.759 		2
v 8.423 		240.845 		4
v -16.879 		244.543 		2
v 8.423 		240.845 		5
v 9.661 		244.346 		4
v -16.57 		244.35 		2
v 9.661 		244.346 		5
v -53.248 		263.3659 		4
v -53.143 		263.464 		4
v -52.887 		263.736 		4
v -52.651 		264.022 		4
v -52.452 		264.304 		4
v -52.306 		264.566 		4
v -52.247 		264.734 		4
v -52.198 		264.965 		4
v -52.159 		265.271 		4
v -52.128 		265.662 		4
v -52.105 		266.152 		4
v 17.789 		259.28 		4
v -33.787 		246.941 		2
v 17.789 		255.036 		4
v -52.887 		263.736 		5
v -52.651 		264.022 		5
v 10.598 		247.94 		4
v -33.792 		246.9323 		2
v -52.452 		264.304 		5
v -52.306 		264.566 		5
v 16.711 		246.624 		4
v 17.429 		250.807 		4
v -52.247 		264.734 		5
v -52.198 		264.965 		5
v -52.159 		265.271 		5
v -52.128 		265.662 		5
v -33.83 		247.724 		2
v -34.47 		247.526 		2
v -34.816 		247.7106 		2
v -52.105 		266.152 		5
v 17.431 		250.807 		5
v -53.143 		263.464 		5
v -34.119 		247.313 		2
v 16.713 		246.623 		5
v -33.879 		247.134 		2
v -56.293 		266.195 		4
v -56.284 		265.729 		4
v -56.266 		265.362 		4
v -56.236 		265.075 		4
v -56.19 		264.846 		4
v -56.126 		264.655 		4
v -33.834 		246.859 		2
v -56.041 		264.482 		4
v -55.931 		264.307 		4
v -55.8428 		264.192 		4
v -33.8975 		246.784 		2
v -56.293 		266.195 		5
v 10.598 		247.94 		5
v 11.226 		251.601 		4
v -56.284 		265.729 		5
v 11.226 		251.601 		5
v 11.541 		255.301 		4
v -56.266 		265.362 		5
v 11.541 		255.301 		5
v 11.541 		259.015 		4
v -56.236 		265.075 		5
v 11.541 		259.015 		5
v 11.2746 		262.144 		4
v -56.19 		264.846 		5
v -56.126 		264.655 		5
v -32.98 		246.688 		2
v -33.15 		246.552 		2
v -33.368 		246.388 		2
v -33.628 		246.202 		2
v -33.921 		245.998 		2
v -34.241 		245.781 		2
v -34.2729 		245.76 		2
v 11.226 		262.715 		4
v -56.041 		264.482 		5
v -34.575 		246.229 		2
v -34.365 		246.379 		2
v -55.931 		264.307 		5
v 17.429 		263.509 		4
v 16.711 		267.692 		4
v 15.641 		271.799 		4
v 14.225 		275.801 		4
v -55.743 		264.062 		4
v -55.511 		263.812 		4
v -55.248 		263.568 		4
v -54.97 		263.343 		4
v -54.693 		263.147 		4
v -54.433 		262.992 		4
v -54.204 		262.891 		4
v -54.022 		262.854 		4
v -53.858 		262.901 		4
v -53.645 		263.029 		4
v -53.401 		263.223 		4
v 14.228 		275.802 		5
v -3.652 		249.669 		4
v -55.743 		264.062 		5
v -55.511 		263.812 		5
v 15.643 		271.8 		5
v -55.248 		263.568 		5
v -4.331 		249.241 		4
v -54.97 		263.343 		5
v 16.713 		267.692 		5
v -54.693 		263.147 		5
v -54.433 		262.992 		5
v 17.431 		263.509 		5
v -54.204 		262.891 		5
v -54.022 		262.854 		5
v -8.582 		250.475 		4
v -53.858 		262.901 		5
v -53.645 		263.029 		5
v -8.705 		250.743 		4
v 11.226 		262.715 		5
v -53.401 		263.223 		5
v 10.598 		266.376 		4
v 10.598 		266.376 		5
v 9.661 		269.969 		4
v -8.805 		251.036 		4
v 9.661 		269.969 		5
v 8.423 		273.471 		4
v -57.179 		262.566 		4
v -57.344 		262.7288 		4
v 8.423 		273.471 		5
v 6.892 		276.855 		4
v -8.88 		251.343 		4
v -57.179 		262.566 		5
v 6.892 		276.855 		5
v 5.9564 		278.528 		4
v -34.812 		246.07 		2
v 12.476 		279.668 		4
v 10.404 		283.374 		4
v 8.025 		286.89 		4
v 5.357 		290.192 		4
v -58.4418 		268.288 		4
v -34.816 		246.0673 		2
v -58.455 		268.444 		4
v -58.492 		268.652 		4
v -58.541 		268.8 		4
v -58.607 		268.905 		4
v -58.69 		268.981 		4
v -58.757 		269.032 		4
v -58.8328 		269.0873 		4
v -58.842 		269.094 		4
v -33.917 		246.761 		2
v -58.455 		268.444 		5
v -34.034 		246.647 		2
v -58.492 		268.652 		5
v -34.185 		246.519 		2
v -58.541 		268.8 		5
v 5.358 		290.193 		5
v -58.607 		268.905 		5
v -58.69 		268.981 		5
v 8.027 		286.891 		5
v -58.757 		269.032 		5
v -58.842 		269.094 		5
v 10.406 		283.375 		5
v -34.903 		247.757 		2
v -35.2689 		245.76 		2
v -35.066 		245.901 		2
v 12.478 		279.669 		5
v -58.94 		269.167 		4
v -59.4415 		269.5406 		4
v -59.508 		269.59 		4
v -59.508 		269.59 		5
v -59.5086 		269.5906 		4
v -9.4654 		253.7391 		4
v -9.639 		253.916 		4
v -58.94 		269.167 		5
v -59.161 		269.332 		4
v -59.395 		269.506 		4
v -59.047 		269.247 		4
v 69.453 		281.375 		2.998
v -59.395 		269.506 		5
v 69.116 		281.601 		2.998
v 68.811 		281.868 		2.998
v -59.047 		269.247 		5
v 68.543 		282.173 		2.998
v 68.318 		282.51 		2.998
v -59.161 		269.332 		5
v -9.2125 		253.4738 		4
v -9.27 		253.54 		4
v -8.929 		251.657 		4
v -59.5125 		269.5941 		4
v 67.929 		284.465 		2.998
v 67.903 		284.06 		2.998
v 68.008 		284.863 		2.998
v 68.139 		285.247 		2.998
v 68.318 		285.61 		2.998
v -59.91 		269.955 		4
v -9.0442 		253.2798 		4
v 68.543 		285.948 		2.998
v -8.9429 		251.8534 		4
v -8.951 		251.967 		4
v -59.91 		269.955 		5
v 68.811 		286.252 		2.998
v 69.116 		286.52 		2.998
v 68.139 		282.874 		2.998
v -58.4028 		266.24 		4
v -58.406 		266.691 		4
v -58.4125 		267.6137 		4
v -58.415 		267.784 		4
v 68.008 		283.258 		2.998
v -58.431 		268.16 		4
v -8.9317 		253.1201 		4
v -9.027 		253.26 		4
v 67.929 		283.656 		2.998
v -8.946 		252.265 		4
v -58.415 		267.784 		5
v -58.431 		268.16 		5
v 73.688 		282.51 		2.998
v 73.462 		282.173 		2.998
v -58.406 		266.691 		5
v 73.195 		281.868 		2.998
v -58.408 		267.3 		4
v 72.89 		281.601 		2.998
v -8.8589 		252.9716 		4
v -8.888 		253.056 		4
v -58.408 		267.3 		5
v -8.912 		252.541 		4
v 72.553 		281.375 		2.998
v 72.189 		281.196 		2.998
v 71.805 		281.066 		2.998
v -58.293 		264.319 		4
v -58.368 		264.928 		4
v 71.407 		280.987 		2.998
v -58.368 		264.928 		5
v -58.293 		264.319 		5
v 71.003 		280.96 		2.998
v -58.399 		265.703 		4
v 70.598 		280.987 		2.998
v -8.848 		252.787 		4
v -8.836 		252.905 		4
v -58.399 		265.703 		5
v 70.2 		281.066 		2.998
v 69.817 		281.196 		2.998
v 72.89 		286.52 		2.998
v -57.618 		262.999 		4
v 73.195 		286.252 		2.998
v -57.618 		262.999 		5
v 73.462 		285.948 		2.998
v -57.937 		263.403 		4
v 73.688 		285.61 		2.998
v -37.559 		249.557 		2
v -57.937 		263.403 		5
v -39.521 		248.925 		2
v -40.073 		248.955 		2
v -40.96 		249.0057 		2
v 73.867 		285.247 		2.998
v -58.156 		263.826 		4
v 73.997 		284.863 		2.998
v -58.156 		263.826 		5
v 74.076 		284.465 		2.998
v 74.103 		284.06 		2.998
v 74.076 		283.656 		2.998
v -39.008 		248.891 		2
v 73.997 		283.258 		2.998
v -64.689 		275.909 		5
v 73.867 		282.874 		2.998
v -38.537 		248.851 		2
v -38.11 		248.807 		2
v -61.963 		279.988 		5
v 69.453 		286.745 		2.998
v 69.817 		286.925 		2.998
v 70.2 		287.055 		2.998
v 70.598 		287.134 		2.998
v -13.92 		250.207 		4
v -13.6215 		249.856 		4
v 71.003 		287.161 		2.998
v 71.407 		287.134 		2.998
v 71.805 		287.055 		2.998
v -58.729 		283.676 		5
v 72.189 		286.925 		2.998
v -15.251 		251.299 		4
v -14.821 		250.977 		4
v 72.553 		286.745 		2.998
v -55.041 		286.91 		5
v -14.321 		250.581 		4
v -50.962 		289.635 		5
v -46.562 		291.805 		5
v -13.2488 		249.0466 		4
v -13.204 		248.742 		4
v -41.917 		293.382 		5
v -13.2091 		248.6382 		4
v -13.224 		248.334 		4
v -62.512 		288.745 		4
v -61.7183 		289.4431 		4
v -62.512 		288.745 		5
v -13.2514 		248.1977 		4
v -65.084 		286.064 		4
v -13.313 		247.891 		4
v -65.084 		286.064 		5
v -102.598 		227.182 		2.998
v -37.729 		248.758 		2
v -103.002 		227.156 		2.998
v -37.106 		294.339 		5
v -103.407 		227.182 		2.998
v -37.396 		248.705 		2
v -103.805 		227.261 		2.998
v -37.114 		248.647 		2
v -104.189 		227.392 		2.998
v -36.883 		248.586 		2
v -104.552 		227.571 		2.998
v -59.722 		291.199 		4
v -57.2605 		293.0173 		4
v -104.89 		227.796 		2.998
v -59.722 		291.199 		5
v -105.195 		228.064 		2.998
v -105.462 		228.368 		2.998
v -105.687 		228.706 		2.998
v -105.867 		229.069 		2.998
v -13.3492 		247.808 		4
v -100.138 		229.069 		2.998
v -56.733 		293.407 		4
v -100.318 		228.706 		2.998
v -100.543 		228.368 		2.998
v -100.81 		228.064 		2.998
v -101.115 		227.796 		2.998
v -101.452 		227.571 		2.998
v -56.733 		293.407 		5
v -15.3699 		247.808 		4
v -15.208 		247.988 		4
v -15.095 		248.301 		4
v -15.133 		248.641 		4
v -101.816 		227.392 		2.998
v -15.358 		248.981 		4
v -15.523 		249.1 		4
v -15.737 		249.185 		4
v -15.982 		249.238 		4
v -16.239 		249.256 		4
v -16.384 		249.2474 		4
v -102.2 		227.261 		2.998
v -2.46 		279.987 		4
v -106.076 		230.66 		2.998
v -106.102 		230.256 		2.998
v -105.997 		231.058 		2.998
v -105.997 		229.453 		2.998
v -106.076 		229.851 		2.998
v -5.694 		283.675 		4
v -9.382 		286.909 		4
v -13.461 		289.634 		4
v -17.86 		291.804 		4
v -22.505 		293.38 		4
v -27.316 		294.337 		4
v -32.211 		294.658 		4
v -105.867 		231.442 		2.998
v -105.687 		231.806 		2.998
v -105.462 		232.143 		2.998
v -105.195 		232.448 		2.998
v -104.89 		232.715 		2.998
v -104.552 		232.941 		2.998
v -13.3715 		249.4267 		4
v -13.26 		249.123 		4
v -104.189 		233.12 		2.998
v -103.805 		233.25 		2.998
v -103.407 		233.33 		2.998
v -103.002 		233.356 		2.998
v -42.375 		252.107 		2
v -42.308 		251.973 		2
v -102.598 		233.33 		2.998
v -42.425 		252.316 		2
v -102.2 		233.25 		2.998
v -42.461 		252.632 		2
v -101.816 		233.12 		2.998
v -7.365 		262.756 		4
v -41.314 		251.401 		2
v -101.452 		232.941 		2.998
v -7.365 		262.756 		5
v -101.115 		232.715 		2.998
v -41.767 		251.633 		2
v -8.192 		263.8738 		4
v -7.895 		263.6 		4
v -100.81 		232.448 		2.998
v -42.076 		251.798 		2
v -100.543 		232.143 		2.998
v -7.895 		263.6 		5
v -42.223 		251.886 		2
v -100.318 		231.806 		2.998
v -7.598 		263.209 		4
v -100.138 		231.442 		2.998
v -7.598 		263.209 		5
v -42.484 		253.084 		2
v -100.008 		231.058 		2.998
v -99.929 		230.66 		2.998
v -42.498 		253.702 		2
v -99.902 		230.256 		2.998
v -16.384 		266.7654 		4
v -99.929 		229.851 		2.998
v -15.715 		266.734 		4
v -100.008 		229.453 		2.998
v -15.715 		266.734 		5
v -14.903 		266.638 		4
v -14.903 		266.638 		5
v -14.328 		266.481 		4
v -45.1661 		249.856 		2
v -14.328 		266.481 		5
v -45.688 		250.071 		2
v -46.665 		250.572 		2
v -47.523 		251.169 		2
v -48.255 		251.849 		2
v -48.852 		252.602 		2
v -49.152 		253.137 		2
v -13.887 		266.245 		4
v -13.887 		266.245 		5
v -13.8809 		266.24 		4
v -12.288 		264.8036 		4
v -12.111 		264.639 		4
v -10.964 		264.656 		4
v -12.111 		264.639 		5
v -10.964 		264.656 		5
v -10.301 		264.635 		4
v -41.001 		249.008 		2
v -41.823 		249.077 		2
v -10.301 		264.635 		5
v -42.56 		249.168 		2
v -43.233 		249.283 		2
v -43.862 		249.426 		2
v -44.467 		249.603 		2
v -45.069 		249.816 		2
v -9.698 		264.552 		4
v -42.484 		257.847 		4
v -9.698 		264.552 		5
v -9.155 		264.407 		4
v -9.155 		264.407 		5
v -39.282 		250.393 		4
v -40.052 		250.771 		4
v -8.674 		264.199 		4
v -8.674 		264.199 		5
v -40.736 		251.11 		4
v -8.663 		264.192 		4
v -38.444 		249.985 		4
v -9.169 		262.281 		4
v -36.535 		244.247 		2
v -9.267 		262.446 		4
v -36.864 		244.0151 		2
v -9.4 		262.587 		4
v -9.564 		262.7 		4
v -36.864 		244.5999 		2
v -9.758 		262.784 		4
v -36.5 		244.872 		2
v -9.979 		262.836 		4
v -36.102 		245.164 		2
v -10.222 		262.854 		4
v -35.723 		245.439 		2
v -10.605 		262.804 		4
v -35.374 		245.687 		2
v -10.92 		262.665 		4
v -11.159 		262.458 		4
v -11.313 		262.203 		4
v -9.169 		262.281 		5
v -9.267 		262.446 		5
v -9.4 		262.587 		5
v -9.564 		262.7 		5
v -35.915 		244.672 		2
v -33.9965 		247.808 		4
v -34.399 		248.011 		4
v -35.075 		248.347 		4
v -35.84 		248.723 		4
v -9.758 		262.784 		5
v -36.674 		249.13 		4
v -35.263 		245.11 		2
v -35.3553 		245.048 		2
v -9.979 		262.836 		5
v -36.408 		248.423 		4
v -34.58 		245.558 		2
v -10.222 		262.854 		5
v -10.605 		262.804 		5
v -10.92 		262.665 		5
v -35.901 		248.221 		4
v -11.159 		262.458 		5
v -11.313 		262.203 		5
v -35.389 		247.994 		4
v -38.0244 		243.712 		2
v -37.685 		243.974 		2
v -37.303 		244.268 		2
v -36.904 		244.57 		2
v -37.121 		243.834 		2
v -37.2899 		243.712 		2
v -30.085 		241.489 		2
v -29.047 		242.2 		2
v -28.759 		242.394 		2
v -28.516 		242.548 		2
v -28.309 		242.666 		2
v -28.133 		242.751 		2
v -27.98 		242.806 		2
v -27.844 		242.833 		2
v -27.717 		242.836 		2
v -27.593 		242.817 		2
v -27.317 		242.724 		2
v -26.9 		242.536 		2
v -26.326 		242.243 		2
v -25.578 		241.837 		2
v -24.641 		241.308 		2
v -38.663 		242.685 		2
v -38.461 		243.375 		2
v -38.912 		243.0413 		2
v -38.187 		243.052 		2
v -37.672 		243.436 		2
v -39.978 		242.37 		2
v -39.8026 		242.4645 		2
v -39.696 		241.678 		2
v -39.6941 		241.664 		2
v -40.347 		242.239 		2
v -40.715 		242.18 		2
v -32.768 		241.4639 		2
v -40.96 		242.1764 		2
v -39.568 		242.591 		2
v -39.675 		241.749 		2
v -39.3909 		242.7094 		2
v -39.076 		242.92 		2
v -39.625 		241.833 		2
v -2.7037 		224.8728 		2
v -1.91 		225.571 		2
v 0 		227.562 		2
v -7.1615 		221.2987 		2
v -4.7 		223.117 		2
v -13.613 		249.846 		4
v -13.394 		249.488 		4
v -7.689 		220.909 		2
v -15.695 		245.809 		4
v -16.123 		247.482 		4
v -15.756 		247.552 		4
v -15.44 		247.73 		4
v 0.6454 		228.2347 		2
v 0.662 		228.252 		2
v -8.253 		263.93 		5
v -13.266 		262.389 		5
v -13.667 		247.079 		4
v -14.218 		246.457 		4
v 1.5705 		229.376 		2
v -13.306 		262.727 		5
v 2.997 		231.141 		2
v -14.912 		246.03 		4
v -13.371 		263.006 		5
v 5.079 		234.218 		2
v -13.475 		263.249 		5
v -13.63 		263.478 		5
v -13.85 		263.717 		5
v -14.145 		263.988 		5
v -14.529 		264.313 		5
v -39.544 		241.932 		2
v -15.44 		265.072 		5
v -16.019 		236.309 		4
v -39.43 		242.047 		2
v -67.419 		283.174 		2
v -12.992 		265.458 		5
v -39.282 		242.181 		2
v -39.1 		242.334 		2
v -13.476 		265.91 		5
v -15.251 		239.872 		4
v -15.254 		239.09 		4
v -16.122 		262.305 		5
v -69.501 		280.097 		2
v -15.263 		238.382 		4
v -20.605 		266.846 		5
v -39.688 		241.619 		2
v -15.276 		237.757 		4
v -16.867 		266.788 		5
v -18.462 		266.819 		5
v -19.483 		265.072 		5
v -37.752 		241.44 		2
v -36.928 		241.435 		2
v -15.295 		237.224 		4
v -8.253 		263.93 		4
v -20.295 		265.07 		5
v -38.418 		241.451 		2
v -38.933 		241.47 		2
v -15.318 		236.79 		4
v -39.306 		241.495 		2
v -39.544 		241.528 		2
v -15.344 		236.464 		4
v -39.652 		241.569 		2
v -16.536 		262.618 		5
v -16.958 		262.864 		5
v -17.413 		263.055 		5
v -17.929 		263.197 		5
v -18.531 		263.301 		5
v -19.246 		263.375 		5
v -20.101 		263.429 		5
v -15.375 		236.254 		4
v -35.94 		241.437 		2
v -34.78 		241.445 		2
v -13.266 		262.389 		4
v -21.052 		265.063 		5
v -13.306 		262.727 		4
v -13.371 		263.006 		4
v -13.475 		263.249 		4
v -13.63 		263.478 		4
v -13.85 		263.717 		4
v -14.145 		263.988 		4
v -14.529 		264.313 		4
v -15.44 		265.072 		4
v -21.739 		265.053 		5
v -15.409 		236.169 		4
v -16.122 		262.305 		4
v -22.338 		265.039 		5
v -22.832 		265.023 		5
v -23.206 		265.004 		5
v -23.442 		264.983 		5
v -15.716 		236.184 		4
v -23.524 		264.961 		5
v -23.518 		264.93 		5
v -42.653 		242.327 		2
v -41.607 		242.204 		2
v -23.5 		264.885 		5
v -43.752 		242.532 		2
v -23.472 		264.828 		5
v -44.88 		242.811 		2
v -16.318 		244.188 		4
v -48.172 		244.009 		2
v -23.435 		264.761 		5
v -23.391 		264.686 		5
v -46.009 		243.156 		2
v -47.115 		243.558 		2
v -23.34 		264.605 		5
v -12.5768 		265.072 		4
v -15.251 		243.487 		4
v -23.284 		264.521 		5
v -41.121 		242.174 		2
v -23.223 		264.435 		5
v -13.476 		265.91 		4
v -22.277 		263.679 		5
v -22.568 		263.801 		5
v -21.909 		263.588 		5
v -21.44 		263.522 		5
v -12.992 		265.458 		4
v -49.2004 		258.048 		2
v -20.845 		263.471 		5
v -17.3238 		260.096 		4
v -17.336 		260.201 		4
v -17.459 		260.654 		4
v -23.016 		264.171 		5
v -17.64 		260.961 		4
v -17.89 		261.183 		4
v -18.22 		261.382 		4
v -18.369 		261.456 		4
v -18.525 		261.518 		4
v -18.695 		261.568 		4
v -18.884 		261.607 		4
v -19.095 		261.636 		4
v -22.806 		263.963 		5
v -19.334 		261.656 		4
v -19.606 		261.667 		4
v -19.916 		261.671 		4
v -20.152 		261.67 		4
v -20.372 		261.667 		4
v -20.48 		261.6638 		4
v -16.384 		262.5031 		4
v -33.0238 		247.296 		4
v -33.088 		247.335 		4
v -33.386 		247.495 		4
v -33.792 		247.7044 		4
v -24.576 		266.897 		4
v -20.605 		266.846 		4
v -18.462 		266.819 		4
v -26.365 		266.92 		5
v -28.23 		267.617 		5
v -30.678 		268.394 		5
v -56.603 		262.057 		2
v -56.139 		261.654 		2
v -55.787 		261.338 		2
v -55.531 		261.09 		2
v -55.357 		260.888 		2
v -55.248 		260.713 		2
v -55.189 		260.544 		2
v -55.165 		260.36 		2
v -16.867 		266.788 		4
v -55.161 		260.141 		2
v -55.1625 		260.096 		2
v -20.48 		263.4504 		4
v -20.101 		263.429 		4
v -19.483 		265.072 		4
v -20.295 		265.07 		4
v -20.48 		265.0683 		4
v -56.7015 		262.144 		2
v -19.246 		263.375 		4
v -55.166 		259.986 		2
v -55.182 		259.802 		2
v -55.206 		259.595 		2
v -55.2338 		259.4078 		2
v -55.425 		258.465 		2
v -55.5096 		258.048 		2
v -18.531 		263.301 		4
v -55.372 		258.681 		2
v -55.239 		259.373 		2
v -55.278 		259.141 		2
v -55.323 		258.908 		2
v -32.8727 		246.784 		4
v -32.866 		246.79 		4
v -32.814 		246.853 		4
v -32.802 		246.898 		4
v -32.799 		246.947 		4
v -32.805 		247 		4
v -32.82 		247.054 		4
v -32.843 		247.108 		4
v -32.873 		247.161 		4
v -32.91 		247.209 		4
v -32.953 		247.253 		4
v -33.792 		247.0209 		4
v -33.779 		247.004 		4
v -60.692 		271.902 		2
v -49.4995 		253.952 		2
v -49.617 		254.282 		2
v -49.769 		255.187 		2
v -49.756 		256.119 		2
v -49.545 		257.199 		2
v -55.637 		254.011 		2
v -55.6303 		253.952 		2
v -55.683 		254.792 		2
v -55.697 		255.609 		2
v -55.678 		256.422 		2
v -55.626 		257.195 		2
v -55.542 		257.888 		2
v -48.749 		275.901 		2
v -49.152 		276.2863 		2
v -33.787 		246.941 		4
v -53.451 		248.333 		2
v -52.715 		247.385 		2
v -33.792 		246.9323 		4
v -54.097 		249.348 		2
v -54.649 		250.421 		2
v -55.1 		251.543 		2
v -51.896 		246.511 		2
v -34.47 		247.526 		4
v -49.309 		253.417 		2
v -33.83 		247.724 		4
v -55.444 		252.706 		2
v -55.557 		253.303 		2
v -34.119 		247.313 		4
v -48.331 		275.201 		2
v -48.174 		274.439 		2
v -48.1755 		274.432 		2
v -48.398 		273.558 		2
v -48.342 		273.659 		2
v -48.482 		273.437 		2
v -48.589 		273.301 		2
v -48.716 		273.154 		2
v -48.858 		273.002 		2
v -49.012 		272.848 		2
v -49.152 		272.7159 		2
v -40.907 		269.179 		2
v -38.36 		269.33 		2
v -17.218 		258.607 		4
v -17.259 		259.539 		4
v -20.48 		260.0145 		4
v -35.78 		269.25 		2
v -20.336 		259.571 		4
v -33.207 		268.938 		2
v -40.96 		262.2467 		2
v -39.743 		262.328 		2
v -38.449 		262.376 		2
v -37.147 		262.39 		2
v -35.898 		262.367 		2
v -34.758 		262.306 		2
v -33.788 		262.206 		2
v -20.178 		259.01 		4
v -20.042 		258.456 		4
v -19.9587 		258.048 		4
v -20.572 		261.661 		4
v -20.747 		261.655 		4
v -20.89 		261.646 		4
v -20.999 		261.637 		4
v -21.0064 		261.6358 		4
v -20.511 		260.11 		4
v -47.979 		267.345 		2
v -48.349 		267.183 		2
v -48.7 		267.036 		2
v -49.025 		266.906 		2
v -49.152 		266.8578 		2
v -45.755 		268.186 		2
v -43.385 		268.798 		2
v -21.068 		261.626 		4
v -21.092 		261.615 		4
v -21.084 		261.584 		4
v -40.971 		262.246 		2
v -21.061 		261.517 		4
v -21.024 		261.419 		4
v -20.976 		261.293 		4
v -20.9201 		261.1518 		4
v -20.849 		260.976 		4
v -20.775 		260.793 		4
v -20.695 		260.599 		4
v -17.929 		263.197 		4
v -17.413 		263.055 		4
v -16.958 		262.864 		4
v -52.824 		276.577 		2
v -52.9218 		276.48 		2
v -16.536 		262.618 		4
v -49.364 		276.489 		2
v -50.115 		276.919 		2
v 69.453 		227.571 		2.998
v -49.3546 		276.48 		2
v -20.917 		261.144 		4
v 69.116 		227.796 		2.998
v -52.543 		276.792 		2
v 68.811 		228.064 		2.998
v -51.767 		277.118 		2
v 68.543 		228.368 		2.998
v 68.318 		228.706 		2.998
v -50.937 		277.145 		2
v 68.139 		229.069 		2.998
v 73.688 		228.706 		2.998
v -21.052 		265.063 		4
v -21.739 		265.053 		4
v -22.338 		265.039 		4
v -22.832 		265.023 		4
v -23.206 		265.004 		4
v 73.462 		228.368 		2.998
v -23.442 		264.983 		4
v -23.524 		264.961 		4
v -23.518 		264.93 		4
v -23.5 		264.885 		4
v -23.472 		264.828 		4
v -23.435 		264.761 		4
v -23.391 		264.686 		4
v -23.34 		264.605 		4
v -17.1986 		256 		4
v -17.201 		257.345 		4
v 73.195 		228.064 		2.998
v -23.284 		264.521 		4
v -23.223 		264.435 		4
v -23.0325 		264.192 		4
v -19.837 		257.12 		4
v -19.857 		256.88 		4
v 72.89 		227.796 		2.998
v 72.553 		227.571 		2.998
v -50.211 		275.247 		2
v -50.132 		275.177 		2
v -50.06 		275.093 		2
v -49.943 		274.924 		2
v -49.866 		274.766 		2
v -49.827 		274.618 		2
v -49.828 		274.478 		2
v 72.189 		227.392 		2.998
v -49.8421 		274.432 		2
v -51.2 		275.4016 		2
v -50.94 		275.422 		2
v -50.777 		275.418 		2
v -50.633 		275.405 		2
v -50.507 		275.382 		2
v 71.805 		227.261 		2.998
v -50.396 		275.349 		2
v -50.298 		275.304 		2
v 71.407 		227.182 		2.998
v -20.018 		256.679 		4
v 71.003 		227.156 		2.998
v 70.598 		227.182 		2.998
v -20.414 		256.326 		4
v 70.2 		227.261 		2.998
v 69.817 		227.392 		2.998
v -20.48 		256.2727 		4
v 73.867 		229.069 		2.998
v 67.929 		230.66 		2.998
v -19.936 		257.937 		4
v 67.903 		230.256 		2.998
v 68.008 		231.058 		2.998
v 68.139 		231.442 		2.998
v -19.865 		257.482 		4
v 68.318 		231.806 		2.998
v 68.543 		232.143 		2.998
v 68.811 		232.448 		2.998
v 69.116 		232.715 		2.998
v 69.453 		232.941 		2.998
v -17.198 		255.688 		4
v -19.786 		255.197 		4
v -19.762 		254.801 		4
v 68.008 		229.453 		2.998
v 67.929 		229.851 		2.998
v -53.065 		276.338 		2
v -53.248 		276.0992 		2
v 69.817 		233.12 		2.998
v -23.016 		264.171 		4
v 70.2 		233.25 		2.998
v -22.806 		263.963 		4
v -22.568 		263.801 		4
v -22.277 		263.679 		4
v -21.909 		263.588 		4
v -19.743 		254.21 		4
v -21.44 		263.522 		4
v -20.845 		263.471 		4
v -51.9845 		274.432 		2
v -52.039 		274.568 		2
v -52.054 		274.803 		2
v 70.598 		233.33 		2.998
v -51.985 		275.009 		2
v -51.836 		275.18 		2
v -51.609 		275.31 		2
v -51.31 		275.393 		2
v 71.003 		233.356 		2.998
v -19.7374 		253.952 		4
v 71.407 		233.33 		2.998
v 71.805 		233.25 		2.998
v 72.189 		233.12 		2.998
v -19.997 		255.605 		4
v -19.92 		255.601 		4
v 72.553 		232.941 		2.998
v 72.89 		232.715 		2.998
v 73.195 		232.448 		2.998
v -19.861 		255.557 		4
v 73.462 		232.143 		2.998
v 73.688 		231.806 		2.998
v -19.818 		255.436 		4
v 73.867 		231.442 		2.998
v -30.678 		268.394 		4
v -53.662 		274.8 		2
v -53.6604 		274.6001 		2
v -56.842 		275.021 		2
v -57.344 		275.0874 		2
v 73.997 		231.058 		2.998
v -33.879 		247.134 		4
v 74.076 		230.66 		2.998
v 74.103 		230.256 		2.998
v -53.624 		275.154 		2
v 74.076 		229.851 		2.998
v -53.545 		275.484 		2
v 73.997 		229.453 		2.998
v -53.425 		275.792 		2
v -53.265 		276.077 		2
v -33.834 		246.859 		4
v -56.255 		274.851 		2
v -53.6591 		274.432 		2
v -55.691 		274.601 		2
v -55.4147 		274.432 		2
v -49.869 		274.344 		2
v -49.951 		274.214 		2
v -50.072 		274.084 		2
v -50.235 		273.954 		2
v -50.449 		273.819 		2
v -50.658 		273.726 		2
v -50.86 		273.674 		2
v -51.054 		273.664 		2
v -51.2 		273.6883 		2
v -63.65 		218.256 		4
v -60.235 		215.733 		4
v -56.618 		213.507 		4
v -52.825 		211.597 		4
v -20.48 		255.3416 		4
v -20.344 		255.424 		4
v -20.107 		255.558 		4
v -49.172 		272.697 		2
v -49.336 		272.554 		2
v -21.141 		254.931 		4
v -20.694 		255.212 		4
v -49.5386 		272.384 		2
v -21.005 		255.849 		4
v -28.23 		267.617 		4
v -26.0201 		266.9156 		4
v -21.754 		255.278 		4
v -53.248 		273.166 		2
v -53.103 		273.02 		2
v -52.7595 		272.6742 		2
v -26.365 		266.92 		4
v -52.526 		272.39 		2
v -52.5227 		272.384 		2
v -23.575 		253.963 		4
v -23.5909 		253.952 		4
v -22.623 		254.64 		4
v -52.775 		272.693 		2
v -51.24 		273.695 		2
v -51.417 		273.768 		2
v -51.585 		273.882 		2
v -51.742 		274.037 		2
v -51.936 		274.311 		2
v -53.568 		218.962 		4
v -50.249 		217.29 		4
v -22.6507 		253.952 		4
v -22.268 		254.204 		4
v -49.152 		216.8495 		4
v -46.8 		215.905 		4
v -21.67 		254.592 		4
v -48.883 		210.014 		4
v -44.821 		208.772 		4
v -40.669 		207.877 		4
v -36.455 		207.338 		4
v -52.344 		272.062 		2
v -52.22 		271.661 		2
v -52.142 		271.135 		2
v -52.1 		270.438 		2
v -52.098 		270.336 		2
v -26.1925 		258.048 		4
v -26.289 		258.252 		4
v -26.555 		258.677 		4
v -26.881 		259.095 		4
v -27.27 		259.513 		4
v -27.847 		260.036 		4
v -28.471 		260.497 		4
v -29.152 		260.9 		4
v -29.9 		261.251 		4
v -30.727 		261.552 		4
v -31.644 		261.808 		4
v -32.661 		262.025 		4
v -50.132 		271.886 		2
v -43.245 		214.817 		4
v -39.612 		214.035 		4
v -35.925 		213.563 		4
v -32.768 		213.4296 		4
v -53.249 		273.167 		2
v -32.211 		207.158 		4
v -27.967 		207.338 		4
v -23.753 		207.877 		4
v -19.601 		208.772 		4
v -55.176 		274.286 		2
v -55.296 		274.3594 		2
v -32.211 		213.406 		4
v -53.365 		273.303 		2
v -53.456 		273.437 		2
v -53.525 		273.58 		2
v -53.576 		273.741 		2
v -53.613 		273.929 		2
v -53.639 		274.154 		2
v -53.659 		274.425 		2
v -28.497 		213.563 		4
v -24.81 		214.035 		4
v -21.176 		214.817 		4
v -25.885 		254.178 		4
v -25.806 		254.514 		4
v -25.762 		254.855 		4
v -17.622 		215.905 		4
v -25.742 		255.234 		4
v -25.737 		255.683 		4
v -25.756 		256.286 		4
v -54.736 		273.918 		2
v -25.817 		256.836 		4
v -25.924 		257.341 		4
v -26.08 		257.81 		4
v -54.4 		273.513 		2
v -54.194 		273.085 		2
v -15.539 		210.014 		4
v -11.597 		211.597 		4
v -7.804 		213.507 		4
v -4.187 		215.733 		4
v -0.772 		218.256 		4
v -54.072 		272.56 		2
v -54.0573 		272.384 		2
v -57.344 		273.1896 		2
v -57.276 		273.192 		2
v -56.925 		273.112 		2
v -56.613 		272.948 		2
v -56.362 		272.708 		2
v -56.195 		272.4 		2
v -56.1923 		272.384 		2
v -19.725 		253.383 		4
v -18.6748 		249.856 		4
v -18.532 		250.012 		4
v -18.322 		250.206 		4
v -56.134 		272.033 		2
v -56.197 		271.656 		2
v -56.368 		271.346 		2
v -56.625 		271.111 		2
v -56.943 		270.96 		2
v -57.297 		270.899 		2
v -57.344 		270.9037 		2
v -18.044 		250.446 		4
v -17.198 		251.169 		4
v -54.165 		271.071 		2
v -54.061 		271.546 		2
v -54.34 		270.629 		2
v -19.706 		252.282 		4
v -54.5171 		270.336 		2
v -54.029 		272.044 		2
v -19.701 		250.323 		4
v -19.736 		249.856 		4
v -19.691 		251.178 		4
v -59.342 		274.484 		2
v -59.4118 		274.432 		2
v -59.012 		274.686 		2
v -24.572 		253.275 		4
v -58.667 		274.854 		2
v -24.466 		252.744 		4
v -23.607 		253.317 		4
v -58.319 		274.983 		2
v -57.976 		275.066 		2
v -57.424 		275.098 		2
v -22.918 		253.776 		4
v -59.921 		274.009 		2
v -60.15 		273.749 		2
v -60.665 		272.441 		2
v -60.6679 		272.384 		2
v -60.544 		272.972 		2
v -60.325 		273.482 		2
v -58.6547 		272.384 		2
v -58.615 		272.486 		2
v -58.497 		272.666 		2
v -58.332 		272.841 		2
v -58.002 		273.065 		2
v -57.642 		273.179 		2
v -16.491 		249.241 		4
v -16.717 		249.192 		4
v -16.901 		249.11 		4
v -17.023 		248.993 		4
v -17.106 		248.836 		4
v -17.16 		248.674 		4
v -17.184 		248.511 		4
v -17.179 		248.349 		4
v -17.145 		248.191 		4
v -17.082 		248.041 		4
v -16.992 		247.9 		4
v -59.648 		274.256 		2
v -60.233 		270.383 		2
v -60.1975 		270.336 		2
v -60.473 		270.86 		2
v -60.627 		271.371 		2
v -57.665 		270.936 		2
v -58.023 		271.079 		2
v -58.346 		271.335 		2
v -58.507 		271.531 		2
v -58.622 		271.726 		2
v -58.69 		271.92 		2
v -58.712 		272.112 		2
v -58.687 		272.301 		2
v -18.943 		247.964 		4
v -19.75 		249.67 		4
v -19.853 		249.169 		4
v -18.955 		248.174 		4
v -18.954 		248.42 		4
v -18.943 		248.711 		4
v -18.923 		249.044 		4
v -18.898 		249.305 		4
v -52.082 		269.518 		2
v -52.078 		268.328 		2
v -52.0781 		268.288 		2
v -18.857 		249.512 		4
v -50.1212 		268.288 		2
v -50.129 		268.731 		2
v -50.132 		269.301 		2
v -18.789 		249.686 		4
v -18.684 		249.846 		4
v -52.081 		267.473 		2
v -52.09 		266.752 		2
v -52.0917 		266.6829 		2
v -52.1028 		266.24 		2
v -20.027 		248.772 		4
v -20.285 		248.429 		4
v -49.315 		266.796 		2
v -49.562 		266.711 		2
v -49.759 		266.651 		2
v -49.896 		266.621 		2
v -49.967 		266.623 		2
v -50.003 		266.689 		2
v -50.035 		266.842 		2
v -50.064 		267.075 		2
v -50.087 		267.386 		2
v -50.106 		267.769 		2
v -50.12 		268.218 		2
v -18.624 		247.121 		4
v -18.729 		247.293 		4
v -51.1085 		266.24 		2
v -56.2932 		266.24 		2
v -56.296 		266.781 		2
v -56.2942 		267.3961 		2
v -54.583 		270.227 		2
v -56.2512 		268.3105 		2
v -54.892 		269.872 		2
v -54.8097 		269.9666 		2
v -56.294 		267.477 		2
v -56.28 		268.008 		2
v -56.0218 		268.9663 		2
v -55.265 		269.573 		2
v -56.242 		268.407 		2
v -56.168 		268.707 		2
v -56.045 		268.941 		2
v -55.861 		269.142 		2
v -55.606 		269.342 		2
v -52.105 		266.152 		2
v -52.128 		265.662 		2
v -52.159 		265.271 		2
v -52.198 		264.965 		2
v -52.247 		264.734 		2
v -52.306 		264.566 		2
v -52.452 		264.304 		2
v -52.651 		264.022 		2
v -52.887 		263.736 		2
v -53.143 		263.464 		2
v -53.248 		263.3659 		2
v -55.8428 		264.192 		2
v -55.931 		264.307 		2
v -56.041 		264.482 		2
v -56.126 		264.655 		2
v -56.19 		264.846 		2
v -56.236 		265.075 		2
v -56.266 		265.362 		2
v -56.284 		265.729 		2
v -56.293 		266.195 		2
v -53.401 		263.223 		2
v -53.645 		263.029 		2
v -53.858 		262.901 		2
v -54.022 		262.854 		2
v -54.204 		262.891 		2
v -54.433 		262.992 		2
v -54.693 		263.147 		2
v -54.97 		263.343 		2
v -55.248 		263.568 		2
v -55.511 		263.812 		2
v -55.743 		264.062 		2
v -57.179 		262.566 		2
v -58.842 		269.094 		2
v -58.8328 		269.0873 		2
v -58.757 		269.032 		2
v -58.69 		268.981 		2
v -58.607 		268.905 		2
v -58.541 		268.8 		2
v -58.492 		268.652 		2
v -58.455 		268.444 		2
v -58.4418 		268.288 		2
v -59.508 		269.59 		2
v -59.4415 		269.5406 		2
v -58.94 		269.167 		2
v -59.5086 		269.5906 		2
v -59.395 		269.506 		2
v -59.161 		269.332 		2
v -59.047 		269.247 		2
v -59.5125 		269.5941 		2
v -59.91 		269.955 		2
v -58.431 		268.16 		2
v -58.415 		267.784 		2
v -58.4125 		267.6137 		2
v -58.406 		266.691 		2
v -58.408 		267.3 		2
# 4694 vertices

g group_0_30377

usemtl color_30377
s 0

f 13 	3874 	9
f 5 	9 	3874
f 14 	4655 	48
f 48 	4654 	43
f 12 	4656 	14
f 4653 	4652 	43
f 4625 	4624 	4693
f 39 	43 	4652
f 150 	245 	148
f 148 	248 	146
f 249 	464 	146
f 475 	260 	146
f 260 	263 	146
f 158 	2320 	169
f 84 	85 	181
f 189 	2328 	158
f 172 	300 	184
f 375 	373 	175
f 175 	174 	375
f 377 	375 	174
f 185 	175 	373
f 204 	205 	200
f 199 	200 	205
f 202 	204 	200
f 205 	206 	199
f 198 	199 	206
f 206 	208 	198
f 208 	244 	198
f 150 	198 	244
f 219 	359 	213
f 213 	359 	207
f 221 	359 	219
f 207 	359 	195
f 224 	1745 	214
f 1745 	1743 	214
f 245 	150 	244
f 246 	148 	245
f 248 	148 	246
f 249 	146 	248
f 241 	1733 	242
f 263 	264 	144
f 264 	265 	144
f 265 	434 	144
f 142 	144 	434
f 261 	296 	256
f 261 	345 	298
f 256 	296 	253
f 295 	293 	247
f 247 	253 	295
f 286 	281 	1249
f 281 	278 	1249
f 1249 	142 	286
f 301 	300 	172
f 240 	1737 	241
f 254 	1738 	240
f 257 	1738 	254
f 266 	1739 	257
f 268 	1739 	266
f 273 	1740 	268
f 216 	214 	1743
f 296 	261 	298
f 298 	176 	299
f 313 	309 	3216
f 295 	253 	296
f 293 	291 	247
f 184 	299 	176
f 291 	290 	231
f 176 	298 	178
f 315 	313 	3216
f 3216 	1189 	328
f 315 	3216 	328
f 1132 	1118 	328
f 1189 	1132 	328
f 287 	285 	367
f 389 	388 	1173
f 242 	1732 	316
f 316 	1732 	318
f 1805 	2065 	323
f 322 	1806 	323
f 334 	331 	1118
f 321 	1806 	322
f 337 	334 	1117
f 1118 	1117 	334
f 320 	1806 	321
f 232 	231 	290
f 289 	232 	290
f 288 	232 	289
f 231 	239 	291
f 239 	247 	291
f 178 	298 	345
f 1117 	1221 	340
f 340 	337 	1117
f 319 	1807 	320
f 318 	1731 	319
f 354 	1216 	356
f 356 	1216 	278
f 349 	376 	348
f 371 	348 	376
f 378 	417 	376
f 412 	413 	380
f 232 	288 	365
f 288 	287 	366
f 363 	232 	364
f 396 	393 	1501
f 393 	394 	1501
f 306 	1497 	309
f 362 	233 	363
f 364 	232 	365
f 396 	1499 	391
f 402 	976 	1501
f 394 	401 	1501
f 360 	425 	361
f 361 	409 	362
f 84 	408 	405
f 84 	405 	85
f 415 	378 	414
f 378 	380 	414
f 413 	414 	380
f 417 	378 	415
f 371 	376 	417
f 380 	430 	412
f 359 	221 	360
f 232 	363 	233
f 233 	362 	409
f 408 	421 	418
f 408 	418 	405
f 401 	402 	1501
f 411 	412 	430
f 430 	271 	411
f 423 	411 	271
f 272 	959 	271
f 274 	444 	965
f 274 	963 	272
f 431 	427 	426
f 425 	360 	422
f 409 	361 	425
f 422 	360 	221
f 492 	462 	359
f 195 	359 	196
f 297 	142 	434
f 428 	427 	431
f 428 	431 	437
f 429 	428 	437
f 358 	2399 	436
f 1167 	2400 	357
f 357 	2399 	358
f 445 	969 	444
f 447 	969 	445
f 991 	987 	449
f 450 	991 	449
f 451 	991 	450
f 452 	1028 	451
f 438 	1035 	452
f 448 	449 	987
f 454 	443 	442
f 454 	442 	458
f 465 	460 	443
f 465 	443 	454
f 473 	146 	472
f 469 	470 	146
f 472 	146 	470
f 474 	146 	473
f 468 	469 	146
f 467 	468 	146
f 466 	467 	146
f 464 	466 	146
f 475 	146 	474
f 144 	146 	263
f 456 	455 	492
f 455 	462 	492
f 196 	359 	462
f 476 	460 	465
f 484 	485 	505
f 482 	479 	1343
f 481 	482 	1347
f 494 	495 	497
f 1347 	1348 	481
f 1342 	1343 	479
f 477 	1341 	479
f 491 	456 	492
f 499 	484 	505
f 1145 	1146 	946
f 490 	456 	491
f 548 	547 	456
f 509 	2389 	487
f 511 	513 	2394
f 2396 	2395 	513
f 2397 	2396 	522
f 2398 	2397 	523
f 525 	2398 	523
f 436 	2399 	525
f 547 	546 	456
f 459 	456 	546
f 545 	459 	546
f 548 	456 	490
f 543 	459 	544
f 544 	459 	545
f 541 	459 	543
f 538 	2806 	539
f 540 	2805 	541
f 537 	2806 	538
f 541 	2805 	459
f 536 	2806 	537
f 534 	2806 	536
f 539 	2805 	540
f 531 	2807 	532
f 2510 	2529 	577
f 581 	2809 	582
f 582 	2807 	531
f 532 	2807 	533
f 580 	2810 	581
f 579 	2810 	580
f 2529 	2528 	577
f 487 	2386 	489
f 575 	2511 	577
f 2538 	2812 	2539
f 2578 	2812 	2537
f 605 	2801 	600
f 604 	459 	2805
f 2798 	600 	2800
f 411 	745 	742
f 748 	745 	411
f 417 	753 	752
f 417 	754 	753
f 754 	414 	756
f 414 	743 	756
f 768 	767 	430
f 770 	748 	423
f 411 	423 	748
f 771 	770 	423
f 271 	430 	772
f 767 	772 	430
f 265 	777 	434
f 776 	434 	777
f 776 	781 	434
f 297 	434 	781
f 774 	773 	438
f 452 	775 	774
f 452 	774 	438
f 451 	783 	775
f 451 	775 	452
f 450 	791 	783
f 450 	783 	451
f 449 	793 	791
f 449 	791 	450
f 448 	797 	793
f 448 	793 	449
f 447 	799 	797
f 447 	797 	448
f 445 	801 	799
f 445 	799 	447
f 444 	808 	801
f 444 	801 	445
f 812 	808 	444
f 469 	817 	816
f 469 	816 	470
f 468 	820 	817
f 468 	817 	469
f 467 	826 	820
f 467 	820 	468
f 495 	499 	505
f 495 	505 	497
f 879 	878 	891
f 2642 	891 	878
f 891 	897 	894
f 891 	894 	879
f 886 	885 	901
f 886 	901 	902
f 887 	886 	902
f 887 	902 	906
f 485 	887 	906
f 485 	906 	505
f 895 	894 	897
f 895 	897 	915
f 883 	880 	918
f 880 	895 	915
f 880 	915 	918
f 884 	883 	918
f 884 	918 	923
f 885 	884 	923
f 885 	923 	901
f 501 	502 	1148
f 504 	1035 	438
f 174 	1016 	377
f 934 	932 	941
f 934 	941 	2557
f 1016 	1136 	377
f 1348 	1349 	481
f 941 	932 	931
f 947 	937 	936
f 947 	936 	948
f 831 	830 	475
f 260 	475 	830
f 1349 	1143 	486
f 486 	481 	1349
f 372 	370 	171
f 946 	944 	1145
f 944 	942 	1144
f 1143 	1144 	942
f 947 	956 	952
f 947 	952 	937
f 475 	474 	954
f 475 	954 	831
f 171 	180 	372
f 172 	171 	370
f 301 	172 	370
f 299 	184 	300
f 423 	271 	959
f 474 	473 	960
f 474 	960 	954
f 964 	962 	952
f 964 	952 	956
f 959 	272 	963
f 1179 	1184 	387
f 1161 	1160 	388
f 963 	274 	965
f 965 	444 	969
f 1532 	1180 	387
f 473 	472 	967
f 473 	967 	960
f 974 	971 	970
f 385 	1011 	387
f 984 	985 	1133
f 962 	964 	970
f 974 	970 	964
f 816 	967 	472
f 816 	472 	470
f 384 	1003 	385
f 1180 	1179 	387
f 466 	979 	826
f 466 	826 	467
f 1133 	1501 	977
f 977 	984 	1133
f 1131 	1133 	985
f 985 	1032 	1131
f 976 	977 	1501
f 383 	992 	384
f 379 	377 	1136
f 382 	379 	993
f 180 	185 	372
f 373 	372 	185
f 1136 	993 	379
f 447 	448 	969
f 982 	934 	2557
f 464 	989 	979
f 464 	979 	466
f 980 	997 	999
f 980 	999 	981
f 1002 	989 	464
f 1002 	464 	249
f 999 	1008 	1005
f 999 	1005 	981
f 987 	969 	448
f 477 	1018 	1017
f 1020 	1018 	477
f 1020 	477 	479
f 1035 	504 	1080
f 1023 	1022 	482
f 1023 	482 	481
f 1024 	1023 	481
f 1024 	481 	486
f 1026 	1024 	486
f 482 	1022 	1020
f 482 	1020 	479
f 1008 	1037 	1014
f 1008 	1014 	1005
f 1037 	948 	936
f 1037 	936 	1014
f 1047 	1046 	502
f 1047 	502 	501
f 1048 	1047 	501
f 1048 	501 	504
f 773 	1048 	504
f 773 	504 	438
f 1058 	1056 	1063
f 1058 	1063 	1065
f 486 	942 	1026
f 1042 	1026 	942
f 1066 	1130 	1032
f 1103 	1128 	1069
f 1069 	1129 	1067
f 1105 	1126 	1103
f 1061 	1058 	1065
f 1043 	1042 	942
f 1043 	942 	944
f 1054 	971 	974
f 1054 	974 	1071
f 1044 	1043 	944
f 1044 	944 	946
f 1074 	504 	1073
f 1063 	1056 	1054
f 1063 	1054 	1071
f 1045 	1044 	946
f 1045 	946 	950
f 991 	451 	1028
f 1080 	504 	1077
f 502 	1046 	1045
f 502 	1045 	950
f 997 	980 	1075
f 1028 	452 	1035
f 1082 	771 	959
f 423 	959 	771
f 1108 	1110 	1121
f 1121 	1123 	1108
f 1111 	1121 	1110
f 1107 	1108 	1123
f 1101 	1100 	1113
f 1101 	1113 	1114
f 1083 	1082 	959
f 1083 	959 	963
f 931 	1101 	1114
f 931 	1114 	941
f 1084 	1083 	963
f 1084 	963 	965
f 1221 	1117 	1088
f 1090 	1088 	1117
f 1085 	1084 	965
f 1085 	965 	969
f 1092 	1090 	1117
f 1092 	1117 	1118
f 1086 	1085 	969
f 1067 	1130 	1066
f 1119 	1121 	1111
f 1106 	1107 	1123
f 1120 	1121 	1119
f 1123 	1126 	1106
f 1105 	1106 	1126
f 1126 	1128 	1103
f 1129 	1069 	1128
f 1130 	1067 	1129
f 1131 	1032 	1130
f 1499 	396 	1501
f 985 	1091 	1089
f 984 	1140 	1091
f 984 	1091 	985
f 383 	382 	993
f 1532 	387 	1011
f 993 	992 	383
f 1003 	384 	992
f 1003 	1007 	385
f 1011 	385 	1007
f 977 	1152 	1151
f 977 	1151 	984
f 984 	1151 	1140
f 1168 	1152 	977
f 1168 	977 	976
f 731 	1168 	976
f 730 	731 	402
f 1093 	1092 	1118
f 1093 	1118 	1132
f 1096 	1093 	1132
f 1096 	1132 	1189
f 1181 	1086 	987
f 969 	987 	1086
f 1097 	1096 	1189
f 1097 	1189 	1194
f 1182 	1181 	987
f 1182 	987 	991
f 1098 	1097 	1194
f 1098 	1194 	1197
f 1183 	1182 	991
f 1183 	991 	1028
f 1099 	1098 	1197
f 1099 	1197 	1200
f 1185 	1183 	1028
f 1184 	1161 	387
f 388 	387 	1161
f 1160 	1173 	388
f 1173 	1177 	389
f 1177 	369 	389
f 369 	367 	285
f 367 	366 	287
f 366 	365 	288
f 285 	389 	369
f 1113 	1100 	1099
f 1113 	1099 	1200
f 1032 	1187 	1186
f 1032 	1186 	1066
f 1089 	1187 	1032
f 1089 	1032 	985
f 1147 	1148 	502
f 1148 	1149 	501
f 504 	501 	1149
f 1149 	1150 	504
f 1150 	1072 	504
f 1072 	1073 	504
f 1077 	504 	1074
f 1146 	1147 	950
f 950 	946 	1146
f 1144 	1145 	944
f 1210 	1209 	1216
f 1210 	1216 	1217
f 1164 	1332 	1165
f 1166 	2473 	1204
f 1204 	2400 	1167
f 2392 	2391 	511
f 2390 	509 	2391
f 2388 	487 	2389
f 2386 	487 	2387
f 1211 	1210 	1217
f 1211 	1217 	1221
f 1214 	1185 	1035
f 1028 	1035 	1185
f 1035 	1227 	1214
f 228 	225 	1225
f 1069 	1218 	1381
f 1069 	1381 	1103
f 1233 	1225 	225
f 1088 	1211 	1221
f 225 	3585 	1238
f 1067 	1243 	1218
f 1067 	1218 	1069
f 1216 	1209 	1207
f 1216 	1207 	1249
f 1249 	1207 	1206
f 1206 	2864 	1249
f 1242 	1241 	3584
f 3585 	3584 	1241
f 1244 	1242 	3582
f 1066 	1250 	1243
f 1066 	1243 	1067
f 1261 	1256 	1255
f 1186 	1250 	1066
f 1261 	1270 	1264
f 1261 	1264 	1256
f 1258 	1259 	1300
f 1074 	1269 	1268
f 1277 	1281 	1278
f 1265 	1262 	1300
f 1270 	1281 	1277
f 1270 	1277 	1264
f 1074 	1073 	1282
f 1074 	1282 	1269
f 1279 	1273 	228
f 1073 	1072 	1290
f 1073 	1290 	1282
f 1241 	1238 	3585
f 1238 	1236 	225
f 1236 	1233 	225
f 1225 	1284 	228
f 1283 	1279 	228
f 1284 	1283 	228
f 1281 	1297 	1291
f 1281 	1291 	1278
f 1292 	1291 	1297
f 1292 	1297 	1303
f 1072 	1301 	1290
f 1294 	1292 	1303
f 1294 	1303 	1308
f 1111 	1267 	1266
f 1300 	1321 	1304
f 1319 	1321 	1300
f 1313 	1310 	1309
f 1074 	1268 	1077
f 1314 	1077 	1268
f 1313 	1261 	1255
f 1313 	1255 	1310
f 1295 	1294 	1308
f 1314 	1318 	1077
f 1080 	1077 	1318
f 1273 	1265 	228
f 1300 	228 	1265
f 1262 	1258 	1300
f 1322 	1304 	1321
f 1259 	1319 	1300
f 1322 	1323 	1304
f 1307 	1304 	1323
f 1323 	1324 	1307
f 1324 	1326 	1307
f 1311 	1307 	1326
f 1110 	1316 	1267
f 1110 	1267 	1111
f 1330 	1080 	1318
f 1333 	1531 	1334
f 1338 	1339 	1328
f 1328 	1311 	1338
f 477 	1328 	1339
f 1340 	477 	1339
f 1341 	477 	1340
f 1347 	482 	1343
f 1342 	479 	1341
f 1337 	1338 	1311
f 1336 	1337 	1311
f 1326 	1336 	1311
f 1330 	1227 	1080
f 1035 	1080 	1227
f 1334 	1530 	1335
f 942 	486 	1143
f 502 	950 	1147
f 1108 	1331 	1316
f 1108 	1316 	1110
f 998 	1620 	1350
f 1588 	1622 	996
f 1107 	1354 	1331
f 1107 	1331 	1108
f 1329 	1327 	494
f 1329 	494 	497
f 1106 	1363 	1354
f 1106 	1354 	1107
f 1377 	1373 	1327
f 1377 	1327 	1329
f 1105 	1375 	1363
f 1105 	1363 	1106
f 1384 	1380 	1373
f 1384 	1373 	1377
f 1103 	1381 	1375
f 1103 	1375 	1105
f 1392 	1388 	1380
f 1392 	1380 	1384
f 1474 	1488 	1397
f 1400 	1395 	1388
f 1400 	1388 	1392
f 1266 	1403 	1119
f 1266 	1119 	1111
f 1410 	1405 	1395
f 1410 	1395 	1400
f 1416 	1413 	1405
f 1416 	1405 	1410
f 1412 	1130 	1129
f 1412 	1129 	1414
f 1423 	1696 	1422
f 1422 	1696 	1420
f 1420 	1691 	1419
f 1419 	1691 	1418
f 1406 	1429 	1425
f 1427 	1413 	1416
f 1129 	1128 	1428
f 1129 	1428 	1414
f 1128 	1126 	1431
f 1128 	1431 	1428
f 1126 	1123 	1439
f 1126 	1439 	1431
f 1436 	1429 	1440
f 1440 	1429 	1406
f 1123 	1121 	1444
f 1123 	1444 	1439
f 1434 	2017 	1448
f 1448 	1812 	1458
f 1467 	1468 	1452
f 1467 	1452 	1451
f 1453 	1452 	1468
f 1453 	1468 	1471
f 1703 	1700 	1429
f 1429 	1436 	1437
f 1429 	1437 	1465
f 1463 	1812 	1465
f 1458 	1812 	1463
f 1454 	1453 	1471
f 1454 	1471 	1473
f 1455 	1454 	1473
f 1455 	1473 	1476
f 1507 	1508 	1500
f 1456 	1455 	1476
f 1456 	1476 	1482
f 1457 	1456 	1482
f 1457 	1482 	1485
f 1510 	1512 	1483
f 1445 	1295 	1487
f 1308 	1487 	1295
f 1446 	1445 	1487
f 1446 	1487 	1489
f 1447 	1446 	1489
f 1447 	1489 	1490
f 1396 	1397 	1488
f 1486 	1396 	1488
f 1449 	1447 	1490
f 1449 	1490 	1491
f 1451 	1449 	1491
f 1451 	1491 	1467
f 1459 	1457 	1485
f 1459 	1485 	1495
f 1121 	1120 	1494
f 1121 	1494 	1444
f 1460 	1459 	1495
f 1460 	1495 	1497
f 1461 	1460 	1497
f 1461 	1497 	1499
f 1403 	1494 	1120
f 1403 	1120 	1119
f 1501 	1462 	1461
f 1501 	1461 	1499
f 1484 	1394 	1486
f 1509 	1510 	1481
f 1500 	1498 	1507
f 1506 	1507 	1498
f 1479 	1500 	1508
f 1502 	1133 	1131
f 1502 	1131 	1503
f 1501 	1504 	1462
f 1131 	1130 	1412
f 1131 	1412 	1503
f 1508 	1509 	1479
f 1478 	1479 	1509
f 1481 	1478 	1509
f 1483 	1481 	1510
f 1484 	1483 	1512
f 1512 	1394 	1484
f 1396 	1486 	1394
f 1502 	1504 	1133
f 1501 	1133 	1504
f 1516 	1149 	1148
f 1516 	1148 	1517
f 1522 	1496 	1521
f 1520 	1521 	1493
f 1519 	1520 	1493
f 1498 	1496 	1547
f 1523 	1496 	1522
f 1523 	1547 	1496
f 1493 	1521 	1496
f 1493 	1492 	1519
f 1148 	1147 	1525
f 1148 	1525 	1517
f 1147 	1146 	1529
f 1147 	1529 	1525
f 4053 	4054 	2250
f 4028 	4049 	2211
f 1535 	1143 	1536
f 1146 	1145 	1538
f 1146 	1538 	1529
f 1537 	1604 	1548
f 1145 	1144 	1543
f 1145 	1543 	1538
f 1539 	1537 	1513
f 1548 	1513 	1537
f 1530 	1334 	1531
f 1350 	1619 	1530
f 1332 	1531 	1333
f 1228 	1166 	1229
f 1506 	1498 	1547
f 1144 	1143 	1535
f 1144 	1535 	1543
f 1540 	1539 	1513
f 1164 	1531 	1332
f 1229 	1165 	1332
f 2474 	2473 	1226
f 1166 	1165 	1229
f 1550 	1301 	1150
f 1072 	1150 	1301
f 1224 	2474 	1226
f 1546 	1540 	1513
f 1513 	1527 	1546
f 1551 	2295 	1556
f 1222 	2474 	1224
f 1560 	1556 	2290
f 1568 	1567 	1587
f 1569 	1568 	1586
f 1588 	1587 	1567
f 1592 	1579 	1585
f 1994 	1571 	327
f 1579 	1575 	1585
f 1582 	1585 	1575
f 1572 	1582 	1575
f 1430 	1582 	1984
f 2004 	1434 	1430
f 1572 	1984 	1582
f 1150 	1149 	1516
f 1150 	1516 	1550
f 1566 	1588 	1567
f 1587 	1586 	1568
f 1571 	1569 	1586
f 1586 	327 	1571
f 326 	1996 	327
f 1806 	1805 	323
f 324 	2022 	326
f 1994 	327 	1996
f 228 	1608 	1607
f 1579 	1592 	1614
f 1592 	1548 	1623
f 1623 	1614 	1592
f 1605 	1623 	1548
f 1604 	1605 	1548
f 1335 	1530 	1619
f 1626 	1625 	1225
f 1609 	2367 	1611
f 1628 	1626 	1225
f 1628 	1225 	1233
f 1617 	2605 	1618
f 1611 	2367 	1639
f 1629 	1628 	1233
f 1629 	1233 	1236
f 1621 	996 	1622
f 1566 	1622 	1588
f 1641 	1639 	2382
f 1619 	1350 	1620
f 1621 	1620 	998
f 998 	996 	1621
f 1615 	2605 	1617
f 1618 	2474 	1222
f 1613 	2606 	1615
f 1862 	1858 	1661
f 1662 	1862 	1661
f 1664 	1722 	1662
f 1665 	1674 	1664
f 1666 	1673 	1665
f 1402 	1676 	1666
f 1417 	1680 	1402
f 1660 	1661 	1858
f 1673 	1666 	1676
f 1674 	1665 	1673
f 1685 	1418 	1691
f 1696 	1423 	1700
f 1703 	1429 	1707
f 1429 	1713 	1707
f 1425 	1429 	1700
f 1694 	1840 	1688
f 1688 	1839 	1682
f 1749 	1748 	159
f 159 	1682 	1837
f 1837 	1749 	159
f 1839 	1837 	1682
f 1630 	1629 	1236
f 1630 	1236 	1238
f 277 	280 	1741
f 1631 	1630 	1238
f 1631 	1238 	1241
f 1632 	1631 	1241
f 1632 	1241 	1242
f 1739 	268 	1740
f 280 	216 	1741
f 1633 	1632 	1242
f 1633 	1242 	1244
f 277 	1741 	1740
f 1634 	1633 	1244
f 1634 	1244 	1248
f 1732 	242 	1733
f 1733 	241 	1737
f 1731 	318 	1732
f 1737 	240 	1738
f 277 	1740 	273
f 1747 	1746 	1705
f 1701 	1705 	1746
f 224 	1701 	1746
f 1743 	1741 	216
f 1746 	1745 	224
f 1738 	257 	1739
f 1424 	1425 	1700
f 1691 	1420 	1696
f 1680 	1417 	1685
f 1676 	1402 	1680
f 1424 	1700 	1423
f 1722 	1664 	1674
f 1418 	1685 	1417
f 1252 	1636 	1634
f 1252 	1634 	1248
f 1807 	319 	1731
f 1252 	1816 	1636
f 1806 	320 	1807
f 2066 	2065 	1804
f 1804 	2065 	1805
f 1813 	1429 	1812
f 1713 	1429 	1813
f 1812 	1448 	1820
f 1465 	1812 	1429
f 2017 	2041 	1448
f 1810 	2037 	1804
f 1259 	1826 	1825
f 1848 	1826 	1259
f 1848 	1259 	1258
f 1846 	1658 	1855
f 1850 	1848 	1258
f 1850 	1258 	1262
f 1840 	1694 	1841
f 1694 	1697 	1841
f 1851 	1850 	1262
f 1851 	1262 	1265
f 1678 	159 	1748
f 1862 	1662 	1722
f 1858 	1855 	1660
f 1853 	1851 	1265
f 1853 	1265 	1273
f 1748 	1747 	1678
f 1839 	1688 	1840
f 1273 	1279 	1827
f 1828 	1827 	1279
f 1705 	1678 	1747
f 1273 	1827 	1853
f 1868 	1979 	1870
f 1849 	1847 	1942
f 1829 	1828 	1279
f 1829 	1279 	1283
f 1845 	1844 	1943
f 1658 	1660 	1855
f 1969 	1970 	1835
f 1968 	1969 	1836
f 1872 	1968 	1836
f 1870 	1968 	1872
f 1977 	1978 	1900
f 1831 	1829 	1283
f 1831 	1283 	1284
f 1949 	1955 	1843
f 1625 	1831 	1284
f 1625 	1284 	1225
f 2029 	2030 	1822
f 1843 	1841 	1949
f 1697 	1949 	1841
f 1844 	1843 	1955
f 1880 	2046 	1883
f 1889 	1608 	1300
f 228 	1300 	1608
f 1976 	1977 	1886
f 1886 	1883 	1976
f 1891 	1889 	1300
f 1891 	1300 	1304
f 1898 	1886 	1977
f 1892 	1891 	1304
f 1892 	1304 	1307
f 1903 	2012 	1809
f 1893 	1892 	1307
f 1893 	1307 	1311
f 1902 	1901 	1887
f 1909 	1978 	1868
f 1900 	1898 	1977
f 1976 	1883 	2047
f 1888 	1887 	1901
f 1809 	2012 	1810
f 1894 	1893 	1311
f 1899 	1936 	1901
f 1944 	1936 	1910
f 1326 	1921 	1919
f 1908 	1852 	1944
f 1887 	1975 	1902
f 1324 	1928 	1921
f 1324 	1921 	1326
f 1942 	1944 	1849
f 1323 	1933 	1928
f 1323 	1928 	1324
f 1322 	1940 	1933
f 1322 	1933 	1323
f 1321 	1946 	1940
f 1321 	1940 	1322
f 1319 	1952 	1946
f 1319 	1946 	1321
f 1825 	1952 	1319
f 1825 	1319 	1259
f 1943 	1942 	1847
f 1852 	1849 	1944
f 1910 	1908 	1944
f 1899 	1910 	1936
f 1935 	1901 	1936
f 1888 	1901 	1935
f 1847 	1845 	1943
f 1955 	1943 	1844
f 1658 	1846 	1970
f 1846 	1835 	1970
f 1835 	1836 	1969
f 1968 	1870 	1979
f 1909 	1900 	1978
f 1979 	1868 	1978
f 1341 	1981 	1980
f 1341 	1980 	1342
f 1340 	1991 	1981
f 1340 	1981 	1341
f 1984 	1995 	1430
f 1339 	1998 	1991
f 1339 	1991 	1340
f 1338 	2006 	1998
f 1338 	1998 	1339
f 1430 	1995 	2004
f 1434 	2004 	2017
f 1822 	1820 	2041
f 2016 	2015 	1343
f 1347 	1343 	2015
f 2009 	326 	2011
f 1996 	326 	2009
f 1980 	2016 	1343
f 1980 	1343 	1342
f 2030 	2032 	1832
f 1832 	2043 	1880
f 2043 	1832 	2032
f 2044 	1880 	2043
f 2045 	1880 	2044
f 2046 	1880 	2045
f 2047 	1883 	2046
f 2040 	1894 	1328
f 1311 	1328 	1894
f 2022 	324 	2035
f 2011 	326 	2022
f 1017 	2040 	1328
f 1017 	1328 	477
f 2041 	2028 	1822
f 1832 	1822 	2030
f 2028 	2029 	1822
f 1820 	1448 	2041
f 1337 	2053 	2006
f 1337 	2006 	1338
f 324 	323 	2050
f 2036 	324 	2050
f 2035 	324 	2036
f 2063 	2058 	2057
f 1336 	2061 	2053
f 1336 	2053 	1337
f 2101 	2094 	2060
f 2063 	2073 	2067
f 2063 	2067 	2058
f 2066 	1804 	2054
f 2037 	1810 	2023
f 2054 	1804 	2037
f 1919 	2061 	1336
f 1919 	1336 	1326
f 2073 	2078 	2076
f 2073 	2076 	2067
f 2074 	2089 	2077
f 1985 	1902 	1975
f 1987 	1903 	1985
f 1997 	1903 	1987
f 2012 	1903 	1997
f 2025 	1810 	2012
f 2023 	1810 	2025
f 2079 	1536 	1349
f 1143 	1349 	1536
f 2089 	2095 	2077
f 2078 	2082 	2076
f 2052 	2050 	323
f 2065 	2052 	323
f 1902 	1985 	1903
f 1349 	1348 	2084
f 1349 	2084 	2079
f 2095 	2102 	2077
f 2080 	2077 	2102
f 2102 	2109 	2080
f 2109 	2114 	2080
f 1348 	1347 	2092
f 1348 	2092 	2084
f 2090 	2099 	2100
f 2090 	2100 	2091
f 2114 	2116 	2080
f 2083 	2080 	2116
f 1347 	2015 	2092
f 2116 	2068 	2083
f 2068 	2069 	2083
f 2100 	2108 	2103
f 2100 	2103 	2091
f 2108 	2117 	2111
f 2108 	2111 	2103
f 2087 	2083 	2069
f 2069 	2070 	2087
f 2094 	2087 	2070
f 2070 	2060 	2094
f 2113 	2097 	2154
f 2096 	2154 	2097
f 2105 	2151 	2104
f 2117 	2124 	2120
f 2117 	2120 	2111
f 2135 	2136 	2122
f 2124 	2129 	2126
f 2124 	2126 	2120
f 2089 	2074 	2138
f 2138 	2074 	2137
f 2136 	2137 	2119
f 2119 	2122 	2136
f 2119 	2137 	2074
f 2122 	2127 	2135
f 84 	2135 	2127
f 2129 	2141 	2134
f 2129 	2134 	2126
f 2141 	2774 	2145
f 2141 	2145 	2134
f 2090 	2082 	2099
f 2078 	2099 	2082
f 2143 	2142 	2156
f 2155 	2140 	2156
f 2154 	2096 	2155
f 2175 	2173 	2162
f 2175 	2162 	2165
f 2153 	2113 	2154
f 2151 	2105 	2153
f 2140 	2139 	2156
f 2143 	2156 	2139
f 2192 	2179 	2173
f 2192 	2173 	2175
f 2182 	2183 	2181
f 2147 	2181 	2183
f 2183 	2184 	2147
f 2146 	2147 	2184
f 2146 	2184 	2185
f 2186 	1313 	2185
f 2187 	1261 	2186
f 2189 	1261 	2187
f 1281 	1270 	2191
f 2193 	1281 	2191
f 2195 	1416 	1297
f 1416 	1410 	1297
f 2146 	2185 	1313
f 2150 	2104 	2151
f 2132 	2130 	2155
f 2140 	2155 	2130
f 2202 	2198 	2179
f 2202 	2179 	2192
f 2201 	2295 	1527
f 2132 	2155 	2204
f 2204 	2155 	2205
f 2149 	2104 	2150
f 2208 	2201 	1527
f 2215 	2214 	2232
f 2467 	2232 	2214
f 1527 	1528 	2208
f 2217 	2215 	2232
f 2217 	2232 	2237
f 2211 	2208 	1528
f 1528 	4028 	2211
f 2218 	2217 	2237
f 2218 	2237 	2240
f 2220 	2211 	4049
f 2231 	2155 	2226
f 2205 	2155 	2231
f 2226 	2155 	2096
f 2148 	2990 	2933
f 2219 	2218 	2240
f 2219 	2240 	2244
f 2235 	4052 	2238
f 2229 	4051 	2235
f 2221 	2219 	2244
f 2221 	2244 	2249
f 2238 	4052 	2242
f 2222 	2221 	2249
f 2222 	2249 	2254
f 2245 	2242 	4053
f 2250 	2245 	4053
f 2224 	2222 	2254
f 2253 	2250 	4054
f 2142 	2144 	2156
f 2157 	2283 	2158
f 2158 	2283 	2261
f 2157 	2156 	2144
f 2270 	2198 	2202
f 2268 	4055 	2272
f 2264 	2263 	2248
f 2272 	4055 	2275
f 2262 	4055 	2268
f 2282 	2281 	2289
f 2282 	2289 	2291
f 2294 	2284 	2282
f 2294 	2282 	2291
f 1609 	1560 	2290
f 2295 	1551 	1527
f 2290 	1556 	2295
f 1551 	1546 	1527
f 2287 	2248 	2263
f 2263 	2261 	2287
f 2283 	2157 	2285
f 2144 	2285 	2157
f 2287 	2261 	2283
f 2247 	3123 	2265
f 3360 	2303 	2279
f 2280 	2279 	2303
f 2431 	2483 	2365
f 2289 	2281 	2280
f 2289 	2280 	2303
f 2275 	4104 	2311
f 2320 	2313 	2284
f 2320 	2284 	2294
f 2311 	4104 	2318
f 2328 	2325 	2313
f 2328 	2313 	2320
f 2322 	4104 	2308
f 2318 	4104 	2322
f 2328 	2165 	2325
f 2162 	2325 	2165
f 4104 	4101 	2308
f 2339 	2224 	2345
f 2254 	2345 	2224
f 2342 	2339 	2345
f 4100 	4098 	2448
f 2340 	2336 	2448
f 2336 	4100 	2448
f 2355 	2352 	2351
f 2448 	2442 	2340
f 2346 	2344 	2442
f 2344 	2340 	2442
f 2458 	2457 	4132
f 2451 	4094 	2454
f 2356 	2350 	2442
f 2350 	2346 	2442
f 1609 	2290 	2367
f 2317 	3442 	2359
f 3436 	3442 	2316
f 2326 	2330 	3433
f 3466 	3433 	2330
f 2330 	2333 	2306
f 2307 	2306 	2333
f 2349 	2307 	2337
f 2337 	2341 	2349
f 133 	2349 	2341
f 2343 	133 	2341
f 2333 	2337 	2307
f 2306 	3466 	2330
f 3433 	3432 	2326
f 3432 	3436 	2323
f 2323 	2326 	3432
f 2371 	2369 	2368
f 2371 	2368 	2372
f 2373 	2369 	2371
f 2380 	2300 	2483
f 2300 	2301 	2483
f 2379 	2380 	2483
f 2301 	2302 	2483
f 2364 	2365 	2483
f 2302 	2364 	2483
f 2384 	2381 	2352
f 2384 	2352 	2355
f 2382 	1639 	2367
f 1642 	1641 	2382
f 2402 	2393 	2381
f 2402 	2381 	2384
f 2410 	2405 	2393
f 2410 	2393 	2402
f 2400 	1204 	2401
f 2401 	1204 	2403
f 2409 	2411 	2413
f 2412 	2413 	2411
f 2413 	2414 	2409
f 2408 	2409 	2414
f 2414 	2416 	2408
f 2407 	2408 	2416
f 2416 	2424 	2407
f 2406 	2407 	2424
f 2368 	2405 	2410
f 2368 	2410 	2372
f 2422 	2509 	2421
f 2378 	2379 	2483
f 2421 	2508 	2420
f 522 	523 	2397
f 2399 	357 	2400
f 2425 	2406 	2424
f 2395 	2394 	513
f 2398 	525 	2399
f 2394 	2392 	511
f 2375 	2376 	2483
f 2723 	2450 	2428
f 2429 	2428 	2450
f 509 	511 	2391
f 2376 	2377 	2483
f 2377 	2378 	2483
f 2365 	2357 	2431
f 513 	522 	2396
f 2430 	2429 	2450
f 2430 	2450 	2453
f 2389 	509 	2390
f 2357 	2358 	2431
f 2432 	2430 	2453
f 2432 	2453 	2455
f 2358 	2356 	2431
f 2434 	2432 	2455
f 2434 	2455 	2459
f 2387 	487 	2388
f 2442 	2431 	2356
f 2457 	2454 	4132
f 2435 	2434 	2459
f 2435 	2459 	2462
f 2436 	2435 	2462
f 2436 	2462 	2464
f 2514 	489 	2385
f 2385 	489 	2386
f 2437 	2436 	2464
f 2437 	2464 	2470
f 4132 	4133 	2458
f 2439 	2437 	2470
f 2439 	2470 	2479
f 1166 	1228 	2473
f 1008 	999 	1071
f 2403 	1204 	2473
f 1228 	1226 	2473
f 1612 	2659 	1613
f 2499 	2496 	2419
f 2499 	2419 	2501
f 2501 	2420 	2507
f 2637 	2638 	2868
f 2719 	2868 	2627
f 2627 	2868 	2625
f 2507 	2420 	2508
f 2509 	2422 	2485
f 2508 	2421 	2509
f 2422 	2375 	2485
f 2483 	2485 	2375
f 2060 	1642 	2518
f 2382 	2518 	1642
f 2512 	575 	2513
f 2513 	575 	2514
f 2511 	575 	2512
f 578 	577 	2528
f 2523 	2588 	2521
f 2588 	2581 	2521
f 2518 	2519 	2581
f 2581 	2574 	2518
f 2572 	2107 	2518
f 2530 	1394 	2532
f 2528 	2810 	578
f 2547 	2548 	2565
f 2548 	2549 	2427
f 2426 	2427 	2549
f 2425 	2426 	2549
f 2425 	2549 	2406
f 2510 	577 	2511
f 578 	2810 	579
f 489 	2514 	575
f 2420 	2501 	2419
f 2543 	2810 	2528
f 2540 	2812 	2543
f 941 	1114 	915
f 2642 	2644 	2557
f 2644 	2645 	2557
f 2645 	2646 	2557
f 2427 	2565 	2548
f 2440 	2439 	2479
f 2440 	2479 	2571
f 2107 	2101 	2060
f 2441 	2440 	2571
f 2441 	2571 	2573
f 2539 	2812 	2540
f 2443 	2441 	2573
f 2443 	2573 	2575
f 2444 	2443 	2575
f 2444 	2575 	2580
f 2060 	2518 	2107
f 2537 	2812 	2538
f 2445 	2444 	2580
f 2445 	2580 	2583
f 2574 	2572 	2518
f 2446 	2445 	2583
f 2536 	2814 	2578
f 2057 	2373 	2371
f 2057 	2371 	2063
f 2519 	2521 	2581
f 2591 	2588 	2523
f 2523 	2628 	2591
f 2599 	2596 	2595
f 2599 	2595 	2670
f 2482 	2866 	2516
f 2516 	2866 	2534
f 2805 	539 	2806
f 2534 	2814 	2535
f 2535 	2814 	2536
f 2351 	2596 	2599
f 2351 	2599 	2355
f 2628 	2629 	2591
f 2629 	2630 	2591
f 2630 	2631 	2591
f 2618 	2619 	2610
f 2618 	2610 	2609
f 2594 	2591 	2631
f 2612 	2610 	2619
f 2612 	2619 	2620
f 2635 	2636 	2601
f 458 	2664 	2603
f 2605 	1615 	2606
f 2474 	1618 	2605
f 2613 	2612 	2620
f 2613 	2620 	2621
f 2614 	2613 	2621
f 2614 	2621 	2622
f 2615 	2614 	2622
f 2615 	2622 	2624
f 2551 	2550 	1397
f 3844 	1397 	2550
f 2616 	2615 	2624
f 1397 	1396 	2626
f 1397 	2626 	2551
f 2609 	2446 	2618
f 2583 	2618 	2446
f 2631 	2632 	2594
f 2632 	2633 	2594
f 2597 	2594 	2633
f 2633 	2634 	2597
f 2601 	2597 	2634
f 2634 	2635 	2601
f 454 	458 	2603
f 465 	454 	2603
f 2636 	465 	2603
f 1396 	1394 	2530
f 1396 	2530 	2626
f 2546 	2547 	2557
f 2566 	2557 	2547
f 2565 	2566 	2547
f 2646 	2546 	2557
f 2647 	2643 	2641
f 2652 	2649 	2643
f 2652 	2643 	2647
f 2611 	2608 	2868
f 2625 	2868 	2623
f 2623 	2868 	2608
f 2638 	2611 	2868
f 2502 	2506 	2868
f 2728 	2868 	2719
f 2506 	2637 	2868
f 1402 	2651 	2650
f 1402 	2650 	1417
f 2658 	2654 	2649
f 2658 	2649 	2652
f 1402 	1666 	2657
f 1402 	2657 	2651
f 2663 	2660 	2654
f 2663 	2654 	2658
f 2606 	1613 	2659
f 2664 	2666 	2607
f 2603 	2601 	2636
f 2607 	2603 	2664
f 2617 	2607 	2666
f 2666 	421 	2617
f 431 	2617 	421
f 421 	408 	431
f 437 	431 	408
f 2127 	437 	84
f 408 	84 	437
f 2670 	2668 	2660
f 2670 	2660 	2663
f 2595 	2668 	2670
f 2679 	2640 	2639
f 2641 	2681 	2948
f 2641 	2948 	2647
f 2692 	2682 	2640
f 2692 	2640 	2679
f 2697 	2695 	2682
f 2697 	2682 	2692
f 2700 	2695 	2697
f 2683 	2656 	2693
f 2678 	2683 	2693
f 2678 	2677 	2680
f 2678 	2680 	2683
f 2720 	2689 	2655
f 2655 	2669 	2720
f 2669 	2674 	2722
f 2674 	2925 	2768
f 1440 	1406 	2671
f 2672 	2671 	1406
f 1425 	2673 	2672
f 1425 	2672 	1406
f 2712 	2711 	2721
f 2712 	2721 	2723
f 2428 	2712 	2723
f 1424 	2724 	2673
f 1424 	2673 	1425
f 2709 	2708 	2734
f 2709 	2734 	2735
f 2710 	2709 	2735
f 2710 	2735 	2740
f 2721 	2711 	2710
f 2721 	2710 	2740
f 1423 	2738 	2724
f 1423 	2724 	1424
f 2714 	2713 	2746
f 2716 	2714 	2746
f 2716 	2746 	2751
f 2502 	2867 	2500
f 2500 	2867 	2478
f 2739 	2869 	2728
f 2731 	2871 	2733
f 1422 	2747 	2738
f 1422 	2738 	1423
f 2718 	2716 	2751
f 2718 	2751 	2755
f 2734 	2708 	2718
f 2734 	2718 	2755
f 1420 	2758 	2747
f 1420 	2747 	1422
f 2774 	2763 	2145
f 1419 	2773 	2758
f 1419 	2758 	1420
f 2774 	2779 	2776
f 2774 	2776 	2763
f 2689 	2688 	2655
f 2656 	2655 	2688
f 2722 	2674 	2768
f 2688 	2693 	2656
f 2768 	2925 	2761
f 1418 	2782 	2773
f 1418 	2773 	1419
f 2779 	2784 	2776
f 1417 	2791 	2782
f 1417 	2782 	1418
f 2887 	2818 	2792
f 2794 	2792 	2818
f 2650 	2791 	1417
f 2797 	2794 	2818
f 2812 	2578 	2814
f 2802 	2799 	2825
f 2810 	2543 	2812
f 2809 	581 	2810
f 2467 	2214 	2826
f 2818 	2838 	2797
f 2829 	2797 	2838
f 2807 	582 	2809
f 150 	2822 	2821
f 2799 	2829 	2838
f 2799 	2838 	2825
f 2806 	533 	2807
f 2478 	2866 	2482
f 2832 	2830 	1430
f 148 	2847 	2822
f 148 	2822 	150
f 2834 	2832 	1430
f 2834 	1430 	1434
f 2804 	606 	2805
f 2803 	605 	2804
f 2841 	2840 	1437
f 2841 	1437 	1436
f 146 	2857 	2847
f 146 	2847 	148
f 2848 	2616 	2858
f 2624 	2858 	2616
f 2849 	2848 	2858
f 2849 	2858 	2860
f 2843 	2841 	1436
f 2843 	1436 	1440
f 144 	2859 	2857
f 144 	2857 	146
f 2850 	2849 	2860
f 2850 	2860 	2861
f 2671 	2843 	1440
f 2801 	605 	2803
f 2800 	600 	2801
f 533 	2806 	534
f 2851 	2850 	2861
f 2851 	2861 	2863
f 2835 	2834 	1434
f 2835 	1434 	1448
f 2853 	2851 	2863
f 2853 	2863 	2865
f 2862 	2859 	144
f 2862 	144 	142
f 2836 	2835 	1448
f 2836 	1448 	1458
f 2713 	2853 	2865
f 2713 	2865 	2746
f 2864 	2862 	142
f 2837 	2836 	1458
f 2837 	1458 	1463
f 2792 	2884 	2887
f 2814 	2534 	2815
f 2815 	2534 	2866
f 158 	2878 	2876
f 2839 	2837 	1463
f 2839 	1463 	1465
f 3286 	2890 	2877
f 2879 	2877 	2890
f 2880 	2878 	158
f 2880 	158 	169
f 2882 	2879 	2890
f 2882 	2890 	2891
f 1437 	2840 	2839
f 1437 	2839 	1465
f 2873 	2731 	2874
f 2883 	2882 	2891
f 2883 	2891 	2896
f 2881 	2880 	169
f 2872 	2731 	2873
f 2887 	2884 	2883
f 2887 	2883 	2896
f 208 	2886 	2885
f 2871 	2731 	2872
f 2875 	2874 	2965
f 2870 	2739 	2871
f 2869 	2739 	2870
f 2897 	189 	2876
f 2899 	2784 	2907
f 2779 	2907 	2784
f 2868 	2728 	2869
f 206 	2898 	2886
f 206 	2886 	208
f 2867 	2502 	2868
f 2866 	2478 	2867
f 2733 	2871 	2739
f 2731 	2964 	2874
f 2915 	2914 	1474
f 2916 	2342 	189
f 2345 	189 	2342
f 2921 	2920 	2802
f 2921 	2802 	2825
f 2908 	2906 	1479
f 2908 	1479 	1478
f 2897 	2916 	189
f 158 	2876 	189
f 2909 	2908 	1478
f 2909 	1478 	1481
f 205 	2919 	2898
f 205 	2898 	206
f 2926 	2924 	2920
f 2926 	2920 	2921
f 2910 	2909 	1481
f 2910 	1481 	1483
f 2659 	1612 	2933
f 2104 	2933 	1612
f 2929 	2927 	2924
f 2929 	2924 	2926
f 2911 	2910 	1483
f 2911 	1483 	1484
f 2912 	2911 	1484
f 2912 	1484 	1486
f 2931 	2930 	2927
f 2931 	2927 	2929
f 2913 	2912 	1486
f 2913 	1486 	1488
f 1474 	2914 	2913
f 1474 	2913 	1488
f 2935 	2934 	2930
f 2935 	2930 	2931
f 2932 	2988 	2928
f 3049 	2984 	3047
f 2922 	2986 	2923
f 2928 	2987 	2922
f 2901 	2900 	1492
f 3947 	1492 	2900
f 2939 	2937 	2934
f 2939 	2934 	2935
f 2902 	2901 	1492
f 2902 	1492 	1493
f 2148 	2933 	2149
f 2113 	2153 	2105
f 2903 	2902 	1493
f 2903 	1493 	1496
f 2942 	2940 	2937
f 2942 	2937 	2939
f 2904 	2903 	1496
f 2904 	1496 	1498
f 2948 	2947 	2940
f 2948 	2940 	2942
f 2905 	2904 	1498
f 2905 	1498 	1500
f 1479 	2906 	2905
f 1479 	2905 	1500
f 2681 	2947 	2948
f 3288 	3306 	3287
f 2945 	2961 	2946
f 2949 	2970 	2943
f 2943 	2761 	2925
f 2954 	2918 	2917
f 2963 	2957 	2918
f 2963 	2918 	2954
f 2955 	1509 	1508
f 2955 	1508 	2956
f 2963 	2968 	2966
f 2963 	2966 	2957
f 1508 	1507 	2967
f 1508 	2967 	2956
f 2968 	2972 	2969
f 2968 	2969 	2966
f 1507 	1506 	2971
f 1507 	2971 	2967
f 2972 	2974 	2973
f 2972 	2973 	2969
f 3040 	2961 	2945
f 2722 	2720 	2669
f 2960 	2949 	2961
f 2970 	2949 	2960
f 2762 	2943 	2970
f 2761 	2943 	2762
f 1506 	2975 	2971
f 2974 	3074 	2976
f 2974 	2976 	2973
f 2697 	2954 	2700
f 2917 	2700 	2954
f 2977 	2532 	1512
f 1394 	1512 	2532
f 1512 	1510 	2983
f 1512 	2983 	2977
f 2992 	2991 	2998
f 2989 	2988 	2933
f 1510 	1509 	2955
f 1510 	2955 	2983
f 2993 	2992 	2998
f 2993 	2998 	2999
f 2932 	2933 	2988
f 2990 	2989 	2933
f 2959 	2958 	1592
f 2994 	2993 	2999
f 2994 	2999 	3000
f 2995 	2994 	3000
f 2995 	3000 	3001
f 2996 	2995 	3001
f 2996 	3001 	3008
f 3052 	3056 	2985
f 2986 	2922 	2987
f 2997 	2996 	3008
f 3006 	3005 	1513
f 1548 	3146 	1513
f 2984 	3049 	2985
f 2987 	2928 	2988
f 2104 	2149 	2933
f 2982 	3047 	2984
f 1520 	3010 	3009
f 1520 	3009 	1521
f 2980 	3116 	2981
f 1519 	3022 	3010
f 1519 	3010 	1520
f 3021 	3020 	3025
f 3021 	3025 	3026
f 2979 	3112 	2980
f 2981 	3032 	2982
f 2991 	3021 	3026
f 2991 	3026 	2998
f 2978 	3113 	2979
f 3270 	3031 	3015
f 3016 	3015 	3031
f 1518 	3029 	3022
f 1518 	3022 	1519
f 3017 	3016 	3031
f 3017 	3031 	3037
f 1523 	3036 	3034
f 3018 	3017 	3037
f 3018 	3037 	3042
f 3019 	3018 	3042
f 3019 	3042 	3046
f 1522 	3044 	3036
f 1522 	3036 	1523
f 3025 	3020 	3019
f 3025 	3019 	3046
f 3009 	3044 	1522
f 3009 	1522 	1521
f 3053 	3057 	3058
f 3053 	3058 	3055
f 3060 	3029 	1518
f 3058 	3065 	3062
f 3058 	3062 	3055
f 1528 	3003 	3002
f 3065 	3068 	3062
f 3069 	3003 	1528
f 3069 	1528 	1527
f 1513 	3005 	3004
f 3074 	3072 	2976
f 3069 	1527 	3004
f 1513 	3004 	1527
f 3047 	2982 	3043
f 3043 	2982 	3032
f 3059 	3063 	2986
f 3056 	3059 	2986
f 3066 	2986 	3063
f 2986 	2985 	3056
f 3052 	2985 	3049
f 2923 	2986 	3066
f 3074 	3057 	3053
f 3074 	3053 	3072
f 3092 	3088 	3086
f 3096 	3094 	3088
f 3096 	3088 	3092
f 3084 	2961 	3078
f 3039 	3078 	2961
f 3091 	2961 	3084
f 3284 	2961 	3091
f 3040 	3039 	2961
f 3102 	3100 	3094
f 3102 	3094 	3096
f 3110 	3104 	3100
f 3110 	3100 	3102
f 3118 	3115 	3104
f 3118 	3104 	3110
f 3122 	3121 	3115
f 3122 	3115 	3118
f 2639 	3121 	3122
f 2639 	3122 	2679
f 3081 	3080 	1537
f 1604 	1537 	3080
f 3082 	3081 	1537
f 3082 	1537 	1539
f 3134 	3131 	3130
f 3134 	3130 	3135
f 3083 	3082 	1539
f 3083 	1539 	1540
f 3132 	2265 	3123
f 3085 	3083 	1540
f 3085 	1540 	1546
f 3138 	3137 	3136
f 1592 	2958 	1548
f 3140 	1548 	2958
f 3143 	3141 	3137
f 3143 	3137 	3138
f 3087 	3085 	1546
f 3087 	1546 	1551
f 3145 	3144 	3141
f 3145 	3141 	3143
f 3130 	3144 	3145
f 3130 	3145 	3135
f 901 	3216 	902
f 3148 	2975 	1547
f 1506 	1547 	2975
f 3216 	1487 	902
f 897 	891 	2557
f 1547 	1523 	3034
f 1547 	3034 	3148
f 915 	897 	941
f 2557 	941 	897
f 2642 	2557 	891
f 3152 	2997 	3159
f 3008 	3159 	2997
f 3147 	3146 	1548
f 3153 	3152 	3159
f 3153 	3159 	3162
f 3140 	3147 	1548
f 923 	918 	3216
f 923 	3216 	901
f 1489 	1487 	3216
f 3154 	3153 	3162
f 3154 	3162 	3164
f 3089 	3087 	1551
f 3089 	1551 	1556
f 3166 	3167 	3156
f 3166 	3156 	3155
f 1114 	1113 	915
f 3861 	3218 	3160
f 3230 	3842 	3160
f 3161 	3226 	3160
f 3163 	3720 	3161
f 3157 	3156 	3167
f 3006 	1513 	3146
f 3392 	3400 	3165
f 3217 	3219 	3160
f 3155 	3154 	3164
f 3155 	3164 	3166
f 3127 	3089 	1556
f 3127 	1556 	1560
f 1037 	1008 	1071
f 3128 	3127 	1560
f 3173 	3168 	3131
f 3173 	3131 	3134
f 4611 	4610 	3212
f 3086 	3168 	3173
f 3086 	3173 	3092
f 4641 	4623 	3212
f 3177 	3176 	1572
f 1984 	1572 	3176
f 3178 	3177 	1572
f 3178 	1572 	1575
f 4642 	4641 	3212
f 947 	948 	974
f 964 	947 	974
f 948 	1037 	1071
f 956 	947 	964
f 1071 	974 	948
f 1063 	1071 	999
f 999 	997 	1063
f 1065 	1063 	2554
f 2419 	2493 	2554
f 997 	2554 	1063
f 2496 	2493 	2419
f 1065 	2554 	2493
f 3179 	3178 	1575
f 3179 	1575 	1579
f 3216 	918 	1113
f 3180 	3179 	1579
f 3175 	3174 	4241
f 1221 	1217 	343
f 2830 	3193 	1582
f 2830 	1582 	1430
f 343 	340 	1221
f 4241 	4246 	3175
f 3169 	3175 	4246
f 1582 	3193 	3192
f 1582 	3192 	1585
f 3191 	2959 	1592
f 1197 	1194 	3216
f 1189 	3216 	1194
f 1585 	3192 	3191
f 1585 	3191 	1592
f 918 	915 	1113
f 3216 	1113 	1200
f 1197 	3216 	1200
f 354 	351 	1217
f 351 	343 	1217
f 1216 	354 	1217
f 1249 	278 	1216
f 297 	286 	142
f 1605 	1604 	3204
f 1605 	3204 	3203
f 3080 	3204 	1604
f 3198 	3197 	3185
f 3171 	3185 	3197
f 3172 	3171 	3197
f 3150 	3172 	3197
f 3158 	3160 	3219
f 3185 	3190 	3198
f 3200 	3198 	3190
f 3190 	3196 	3200
f 3199 	3200 	3196
f 3205 	3128 	1609
f 1560 	1609 	3128
f 331 	328 	1118
f 391 	1499 	306
f 3206 	3205 	1609
f 3206 	1609 	1611
f 1261 	2189 	1270
f 2189 	2191 	1270
f 2193 	2194 	1281
f 3201 	3180 	1614
f 1579 	1614 	3180
f 4643 	4642 	3212
f 1297 	1281 	2195
f 2194 	2195 	1281
f 1313 	2186 	1261
f 3202 	3201 	1614
f 3202 	1614 	1623
f 3203 	3202 	1623
f 3203 	1623 	1605
f 3215 	4648 	3210
f 3210 	4646 	3211
f 3207 	3206 	1611
f 3207 	1611 	1639
f 3208 	3207 	1639
f 3208 	1639 	1641
f 3213 	4662 	3214
f 3214 	4660 	3215
f 1476 	1473 	309
f 1410 	1400 	1297
f 1400 	1392 	1297
f 1392 	1384 	1297
f 1303 	1297 	1384
f 1468 	1467 	3216
f 1467 	1491 	3216
f 1491 	1490 	3216
f 1490 	1489 	3216
f 906 	902 	1487
f 3209 	3208 	1641
f 3209 	1641 	1642
f 1471 	1468 	3216
f 3220 	1664 	1662
f 3220 	1662 	2517
f 1473 	1471 	309
f 1661 	3224 	2517
f 1661 	2517 	1662
f 1384 	1377 	1303
f 1377 	1329 	1303
f 3149 	3158 	3222
f 3150 	3149 	3222
f 3223 	3150 	3222
f 3221 	3222 	3158
f 3172 	3150 	3223
f 3219 	3221 	3158
f 1329 	497 	1303
f 1661 	1660 	3225
f 1661 	3225 	3224
f 3216 	309 	1471
f 1487 	1308 	906
f 505 	906 	1308
f 497 	505 	1308
f 1308 	1303 	497
f 1660 	1658 	3228
f 1660 	3228 	3225
f 1482 	1476 	309
f 1482 	309 	1485
f 1658 	3231 	3228
f 1485 	309 	1495
f 3237 	3235 	3234
f 1495 	309 	1497
f 1497 	306 	1499
f 1666 	3236 	2657
f 3240 	3238 	3235
f 3240 	3235 	3237
f 1666 	1665 	3239
f 1666 	3239 	3236
f 3242 	3241 	3238
f 3242 	3238 	3240
f 1665 	1664 	3220
f 1665 	3220 	3239
f 3243 	3157 	3256
f 3167 	3256 	3157
f 3244 	3243 	3256
f 3244 	3256 	3266
f 3245 	3244 	3266
f 3245 	3266 	3267
f 3252 	3251 	1674
f 3252 	1674 	1673
f 3246 	3245 	3267
f 3246 	3267 	3268
f 3253 	3252 	1673
f 3253 	1673 	1676
f 3250 	3249 	3269
f 3250 	3269 	3270
f 3254 	3253 	1676
f 3254 	1676 	1680
f 3015 	3250 	3270
f 3255 	3254 	1680
f 3255 	1680 	1685
f 3247 	3246 	3268
f 3247 	3268 	3271
f 3257 	3255 	1685
f 3257 	1685 	1691
f 3248 	3247 	3271
f 3248 	3271 	3272
f 3258 	3257 	1691
f 3258 	1691 	1696
f 3269 	3249 	3248
f 3269 	3248 	3272
f 3112 	2979 	3113
f 3125 	3113 	3133
f 3133 	3132 	3125
f 3116 	2980 	3112
f 3119 	2981 	3116
f 3142 	2981 	3139
f 3033 	2981 	3142
f 3032 	2981 	3033
f 3139 	2981 	3119
f 3133 	3113 	2978
f 3123 	3125 	3132
f 2248 	2247 	2264
f 2265 	2264 	2247
f 3259 	3258 	1696
f 3259 	1696 	1700
f 3274 	1983 	3241
f 3274 	3241 	3242
f 3260 	3259 	1700
f 3260 	1700 	1703
f 3273 	3459 	3108
f 3108 	3459 	3109
f 3261 	3260 	1703
f 3261 	1703 	1707
f 3107 	3459 	3273
f 3106 	3450 	3107
f 3136 	1983 	3274
f 3136 	3274 	3138
f 3262 	3261 	1707
f 3262 	1707 	1713
f 3276 	3275 	3285
f 3263 	3262 	1713
f 3277 	3276 	3285
f 3277 	3285 	3286
f 1862 	1722 	3264
f 3265 	3264 	1722
f 2877 	3277 	3286
f 1674 	3251 	3265
f 1674 	3265 	1722
f 3289 	2899 	3292
f 2907 	3292 	2899
f 3290 	3289 	3292
f 3290 	3292 	3299
f 3287 	2961 	3284
f 3291 	3290 	3299
f 1813 	1812 	3294
f 1813 	3294 	3293
f 2946 	2961 	2949
f 3293 	3263 	1813
f 1713 	1813 	3263
f 3295 	3294 	1812
f 3295 	1812 	1820
f 3303 	3302 	3304
f 3303 	3304 	3305
f 3385 	3383 	3282
f 3279 	3968 	3280
f 3275 	3303 	3305
f 3275 	3305 	3285
f 3296 	3295 	1820
f 3296 	1820 	1822
f 3304 	3302 	3301
f 3297 	3296 	1822
f 3297 	1822 	1832
f 3514 	3304 	3300
f 3301 	3300 	3304
f 3298 	3297 	1832
f 3306 	3288 	3307
f 3320 	3318 	1836
f 3320 	1836 	1835
f 3317 	3291 	3337
f 3299 	3337 	3291
f 204 	3336 	2919
f 204 	2919 	205
f 3322 	3320 	1835
f 3322 	1835 	1846
f 3319 	3317 	3337
f 3319 	3337 	3340
f 2962 	3287 	3306
f 2961 	3287 	2962
f 3324 	3322 	1846
f 3324 	1846 	1855
f 3321 	3319 	3340
f 3321 	3340 	3344
f 3326 	3324 	1855
f 3326 	1855 	1858
f 3323 	3321 	3344
f 3323 	3344 	3346
f 198 	3343 	3341
f 198 	3341 	199
f 3328 	3326 	1858
f 3328 	1858 	1862
f 3325 	3323 	3346
f 3325 	3346 	3347
f 2821 	3343 	198
f 2821 	198 	150
f 3327 	3325 	3347
f 3327 	3347 	3350
f 3264 	3328 	1862
f 3329 	3327 	3350
f 3329 	3350 	3353
f 3313 	3312 	1868
f 202 	3352 	3336
f 202 	3336 	204
f 3330 	3329 	3353
f 3330 	3353 	3355
f 3315 	3313 	1868
f 3315 	1868 	1870
f 3339 	3338 	3349
f 3331 	3330 	3355
f 3331 	3355 	3356
f 200 	3354 	3352
f 200 	3352 	202
f 3316 	3315 	1870
f 3316 	1870 	1872
f 3333 	3331 	3356
f 3333 	3356 	3357
f 1836 	3318 	3316
f 1836 	3316 	1872
f 3341 	3354 	200
f 3341 	200 	199
f 3334 	3333 	3357
f 3334 	3357 	3360
f 2279 	3334 	3360
f 3359 	3358 	1976
f 3361 	2881 	212
f 169 	212 	2881
f 3335 	3332 	3309
f 3310 	3309 	3332
f 3332 	3351 	3310
f 3314 	3335 	3309
f 3311 	3314 	3309
f 3345 	3310 	3351
f 3342 	3345 	3351
f 3338 	3342 	3351
f 3351 	3349 	3338
f 2965 	3339 	3349
f 2965 	3349 	3348
f 2875 	2965 	3348
f 2965 	2874 	2964
f 3362 	3361 	212
f 3362 	212 	218
f 3366 	3068 	3376
f 3065 	3376 	3068
f 3363 	3362 	218
f 3363 	218 	222
f 3370 	3298 	1880
f 1832 	1880 	3298
f 3364 	3363 	222
f 3364 	222 	225
f 3371 	3370 	1880
f 3371 	1880 	1883
f 3365 	3364 	225
f 3365 	225 	228
f 3372 	3371 	1883
f 3372 	1883 	1886
f 1607 	3365 	228
f 3373 	3372 	1886
f 3373 	1886 	1898
f 3307 	3288 	3308
f 3374 	3373 	1898
f 3374 	1898 	1900
f 3389 	3388 	3438
f 3375 	3374 	1900
f 3375 	1900 	1909
f 249 	3393 	1002
f 3388 	3387 	3438
f 3282 	3438 	3387
f 3438 	3462 	3389
f 3312 	3375 	1909
f 3312 	1909 	1868
f 3232 	3161 	3233
f 3227 	3161 	3232
f 3226 	3161 	3227
f 3230 	3160 	3229
f 3229 	3160 	3226
f 3165 	3399 	3163
f 3386 	3282 	3387
f 248 	3394 	3393
f 248 	3393 	249
f 3385 	3282 	3386
f 3283 	3282 	3381
f 1976 	3396 	3395
f 1976 	3395 	1977
f 246 	3397 	3394
f 246 	3394 	248
f 3379 	3288 	3381
f 3379 	3308 	3288
f 3288 	3283 	3381
f 3358 	3396 	1976
f 1979 	3412 	3410
f 1979 	3410 	1968
f 3390 	3389 	3461
f 3409 	3920 	3404
f 3411 	3635 	3409
f 3405 	3404 	3918
f 1979 	1978 	3419
f 1979 	3419 	3412
f 3462 	3461 	3389
f 3392 	3416 	3401
f 3391 	3390 	3461
f 1978 	1977 	3395
f 1978 	3395 	3419
f 3377 	3421 	3378
f 3399 	3165 	3400
f 3400 	3392 	3401
f 3376 	3421 	3377
f 3376 	3377 	3366
f 3398 	3163 	3399
f 3383 	3381 	3282
f 3281 	3443 	3282
f 3440 	3438 	3282
f 3413 	3391 	3458
f 3415 	3414 	3454
f 3452 	3511 	3415
f 3421 	3431 	3426
f 3421 	3426 	3378
f 3431 	3437 	3434
f 3431 	3434 	3426
f 3435 	3434 	3437
f 3435 	3437 	3449
f 3428 	3427 	3463
f 2354 	2353 	3453
f 3427 	3435 	3449
f 3427 	3449 	3463
f 3442 	3441 	2359
f 2353 	2359 	3441
f 3441 	3453 	2353
f 3450 	3473 	3453
f 3429 	3428 	3463
f 3429 	3463 	3465
f 3430 	3429 	3465
f 3430 	3465 	3468
f 3281 	3444 	3443
f 3382 	3380 	3469
f 2316 	2323 	3436
f 2317 	2316 	3442
f 3459 	3107 	3450
f 3380 	3430 	3468
f 3380 	3468 	3469
f 3384 	3382 	3469
f 3384 	3469 	3472
f 3460 	3458 	3391
f 3368 	3367 	3474
f 3367 	3384 	3472
f 3367 	3472 	3474
f 3414 	3413 	3456
f 3440 	3282 	3443
f 3369 	3368 	3474
f 3369 	3474 	3531
f 3456 	3455 	3414
f 3461 	3460 	3391
f 3458 	3456 	3413
f 3488 	3487 	3499
f 3488 	3499 	3500
f 3489 	3488 	3500
f 3489 	3500 	3503
f 3448 	3447 	3497
f 3517 	3519 	3530
f 3490 	3489 	3503
f 3490 	3503 	3504
f 3455 	3454 	3414
f 3491 	3490 	3504
f 3491 	3504 	3507
f 3454 	3452 	3415
f 3492 	3491 	3507
f 3492 	3507 	3508
f 3493 	3492 	3508
f 3493 	3508 	3509
f 3511 	3403 	3415
f 3494 	3493 	3509
f 3494 	3509 	3510
f 2063 	2459 	2073
f 2455 	2073 	2459
f 3495 	3494 	3510
f 3495 	3510 	3514
f 3402 	3401 	3416
f 3300 	3495 	3514
f 3486 	3485 	3516
f 3403 	3402 	3415
f 3416 	3415 	3402
f 2108 	2723 	2117
f 2117 	2721 	2124
f 2124 	2721 	2129
f 2141 	2129 	2740
f 2078 	2450 	2099
f 3499 	3487 	3486
f 3499 	3486 	3516
f 2467 	2202 	2232
f 2237 	2232 	2202
f 2202 	2192 	2237
f 2240 	2237 	2192
f 3531 	3520 	3369
f 2244 	2240 	2192
f 3521 	3520 	3531
f 3521 	3531 	3534
f 3522 	3521 	3534
f 3522 	3534 	3537
f 3448 	3497 	3519
f 3497 	3502 	3519
f 3502 	3526 	3519
f 3526 	3530 	3519
f 3530 	3621 	3517
f 3517 	3625 	3512
f 2192 	2175 	2244
f 2249 	2244 	2175
f 2254 	2249 	2175
f 2254 	2175 	2165
f 3523 	3522 	3537
f 3523 	3537 	3540
f 3524 	3523 	3540
f 3524 	3540 	3543
f 2289 	212 	2291
f 3525 	3524 	3543
f 3525 	3543 	3544
f 2345 	2254 	2165
f 3527 	3525 	3544
f 3527 	3544 	3553
f 3528 	3527 	3553
f 3528 	3553 	3556
f 3529 	3528 	3556
f 3958 	3957 	3444
f 2165 	2328 	2345
f 2320 	158 	2328
f 212 	169 	2294
f 2291 	212 	2294
f 2303 	218 	2289
f 212 	2289 	218
f 2320 	2294 	169
f 2345 	2328 	189
f 3957 	3956 	3445
f 3445 	3444 	3957
f 2384 	2619 	2402
f 2402 	2618 	2410
f 2580 	2575 	2410
f 2355 	2620 	2384
f 3574 	3575 	3562
f 3574 	3562 	3561
f 3563 	3562 	3575
f 3563 	3575 	3577
f 3573 	3231 	1970
f 1658 	1970 	3231
f 3564 	3563 	3577
f 3564 	3577 	3579
f 1970 	1969 	3578
f 1970 	3578 	3573
f 3565 	3564 	3579
f 3565 	3579 	3581
f 2078 	2073 	2453
f 2450 	2078 	2453
f 3566 	3565 	3581
f 3566 	3581 	3582
f 1969 	1968 	3410
f 1969 	3410 	3578
f 3567 	3566 	3582
f 3567 	3582 	3584
f 3568 	3567 	3584
f 3568 	3584 	3585
f 3569 	3568 	3585
f 3569 	3585 	3587
f 2047 	3586 	3359
f 2047 	3359 	1976
f 2464 	2462 	2063
f 2459 	2063 	2462
f 3570 	3569 	3587
f 3570 	3587 	3588
f 2063 	2371 	2464
f 3571 	3570 	3588
f 3571 	3588 	3591
f 2470 	2464 	2371
f 2046 	3589 	3586
f 2046 	3586 	2047
f 3485 	3571 	3591
f 3485 	3591 	3516
f 2571 	2479 	2371
f 2479 	2470 	2371
f 3561 	3529 	3574
f 3556 	3574 	3529
f 2371 	2372 	2571
f 2045 	3595 	3589
f 2045 	3589 	2046
f 2573 	2571 	2372
f 3716 	3599 	3603
f 3598 	3603 	3599
f 2580 	2410 	2583
f 2372 	2410 	2575
f 2575 	2573 	2372
f 3549 	3981 	3550
f 2618 	2402 	2619
f 3598 	1816 	3603
f 1252 	3603 	1816
f 3956 	3955 	3546
f 3545 	3446 	3956
f 3446 	3445 	3956
f 3686 	3622 	3611
f 3613 	3611 	3622
f 2621 	2658 	2622
f 2652 	2647 	2622
f 3614 	3613 	3622
f 3614 	3622 	3624
f 3615 	3614 	3624
f 3615 	3624 	3626
f 3616 	3615 	3626
f 3616 	3626 	3628
f 2619 	2384 	2620
f 2583 	2410 	2618
f 2355 	2599 	2620
f 2621 	2620 	2670
f 2599 	2670 	2620
f 3617 	3616 	3628
f 3617 	3628 	3629
f 3618 	3617 	3629
f 3618 	3629 	3631
f 2658 	2621 	2663
f 2652 	2622 	2658
f 2670 	2663 	2621
f 3623 	3517 	3621
f 3625 	3517 	3623
f 3555 	3512 	3625
f 3554 	3512 	3555
f 3612 	3417 	3606
f 3606 	3513 	3554
f 3632 	3620 	3619
f 2942 	2939 	2858
f 2948 	2942 	2624
f 3618 	3631 	3619
f 3632 	3619 	3631
f 3008 	3001 	2679
f 2721 	2117 	2723
f 3640 	3639 	3641
f 3650 	3641 	3639
f 3641 	3642 	3640
f 3632 	3645 	3638
f 3632 	3638 	3620
f 3644 	3643 	1984
f 3176 	3644 	1984
f 2455 	2453 	2073
f 2723 	2099 	2450
f 2108 	2100 	2723
f 2740 	2129 	2721
f 2779 	2774 	2735
f 2100 	2099 	2723
f 3650 	3639 	3647
f 2044 	3602 	3595
f 2044 	3595 	2045
f 3645 	3653 	3648
f 3645 	3648 	3638
f 3656 	3650 	3647
f 3656 	3647 	3646
f 3658 	3657 	1995
f 3660 	3642 	3641
f 3643 	3658 	1995
f 3643 	1995 	1984
f 3646 	3648 	3653
f 3646 	3653 	3656
f 2734 	2779 	2735
f 2751 	2907 	2755
f 2755 	2907 	2734
f 2774 	2141 	2735
f 2740 	2735 	2141
f 2043 	3659 	3602
f 2043 	3602 	2044
f 3666 	3660 	3671
f 3641 	3671 	3660
f 3657 	3667 	2004
f 3657 	2004 	1995
f 3234 	3666 	3671
f 3234 	3671 	3237
f 2647 	2948 	2622
f 2032 	3670 	3669
f 3659 	2043 	3669
f 2032 	3669 	2043
f 2624 	2942 	2858
f 2921 	2825 	2858
f 3678 	3677 	3685
f 3680 	3678 	3685
f 3680 	3685 	3686
f 3682 	3681 	2004
f 2825 	2838 	2860
f 2860 	2858 	2825
f 3611 	3680 	3686
f 3667 	3682 	2004
f 3689 	3676 	3675
f 2030 	3684 	3670
f 2030 	3670 	2032
f 2887 	2907 	2746
f 2865 	2887 	2746
f 2863 	2861 	2818
f 2838 	2818 	2861
f 2863 	2818 	2865
f 2887 	2865 	2818
f 3677 	3691 	3695
f 3677 	3695 	3685
f 3695 	3691 	3676
f 3695 	3676 	3689
f 3694 	3693 	2017
f 3681 	3694 	2017
f 3681 	2017 	2004
f 3703 	3701 	3700
f 3703 	3700 	3704
f 2029 	3696 	3684
f 2029 	3684 	2030
f 2751 	2746 	2907
f 2896 	2907 	2887
f 2891 	2907 	2896
f 2779 	2734 	2907
f 2907 	2891 	2890
f 3710 	3706 	3701
f 3710 	3701 	3703
f 3708 	3696 	2029
f 3708 	2029 	2028
f 3675 	3706 	3710
f 3675 	3710 	3689
f 3709 	3708 	2028
f 3709 	2028 	2041
f 2931 	2929 	2858
f 2926 	2858 	2929
f 2921 	2858 	2926
f 2935 	2931 	2858
f 2939 	2935 	2858
f 2624 	2622 	2948
f 2861 	2860 	2838
f 3513 	3512 	3554
f 3513 	3606 	3634
f 3636 	3417 	3612
f 3634 	3606 	3417
f 3635 	3411 	3636
f 3417 	3636 	3411
f 3918 	3916 	3405
f 3716 	3714 	3599
f 2963 	2999 	2968
f 2972 	2968 	2998
f 2954 	2999 	2963
f 2974 	2972 	2998
f 3721 	3718 	3714
f 3721 	3714 	3716
f 3728 	3726 	3718
f 3728 	3718 	3721
f 3720 	3163 	3398
f 3233 	3161 	3720
f 2998 	2968 	2999
f 3722 	3949 	3723
f 3700 	3726 	3728
f 3700 	3728 	3704
f 3000 	2999 	2954
f 2954 	2697 	3000
f 3001 	3000 	2697
f 2697 	2692 	3001
f 2692 	2679 	3001
f 3693 	3709 	2041
f 3693 	2041 	2017
f 3026 	3025 	3057
f 3750 	3209 	1642
f 3744 	3743 	2068
f 3744 	2068 	2116
f 3656 	3653 	3269
f 1642 	2060 	3750
f 2070 	3751 	3750
f 2070 	3750 	2060
f 2069 	3754 	3751
f 2069 	3751 	2070
f 3074 	2974 	3026
f 2998 	3026 	2974
f 3057 	3074 	3026
f 3058 	3057 	3025
f 3065 	3058 	3025
f 3065 	3025 	3046
f 3437 	3431 	3042
f 3065 	3046 	3376
f 3743 	3754 	2069
f 3743 	2069 	2068
f 3118 	3159 	3122
f 3110 	3159 	3118
f 3102 	3162 	3110
f 3096 	3162 	3102
f 3092 	3162 	3096
f 2679 	3122 	3008
f 2102 	3758 	3757
f 3159 	3110 	3162
f 3159 	3008 	3122
f 3760 	2095 	3761
f 3166 	3135 	3167
f 2102 	2095 	3760
f 2102 	3760 	3758
f 3765 	2089 	3767
f 3266 	3256 	3138
f 3143 	3138 	3256
f 3135 	3145 	3167
f 3173 	3134 	3164
f 3162 	3092 	3164
f 3092 	3173 	3164
f 3166 	3164 	3134
f 3135 	3166 	3134
f 3145 	3143 	3167
f 3256 	3167 	3143
f 3270 	3269 	3653
f 3267 	3266 	3274
f 3138 	3274 	3266
f 2095 	2089 	3765
f 2095 	3765 	3761
f 3274 	3242 	3267
f 2089 	3788 	3767
f 3237 	3671 	3271
f 3272 	3271 	3671
f 3269 	3272 	3650
f 3271 	3268 	3237
f 3650 	3656 	3269
f 3240 	3237 	3268
f 3242 	3240 	3268
f 3268 	3267 	3242
f 2890 	3292 	2907
f 2119 	2074 	3797
f 3798 	3797 	2074
f 3799 	3798 	2074
f 3799 	2074 	2077
f 3305 	3304 	3344
f 3305 	3340 	3285
f 3286 	3285 	3299
f 3299 	3292 	3286
f 3292 	2890 	3286
f 3800 	3799 	2077
f 3800 	2077 	2080
f 3350 	3347 	3514
f 3802 	3800 	2080
f 3802 	2080 	2083
f 3803 	3802 	2083
f 3803 	2083 	2087
f 3299 	3285 	3337
f 3804 	3803 	2087
f 3804 	2087 	2094
f 3337 	3285 	3340
f 3805 	3804 	2094
f 3805 	2094 	2101
f 3344 	3340 	3305
f 3806 	3805 	2101
f 3806 	2101 	2107
f 3346 	3344 	3304
f 3347 	3346 	3304
f 3304 	3514 	3347
f 3736 	3951 	3732
f 3737 	3951 	3736
f 3732 	3950 	3722
f 3770 	3914 	3737
f 3778 	3916 	3776
f 3776 	3916 	3774
f 3774 	3916 	3770
f 3723 	3971 	3724
f 3353 	3350 	3514
f 3514 	3510 	3353
f 3355 	218 	3356
f 3356 	218 	3357
f 3360 	218 	2303
f 3357 	218 	3360
f 3841 	3844 	2550
f 3852 	3848 	3847
f 3046 	3042 	3431
f 3431 	3421 	3046
f 3376 	3046 	3421
f 3042 	3037 	3437
f 3852 	3857 	3855
f 3852 	3855 	3848
f 3449 	3437 	3037
f 3037 	3031 	3463
f 3463 	3449 	3037
f 3857 	3844 	3841
f 3857 	3841 	3855
f 3632 	3631 	3270
f 3645 	3632 	3270
f 3867 	3865 	3863
f 3689 	3710 	3531
f 3853 	3835 	3160
f 3837 	3160 	3834
f 3834 	3160 	3835
f 3850 	3853 	3160
f 3839 	3160 	3837
f 3858 	3160 	3839
f 3846 	3850 	3160
f 3861 	3160 	3858
f 3842 	3846 	3160
f 3218 	3217 	3160
f 3869 	3868 	3865
f 3869 	3865 	3867
f 3872 	3870 	3868
f 3872 	3868 	3869
f 3880 	3879 	3870
f 3880 	3870 	3872
f 3504 	3503 	218
f 3876 	3875 	4199
f 3508 	3507 	218
f 3881 	3879 	3880
f 3510 	3509 	3353
f 3895 	4090 	3871
f 3883 	3882 	3885
f 17 	4199 	3875
f 3874 	17 	3875
f 4086 	6 	3873
f 4199 	4194 	3876
f 3886 	3884 	3883
f 3886 	3883 	3885
f 3355 	3353 	218
f 3509 	218 	3353
f 3508 	218 	3509
f 3507 	3504 	218
f 222 	218 	3503
f 222 	3503 	3500
f 222 	3500 	3499
f 3516 	225 	3499
f 245 	3406 	3397
f 245 	3397 	246
f 3890 	3887 	3884
f 3890 	3884 	3886
f 3695 	3689 	3474
f 3531 	3474 	3689
f 244 	3897 	3406
f 244 	3406 	245
f 3898 	3896 	3887
f 3898 	3887 	3890
f 3888 	3976 	3889
f 3724 	3985 	3888
f 2885 	3897 	244
f 2885 	244 	208
f 3900 	3899 	3896
f 3900 	3896 	3898
f 3537 	3534 	3710
f 3540 	3537 	3703
f 3894 	4090 	3895
f 3893 	4089 	3894
f 3901 	264 	263
f 3901 	263 	3902
f 3904 	3903 	3899
f 3904 	3899 	3900
f 3544 	3721 	3553
f 3543 	3540 	3704
f 3710 	3703 	3537
f 3892 	4084 	3893
f 3871 	4086 	3873
f 3553 	3721 	3556
f 3906 	3903 	3904
f 263 	260 	3905
f 263 	3905 	3902
f 3891 	4082 	3892
f 3975 	3979 	3889
f 17 	3874 	13
f 260 	830 	3905
f 3575 	3574 	3603
f 265 	3907 	777
f 3577 	3575 	1252
f 1474 	3926 	2915
f 3908 	2915 	3926
f 265 	264 	3901
f 265 	3901 	3907
f 3920 	3409 	3922
f 3922 	3409 	3635
f 3910 	3908 	3926
f 3910 	3926 	3927
f 3918 	3404 	3920
f 3584 	3582 	1242
f 3912 	3910 	3927
f 3912 	3927 	3928
f 142 	1249 	2864
f 3952 	3737 	3914
f 3914 	3770 	3916
f 3778 	3405 	3916
f 3913 	3912 	3928
f 3913 	3928 	3929
f 3459 	3457 	3278
f 3278 	3457 	3279
f 3280 	3968 	3281
f 3278 	3109 	3459
f 3470 	3450 	3106
f 3471 	3450 	3470
f 3473 	3450 	3471
f 3476 	3453 	3473
f 3478 	3453 	3476
f 3480 	3453 	3478
f 3483 	3453 	3480
f 2354 	3453 	3483
f 3915 	3913 	3929
f 3915 	3929 	3935
f 3917 	3915 	3935
f 3917 	3935 	3939
f 3919 	3917 	3939
f 3919 	3939 	3942
f 3941 	3981 	3937
f 274 	3940 	812
f 274 	812 	444
f 3943 	3944 	3923
f 3943 	3923 	3921
f 3587 	225 	3588
f 3924 	3923 	3944
f 3924 	3944 	3946
f 272 	3945 	3940
f 272 	3940 	274
f 3516 	3591 	225
f 222 	3499 	225
f 3591 	3588 	225
f 3585 	225 	3587
f 4058 	4057 	3909
f 3909 	3930 	4058
f 3930 	3938 	4058
f 3981 	4058 	3938
f 3938 	3937 	3981
f 3981 	3941 	3551
f 3981 	3551 	3550
f 3925 	3924 	3946
f 3925 	3946 	3947
f 271 	3948 	3945
f 271 	3945 	272
f 2900 	3925 	3947
f 3581 	3579 	1248
f 3579 	3577 	1252
f 3603 	1252 	3575
f 3716 	3603 	3574
f 3556 	3716 	3574
f 1252 	1248 	3579
f 3582 	3581 	1244
f 1248 	1244 	3581
f 3951 	3737 	3952
f 3950 	3732 	3951
f 772 	3948 	271
f 3686 	3685 	3469
f 3469 	3468 	3686
f 3931 	278 	3932
f 3949 	3722 	3950
f 4095 	4080 	3889
f 3975 	3889 	3976
f 3622 	3686 	3468
f 3933 	3932 	278
f 3933 	278 	281
f 3624 	3622 	3468
f 3468 	3465 	3624
f 3934 	3933 	281
f 3934 	281 	286
f 3963 	3281 	3964
f 3936 	3934 	286
f 3936 	286 	297
f 781 	3936 	297
f 3463 	3031 	3626
f 3631 	3629 	3270
f 3972 	3724 	3971
f 3971 	3723 	3949
f 391 	306 	4164
f 3968 	3279 	3969
f 306 	309 	4165
f 4166 	4165 	309
f 3641 	3272 	3671
f 3650 	3272 	3641
f 3629 	3628 	3270
f 3628 	3626 	3031
f 3465 	3463 	3626
f 3626 	3624 	3465
f 3031 	3270 	3628
f 3653 	3645 	3270
f 3967 	3281 	3968
f 3969 	3279 	3457
f 4167 	4166 	309
f 4167 	309 	313
f 3966 	3281 	3967
f 313 	315 	4167
f 4168 	4167 	315
f 3965 	3281 	3966
f 3964 	3281 	3965
f 3962 	3444 	3963
f 3961 	3444 	3962
f 3960 	3444 	3961
f 3974 	4038 	3973
f 3911 	3909 	4057
f 328 	4168 	315
f 3546 	3545 	3956
f 3547 	3546 	3955
f 3472 	3469 	3685
f 3548 	3547 	3955
f 3549 	3548 	3955
f 3281 	3963 	3444
f 3685 	3695 	3472
f 3474 	3472 	3695
f 4171 	331 	334
f 337 	4171 	334
f 3716 	3556 	3721
f 3721 	3544 	3728
f 3703 	3704 	3540
f 3534 	3531 	3710
f 3704 	3728 	3543
f 3544 	3543 	3728
f 3979 	3980 	3889
f 3982 	4095 	3889
f 3959 	3958 	3444
f 3960 	3959 	3444
f 3981 	3549 	3955
f 3976 	3888 	3983
f 376 	349 	4175
f 349 	348 	4176
f 3983 	3888 	3985
f 3985 	3724 	3986
f 3986 	3724 	3972
f 3928 	3927 	3852
f 4002 	3904 	3928
f 2109 	3829 	3828
f 3869 	4018 	3872
f 2109 	2102 	3757
f 2109 	3757 	3829
f 3807 	3806 	2107
f 3939 	3935 	3898
f 3890 	3942 	3898
f 3886 	3942 	3890
f 3885 	3943 	3886
f 2116 	3993 	3744
f 4200 	768 	380
f 378 	4200 	380
f 2116 	2114 	3994
f 2116 	3994 	3993
f 3926 	1474 	3844
f 1397 	3844 	1474
f 3844 	3857 	3926
f 2114 	2109 	3828
f 2114 	3828 	3994
f 4176 	4175 	349
f 3852 	4002 	3928
f 3857 	3852 	3927
f 3927 	3926 	3857
f 371 	4195 	348
f 3929 	3928 	3904
f 3935 	3929 	3900
f 84 	181 	2135
f 3996 	2135 	181
f 4165 	4164 	306
f 394 	393 	737
f 24 	737 	393
f 3999 	3998 	2122
f 3999 	2122 	2119
f 22 	24 	393
f 22 	393 	396
f 3797 	3999 	2119
f 3885 	4010 	3946
f 3947 	3946 	4007
f 4010 	4007 	3946
f 22 	396 	498
f 391 	498 	396
f 437 	2127 	429
f 3997 	429 	2127
f 732 	730 	402
f 732 	402 	401
f 3885 	3946 	3944
f 3885 	3944 	3943
f 3939 	3898 	3942
f 3942 	3886 	3943
f 3900 	3898 	3935
f 3900 	3929 	3904
f 2122 	3998 	3997
f 2122 	3997 	2127
f 732 	401 	737
f 394 	737 	401
f 1518 	1519 	1492
f 743 	413 	412
f 743 	412 	742
f 4004 	2138 	2137
f 4004 	2137 	4005
f 412 	411 	742
f 2137 	2136 	4009
f 2137 	4009 	4005
f 1492 	3947 	4003
f 4003 	1518 	1492
f 4007 	4003 	3947
f 2136 	2135 	3996
f 2136 	3996 	4009
f 417 	415 	754
f 4013 	4012 	3885
f 4012 	4010 	3885
f 415 	414 	754
f 4014 	4013 	3885
f 3885 	4022 	4014
f 4004 	3788 	2138
f 2089 	2138 	3788
f 4015 	4014 	4022
f 4016 	4015 	4022
f 1309 	4019 	2146
f 1309 	2146 	1313
f 4022 	4025 	4016
f 4025 	3880 	4016
f 3880 	3872 	4016
f 4018 	4016 	3872
f 4026 	2193 	2191
f 4026 	2191 	4027
f 4049 	4050 	2220
f 3984 	4046 	3977
f 3987 	4046 	3984
f 4017 	4045 	3987
f 4020 	4045 	4017
f 4023 	4043 	4020
f 3970 	4042 	4024
f 3973 	4037 	3970
f 4024 	4043 	4023
f 2191 	2189 	4030
f 2191 	4030 	4027
f 4075 	4074 	4132
f 2189 	2187 	4033
f 2189 	4033 	4030
f 3921 	3919 	3942
f 3921 	3942 	3943
f 3869 	3867 	4018
f 2187 	2186 	4039
f 2187 	4039 	4033
f 4002 	4040 	3906
f 4002 	3906 	3904
f 3867 	4034 	4018
f 4036 	4018 	4034
f 4034 	4035 	4036
f 3847 	4040 	4002
f 3847 	4002 	3852
f 2186 	2185 	4044
f 2186 	4044 	4039
f 2185 	2184 	4047
f 2185 	4047 	4044
f 2220 	4050 	2229
f 4051 	2229 	4050
f 4052 	2235 	4051
f 4053 	2242 	4052
f 2262 	2253 	4054
f 4104 	2275 	4055
f 4055 	2262 	4054
f 2336 	2331 	4101
f 4035 	4031 	4036
f 2184 	2183 	4056
f 2184 	4056 	4047
f 2183 	2182 	4070
f 2183 	4070 	4056
f 4060 	4041 	4031
f 4041 	4036 	4031
f 1518 	4003 	3060
f 4059 	3060 	4003
f 4069 	4060 	4031
f 4061 	4059 	4003
f 4061 	4003 	4007
f 2182 	2181 	2494
f 2182 	2494 	4070
f 4072 	4069 	4031
f 4042 	3970 	4037
f 4037 	3973 	4038
f 3974 	3954 	4038
f 4057 	4038 	3954
f 4045 	4020 	4043
f 4046 	3987 	4045
f 4043 	4024 	4042
f 3978 	4046 	4032
f 4048 	4032 	4046
f 3978 	3977 	4046
f 3954 	3953 	4057
f 3953 	3911 	4057
f 4062 	4061 	4007
f 4062 	4007 	4010
f 4073 	4072 	4031
f 4063 	4062 	4010
f 4063 	4010 	4012
f 2147 	4076 	2494
f 2147 	2494 	2181
f 4031 	4132 	4074
f 4074 	4073 	4031
f 4064 	4063 	4012
f 4064 	4012 	4013
f 2147 	2146 	4019
f 2147 	4019 	4076
f 4065 	4064 	4013
f 4065 	4013 	4014
f 4066 	4065 	4014
f 4066 	4014 	4015
f 4132 	2454 	4077
f 4067 	4066 	4015
f 4067 	4015 	4016
f 4081 	2454 	4083
f 4078 	2454 	4081
f 4068 	4067 	4016
f 4068 	4016 	4018
f 2195 	4085 	1427
f 2195 	1427 	1416
f 4083 	2454 	4087
f 4087 	2454 	4088
f 4022 	3885 	4092
f 3882 	4092 	3885
f 4093 	2194 	2193
f 4093 	2193 	4026
f 4091 	2454 	4094
f 4148 	4068 	4018
f 4094 	2451 	4096
f 4093 	4085 	2195
f 4093 	2195 	2194
f 4025 	4097 	3881
f 4025 	3881 	3880
f 4080 	4079 	3889
f 3889 	4079 	3891
f 4082 	3891 	4079
f 3980 	3982 	3889
f 4084 	3892 	4082
f 4089 	3893 	4084
f 4090 	3894 	4089
f 4086 	3871 	4090
f 6 	5 	3874
f 3874 	3873 	6
f 4099 	4117 	2448
f 4092 	4102 	4022
f 4022 	4102 	4097
f 4022 	4097 	4025
f 414 	413 	743
f 3002 	4071 	4028
f 3002 	4028 	1528
f 976 	402 	731
f 4071 	4124 	4028
f 4101 	4100 	2336
f 4098 	4099 	2448
f 2449 	2448 	4117
f 4117 	4108 	2449
f 2451 	2449 	4108
f 2331 	2308 	4101
f 4182 	4662 	4103
f 2202 	2467 	4134
f 4130 	4129 	4031
f 4035 	4131 	4130
f 4035 	4130 	4031
f 4108 	4096 	2451
f 4088 	2454 	4091
f 4077 	4075 	4132
f 4078 	4077 	2454
f 2467 	2463 	4134
f 4133 	4134 	2463
f 2463 	2461 	4133
f 2461 	2458 	4133
f 4034 	4143 	4131
f 4034 	4131 	4035
f 4142 	4182 	4144
f 3863 	4143 	4034
f 3863 	4034 	3867
f 4141 	4182 	4142
f 4664 	4663 	4139
f 4139 	4138 	4664
f 4665 	4664 	4138
f 4018 	4036 	4148
f 4149 	4148 	4036
f 4149 	4036 	4041
f 4136 	4666 	4137
f 4150 	4149 	4041
f 4055 	4147 	4146
f 4135 	4667 	4136
f 4054 	4152 	4147
f 4054 	4147 	4055
f 4106 	4105 	2201
f 351 	4126 	4125
f 4127 	4126 	351
f 4127 	351 	354
f 356 	4128 	354
f 4162 	4182 	4163
f 4155 	4182 	4156
f 4153 	4182 	4154
f 4154 	4182 	4155
f 4144 	4182 	4145
f 4145 	4182 	4153
f 498 	391 	4164
f 4180 	4179 	4183
f 4184 	4183 	4179
f 4103 	4662 	3213
f 4169 	4168 	328
f 4170 	4169 	328
f 4170 	328 	331
f 331 	4171 	4170
f 4172 	4171 	337
f 337 	340 	4172
f 4173 	4172 	340
f 4174 	4173 	340
f 4174 	340 	343
f 4181 	4180 	4186
f 4186 	4187 	4181
f 4187 	4188 	4181
f 4189 	4182 	4188
f 4158 	4182 	4189
f 4160 	4182 	4157
f 4157 	4182 	4158
f 4185 	4186 	4180
f 4163 	4182 	4160
f 4161 	4182 	4162
f 4156 	4182 	4161
f 4183 	4185 	4180
f 4178 	4198 	4179
f 4176 	348 	4192
f 351 	4125 	343
f 4174 	343 	4125
f 4202 	4128 	356
f 4127 	354 	4128
f 3931 	4202 	356
f 3931 	356 	278
f 430 	380 	768
f 378 	4205 	4200
f 3878 	3877 	4196
f 4196 	4197 	3878
f 4201 	3878 	4197
f 4197 	4198 	4201
f 4178 	4201 	4198
f 4203 	4179 	4198
f 4204 	4179 	4203
f 4184 	4179 	4204
f 4193 	4196 	3877
f 3877 	3876 	4193
f 4194 	4193 	3876
f 4107 	4106 	2201
f 4107 	2201 	2208
f 4109 	4107 	2208
f 4109 	2208 	2211
f 4110 	4109 	2211
f 4110 	2211 	2220
f 4111 	4110 	2220
f 4111 	2220 	2229
f 4112 	4111 	2229
f 4112 	2229 	2235
f 4208 	4308 	4207
f 4207 	4308 	4206
f 4206 	4306 	4190
f 4190 	4305 	4191
f 4318 	4265 	4319
f 4315 	4266 	4316
f 4113 	4112 	2235
f 4113 	2235 	2238
f 4114 	4113 	2238
f 4114 	2238 	2242
f 4115 	4114 	2242
f 4115 	2242 	2245
f 4116 	4115 	2245
f 4116 	2245 	2250
f 4118 	4116 	2250
f 4118 	2250 	2253
f 4119 	4118 	2253
f 4119 	2253 	2262
f 4120 	4119 	2262
f 4120 	2262 	2268
f 4121 	4120 	2268
f 4121 	2268 	2272
f 4122 	4121 	2272
f 4122 	2272 	2275
f 4209 	4400 	4210
f 4211 	4400 	4209
f 4212 	4400 	4211
f 4213 	4401 	4212
f 4215 	4402 	4214
f 4216 	4403 	4215
f 4123 	4122 	2275
f 4220 	4219 	2290
f 4220 	2290 	2295
f 4105 	4220 	2295
f 4105 	2295 	2201
f 2302 	4223 	4221
f 4231 	601 	3151
f 4229 	4228 	4222
f 2302 	2301 	4232
f 2302 	4232 	4223
f 4218 	4222 	4228
f 3151 	601 	2798
f 4228 	4227 	4218
f 604 	2805 	606
f 2301 	2300 	4233
f 2301 	4233 	4232
f 4227 	4226 	4218
f 4217 	4218 	4226
f 2300 	4234 	4233
f 4225 	4251 	4217
f 4226 	4225 	4217
f 4230 	4229 	4222
f 4222 	4224 	4230
f 4231 	4230 	601
f 601 	4230 	4224
f 606 	2804 	605
f 600 	2798 	601
f 2308 	4239 	4238
f 4235 	4123 	2311
f 2275 	2311 	4123
f 4236 	4235 	2311
f 4236 	2311 	2318
f 4237 	4236 	2318
f 4237 	2318 	2322
f 4251 	3195 	4247
f 4238 	4237 	2322
f 4238 	2322 	2308
f 4221 	4240 	2364
f 4221 	2364 	2302
f 4053 	4159 	4152
f 4053 	4152 	4054
f 4248 	4239 	2331
f 2308 	2331 	4239
f 4052 	4259 	4159
f 4052 	4159 	4053
f 4249 	4248 	2331
f 4249 	2331 	2336
f 4250 	4249 	2336
f 4250 	2336 	2340
f 4051 	4260 	4259
f 4051 	4259 	4052
f 4252 	4250 	2340
f 4252 	2340 	2344
f 4242 	4241 	3212
f 3174 	3212 	4241
f 3194 	3184 	4247
f 3195 	3194 	4247
f 4247 	4217 	4251
f 3184 	3170 	4247
f 3170 	3169 	4247
f 4246 	4247 	3169
f 3211 	4644 	3212
f 4253 	4252 	2344
f 4253 	2344 	2346
f 4050 	4261 	4260
f 4050 	4260 	4051
f 4254 	4253 	2346
f 4254 	2346 	2350
f 4255 	4254 	2350
f 4049 	4264 	4261
f 4049 	4261 	4050
f 4257 	4256 	2358
f 4257 	2358 	2357
f 4124 	4264 	4049
f 4124 	4049 	4028
f 4269 	4255 	2356
f 2350 	2356 	4255
f 4256 	4269 	2356
f 4256 	2356 	2358
f 2365 	4258 	4257
f 2365 	4257 	2357
f 2365 	2364 	4240
f 2365 	4240 	4258
f 4276 	4312 	4273
f 4266 	4315 	4276
f 4265 	4318 	4266
f 4268 	4319 	4265
f 4364 	4363 	4273
f 4271 	4273 	4363
f 4279 	4150 	4060
f 4041 	4060 	4150
f 4219 	4294 	2367
f 4219 	2367 	2290
f 4280 	4279 	4060
f 4280 	4060 	4069
f 2367 	4294 	4293
f 4299 	2378 	2377
f 4299 	2377 	4300
f 4281 	4280 	4069
f 4281 	4069 	4072
f 4282 	4281 	4072
f 4282 	4072 	4073
f 2377 	2376 	4321
f 2377 	4321 	4300
f 4283 	4282 	4073
f 4283 	4073 	4074
f 4307 	4206 	4308
f 4285 	4283 	4074
f 4285 	4074 	4075
f 4306 	4206 	4307
f 2376 	2375 	4324
f 2376 	4324 	4321
f 4286 	4285 	4075
f 4286 	4075 	4077
f 4305 	4190 	4306
f 4287 	4286 	4077
f 4287 	4077 	4078
f 4304 	4191 	4305
f 4308 	4208 	4309
f 2375 	4327 	4324
f 4288 	4287 	4078
f 4288 	4078 	4081
f 4400 	4311 	4210
f 4303 	4191 	4304
f 4319 	4268 	4303
f 4289 	4288 	4081
f 4289 	4081 	4083
f 4330 	4234 	2380
f 2300 	2380 	4234
f 4290 	4289 	4083
f 4290 	4083 	4087
f 4316 	4266 	4318
f 2380 	2379 	4334
f 2380 	4334 	4330
f 4291 	4290 	4087
f 4291 	4087 	4088
f 4314 	4276 	4315
f 4292 	4291 	4088
f 4292 	4088 	4091
f 2379 	2378 	4299
f 2379 	4299 	4334
f 4296 	4292 	4091
f 4296 	4091 	4094
f 4297 	4296 	4094
f 4297 	4094 	4096
f 4312 	4276 	4313
f 4313 	4276 	4314
f 4191 	4303 	4268
f 4298 	4297 	4096
f 4293 	4340 	2382
f 4293 	2382 	2367
f 4341 	2408 	2407
f 4341 	2407 	4342
f 2407 	2406 	4354
f 2407 	4354 	4342
f 4352 	4351 	4099
f 4352 	4099 	4098
f 4353 	4352 	4098
f 4353 	4098 	4100
f 2406 	4366 	4354
f 4355 	4353 	4100
f 4355 	4100 	4101
f 4361 	4346 	4362
f 4356 	4355 	4101
f 4356 	4101 	4104
f 4359 	4391 	4361
f 4146 	4356 	4104
f 4146 	4104 	4055
f 2412 	4371 	4370
f 2412 	4370 	2413
f 4348 	4298 	4108
f 4096 	4108 	4298
f 4357 	4486 	4358
f 4359 	4358 	4382
f 4350 	4348 	4108
f 4350 	4108 	4117
f 2411 	4375 	4371
f 2411 	4371 	2412
f 4099 	4351 	4350
f 4099 	4350 	4117
f 4364 	4273 	4312
f 4345 	4263 	4362
f 4346 	4345 	4362
f 4263 	4262 	4362
f 4363 	4362 	4271
f 4262 	4271 	4362
f 2411 	2409 	4378
f 2411 	4378 	4375
f 376 	4386 	4205
f 376 	4205 	378
f 376 	4175 	4386
f 4394 	4361 	4393
f 4393 	4361 	4391
f 4346 	4361 	4394
f 4389 	4391 	4359
f 4359 	4382 	4381
f 4389 	4359 	4381
f 4395 	4195 	371
f 4192 	348 	4195
f 4395 	371 	752
f 417 	752 	371
f 4396 	4513 	4383
f 4208 	4210 	4309
f 2409 	2408 	4341
f 2409 	4341 	4378
f 2416 	4414 	4413
f 4214 	4402 	4401
f 4400 	4212 	4401
f 4311 	4309 	4210
f 4214 	4401 	4213
f 2414 	4415 	4414
f 2414 	4414 	2416
f 4417 	4420 	4404
f 4404 	4403 	4417
f 4370 	4415 	2414
f 4370 	2414 	2413
f 4134 	4380 	2270
f 4134 	2270 	2202
f 4421 	4327 	2422
f 2375 	2422 	4327
f 4406 	4405 	4468
f 4407 	4406 	4468
f 4451 	4430 	4435
f 4405 	4404 	4468
f 4420 	4468 	4404
f 4416 	4417 	4403
f 4216 	4416 	4403
f 4402 	4215 	4403
f 4133 	4422 	4380
f 4133 	4380 	4134
f 2422 	2421 	4424
f 2422 	4424 	4421
f 4428 	4422 	4133
f 4428 	4133 	4132
f 4431 	2419 	4432
f 4129 	4423 	4132
f 4129 	4132 	4031
f 4132 	4423 	4428
f 2421 	2420 	4433
f 2421 	4433 	4424
f 2420 	2419 	4431
f 2420 	4431 	4433
f 2424 	4419 	4418
f 2424 	4418 	2425
f 4434 	4426 	4438
f 4438 	4426 	4439
f 4413 	4419 	2424
f 4413 	2424 	2416
f 4436 	4429 	4437
f 2427 	4443 	4442
f 4408 	4451 	4435
f 4439 	4485 	4357
f 2426 	4446 	4443
f 2426 	4443 	2427
f 4438 	4437 	4434
f 4427 	4437 	4429
f 4434 	4437 	4427
f 4484 	4439 	4483
f 4418 	4446 	2426
f 4418 	2426 	2425
f 4436 	4435 	4429
f 4430 	4429 	4435
f 4453 	4452 	4468
f 4457 	4456 	2431
f 4458 	4457 	2431
f 4458 	2431 	2442
f 4468 	4451 	4407
f 4459 	4458 	2442
f 4459 	2442 	2448
f 4460 	4459 	2448
f 4460 	2448 	2449
f 4601 	4454 	4468
f 4453 	4468 	4454
f 4452 	4451 	4468
f 4408 	4407 	4451
f 4461 	4460 	2449
f 4461 	2449 	2451
f 4462 	4461 	2451
f 4462 	2451 	2454
f 4463 	4462 	2454
f 4463 	2454 	2457
f 4464 	4463 	2457
f 4464 	2457 	2458
f 4465 	4464 	2458
f 4465 	2458 	2461
f 4466 	4465 	2461
f 4466 	2461 	2463
f 2467 	2826 	4467
f 4467 	4466 	2463
f 4467 	2463 	2467
f 4483 	4439 	4482
f 4481 	4482 	4439
f 4473 	4481 	4439
f 4425 	4473 	4439
f 4426 	4425 	4439
f 4485 	4439 	4484
f 4486 	4357 	4485
f 4487 	4358 	4486
f 4397 	4358 	4487
f 4382 	4358 	4397
f 4501 	4500 	2485
f 4501 	2485 	2483
f 4456 	4501 	2483
f 4456 	2483 	2431
f 1065 	2493 	1061
f 4491 	1061 	2493
f 4492 	4491 	2493
f 4492 	2493 	2496
f 4493 	4492 	2496
f 4493 	2496 	2499
f 4503 	4516 	4502
f 4509 	4516 	4503
f 4498 	4502 	4515
f 4478 	4498 	4515
f 4479 	4478 	4515
f 4514 	4399 	4515
f 4495 	4493 	2499
f 4495 	2499 	2501
f 4496 	4495 	2501
f 4496 	2501 	2507
f 4497 	4496 	2507
f 4497 	2507 	2508
f 4499 	4497 	2508
f 4499 	2508 	2509
f 4515 	4502 	4516
f 4516 	4509 	4517
f 2485 	4500 	4499
f 2485 	4499 	2509
f 4513 	4398 	4514
f 4510 	4517 	4509
f 2518 	2382 	4340
f 4512 	4383 	4513
f 4479 	4515 	4399
f 4511 	4384 	4512
f 4562 	4384 	4511
f 4399 	4514 	4398
f 4398 	4513 	4396
f 2523 	4520 	4519
f 2521 	4521 	4520
f 2521 	4520 	2523
f 4517 	4510 	4522
f 2519 	4529 	4521
f 2519 	4521 	2521
f 4530 	4529 	2519
f 4530 	2519 	2518
f 4531 	4533 	4523
f 4340 	4530 	2518
f 4518 	4366 	2549
f 2406 	2549 	4366
f 2549 	2548 	4534
f 2549 	4534 	4518
f 4537 	2546 	4538
f 2548 	2547 	4539
f 2548 	4539 	4534
f 4536 	4532 	4522
f 4510 	4536 	4522
f 4532 	4531 	4523
f 4523 	4522 	4532
f 4524 	4634 	4525
f 4535 	4627 	4524
f 4533 	4535 	4523
f 4525 	4639 	4526
f 4636 	4677 	4637
f 4631 	4691 	4632
f 2547 	2546 	4537
f 2547 	4537 	4539
f 4543 	4432 	2554
f 2419 	2554 	4432
f 2554 	997 	1075
f 2554 	1075 	4543
f 4545 	982 	2557
f 2566 	4546 	4545
f 2566 	4545 	2557
f 4384 	4562 	4549
f 4548 	4549 	4562
f 4547 	4548 	4562
f 4562 	4561 	4547
f 4542 	4544 	4561
f 4544 	4547 	4561
f 2565 	4550 	4546
f 2565 	4546 	2566
f 4442 	4550 	2565
f 4442 	2565 	2427
f 4540 	4542 	4561
f 4563 	3807 	2572
f 2107 	2572 	3807
f 4552 	4551 	4559
f 4564 	4563 	2572
f 4564 	2572 	2574
f 4553 	4555 	4586
f 4565 	4564 	2574
f 4565 	2574 	2581
f 4566 	4565 	2581
f 4566 	2581 	2588
f 4567 	4566 	2588
f 4567 	2588 	2591
f 4568 	4567 	2591
f 4568 	2591 	2594
f 4569 	4568 	2594
f 4569 	2594 	2597
f 4560 	4559 	4551
f 4559 	4558 	4552
f 4551 	4574 	4560
f 4574 	4541 	4560
f 4541 	4540 	4560
f 4561 	4560 	4540
f 4556 	4552 	4558
f 4383 	4512 	4384
f 4555 	4556 	4558
f 4558 	4557 	4555
f 4557 	4586 	4555
f 4576 	4575 	4582
f 4570 	4569 	2597
f 4570 	2597 	2601
f 4571 	4570 	2601
f 4571 	2601 	2603
f 4572 	4571 	2603
f 4572 	2603 	2607
f 4573 	4572 	2607
f 4573 	2607 	2617
f 426 	4573 	2617
f 426 	2617 	431
f 4585 	4554 	4586
f 4584 	4177 	4585
f 4554 	4553 	4586
f 2636 	4587 	476
f 2636 	476 	465
f 2635 	4590 	4587
f 2635 	4587 	2636
f 4637 	4677 	4527
f 4583 	4578 	4584
f 2634 	4591 	4590
f 2634 	4590 	2635
f 4581 	4689 	4582
f 2633 	4592 	4591
f 2633 	4591 	2634
f 2632 	4593 	4592
f 2632 	4592 	2633
f 4554 	4585 	4177
f 4580 	4688 	4581
f 4579 	4687 	4580
f 4527 	4677 	4528
f 4526 	4633 	4527
f 4583 	4582 	4575
f 4577 	4583 	4575
f 4578 	4583 	4577
f 4177 	4584 	4578
f 2631 	4594 	4593
f 2631 	4593 	2632
f 4601 	4600 	4595
f 2630 	4598 	4594
f 2630 	4594 	2631
f 2629 	4602 	4598
f 2629 	4598 	2630
f 4597 	4596 	4599
f 4596 	4595 	4600
f 4454 	4601 	4455
f 4595 	4455 	4601
f 2628 	4603 	4602
f 2628 	4602 	2629
f 4519 	4603 	2628
f 4519 	2628 	2523
f 4588 	2646 	2645
f 4588 	2645 	4589
f 4600 	4599 	4596
f 2645 	2644 	4608
f 2645 	4608 	4589
f 2644 	2642 	4609
f 2644 	4609 	4608
f 4620 	4619 	4597
f 4604 	4597 	4619
f 4599 	4620 	4597
f 2642 	878 	4609
f 4618 	4617 	4605
f 4617 	4623 	4605
f 4588 	4538 	2646
f 2546 	2646 	4538
f 4616 	4623 	4617
f 4615 	4623 	4616
f 4605 	4604 	4618
f 4614 	4623 	4615
f 4619 	4618 	4604
f 2666 	4621 	418
f 2666 	418 	421
f 4612 	4611 	3212
f 4606 	4605 	4623
f 4610 	4245 	3212
f 4607 	4606 	4623
f 2664 	4622 	4621
f 2664 	4621 	2666
f 4244 	4243 	3212
f 4243 	4242 	3212
f 458 	442 	4622
f 458 	4622 	2664
f 4639 	4525 	4634
f 4634 	4524 	4629
f 4630 	4524 	4627
f 4630 	4629 	4524
f 4638 	4526 	4639
f 4633 	4526 	4638
f 4524 	4523 	4535
f 4635 	4678 	4636
f 4632 	4690 	4628
f 4637 	4527 	4633
f 4628 	4679 	4635
f 27 	31 	4659
f 31 	4693 	4624
f 4626 	4694 	4631
f 4614 	4613 	3212
f 4645 	3211 	4646
f 4640 	4623 	4641
f 4623 	4614 	3212
f 4607 	4623 	4640
f 4613 	4612 	3212
f 4245 	4244 	3212
f 4649 	3215 	4650
f 4648 	3215 	4649
f 4647 	3210 	4648
f 4646 	3210 	4647
f 4181 	4188 	4182
f 4643 	3212 	4644
f 4645 	4644 	3211
f 4658 	4657 	27
f 4659 	4658 	27
f 4656 	12 	4657
f 4655 	14 	4656
f 12 	27 	4657
f 4654 	48 	4655
f 4653 	43 	4654
f 4624 	4659 	31
f 4671 	40 	4670
f 4140 	4139 	4663
f 4663 	4182 	4141
f 4661 	3214 	4662
f 4665 	4137 	4666
f 4660 	3214 	4661
f 4662 	4182 	4663
f 4650 	3215 	4660
f 4652 	4651 	39
f 40 	39 	4651
f 4651 	4670 	40
f 4670 	4669 	4671
f 4668 	4151 	4669
f 4671 	4669 	4151
f 4667 	4135 	4668
f 4666 	4136 	4667
f 4141 	4140 	4663
f 4151 	4668 	4135
f 4137 	4665 	4138
f 4678 	4635 	4679
f 4675 	4579 	4676
f 4677 	4636 	4678
f 4674 	4579 	4675
f 4684 	4580 	4681
f 4681 	4580 	4682
f 4687 	4579 	4683
f 4683 	4579 	4672
f 4688 	4580 	4684
f 4682 	4580 	4685
f 4676 	4528 	4677
f 4673 	4579 	4674
f 4672 	4579 	4673
f 4686 	4580 	4687
f 4685 	4580 	4686
f 4689 	4581 	4688
f 4576 	4582 	4689
f 4528 	4676 	4579
f 4679 	4628 	4680
f 4680 	4628 	4690
f 4691 	4631 	4692
f 4690 	4632 	4691
f 4693 	4694 	4625
f 4626 	4625 	4694
f 4692 	4631 	4694
# 3791 faces

g group_0_15277357

usemtl color_15277357
s 0

f 28 	46 	1
f 3 	28 	1
f 4 	461 	2
f 10 	15 	3583
f 60 	62 	3576
f 28 	8 	20
f 21 	18 	19
f 25 	26 	3572
f 16 	20 	8
f 21 	19 	23
f 21 	23 	30
f 8 	28 	3
f 30 	23 	32
f 30 	32 	1726
f 35 	1 	46
f 50 	51 	46
f 47 	3 	44
f 41 	3 	37
f 46 	36 	35
f 36 	46 	51
f 41 	44 	3
f 1116 	1112 	42
f 42 	1102 	45
f 59 	54 	55
f 3633 	3637 	29
f 3637 	3572 	26
f 65 	112 	45
f 68 	65 	45
f 64 	66 	59
f 29 	34 	3633
f 26 	29 	3637
f 3630 	3633 	34
f 54 	59 	66
f 74 	848 	71
f 53 	49 	107
f 112 	107 	49
f 49 	45 	112
f 77 	368 	73
f 72 	67 	4029
f 82 	368 	77
f 69 	73 	368
f 4029 	4021 	72
f 87 	461 	82
f 99 	461 	94
f 94 	461 	93
f 589 	590 	96
f 102 	461 	99
f 1385 	1372 	105
f 97 	95 	75
f 79 	75 	95
f 95 	116 	79
f 116 	115 	79
f 115 	125 	79
f 2 	461 	113
f 109 	113 	461
f 103 	91 	53
f 107 	103 	53
f 58 	53 	91
f 88 	58 	91
f 83 	79 	125
f 125 	124 	83
f 124 	671 	83
f 122 	16 	119
f 105 	1372 	123
f 123 	1378 	850
f 126 	16 	122
f 119 	16 	118
f 111 	861 	74
f 131 	368 	130
f 130 	368 	126
f 696 	677 	83
f 671 	696 	83
f 93 	461 	87
f 151 	69 	368
f 165 	3 	156
f 47 	156 	3
f 168 	234 	165
f 344 	342 	188
f 188 	118 	16
f 132 	368 	131
f 191 	3 	193
f 197 	193 	3
f 217 	3 	282
f 211 	3 	217
f 226 	165 	227
f 294 	165 	226
f 227 	165 	234
f 234 	168 	236
f 236 	170 	237
f 186 	188 	258
f 255 	252 	182
f 270 	3 	276
f 276 	3 	191
f 282 	3 	284
f 307 	304 	8
f 576 	57 	52
f 57 	576 	61
f 325 	8 	329
f 330 	3 	270
f 329 	8 	330
f 182 	186 	255
f 258 	255 	186
f 344 	16 	346
f 589 	96 	89
f 100 	96 	590
f 347 	346 	16
f 350 	347 	16
f 590 	104 	100
f 592 	110 	104
f 352 	16 	353
f 339 	16 	352
f 592 	114 	110
f 353 	16 	355
f 338 	16 	339
f 594 	117 	114
f 317 	8 	325
f 3 	330 	8
f 8 	317 	314
f 314 	312 	8
f 8 	312 	310
f 310 	307 	8
f 355 	16 	303
f 304 	303 	8
f 121 	117 	594
f 336 	16 	338
f 8 	303 	16
f 335 	332 	16
f 333 	16 	332
f 333 	350 	16
f 262 	258 	188
f 336 	335 	16
f 179 	182 	252
f 252 	251 	179
f 173 	179 	251
f 243 	173 	251
f 243 	237 	173
f 173 	237 	170
f 341 	262 	188
f 342 	341 	188
f 16 	344 	188
f 3 	165 	284
f 211 	209 	3
f 209 	203 	3
f 203 	197 	3
f 16 	126 	368
f 135 	368 	132
f 136 	368 	135
f 138 	368 	136
f 138 	151 	368
f 381 	526 	374
f 574 	52 	597
f 52 	134 	597
f 392 	395 	3451
f 390 	526 	386
f 599 	154 	149
f 439 	440 	3515
f 154 	599 	602
f 154 	602 	155
f 433 	435 	3439
f 603 	162 	155
f 603 	155 	602
f 403 	524 	400
f 400 	524 	399
f 406 	526 	404
f 407 	526 	406
f 410 	526 	407
f 420 	526 	419
f 416 	419 	526
f 374 	526 	420
f 424 	397 	524
f 397 	398 	524
f 398 	399 	524
f 524 	403 	526
f 461 	4 	527
f 446 	461 	441
f 3572 	3576 	62
f 453 	461 	446
f 453 	457 	461
f 440 	441 	461
f 3580 	3583 	56
f 480 	368 	478
f 478 	368 	457
f 483 	368 	480
f 506 	368 	503
f 507 	368 	506
f 508 	368 	507
f 510 	368 	508
f 512 	524 	510
f 514 	524 	512
f 90 	92 	11
f 516 	524 	515
f 517 	90 	11
f 488 	368 	483
f 493 	368 	488
f 496 	368 	493
f 500 	368 	496
f 500 	503 	368
f 368 	510 	524
f 515 	524 	514
f 461 	457 	368
f 368 	82 	461
f 461 	102 	106
f 461 	106 	109
f 518 	524 	516
f 519 	524 	518
f 519 	424 	524
f 404 	526 	403
f 416 	526 	410
f 381 	386 	526
f 471 	432 	3451
f 15 	56 	3583
f 56 	60 	3580
f 3576 	3580 	60
f 62 	25 	3572
f 34 	3 	3630
f 3627 	3630 	3
f 1202 	3627 	3
f 37 	3 	34
f 170 	236 	168
f 294 	284 	165
f 78 	59 	542
f 530 	59 	529
f 535 	59 	530
f 542 	59 	535
f 555 	1359 	550
f 1352 	1356 	557
f 558 	1352 	557
f 556 	557 	1356
f 1364 	1383 	1361
f 672 	673 	562
f 551 	670 	562
f 565 	1659 	564
f 566 	1624 	565
f 567 	1624 	566
f 1659 	568 	564
f 563 	564 	568
f 560 	561 	676
f 676 	678 	560
f 30 	1558 	21
f 586 	585 	570
f 571 	587 	570
f 597 	3418 	574
f 574 	3420 	576
f 576 	1865 	583
f 715 	717 	587
f 717 	719 	587
f 598 	587 	721
f 719 	720 	587
f 720 	721 	587
f 592 	55 	593
f 594 	55 	595
f 595 	55 	596
f 571 	705 	587
f 707 	711 	587
f 711 	713 	587
f 713 	715 	587
f 608 	607 	524
f 609 	608 	524
f 610 	609 	526
f 616 	751 	11
f 11 	750 	517
f 615 	3467 	617
f 526 	3467 	614
f 517 	747 	521
f 618 	3467 	597
f 617 	3467 	618
f 521 	769 	619
f 635 	633 	619
f 623 	55 	625
f 622 	619 	633
f 524 	627 	625
f 596 	55 	630
f 632 	630 	55
f 55 	634 	632
f 634 	55 	636
f 633 	631 	622
f 622 	631 	624
f 650 	664 	624
f 629 	624 	631
f 628 	624 	629
f 637 	636 	55
f 638 	637 	55
f 86 	83 	677
f 638 	55 	639
f 627 	524 	640
f 626 	624 	664
f 646 	644 	524
f 644 	640 	524
f 90 	517 	520
f 521 	520 	517
f 652 	651 	645
f 648 	524 	607
f 646 	524 	648
f 650 	624 	628
f 663 	652 	626
f 613 	526 	614
f 611 	610 	526
f 612 	611 	526
f 524 	526 	609
f 613 	612 	526
f 649 	647 	833
f 620 	55 	623
f 621 	55 	620
f 639 	55 	621
f 524 	625 	55
f 594 	593 	55
f 592 	591 	55
f 660 	59 	659
f 662 	59 	661
f 666 	59 	665
f 662 	665 	59
f 645 	626 	652
f 664 	663 	626
f 651 	836 	645
f 836 	835 	645
f 667 	59 	666
f 672 	562 	670
f 723 	722 	108
f 680 	685 	559
f 573 	559 	685
f 685 	724 	573
f 688 	686 	1753
f 694 	695 	589
f 590 	589 	695
f 589 	588 	694
f 690 	1753 	692
f 591 	590 	695
f 697 	55 	695
f 727 	723 	108
f 704 	572 	703
f 705 	571 	704
f 721 	687 	598
f 599 	598 	687
f 687 	689 	599
f 602 	599 	689
f 712 	1753 	714
f 689 	691 	602
f 716 	1753 	718
f 714 	1753 	716
f 588 	603 	693
f 702 	703 	572
f 728 	702 	572
f 120 	108 	722
f 722 	701 	120
f 616 	120 	701
f 700 	616 	701
f 724 	725 	573
f 725 	726 	573
f 726 	728 	573
f 572 	573 	728
f 679 	680 	560
f 678 	679 	560
f 603 	602 	691
f 691 	693 	603
f 693 	694 	588
f 55 	591 	695
f 698 	55 	697
f 705 	707 	587
f 586 	570 	587
f 585 	584 	569
f 1865 	569 	584
f 583 	1865 	584
f 614 	3467 	615
f 572 	704 	571
f 569 	570 	585
f 635 	619 	729
f 108 	86 	727
f 677 	727 	86
f 28 	741 	739
f 28 	762 	744
f 718 	1753 	740
f 751 	616 	738
f 750 	11 	751
f 749 	517 	750
f 747 	517 	749
f 769 	521 	746
f 746 	521 	747
f 738 	616 	700
f 762 	28 	763
f 764 	763 	28
f 729 	619 	755
f 755 	619 	769
f 764 	28 	765
f 744 	741 	28
f 739 	740 	28
f 28 	740 	1753
f 692 	1753 	712
f 688 	1753 	690
f 194 	201 	790
f 789 	1325 	790
f 1325 	192 	790
f 192 	194 	790
f 1823 	1815 	795
f 794 	1823 	795
f 825 	856 	892
f 814 	813 	818
f 811 	1801 	813
f 798 	1808 	800
f 800 	1801 	811
f 875 	876 	847
f 876 	881 	847
f 851 	847 	881
f 55 	698 	699
f 653 	59 	699
f 655 	59 	653
f 59 	655 	657
f 59 	657 	658
f 658 	659 	59
f 660 	661 	59
f 55 	699 	59
f 59 	667 	668
f 59 	668 	669
f 59 	669 	670
f 561 	562 	673
f 675 	561 	674
f 674 	561 	673
f 676 	561 	675
f 559 	560 	680
f 59 	670 	551
f 59 	551 	552
f 554 	59 	553
f 552 	553 	59
f 554 	529 	59
f 1758 	1762 	839
f 835 	834 	647
f 833 	647 	834
f 819 	815 	1789
f 815 	814 	1789
f 818 	1789 	814
f 833 	832 	649
f 837 	59 	78
f 1755 	1758 	840
f 841 	1750 	840
f 842 	1744 	841
f 839 	840 	1758
f 852 	1730 	842
f 854 	1725 	852
f 849 	71 	848
f 850 	71 	849
f 869 	875 	847
f 647 	645 	835
f 859 	128 	858
f 860 	111 	859
f 861 	111 	860
f 848 	74 	861
f 111 	128 	859
f 858 	128 	129
f 28 	864 	847
f 867 	868 	847
f 656 	28 	847
f 765 	28 	766
f 865 	890 	1009
f 1053 	1009 	890
f 863 	865 	1012
f 867 	847 	864
f 866 	890 	865
f 827 	825 	893
f 1916 	1920 	872
f 858 	129 	874
f 873 	1916 	872
f 882 	890 	877
f 888 	1038 	882
f 866 	877 	890
f 896 	898 	827
f 889 	35 	888
f 809 	806 	1325
f 810 	807 	1325
f 788 	810 	1325
f 899 	1325 	898
f 903 	1325 	899
f 908 	1325 	905
f 911 	1715 	909
f 910 	1325 	908
f 912 	1325 	910
f 914 	983 	1325
f 919 	1715 	917
f 922 	28 	920
f 994 	1715 	921
f 919 	921 	1715
f 28 	922 	864
f 829 	828 	898
f 930 	51 	928
f 828 	827 	898
f 935 	51 	930
f 806 	829 	1325
f 898 	1325 	829
f 938 	51 	935
f 926 	928 	51
f 940 	51 	938
f 945 	28 	943
f 89 	162 	603
f 949 	28 	945
f 608 	183 	177
f 958 	28 	957
f 187 	183 	609
f 608 	609 	183
f 610 	190 	609
f 187 	609 	190
f 28 	961 	920
f 961 	28 	958
f 190 	610 	192
f 612 	194 	192
f 613 	201 	612
f 194 	612 	201
f 210 	201 	614
f 613 	614 	201
f 210 	614 	615
f 210 	615 	215
f 983 	986 	1325
f 617 	220 	615
f 215 	615 	220
f 20 	1325 	988
f 990 	20 	988
f 986 	988 	1325
f 220 	617 	223
f 1000 	1715 	994
f 1001 	20 	995
f 995 	20 	990
f 597 	134 	223
f 1004 	1715 	1000
f 966 	968 	20
f 1004 	51 	1715
f 924 	51 	1004
f 229 	230 	621
f 1010 	20 	1006
f 939 	20 	1013
f 1006 	20 	978
f 1019 	1025 	863
f 1010 	1013 	20
f 975 	978 	20
f 939 	943 	20
f 28 	20 	943
f 28 	949 	951
f 28 	951 	953
f 28 	953 	955
f 955 	957 	28
f 929 	933 	856
f 619 	1021 	520
f 619 	520 	521
f 904 	1716 	900
f 900 	1716 	1029
f 1001 	966 	20
f 20 	968 	972
f 20 	972 	973
f 20 	973 	975
f 903 	905 	1325
f 912 	914 	1325
f 807 	809 	1325
f 622 	1031 	619
f 893 	896 	827
f 223 	134 	792
f 1021 	619 	1031
f 1036 	888 	1034
f 622 	624 	1031
f 892 	893 	825
f 788 	1325 	789
f 933 	892 	856
f 856 	853 	929
f 927 	929 	853
f 853 	851 	927
f 881 	927 	851
f 868 	869 	847
f 656 	766 	28
f 624 	1039 	1031
f 1049 	890 	1041
f 626 	1051 	1039
f 1039 	624 	626
f 1064 	1062 	1756
f 1068 	1064 	1756
f 1756 	1062 	1142
f 1070 	1068 	1756
f 645 	1051 	626
f 1076 	1079 	1078
f 1079 	1076 	1081
f 1079 	1081 	1087
f 1087 	1081 	1095
f 1087 	1095 	1104
f 1104 	1095 	1109
f 1104 	1109 	2433
f 68 	45 	1094
f 1102 	1094 	45
f 1112 	1102 	42
f 616 	1115 	120
f 1534 	1756 	1139
f 1053 	890 	1052
f 1051 	645 	1153
f 1009 	1012 	865
f 1153 	645 	1157
f 647 	1157 	645
f 1159 	1190 	1156
f 1156 	51 	940
f 1163 	1193 	1159
f 649 	1169 	647
f 1157 	647 	1169
f 1155 	1154 	38
f 1154 	1116 	38
f 42 	38 	1116
f 38 	33 	1155
f 33 	1271 	1158
f 1158 	1155 	33
f 35 	1464 	1176
f 1079 	1223 	1078
f 1030 	35 	1178
f 35 	1030 	1033
f 1034 	35 	1033
f 890 	1038 	1040
f 649 	1789 	1169
f 1379 	1156 	1188
f 1188 	1156 	1190
f 1190 	1159 	1193
f 1193 	1163 	1196
f 1196 	1170 	1198
f 656 	3627 	1202
f 847 	3627 	656
f 1192 	1191 	1213
f 1191 	1215 	1219
f 1191 	1219 	1213
f 1219 	1215 	1220
f 1219 	1220 	1223
f 1223 	1220 	1175
f 1175 	1078 	1223
f 1239 	1237 	1534
f 1240 	1239 	1534
f 1346 	1247 	1246
f 1346 	1246 	3796
f 1271 	1672 	1251
f 1253 	1251 	1672
f 1251 	1235 	1271
f 1235 	1162 	1271
f 1162 	1158 	1271
f 1257 	1254 	1638
f 1302 	1298 	1534
f 792 	790 	223
f 1237 	1305 	1534
f 1305 	1302 	1534
f 688 	1306 	686
f 1299 	686 	1306
f 1317 	1306 	690
f 1260 	1257 	1616
f 1638 	1616 	1257
f 688 	690 	1306
f 220 	223 	790
f 1317 	690 	1320
f 692 	1320 	690
f 1298 	1296 	61
f 1320 	692 	1390
f 712 	1390 	692
f 1534 	1298 	61
f 63 	1534 	61
f 1757 	1263 	1344
f 76 	1534 	70
f 80 	149 	1534
f 1344 	1263 	1345
f 1344 	1345 	1346
f 76 	80 	1534
f 1346 	1345 	1247
f 1208 	51 	1212
f 1351 	1212 	51
f 1359 	555 	1356
f 1353 	51 	1358
f 1361 	550 	1359
f 555 	556 	1356
f 1369 	1382 	1364
f 1383 	549 	1361
f 550 	1361 	549
f 1372 	1385 	1369
f 1378 	123 	1372
f 1374 	1156 	1376
f 1371 	51 	1374
f 1171 	1198 	1170
f 1376 	1156 	1379
f 1383 	1364 	1382
f 1382 	1369 	1386
f 1385 	1386 	1369
f 71 	850 	1378
f 1391 	1389 	36
f 712 	714 	1390
f 714 	1398 	1390
f 714 	716 	1398
f 1408 	1398 	716
f 716 	1415 	1408
f 1353 	1351 	51
f 1409 	51 	1411
f 1208 	1411 	51
f 718 	1415 	716
f 1466 	1464 	35
f 1205 	1203 	1174
f 740 	1797 	718
f 1438 	35 	1442
f 1435 	35 	1438
f 96 	1533 	89
f 1442 	35 	1443
f 100 	1533 	96
f 104 	1533 	100
f 625 	238 	235
f 238 	625 	250
f 1174 	1176 	1205
f 1421 	1205 	1176
f 110 	114 	1533
f 1466 	35 	1469
f 259 	54 	127
f 121 	127 	54
f 1470 	1469 	35
f 630 	259 	127
f 1472 	1470 	35
f 267 	259 	630
f 1296 	1293 	61
f 1443 	35 	1475
f 634 	269 	267
f 154 	1534 	149
f 1475 	35 	1477
f 155 	1533 	154
f 636 	275 	269
f 636 	269 	634
f 1534 	154 	1533
f 1387 	36 	1389
f 1480 	1477 	36
f 89 	1533 	162
f 162 	1533 	155
f 275 	636 	279
f 637 	279 	636
f 36 	51 	1404
f 1407 	1404 	51
f 36 	1404 	1401
f 1401 	1399 	36
f 36 	1399 	1393
f 1393 	1391 	36
f 1387 	1480 	36
f 638 	283 	279
f 638 	279 	637
f 1435 	1432 	35
f 1433 	35 	1432
f 1433 	1472 	35
f 36 	1477 	35
f 187 	1325 	183
f 183 	1325 	177
f 639 	292 	283
f 639 	283 	638
f 190 	1325 	187
f 1172 	1174 	1203
f 1203 	1201 	1172
f 1171 	1172 	1201
f 1199 	1171 	1201
f 1199 	1198 	1171
f 1426 	1421 	1176
f 1450 	1426 	1176
f 1464 	1450 	1176
f 1176 	1178 	35
f 292 	639 	230
f 621 	230 	639
f 640 	302 	250
f 1170 	1196 	1163
f 51 	1156 	1374
f 51 	1371 	1367
f 51 	1367 	1362
f 51 	1362 	1360
f 1360 	1358 	51
f 1409 	1407 	51
f 644 	305 	302
f 644 	302 	640
f 1866 	782 	57
f 646 	308 	644
f 305 	644 	308
f 57 	61 	1866
f 308 	646 	311
f 1293 	1866 	61
f 52 	57 	782
f 311 	648 	177
f 235 	54 	229
f 52 	574 	576
f 238 	1325 	235
f 576 	583 	61
f 250 	1325 	238
f 61 	583 	63
f 584 	63 	583
f 584 	585 	63
f 70 	63 	585
f 70 	585 	76
f 586 	76 	585
f 267 	54 	259
f 76 	586 	80
f 587 	80 	586
f 269 	54 	267
f 598 	80 	587
f 283 	54 	279
f 275 	54 	269
f 588 	89 	603
f 292 	54 	283
f 1818 	1823 	1505
f 230 	54 	292
f 589 	89 	588
f 1505 	1515 	1514
f 305 	1325 	302
f 302 	1325 	250
f 1505 	1511 	1515
f 591 	104 	590
f 592 	104 	591
f 308 	1325 	305
f 593 	114 	592
f 1515 	1526 	1514
f 1524 	1514 	1526
f 177 	1325 	311
f 594 	114 	593
f 308 	311 	1325
f 1325 	190 	192
f 201 	210 	790
f 782 	780 	52
f 780 	792 	134
f 134 	52 	780
f 595 	121 	594
f 121 	595 	127
f 596 	127 	595
f 275 	279 	54
f 54 	230 	229
f 54 	235 	1325
f 104 	110 	1533
f 117 	54 	114
f 121 	54 	117
f 1533 	114 	54
f 1245 	1240 	1534
f 63 	70 	1534
f 54 	1534 	1533
f 80 	598 	149
f 1142 	1141 	1756
f 1141 	1139 	1756
f 1138 	1534 	1139
f 1138 	1245 	1534
f 149 	598 	599
f 1544 	2131 	1545
f 177 	607 	608
f 1041 	890 	1040
f 1050 	890 	1049
f 1050 	1052 	890
f 862 	863 	1025
f 1027 	1029 	862
f 857 	862 	1029
f 855 	857 	1029
f 611 	192 	610
f 2131 	2133 	1545
f 2133 	2048 	1545
f 612 	192 	611
f 2048 	2049 	1557
f 1557 	1545 	2048
f 2297 	2292 	1549
f 1549 	1640 	2297
f 618 	223 	617
f 1584 	64 	1583
f 597 	223 	618
f 1584 	1591 	64
f 620 	229 	621
f 59 	837 	1598
f 623 	235 	229
f 623 	229 	620
f 837 	838 	1598
f 235 	623 	625
f 1524 	1526 	1558
f 627 	250 	625
f 1558 	1526 	1606
f 630 	127 	596
f 1610 	1558 	1606
f 632 	267 	630
f 1616 	1610 	1606
f 2056 	2059 	1562
f 2055 	2056 	1562
f 1610 	1616 	1624
f 1624 	1616 	1638
f 1644 	2305 	1635
f 1635 	1590 	1644
f 2515 	1644 	1590
f 1589 	2515 	1590
f 1637 	1635 	2305
f 2305 	2297 	1640
f 1645 	1643 	1646
f 1651 	59 	1650
f 1643 	1649 	1646
f 2360 	2241 	1561
f 1561 	1563 	2361
f 1638 	1672 	1624
f 1659 	1624 	1672
f 1675 	1670 	1954
f 1670 	1667 	1954
f 1591 	1677 	64
f 64 	1677 	1679
f 1690 	1715 	1684
f 1693 	1687 	1686
f 1695 	1715 	1690
f 1671 	1684 	1715
f 1698 	1715 	1695
f 1693 	1686 	1645
f 1693 	1645 	1646
f 1699 	1715 	1698
f 1702 	1715 	1699
f 1683 	1681 	1924
f 1924 	1918 	1683
f 1648 	1924 	1681
f 1689 	1683 	1918
f 1918 	2515 	1689
f 1704 	904 	1702
f 1271 	568 	1672
f 1659 	1672 	568
f 1706 	904 	1704
f 1708 	904 	1706
f 1714 	904 	1708
f 1719 	1718 	1954
f 1718 	1717 	1954
f 1954 	1753 	1719
f 1726 	32 	1724
f 1727 	852 	1725
f 1723 	1029 	1720
f 1357 	1355 	1441
f 1728 	852 	1727
f 1726 	1724 	1687
f 1726 	1687 	1693
f 1730 	852 	1728
f 1441 	1355 	1729
f 1441 	1729 	1735
f 1025 	1027 	862
f 1736 	4029 	67
f 1271 	1352 	568
f 1734 	842 	1730
f 1735 	1729 	1742
f 1735 	1742 	1751
f 1750 	841 	1744
f 1352 	1271 	33
f 54 	66 	1534
f 1751 	1742 	1754
f 1751 	1754 	1757
f 1767 	1954 	1759
f 1757 	1754 	1263
f 1769 	1954 	1767
f 1771 	1954 	1769
f 1773 	1954 	1771
f 1774 	1954 	1773
f 1109 	1776 	2433
f 1779 	1954 	1777
f 634 	267 	632
f 1787 	1169 	1789
f 1794 	50 	1793
f 818 	1791 	1789
f 1787 	1789 	1791
f 1795 	50 	1794
f 1799 	1791 	818
f 1800 	1797 	740
f 1801 	1799 	818
f 640 	250 	627
f 739 	1800 	740
f 1801 	1808 	1799
f 1716 	904 	1714
f 1720 	1029 	1716
f 1725 	854 	1723
f 1715 	1702 	904
f 1744 	842 	1734
f 1752 	840 	1750
f 1723 	855 	1029
f 1715 	904 	907
f 1715 	907 	909
f 1715 	911 	913
f 916 	1715 	913
f 917 	1715 	916
f 646 	648 	311
f 1808 	1802 	1799
f 607 	177 	648
f 1802 	1815 	1811
f 1815 	1802 	1808
f 653 	1814 	1817
f 653 	1817 	655
f 1811 	1823 	1818
f 655 	1817 	1819
f 655 	1819 	657
f 1823 	1811 	1815
f 657 	1819 	1821
f 657 	1821 	658
f 658 	1821 	1824
f 658 	1824 	659
f 659 	1824 	1830
f 659 	1830 	660
f 1833 	661 	660
f 1833 	660 	1830
f 1511 	1505 	1823
f 1834 	662 	661
f 1834 	661 	1833
f 1842 	662 	1834
f 1842 	665 	662
f 1859 	1954 	1857
f 1861 	1954 	1859
f 1954 	50 	1857
f 1759 	1954 	1861
f 1869 	46 	1867
f 1871 	46 	1869
f 1856 	1875 	1838
f 1646 	1649 	1875
f 1838 	1875 	1649
f 1879 	50 	1878
f 1884 	1875 	1876
f 1856 	1876 	1875
f 1884 	1876 	1882
f 1881 	50 	1879
f 1788 	50 	1881
f 1793 	50 	1792
f 1790 	50 	1788
f 1884 	1882 	1885
f 1884 	1885 	1895
f 1896 	1922 	1954
f 1895 	1885 	1897
f 1895 	1897 	3477
f 1915 	1753 	1914
f 1915 	1917 	1753
f 741 	1800 	739
f 1920 	1916 	1924
f 1916 	1918 	1924
f 741 	1803 	1800
f 1926 	1753 	1923
f 1927 	1929 	1753
f 744 	1803 	741
f 1929 	1930 	1753
f 1923 	1753 	1922
f 1803 	744 	1925
f 1930 	1905 	1753
f 1926 	1927 	1753
f 1905 	1907 	1753
f 762 	2370 	744
f 1934 	46 	1917
f 1864 	46 	1939
f 1937 	46 	1934
f 1415 	718 	1797
f 1937 	1939 	46
f 1864 	1867 	46
f 46 	1871 	1873
f 46 	1873 	1874
f 46 	1874 	1877
f 1878 	50 	1877
f 1947 	1786 	1357
f 1947 	1357 	1441
f 1954 	1922 	1753
f 1907 	1912 	1753
f 1912 	1914 	1753
f 1753 	1917 	46
f 28 	1753 	46
f 686 	1299 	1948
f 1950 	1953 	1951
f 2447 	1951 	1953
f 1779 	1781 	1954
f 1781 	1890 	1954
f 1890 	1896 	1954
f 1774 	1777 	1954
f 1721 	1719 	1753
f 1957 	1932 	1931
f 1953 	1950 	1956
f 1953 	1956 	1958
f 46 	1877 	50
f 1790 	1792 	50
f 50 	1795 	1796
f 50 	1796 	1798
f 1854 	1857 	50
f 1798 	1854 	50
f 1957 	1931 	1959
f 1957 	1959 	1961
f 1958 	1956 	1960
f 1958 	1960 	1962
f 1717 	1675 	1954
f 1667 	1663 	1954
f 1663 	1627 	1954
f 1954 	1627 	1603
f 1601 	1954 	1603
f 1961 	1959 	1963
f 1962 	1960 	1964
f 1962 	1964 	1966
f 1967 	66 	1965
f 1986 	1988 	66
f 2081 	1756 	1993
f 2013 	66 	2001
f 2000 	2001 	66
f 2020 	66 	2018
f 2024 	66 	2020
f 2031 	66 	2026
f 2039 	66 	2034
f 1564 	1562 	2059
f 1599 	1564 	2059
f 2072 	2075 	1954
f 2075 	1999 	1954
f 66 	1954 	1999
f 2000 	66 	1999
f 2106 	1756 	2081
f 2098 	2125 	2329
f 2112 	1756 	2110
f 2115 	1756 	2112
f 2106 	2110 	1756
f 33 	1356 	1352
f 2118 	1756 	2115
f 38 	1356 	33
f 2121 	1756 	2118
f 2123 	1756 	2121
f 2085 	1756 	2123
f 1544 	2329 	2128
f 38 	42 	1356
f 1359 	1356 	42
f 2125 	2128 	2329
f 1361 	1359 	45
f 42 	45 	1359
f 1559 	1557 	2051
f 45 	1364 	1361
f 2049 	2051 	1557
f 2051 	2055 	1559
f 1601 	1599 	2059
f 1954 	1601 	2059
f 1954 	2059 	2062
f 1954 	2062 	2064
f 2071 	2072 	1954
f 2064 	2071 	1954
f 49 	1364 	45
f 1756 	2085 	2086
f 1756 	2086 	2088
f 2093 	2329 	2088
f 2131 	1544 	2128
f 1562 	1559 	2055
f 2093 	2098 	2329
f 1982 	1986 	66
f 1988 	1756 	66
f 1990 	1756 	1988
f 1993 	1756 	1990
f 1534 	66 	1756
f 2152 	666 	665
f 2152 	665 	1842
f 1966 	1964 	1786
f 1966 	1786 	1947
f 1755 	840 	1752
f 838 	839 	1596
f 1596 	1598 	838
f 1762 	1596 	839
f 59 	1598 	1600
f 1602 	59 	1600
f 1602 	1650 	59
f 855 	1723 	854
f 1015 	1019 	863
f 1012 	1015 	863
f 2014 	66 	2013
f 2024 	2026 	66
f 2031 	2034 	66
f 2039 	1965 	66
f 1974 	66 	1967
f 1974 	1982 	66
f 2014 	2018 	66
f 50 	1954 	66
f 16 	368 	20
f 20 	368 	1325
f 2163 	2160 	64
f 2233 	64 	2160
f 368 	524 	1325
f 2164 	2163 	64
f 2166 	2164 	64
f 2159 	667 	666
f 2159 	666 	2152
f 64 	2174 	2171
f 667 	2159 	2177
f 667 	2177 	668
f 64 	59 	2174
f 2180 	669 	668
f 2180 	668 	2177
f 2190 	670 	669
f 2190 	669 	2180
f 2197 	672 	670
f 2197 	670 	2190
f 2200 	673 	672
f 2200 	672 	2197
f 2199 	2196 	64
f 2188 	64 	2196
f 2206 	674 	673
f 2206 	673 	2200
f 2203 	2199 	64
f 2210 	675 	674
f 2210 	674 	2206
f 2213 	676 	675
f 2213 	675 	2210
f 2225 	678 	676
f 2225 	676 	2213
f 2228 	679 	678
f 2228 	678 	2225
f 2230 	2227 	64
f 2227 	2223 	64
f 2234 	680 	679
f 2234 	679 	2228
f 64 	2233 	2230
f 2236 	685 	680
f 2236 	680 	2234
f 2236 	724 	685
f 524 	55 	1325
f 54 	1325 	55
f 687 	2243 	2246
f 687 	2246 	689
f 51 	50 	66
f 51 	66 	64
f 689 	2246 	2251
f 689 	2251 	691
f 2252 	693 	691
f 2252 	691 	2251
f 2260 	694 	693
f 2260 	693 	2252
f 2266 	695 	694
f 2266 	694 	2260
f 2269 	697 	695
f 2269 	695 	2266
f 2273 	698 	697
f 2273 	697 	2269
f 698 	2273 	2277
f 698 	2277 	699
f 1814 	653 	699
f 1814 	699 	2277
f 2286 	702 	2338
f 2288 	703 	702
f 2288 	702 	2286
f 2293 	704 	703
f 2293 	703 	2288
f 2292 	2297 	71
f 74 	71 	2297
f 704 	2293 	2296
f 704 	2296 	705
f 705 	2296 	2298
f 705 	2298 	707
f 74 	2297 	111
f 707 	2298 	2299
f 707 	2299 	711
f 2305 	111 	2297
f 711 	2299 	2304
f 711 	2304 	713
f 713 	2304 	2309
f 713 	2309 	715
f 715 	2309 	2314
f 715 	2314 	717
f 2319 	719 	717
f 2319 	717 	2314
f 2324 	720 	719
f 2324 	719 	2319
f 2327 	721 	720
f 2327 	720 	2324
f 2243 	687 	721
f 2243 	721 	2327
f 2329 	1544 	78
f 2332 	725 	724
f 2332 	724 	2334
f 2335 	726 	725
f 2335 	725 	2332
f 2338 	728 	726
f 2338 	726 	2335
f 1385 	2315 	2312
f 2338 	702 	728
f 2334 	724 	2236
f 2348 	2347 	105
f 1842 	1834 	1814
f 1834 	1833 	1814
f 1833 	1830 	1814
f 1830 	1824 	1814
f 1824 	1821 	1814
f 1817 	1814 	1821
f 1817 	1821 	1819
f 105 	2347 	2315
f 105 	2315 	1385
f 111 	2305 	128
f 1644 	128 	2305
f 2241 	2239 	1657
f 2239 	2604 	1657
f 1657 	1561 	2241
f 2362 	2361 	1565
f 1563 	1565 	2361
f 49 	1369 	1364
f 53 	1369 	49
f 1925 	744 	2370
f 1372 	53 	58
f 2370 	762 	2374
f 763 	2374 	762
f 53 	1372 	1369
f 58 	1378 	1372
f 2374 	763 	2383
f 764 	2383 	763
f 81 	1378 	58
f 765 	2383 	764
f 765 	2404 	2383
f 1383 	2417 	2415
f 1383 	2415 	549
f 766 	2404 	765
f 766 	2418 	2404
f 81 	2292 	1378
f 71 	1378 	2292
f 2161 	2433 	1776
f 2433 	2161 	2438
f 2433 	2438 	2447
f 2447 	2438 	1951
f 1385 	2312 	2423
f 1385 	2423 	2452
f 1385 	2452 	1386
f 766 	656 	1202
f 1386 	2452 	2456
f 1386 	2456 	1382
f 1382 	2456 	2460
f 1382 	2460 	1383
f 2418 	766 	1202
f 1383 	2460 	2417
f 2466 	2465 	2468
f 2466 	2468 	2469
f 2469 	2468 	2471
f 2469 	2471 	2472
f 2472 	2471 	2477
f 2472 	2477 	2481
f 1570 	1573 	2366
f 2492 	2366 	1573
f 1573 	1576 	2492
f 2505 	2503 	123
f 123 	2503 	2348
f 123 	2348 	105
f 1842 	1814 	2152
f 2159 	2152 	1814
f 2177 	2159 	1814
f 2234 	2228 	2277
f 2228 	2225 	2277
f 1814 	2277 	2225
f 2225 	2213 	1814
f 2213 	2210 	1814
f 2210 	2206 	1814
f 2206 	2200 	1814
f 2200 	2197 	1814
f 2197 	2190 	1814
f 2180 	1814 	2190
f 2177 	1814 	2180
f 1644 	2515 	128
f 129 	128 	2515
f 1916 	129 	2515
f 2243 	2327 	2277
f 2246 	2243 	2277
f 2273 	2269 	2277
f 2269 	2266 	2277
f 2266 	2260 	2277
f 2260 	2252 	2277
f 2252 	2251 	2277
f 2251 	2246 	2277
f 1918 	1916 	2515
f 2481 	2477 	2490
f 2481 	2490 	2491
f 2299 	2298 	2277
f 2304 	2299 	2277
f 2298 	2296 	2277
f 2296 	2293 	2277
f 2293 	2288 	2277
f 2288 	2286 	2277
f 2286 	2338 	2277
f 2338 	2335 	2277
f 2335 	2332 	2277
f 2309 	2304 	2277
f 2327 	2324 	2277
f 2324 	2319 	2277
f 2319 	2314 	2277
f 2314 	2309 	2277
f 2491 	2490 	2524
f 2491 	2524 	2525
f 2526 	2527 	2525
f 2526 	2525 	2524
f 2332 	2334 	2277
f 2334 	2236 	2277
f 2236 	2234 	2277
f 2531 	2533 	2527
f 2531 	2527 	2526
f 2541 	2542 	2533
f 2541 	2533 	2531
f 2542 	2541 	2553
f 2552 	2553 	2541
f 837 	78 	1544
f 2555 	2556 	2553
f 2555 	2553 	2552
f 59 	2504 	2178
f 2556 	2555 	2558
f 2556 	2558 	2559
f 838 	1544 	1545
f 1544 	838 	837
f 2562 	2563 	2559
f 2562 	2559 	2558
f 2567 	2568 	2563
f 2567 	2563 	2562
f 1545 	1557 	838
f 2569 	59 	2570
f 2576 	2504 	59
f 2576 	59 	2579
f 2582 	2579 	59
f 2584 	2582 	59
f 2590 	2584 	59
f 2590 	59 	2592
f 2592 	59 	2593
f 2570 	59 	2598
f 59 	1657 	2598
f 2600 	2598 	1657
f 839 	838 	1557
f 2604 	2602 	1657
f 1559 	840 	839
f 1559 	839 	1557
f 840 	1559 	841
f 1562 	841 	1559
f 2366 	2363 	1570
f 1565 	1570 	2363
f 2363 	2362 	1565
f 1652 	1657 	59
f 2495 	2492 	1576
f 2361 	2360 	1561
f 2497 	2495 	1576
f 2498 	2497 	1576
f 2188 	2498 	1576
f 64 	2188 	1576
f 1578 	64 	1576
f 1564 	842 	1562
f 1562 	842 	841
f 1564 	1599 	842
f 848 	2741 	2577
f 848 	2577 	2648
f 848 	2648 	849
f 849 	2648 	2653
f 849 	2653 	850
f 850 	2653 	2505
f 850 	2505 	123
f 1651 	1652 	59
f 2602 	2600 	1657
f 2569 	2564 	59
f 2560 	59 	2564
f 2561 	59 	2560
f 2593 	59 	2561
f 2176 	59 	2178
f 2174 	59 	2176
f 2171 	2166 	64
f 2223 	2216 	64
f 64 	2216 	2212
f 64 	2212 	2209
f 64 	2209 	2207
f 1581 	64 	1578
f 2207 	2203 	64
f 1583 	64 	1581
f 2684 	2685 	2568
f 2684 	2568 	2567
f 1679 	1668 	64
f 1668 	1669 	64
f 1671 	1715 	1669
f 64 	1669 	1715
f 51 	64 	1715
f 51 	924 	925
f 926 	51 	925
f 2686 	2687 	2685
f 2686 	2685 	2684
f 852 	842 	1599
f 1601 	854 	852
f 2690 	2691 	2687
f 2690 	2687 	2686
f 1601 	852 	1599
f 2694 	2696 	2691
f 2694 	2691 	2690
f 2698 	2699 	2696
f 2698 	2696 	2694
f 3129 	1580 	81
f 3098 	3129 	81
f 58 	3098 	81
f 2701 	2702 	2699
f 2701 	2699 	2698
f 1601 	855 	854
f 2703 	2704 	2702
f 2703 	2702 	2701
f 855 	1601 	1603
f 2706 	2707 	2704
f 2706 	2704 	2703
f 2707 	2706 	2717
f 2715 	2717 	2706
f 2667 	2665 	858
f 858 	2665 	2725
f 858 	2725 	859
f 2727 	2726 	2729
f 2727 	2729 	2730
f 2730 	2729 	2736
f 2730 	2736 	2737
f 859 	2725 	2732
f 859 	2732 	860
f 2742 	2743 	2737
f 2742 	2737 	2736
f 860 	2732 	2741
f 860 	2741 	861
f 2744 	2745 	2743
f 2744 	2743 	2742
f 2749 	2750 	2745
f 2749 	2745 	2744
f 2753 	2754 	2750
f 2753 	2750 	2749
f 2756 	2757 	2754
f 2756 	2754 	2753
f 2759 	2760 	2757
f 2759 	2757 	2756
f 2760 	2759 	2765
f 2760 	2765 	2767
f 2767 	2765 	2466
f 2465 	2466 	2765
f 2775 	2777 	2852
f 2780 	2781 	2777
f 2780 	2777 	2775
f 2785 	2786 	2781
f 2785 	2781 	2780
f 2788 	2789 	2786
f 2788 	2786 	2785
f 2793 	2795 	2789
f 2793 	2789 	2788
f 2795 	2793 	2811
f 2795 	2811 	2813
f 2813 	2811 	2816
f 2813 	2816 	2817
f 2817 	2816 	2819
f 2817 	2819 	2820
f 2820 	2819 	2823
f 2820 	2823 	2824
f 2824 	2823 	2827
f 2824 	2827 	2828
f 2828 	2827 	2831
f 2828 	2831 	2833
f 2842 	2844 	2833
f 2842 	2833 	2831
f 2845 	2846 	2844
f 2845 	2844 	2842
f 2726 	2727 	2846
f 2726 	2846 	2845
f 2852 	2854 	2855
f 2852 	2855 	2856
f 2852 	2777 	2854
f 2717 	2715 	2855
f 2856 	2855 	2715
f 2526 	2701 	2531
f 2524 	2701 	2526
f 2490 	2701 	2524
f 2477 	2701 	2490
f 2465 	2471 	2468
f 2471 	2715 	2477
f 861 	2741 	848
f 1070 	1756 	2329
f 1627 	862 	857
f 1663 	862 	1627
f 862 	1667 	863
f 862 	1663 	1667
f 863 	1667 	865
f 1670 	865 	1667
f 1675 	866 	865
f 1675 	865 	1670
f 1717 	866 	1675
f 870 	2889 	2888
f 870 	2888 	2936
f 870 	2936 	871
f 871 	2936 	2938
f 871 	2938 	872
f 872 	2938 	2941
f 872 	2941 	873
f 873 	2941 	2944
f 873 	2944 	874
f 874 	2944 	2667
f 874 	2667 	858
f 866 	1717 	877
f 1717 	1718 	877
f 1718 	882 	877
f 888 	882 	1719
f 882 	1718 	1719
f 888 	1719 	889
f 1721 	889 	1719
f 1945 	889 	1721
f 1948 	1945 	1721
f 870 	1961 	2889
f 1963 	2889 	1961
f 857 	855 	1627
f 1603 	1627 	855
f 900 	3079 	3007
f 900 	3007 	3011
f 900 	3011 	904
f 904 	3011 	3012
f 904 	3012 	907
f 907 	3012 	3013
f 907 	3013 	909
f 909 	3013 	3014
f 909 	3014 	911
f 911 	3014 	3023
f 911 	3023 	913
f 913 	3023 	3024
f 913 	3024 	916
f 916 	3024 	3027
f 916 	3027 	917
f 3028 	919 	917
f 3028 	917 	3027
f 3030 	921 	919
f 3030 	919 	3028
f 3061 	994 	921
f 3061 	921 	3030
f 3035 	925 	924
f 3035 	924 	3038
f 3041 	926 	925
f 3041 	925 	3035
f 3045 	928 	926
f 3045 	926 	3041
f 3048 	930 	928
f 3048 	928 	3045
f 3050 	935 	930
f 3050 	930 	3048
f 3051 	938 	935
f 3051 	935 	3050
f 3054 	940 	938
f 3054 	938 	3051
f 3064 	1000 	994
f 3064 	994 	3061
f 3067 	1004 	1000
f 3067 	1000 	3064
f 1004 	3067 	3038
f 1004 	3038 	924
f 1009 	3070 	3071
f 1009 	3071 	1012
f 1012 	3071 	3073
f 1012 	3073 	1015
f 1015 	3073 	3075
f 1015 	3075 	1019
f 3076 	1025 	1019
f 3076 	1019 	3075
f 3077 	1027 	1025
f 3077 	1025 	3076
f 3079 	1029 	1027
f 3079 	1027 	3077
f 3079 	900 	1029
f 3090 	1030 	3189
f 88 	2705 	58
f 3093 	1033 	1030
f 3093 	1030 	3090
f 1033 	3093 	3095
f 1033 	3095 	1034
f 1034 	3095 	3097
f 1034 	3097 	1036
f 1036 	3097 	3101
f 1036 	3101 	1038
f 1038 	3101 	3103
f 1038 	3103 	1040
f 1040 	3103 	3105
f 1040 	3105 	1041
f 3099 	58 	2705
f 3098 	58 	3099
f 1041 	3105 	3111
f 1041 	3111 	1049
f 2292 	81 	1577
f 1580 	1577 	81
f 3114 	1050 	1049
f 3114 	1049 	3111
f 3117 	1052 	1050
f 3117 	1050 	3114
f 1756 	2088 	2329
f 3120 	1053 	1052
f 3120 	1052 	3117
f 3070 	1009 	1053
f 3070 	1053 	3120
f 940 	3054 	1156
f 3124 	1156 	3054
f 1577 	1574 	2292
f 1574 	1549 	2292
f 1640 	1637 	2305
f 1156 	3126 	1159
f 3124 	3126 	1156
f 3181 	1163 	1159
f 3181 	1159 	3126
f 3182 	1170 	1163
f 3182 	1163 	3181
f 3183 	1171 	1170
f 3183 	1170 	3182
f 3186 	1172 	1171
f 3186 	1171 	3183
f 3187 	1174 	1172
f 3187 	1172 	3186
f 3188 	1176 	1174
f 3188 	1174 	3187
f 3189 	1178 	1176
f 3189 	1176 	3188
f 3189 	1030 	1178
f 1646 	1875 	1514
f 1524 	1693 	1514
f 1558 	1726 	1524
f 1610 	21 	1558
f 1646 	1514 	1693
f 30 	1726 	1558
f 1624 	567 	1610
f 1659 	565 	1624
f 1693 	1524 	1726
f 21 	1610 	567
f 1352 	558 	568
f 563 	568 	558
f 1791 	1799 	3538
f 3535 	3538 	1799
f 1802 	3532 	1799
f 1895 	3477 	1818
f 1811 	3484 	1802
f 1884 	1505 	1875
f 1505 	1895 	1818
f 1505 	1514 	1875
f 1895 	1505 	1884
f 1818 	3477 	1811
f 2541 	2531 	2701
f 2552 	2541 	2701
f 2555 	2552 	2701
f 2706 	2477 	2715
f 2703 	2477 	2706
f 2701 	2477 	2703
f 2701 	2698 	2555
f 2698 	2694 	2555
f 2694 	2690 	2555
f 2690 	2686 	2555
f 2686 	2684 	2555
f 2558 	2555 	2684
f 2567 	2562 	2684
f 2558 	2684 	2562
f 2726 	2471 	2729
f 2736 	2729 	2471
f 2465 	2765 	2471
f 2765 	2759 	2471
f 2759 	2756 	2471
f 2756 	2753 	2471
f 2753 	2749 	2471
f 2749 	2744 	2471
f 2744 	2742 	2471
f 2736 	2471 	2742
f 1198 	1773 	1196
f 1199 	1773 	1198
f 2819 	2471 	2823
f 2827 	2823 	2471
f 2816 	2471 	2819
f 2811 	2471 	2816
f 2793 	2471 	2811
f 2788 	2471 	2793
f 2785 	2471 	2788
f 2780 	2471 	2785
f 2775 	2471 	2780
f 2852 	2471 	2775
f 2831 	2827 	2471
f 2726 	2845 	2471
f 2845 	2842 	2471
f 2831 	2471 	2842
f 2715 	2471 	2856
f 2852 	2856 	2471
f 1367 	1798 	1362
f 1371 	1854 	1798
f 1371 	1798 	1367
f 1854 	1371 	1374
f 1379 	1861 	1376
f 1188 	1861 	1379
f 1393 	1871 	1391
f 1871 	1393 	1399
f 1411 	1881 	1409
f 1426 	1896 	1421
f 1432 	1907 	1433
f 1907 	1432 	1435
f 3418 	780 	3420
f 780 	782 	3420
f 1866 	1865 	3420
f 782 	1866 	3420
f 1450 	1922 	1426
f 1923 	1922 	1464
f 1923 	1464 	1926
f 1466 	1926 	1464
f 1469 	1926 	1466
f 788 	789 	3439
f 3451 	3439 	789
f 790 	3464 	789
f 3451 	789 	3464
f 3079 	3124 	3007
f 3027 	3124 	3028
f 3013 	3124 	3014
f 3007 	3124 	3011
f 3012 	3124 	3013
f 3011 	3124 	3012
f 792 	3467 	3464
f 792 	3464 	790
f 3126 	3124 	3079
f 3093 	3090 	3079
f 3467 	792 	3418
f 780 	3418 	792
f 3071 	3079 	3073
f 3070 	3079 	3071
f 3075 	3073 	3079
f 3075 	3079 	3077
f 3075 	3077 	3076
f 1897 	3475 	3477
f 3097 	3079 	3101
f 3103 	3101 	3079
f 3105 	3103 	3079
f 3095 	3079 	3097
f 3189 	3188 	3079
f 3093 	3079 	3095
f 3114 	3111 	3079
f 3070 	3120 	3079
f 3120 	3117 	3079
f 3114 	3079 	3117
f 3111 	3105 	3079
f 3475 	3479 	3481
f 3475 	3481 	3477
f 3479 	3482 	3484
f 3479 	3484 	3481
f 3187 	3079 	3188
f 3186 	3079 	3187
f 3183 	3079 	3186
f 3182 	3079 	3183
f 3181 	3079 	3182
f 3126 	3079 	3181
f 3090 	3189 	3079
f 3532 	3484 	3482
f 129 	1916 	873
f 873 	874 	129
f 3023 	3124 	3024
f 3024 	3124 	3027
f 3014 	3124 	3023
f 870 	871 	1920
f 1920 	3734 	870
f 871 	872 	1920
f 3064 	3051 	3067
f 3061 	3051 	3064
f 3030 	3051 	3061
f 3038 	3067 	3051
f 3054 	3051 	3028
f 3030 	3028 	3051
f 3051 	3050 	3038
f 3050 	3048 	3038
f 3035 	3038 	3048
f 3045 	3041 	3048
f 3035 	3048 	3041
f 3054 	3028 	3124
f 527 	3583 	806
f 1767 	1190 	1769
f 1771 	1769 	1193
f 809 	807 	528
f 3515 	528 	807
f 807 	810 	3515
f 3518 	3515 	810
f 810 	788 	3518
f 3439 	3518 	788
f 3482 	3501 	3532
f 3501 	3533 	3535
f 3501 	3535 	3532
f 3533 	3536 	3538
f 3533 	3538 	3535
f 3536 	3539 	3541
f 3536 	3541 	3538
f 3590 	3541 	3542
f 3539 	3542 	3541
f 3572 	856 	825
f 825 	3576 	3572
f 3576 	825 	827
f 828 	3576 	827
f 3580 	3576 	828
f 829 	3583 	828
f 3580 	828 	3583
f 829 	806 	3583
f 3542 	3552 	3590
f 3552 	3592 	3593
f 3552 	3593 	3590
f 3592 	3594 	3596
f 3592 	3596 	3593
f 3594 	3597 	3600
f 3594 	3600 	3596
f 3597 	3601 	3604
f 3597 	3604 	3600
f 1213 	3604 	3605
f 3601 	3605 	3604
f 851 	3627 	847
f 851 	3630 	3627
f 853 	3630 	851
f 853 	3633 	3630
f 1939 	1480 	1864
f 856 	3633 	853
f 856 	3637 	3633
f 1188 	1190 	1759
f 1767 	1759 	1190
f 1193 	1769 	1190
f 3572 	3637 	856
f 1196 	1771 	1193
f 1213 	3605 	1192
f 527 	806 	809
f 527 	809 	528
f 1773 	1771 	1196
f 2 	113 	3649
f 1774 	1773 	1199
f 2 	3649 	3651
f 2 	3651 	4
f 1199 	1201 	1774
f 1777 	1774 	1201
f 4 	3651 	3652
f 4 	3652 	7
f 3654 	10 	7
f 3654 	7 	3652
f 1201 	1203 	1777
f 1779 	1777 	1203
f 3655 	15 	10
f 3655 	10 	3654
f 1779 	1203 	1781
f 1205 	1781 	1203
f 3674 	15 	3655
f 1890 	1781 	1421
f 3661 	26 	25
f 3661 	25 	3662
f 3663 	29 	26
f 3663 	26 	3661
f 1208 	1788 	1881
f 3664 	34 	29
f 3664 	29 	3663
f 3665 	37 	34
f 3665 	34 	3664
f 1212 	1790 	1208
f 1788 	1208 	1790
f 3668 	41 	37
f 3668 	37 	3665
f 1351 	1792 	1212
f 1790 	1212 	1792
f 3672 	44 	41
f 3672 	41 	3668
f 3673 	47 	44
f 3673 	44 	3672
f 1792 	1351 	1353
f 1792 	1353 	1793
f 1358 	1794 	1353
f 1793 	1353 	1794
f 3674 	56 	15
f 1794 	1358 	1360
f 1794 	1360 	1795
f 3679 	60 	56
f 3679 	56 	3674
f 3683 	62 	60
f 3683 	60 	3679
f 1795 	1360 	1796
f 1362 	1796 	1360
f 62 	3683 	3662
f 62 	3662 	25
f 1798 	1796 	1362
f 69 	3687 	3688
f 69 	3688 	73
f 73 	3688 	3690
f 73 	3690 	77
f 1374 	1857 	1854
f 77 	3690 	3692
f 77 	3692 	82
f 1374 	1376 	1857
f 1859 	1857 	1376
f 82 	3692 	3697
f 82 	3697 	87
f 87 	3697 	3698
f 87 	3698 	93
f 1861 	1859 	1376
f 93 	3698 	3699
f 93 	3699 	94
f 1188 	1759 	1861
f 94 	3699 	3702
f 94 	3702 	99
f 99 	3702 	3705
f 99 	3705 	102
f 1480 	1387 	1864
f 102 	3705 	3707
f 102 	3707 	106
f 1389 	1867 	1387
f 1864 	1387 	1867
f 106 	3707 	3711
f 106 	3711 	109
f 1391 	1869 	1389
f 1867 	1389 	1869
f 109 	3711 	3712
f 109 	3712 	113
f 3712 	3649 	113
f 1391 	1871 	1869
f 1399 	1873 	1871
f 3715 	119 	118
f 3715 	118 	3713
f 1873 	1399 	1874
f 1401 	1874 	1399
f 119 	3715 	3717
f 119 	3717 	122
f 122 	3717 	3719
f 122 	3719 	126
f 1874 	1401 	1877
f 1404 	1877 	1401
f 126 	3719 	130
f 130 	3719 	3725
f 1407 	1878 	1877
f 1407 	1877 	1404
f 130 	3725 	3727
f 130 	3727 	131
f 1878 	1407 	1879
f 1409 	1879 	1407
f 131 	3727 	3729
f 131 	3729 	132
f 132 	3729 	3730
f 132 	3730 	135
f 1409 	1881 	1879
f 3731 	136 	135
f 3731 	135 	3730
f 3733 	138 	136
f 3733 	136 	3731
f 1881 	1411 	1208
f 1920 	1924 	3734
f 3735 	151 	138
f 3735 	138 	3733
f 1205 	1421 	1781
f 67 	3734 	1924
f 3687 	69 	151
f 3687 	151 	3735
f 1896 	1890 	1421
f 47 	3673 	156
f 3739 	156 	3673
f 156 	3739 	165
f 3740 	165 	3739
f 3734 	67 	3738
f 72 	3738 	67
f 3741 	168 	165
f 3741 	165 	3740
f 1907 	1905 	1433
f 75 	3748 	3738
f 3742 	170 	168
f 3742 	168 	3741
f 1435 	1912 	1907
f 3745 	173 	170
f 3745 	170 	3742
f 3746 	179 	173
f 3746 	173 	3745
f 3738 	72 	75
f 1912 	1435 	1914
f 1438 	1914 	1435
f 3747 	182 	179
f 3747 	179 	3746
f 1438 	1442 	1914
f 1915 	1914 	1442
f 3749 	186 	182
f 3749 	182 	3747
f 3752 	188 	186
f 3752 	186 	3749
f 3753 	3748 	75
f 1915 	1442 	1917
f 1443 	1917 	1442
f 3713 	118 	188
f 3713 	188 	3752
f 79 	3753 	75
f 1475 	1934 	1917
f 1475 	1917 	1443
f 1896 	1426 	1922
f 83 	3753 	79
f 3753 	83 	3755
f 1450 	1464 	1922
f 86 	3755 	83
f 86 	3756 	3755
f 1469 	1927 	1926
f 1470 	1929 	1927
f 1470 	1927 	1469
f 86 	108 	3756
f 1470 	1472 	1929
f 1930 	1929 	1472
f 3759 	3756 	108
f 1930 	1472 	1905
f 1433 	1905 	1472
f 1477 	1937 	1475
f 1934 	1475 	1937
f 3762 	3764 	3763
f 3783 	3763 	3764
f 1937 	1477 	1480
f 1937 	1480 	1939
f 3764 	3762 	3766
f 3764 	3766 	3768
f 3768 	3766 	1932
f 3768 	1932 	1957
f 1561 	3808 	3769
f 1561 	3769 	3771
f 1561 	3771 	1563
f 1563 	3771 	3773
f 1563 	3773 	1565
f 120 	3772 	108
f 1565 	3773 	3775
f 1565 	3775 	1570
f 3759 	108 	3772
f 1570 	3775 	3777
f 1570 	3777 	1573
f 1573 	3777 	3779
f 1573 	3779 	1576
f 1576 	3779 	3782
f 1576 	3782 	1578
f 3780 	3783 	3781
f 3796 	3781 	3783
f 1578 	3782 	3784
f 1578 	3784 	1581
f 3785 	1583 	1581
f 3785 	1581 	3784
f 3783 	3780 	3763
f 3786 	1584 	1583
f 3786 	1583 	3785
f 3787 	1591 	1584
f 3787 	1584 	3786
f 3813 	1591 	3787
f 1115 	3772 	120
f 1596 	3789 	3791
f 1596 	3791 	1598
f 3792 	1600 	1598
f 3792 	1598 	3791
f 3793 	1602 	1600
f 3793 	1600 	3792
f 3794 	1650 	1602
f 3794 	1602 	3793
f 1945 	1948 	1299
f 3795 	1651 	1650
f 3795 	1650 	3794
f 3796 	1246 	3790
f 3801 	1652 	1651
f 3801 	1651 	3795
f 3796 	3790 	3781
f 3808 	1657 	1652
f 3808 	1652 	3801
f 3808 	1561 	1657
f 3810 	1669 	1668
f 3810 	1668 	3811
f 3812 	1671 	1669
f 3812 	1669 	3810
f 3822 	1671 	3812
f 3813 	1677 	1591
f 3814 	1679 	1677
f 3814 	1677 	3813
f 1679 	3814 	3811
f 1679 	3811 	1668
f 1671 	3822 	1684
f 3823 	1690 	1684
f 3823 	1684 	3822
f 3824 	1695 	1690
f 3824 	1690 	3823
f 3825 	1698 	1695
f 3825 	1695 	3824
f 3826 	1699 	1698
f 3826 	1698 	3825
f 3827 	1702 	1699
f 3827 	1699 	3826
f 3830 	1704 	1702
f 3830 	1702 	3827
f 3831 	1706 	1704
f 3831 	1704 	3830
f 3832 	1708 	1706
f 3832 	1706 	3831
f 3833 	1714 	1708
f 3833 	1708 	3832
f 3836 	1716 	1714
f 3836 	1714 	3833
f 1716 	3836 	1720
f 3838 	1720 	3836
f 3840 	1723 	1720
f 3840 	1720 	3838
f 3843 	1725 	1723
f 3843 	1723 	3840
f 3845 	1727 	1725
f 3845 	1725 	3843
f 3849 	1728 	1727
f 3849 	1727 	3845
f 3851 	1730 	1728
f 3851 	1728 	3849
f 3854 	1734 	1730
f 3854 	1730 	3851
f 3856 	1744 	1734
f 3856 	1734 	3854
f 3859 	1750 	1744
f 3859 	1744 	3856
f 3860 	1752 	1750
f 3860 	1750 	3859
f 3862 	1755 	1752
f 3862 	1752 	3860
f 3864 	1758 	1755
f 3864 	1755 	3862
f 3866 	1762 	1758
f 3866 	1758 	3864
f 3789 	1596 	1762
f 3789 	1762 	3866
f 3808 	3822 	3769
f 3769 	3822 	3771
f 3771 	3813 	3787
f 3771 	3787 	3786
f 3771 	3786 	3785
f 3771 	3785 	3784
f 3771 	3784 	3782
f 3771 	3782 	3779
f 3771 	3779 	3777
f 3775 	3773 	3777
f 3771 	3777 	3773
f 3793 	3823 	3794
f 3794 	3823 	3795
f 3792 	3823 	3793
f 3795 	3823 	3801
f 3825 	3824 	3791
f 3789 	3831 	3791
f 3801 	3822 	3808
f 3813 	3771 	3814
f 3811 	3814 	3771
f 3792 	3791 	3823
f 3812 	3810 	3771
f 3810 	3811 	3771
f 3822 	3801 	3823
f 3822 	3812 	3771
f 3836 	3833 	3789
f 3833 	3832 	3789
f 3832 	3831 	3789
f 3830 	3791 	3831
f 3827 	3791 	3830
f 3826 	3791 	3827
f 3825 	3791 	3826
f 3838 	3836 	3789
f 3824 	3823 	3791
f 3789 	3866 	3838
f 3866 	3864 	3838
f 3840 	3838 	3864
f 3840 	3864 	3862
f 3840 	3862 	3860
f 3840 	3860 	3859
f 3840 	3859 	3856
f 3840 	3856 	3854
f 3840 	3854 	3851
f 3840 	3851 	3849
f 3840 	3849 	3845
f 3840 	3845 	3843
f 2164 	1974 	1967
f 2164 	1982 	1974
f 2000 	2199 	2001
f 2001 	2199 	2013
f 2227 	2230 	2031
f 2233 	2160 	2039
f 875 	203 	209
f 875 	209 	211
f 282 	927 	217
f 1961 	870 	3734
f 3738 	1961 	3734
f 3748 	3768 	3738
f 3753 	3783 	3748
f 1957 	1961 	3738
f 3755 	3796 	3753
f 3756 	1344 	3755
f 3990 	3989 	1515
f 4000 	3990 	1515
f 927 	282 	284
f 3759 	1757 	3756
f 3783 	3764 	3748
f 3764 	3768 	3748
f 1957 	3738 	3768
f 3989 	3988 	1515
f 294 	933 	284
f 3783 	3753 	3796
f 3772 	1735 	3759
f 3991 	3995 	1526
f 3992 	3991 	1526
f 933 	294 	226
f 1962 	1966 	92
f 3772 	1115 	1441
f 3988 	3992 	1526
f 1526 	1515 	3988
f 1616 	1606 	1280
f 312 	951 	310
f 951 	312 	314
f 3995 	1315 	1606
f 1606 	1526 	3995
f 1280 	1260 	1616
f 1315 	1312 	1606
f 1312 	1280 	1606
f 1672 	1638 	1253
f 1254 	1253 	1638
f 649 	832 	1789
f 832 	819 	1789
f 818 	813 	1801
f 800 	1808 	1801
f 1808 	798 	1815
f 796 	795 	1815
f 210 	215 	790
f 215 	220 	790
f 4000 	1511 	4001
f 4006 	4001 	1511
f 4006 	1511 	4008
f 1515 	1511 	4000
f 4008 	1511 	4011
f 1511 	1823 	4011
f 794 	4011 	1823
f 796 	1815 	798
f 1589 	1692 	2515
f 1692 	1689 	2515
f 1924 	1648 	67
f 1647 	67 	1648
f 342 	986 	341
f 1753 	686 	1948
f 1753 	1948 	1721
f 986 	342 	344
f 98 	97 	75
f 75 	72 	98
f 101 	98 	72
f 4021 	101 	72
f 1647 	1736 	67
f 347 	995 	346
f 1001 	995 	350
f 350 	995 	347
f 3654 	3652 	3672
f 3741 	3740 	3712
f 3712 	3742 	3741
f 3692 	3712 	3697
f 3698 	3697 	3712
f 3699 	3698 	3712
f 3690 	3712 	3692
f 3702 	3699 	3712
f 3688 	3712 	3690
f 3687 	3712 	3688
f 3687 	3735 	3712
f 3705 	3702 	3712
f 3707 	3712 	3711
f 3705 	3712 	3707
f 3712 	3725 	3719
f 3712 	3719 	3717
f 3712 	3717 	3715
f 3712 	3715 	3713
f 3713 	3752 	3712
f 3733 	3712 	3735
f 3731 	3712 	3733
f 3730 	3712 	3731
f 3729 	3712 	3730
f 3727 	3712 	3729
f 3725 	3712 	3727
f 3739 	3712 	3740
f 3752 	3749 	3712
f 3749 	3747 	3712
f 3747 	3746 	3712
f 3746 	3745 	3712
f 3742 	3712 	3745
f 3712 	3672 	3649
f 3651 	3649 	3672
f 3652 	3651 	3672
f 3674 	3672 	3679
f 3683 	3679 	3672
f 3655 	3654 	3672
f 3662 	3683 	3672
f 3673 	3672 	3712
f 3674 	3655 	3672
f 3661 	3662 	3672
f 3661 	3672 	3668
f 3661 	3668 	3665
f 3661 	3665 	3664
f 3661 	3664 	3663
f 3673 	3712 	3739
f 876 	211 	881
f 2570 	2098 	2093
f 2570 	2125 	2098
f 251 	905 	903
f 251 	252 	905
f 2433 	2447 	1021
f 1031 	1104 	1021
f 2592 	2121 	2118
f 1039 	1087 	1031
f 520 	1021 	2447
f 1051 	1223 	1039
f 1087 	1104 	1031
f 2592 	2123 	2121
f 1087 	1039 	1079
f 1157 	3604 	1153
f 3604 	1213 	1153
f 1169 	3596 	1157
f 2131 	2604 	2133
f 3541 	3590 	1787
f 3590 	3593 	1787
f 2133 	2604 	2048
f 939 	303 	943
f 1223 	1051 	1219
f 1079 	1039 	1223
f 1153 	1213 	1051
f 1219 	1051 	1213
f 943 	304 	945
f 1945 	35 	889
f 1299 	35 	1945
f 1986 	2174 	1988
f 3796 	3755 	1346
f 1751 	1757 	3759
f 1988 	2174 	1990
f 1306 	35 	1299
f 1317 	35 	1306
f 1390 	35 	1320
f 1320 	35 	1317
f 890 	882 	1038
f 1346 	3755 	1344
f 1344 	3756 	1757
f 1390 	1398 	35
f 2075 	2188 	1999
f 958 	330 	961
f 1415 	35 	1408
f 1408 	35 	1398
f 2542 	2553 	1797
f 330 	270 	961
f 1751 	3759 	1735
f 1441 	1735 	3772
f 333 	332 	966
f 2199 	2203 	2013
f 1953 	1958 	90
f 90 	520 	1953
f 2447 	1953 	520
f 2433 	1021 	1104
f 2013 	2203 	2014
f 1803 	2491 	1800
f 2014 	2209 	2018
f 2212 	2020 	2209
f 2018 	2209 	2020
f 1958 	1962 	90
f 92 	90 	1962
f 1115 	92 	1966
f 1947 	1115 	1966
f 1441 	1115 	1947
f 2216 	2024 	2212
f 2020 	2212 	2024
f 2404 	3 	2383
f 2418 	3 	2404
f 1001 	333 	966
f 2024 	2216 	2026
f 2227 	2031 	2026
f 2472 	1803 	2469
f 2034 	2031 	2230
f 2481 	1803 	2472
f 2233 	2039 	2230
f 2034 	2230 	2039
f 922 	276 	864
f 2527 	1800 	2525
f 2533 	1800 	2527
f 193 	867 	191
f 864 	191 	867
f 868 	867 	197
f 193 	197 	867
f 2542 	1797 	2533
f 197 	203 	868
f 869 	868 	203
f 2048 	2239 	2049
f 35 	1415 	2553
f 875 	869 	203
f 2559 	35 	2556
f 2241 	2360 	2049
f 211 	876 	875
f 217 	881 	211
f 2051 	2361 	2055
f 2055 	2361 	2056
f 2699 	1 	2696
f 892 	226 	893
f 227 	893 	226
f 2702 	1 	2699
f 2691 	2696 	35
f 234 	896 	893
f 234 	893 	227
f 2064 	2495 	2071
f 2707 	1 	2704
f 896 	234 	898
f 236 	898 	234
f 2495 	2072 	2071
f 236 	237 	898
f 899 	898 	237
f 2717 	1 	2707
f 2498 	2075 	2072
f 243 	903 	237
f 899 	237 	903
f 2075 	2498 	2188
f 243 	251 	903
f 1993 	2178 	2081
f 908 	905 	252
f 2504 	2576 	2081
f 908 	252 	910
f 255 	910 	252
f 2750 	2754 	2374
f 2086 	2085 	2561
f 2370 	2374 	2754
f 2743 	2745 	2374
f 258 	912 	910
f 258 	910 	255
f 2086 	2560 	2088
f 2757 	2370 	2754
f 2760 	2370 	2757
f 258 	262 	912
f 914 	912 	262
f 2564 	2569 	2088
f 2767 	2370 	2760
f 2469 	1925 	2466
f 983 	914 	341
f 2786 	3 	2781
f 276 	922 	270
f 920 	270 	922
f 2789 	3 	2786
f 191 	864 	276
f 2576 	2579 	2106
f 2110 	2106 	2579
f 2795 	3 	2789
f 2777 	2781 	1
f 217 	927 	881
f 2579 	2582 	2110
f 2112 	2110 	2582
f 2817 	3 	2813
f 284 	929 	927
f 2115 	2112 	2582
f 2824 	3 	2820
f 284 	933 	929
f 2590 	2118 	2115
f 2828 	3 	2824
f 2833 	3 	2828
f 226 	892 	933
f 2118 	2590 	2592
f 355 	303 	1013
f 304 	943 	303
f 2561 	2085 	2123
f 2781 	3 	1
f 2813 	3 	2795
f 2820 	3 	2817
f 307 	945 	304
f 1 	2717 	2855
f 2854 	2777 	1
f 2855 	2854 	1
f 310 	949 	307
f 945 	307 	949
f 2128 	2602 	2131
f 951 	949 	310
f 2767 	2466 	2370
f 2370 	2466 	1925
f 2491 	1803 	2481
f 2525 	1800 	2491
f 1925 	2469 	1803
f 2131 	2602 	2604
f 314 	953 	951
f 3 	2833 	2844
f 2844 	2846 	3
f 3 	2846 	2727
f 3 	2727 	2730
f 2745 	2750 	2374
f 2730 	2737 	3
f 2383 	3 	2374
f 2737 	2743 	2374
f 1202 	3 	2418
f 317 	955 	953
f 317 	953 	314
f 1965 	2039 	2160
f 1965 	2160 	1967
f 2163 	1967 	2160
f 317 	325 	955
f 957 	955 	325
f 1038 	888 	1036
f 35 	1034 	888
f 1800 	2533 	1797
f 1415 	1797 	2553
f 2553 	2556 	35
f 35 	2559 	2563
f 35 	2563 	2568
f 35 	2568 	2685
f 2687 	35 	2685
f 2691 	35 	2687
f 35 	2696 	1
f 2704 	1 	2702
f 2164 	1967 	2163
f 957 	325 	958
f 329 	958 	325
f 2166 	1982 	2164
f 3420 	574 	3418
f 2166 	2171 	1982
f 1986 	1982 	2171
f 1865 	576 	3420
f 3418 	597 	3467
f 958 	329 	330
f 390 	392 	3451
f 1986 	2171 	2174
f 920 	961 	270
f 2176 	1990 	2174
f 3464 	526 	3451
f 2176 	2178 	1990
f 1993 	1990 	2178
f 968 	966 	332
f 3467 	526 	3464
f 526 	390 	3451
f 968 	332 	972
f 335 	972 	332
f 3481 	1811 	3477
f 3532 	1802 	3484
f 3484 	1811 	3481
f 336 	973 	972
f 336 	972 	335
f 2000 	1999 	2196
f 2188 	2196 	1999
f 395 	463 	3451
f 463 	471 	3451
f 2000 	2196 	2199
f 973 	336 	975
f 338 	975 	336
f 338 	339 	975
f 978 	975 	339
f 2203 	2207 	2014
f 3538 	3541 	1791
f 1787 	1791 	3541
f 3532 	3535 	1799
f 1006 	978 	352
f 2014 	2207 	2209
f 435 	439 	3518
f 3518 	3439 	435
f 440 	461 	3515
f 262 	341 	914
f 3439 	3451 	433
f 432 	433 	3451
f 986 	983 	341
f 2223 	2026 	2216
f 3596 	1169 	3593
f 3600 	1157 	3596
f 3604 	1157 	3600
f 1169 	1787 	3593
f 344 	988 	986
f 4 	7 	527
f 7 	10 	527
f 988 	344 	990
f 346 	990 	344
f 527 	528 	461
f 528 	3515 	461
f 346 	995 	990
f 3515 	3518 	439
f 3583 	527 	10
f 3 	2737 	2374
f 1001 	350 	333
f 339 	352 	978
f 1006 	352 	353
f 1006 	353 	1010
f 355 	1013 	353
f 1010 	353 	1013
f 939 	1013 	303
f 374 	4326 	4267
f 374 	4267 	4270
f 374 	4270 	381
f 381 	4270 	4272
f 381 	4272 	386
f 4274 	390 	386
f 4274 	386 	4272
f 4275 	392 	390
f 4275 	390 	4274
f 4277 	395 	392
f 4277 	392 	4275
f 4277 	463 	395
f 397 	4278 	4284
f 397 	4284 	398
f 398 	4284 	4295
f 398 	4295 	399
f 399 	4295 	4301
f 399 	4301 	400
f 400 	4301 	4302
f 400 	4302 	403
f 403 	4302 	4310
f 403 	4310 	404
f 404 	4310 	4317
f 404 	4317 	406
f 406 	4317 	4320
f 406 	4320 	407
f 407 	4320 	4322
f 407 	4322 	410
f 410 	4322 	4323
f 410 	4323 	416
f 416 	4323 	4325
f 416 	4325 	419
f 419 	4325 	4326
f 419 	4326 	420
f 420 	4326 	374
f 424 	4392 	4328
f 424 	4328 	4278
f 424 	4278 	397
f 4329 	433 	432
f 4329 	432 	4331
f 4332 	435 	433
f 4332 	433 	4329
f 4333 	439 	435
f 4333 	435 	4332
f 4335 	440 	439
f 4335 	439 	4333
f 4336 	441 	440
f 4336 	440 	4335
f 4337 	446 	441
f 4337 	441 	4336
f 4338 	453 	446
f 4338 	446 	4337
f 4339 	457 	453
f 4339 	453 	4338
f 4343 	463 	4277
f 4344 	471 	463
f 4344 	463 	4343
f 471 	4344 	4331
f 471 	4331 	432
f 457 	4339 	478
f 4347 	478 	4339
f 4349 	480 	478
f 4349 	478 	4347
f 4360 	483 	480
f 4360 	480 	4349
f 4365 	488 	483
f 4365 	483 	4360
f 4367 	493 	488
f 4367 	488 	4365
f 4368 	496 	493
f 4368 	493 	4367
f 4369 	500 	496
f 4369 	496 	4368
f 4372 	503 	500
f 4372 	500 	4369
f 4373 	506 	503
f 4373 	503 	4372
f 4374 	507 	506
f 4374 	506 	4373
f 4376 	508 	507
f 4376 	507 	4374
f 4377 	510 	508
f 4377 	508 	4376
f 510 	4377 	512
f 4379 	512 	4377
f 512 	4379 	4385
f 512 	4385 	514
f 2227 	2026 	2223
f 514 	4385 	4387
f 514 	4387 	515
f 4388 	516 	515
f 4388 	515 	4387
f 4390 	518 	516
f 4390 	516 	4388
f 4392 	519 	518
f 4392 	518 	4390
f 4392 	424 	519
f 2048 	2604 	2239
f 4272 	4270 	4267
f 4277 	4275 	4267
f 4275 	4274 	4267
f 4272 	4267 	4274
f 2241 	2049 	2239
f 2051 	2049 	2360
f 2051 	2360 	2361
f 2362 	2056 	2361
f 4267 	4326 	4310
f 4317 	4310 	4326
f 4302 	4267 	4310
f 4301 	4267 	4302
f 4295 	4267 	4301
f 4284 	4267 	4295
f 4278 	4267 	4284
f 4278 	4328 	4267
f 4320 	4317 	4326
f 4325 	4323 	4326
f 4323 	4322 	4326
f 4322 	4320 	4326
f 2056 	2362 	2059
f 2363 	2059 	2362
f 4392 	4390 	4267
f 4328 	4392 	4267
f 2366 	2062 	2059
f 2366 	2059 	2363
f 2366 	2492 	2062
f 2064 	2062 	2492
f 2064 	2492 	2495
f 4343 	4267 	4344
f 4331 	4344 	4267
f 4277 	4267 	4343
f 4329 	4331 	4267
f 4339 	4338 	4267
f 4338 	4337 	4267
f 4337 	4336 	4267
f 4336 	4335 	4267
f 4335 	4333 	4267
f 4333 	4332 	4267
f 4329 	4267 	4332
f 2497 	2072 	2495
f 2498 	2072 	2497
f 2504 	2081 	2178
f 4349 	4267 	4360
f 4347 	4267 	4349
f 4339 	4267 	4347
f 4365 	4360 	4267
f 4387 	4385 	4267
f 4379 	4377 	4267
f 4377 	4376 	4267
f 4376 	4374 	4267
f 4374 	4373 	4267
f 4373 	4372 	4267
f 4372 	4369 	4267
f 4369 	4368 	4267
f 4368 	4367 	4267
f 4365 	4267 	4367
f 2560 	2086 	2561
f 4379 	4267 	4385
f 4390 	4388 	4267
f 4387 	4267 	4388
f 2564 	2088 	2560
f 2093 	2088 	2569
f 2093 	2569 	2570
f 2598 	2125 	2570
f 2106 	2081 	2576
f 1064 	530 	529
f 2584 	2115 	2582
f 1062 	1064 	529
f 2590 	2115 	2584
f 1064 	535 	530
f 1068 	535 	1064
f 1070 	542 	1068
f 542 	535 	1068
f 78 	542 	1070
f 78 	1070 	2329
f 1115 	616 	92
f 11 	92 	616
f 2593 	2123 	2592
f 2123 	2593 	2561
f 2415 	4440 	549
f 2600 	2128 	2125
f 2600 	2125 	2598
f 4440 	4441 	550
f 4440 	550 	549
f 2128 	2600 	2602
f 555 	550 	4444
f 4441 	4444 	550
f 1138 	1139 	551
f 552 	551 	1139
f 1139 	553 	552
f 1141 	553 	1139
f 1141 	554 	553
f 1142 	554 	1141
f 554 	1142 	529
f 1062 	529 	1142
f 4444 	4445 	555
f 4445 	4469 	556
f 4445 	556 	555
f 4469 	4470 	557
f 4469 	557 	556
f 4470 	4471 	558
f 4470 	558 	557
f 4471 	4472 	558
f 1239 	559 	1237
f 560 	559 	1239
f 1239 	1240 	560
f 561 	560 	1240
f 561 	1240 	562
f 562 	1240 	1245
f 551 	562 	1245
f 1138 	551 	1245
f 4472 	4480 	563
f 4472 	563 	558
f 4480 	4488 	564
f 4480 	564 	563
f 4488 	4489 	565
f 4488 	565 	564
f 4489 	4490 	566
f 4489 	566 	565
f 4490 	4494 	567
f 4490 	567 	566
f 21 	567 	18
f 4494 	18 	567
f 1865 	1293 	569
f 1866 	1293 	1865
f 1296 	570 	569
f 1296 	569 	1293
f 1298 	571 	570
f 570 	1296 	1298
f 571 	1298 	572
f 1302 	572 	1298
f 1305 	573 	572
f 1302 	1305 	572
f 1305 	1237 	573
f 573 	1237 	559
# 2842 faces

g group_0_16448250

usemtl color_16448250
s 0

f 6 	4086 	2796
f 5 	6 	2796
f 9 	5 	2808
f 14 	48 	2278
f 2276 	2278 	48
f 48 	43 	2276
f 19 	18 	4505
f 39 	2276 	43
f 95 	97 	1941
f 91 	103 	2321
f 97 	98 	1941
f 101 	1712 	98
f 103 	107 	1060
f 112 	1059 	107
f 65 	1059 	112
f 1060 	107 	1059
f 681 	682 	115
f 116 	681 	115
f 124 	125 	682
f 141 	2343 	139
f 145 	147 	3433
f 3432 	3433 	147
f 152 	3453 	147
f 153 	3459 	152
f 164 	166 	196
f 207 	195 	166
f 166 	167 	207
f 213 	207 	167
f 140 	219 	167
f 1682 	1775 	1688
f 1678 	1705 	1770
f 161 	600 	160
f 184 	176 	642
f 642 	643 	184
f 643 	326 	175
f 175 	185 	643
f 185 	180 	643
f 641 	642 	178
f 641 	253 	140
f 247 	239 	140
f 172 	184 	643
f 171 	172 	643
f 176 	178 	642
f 462 	455 	164
f 213 	167 	219
f 196 	462 	164
f 195 	196 	166
f 233 	140 	232
f 247 	140 	253
f 242 	316 	643
f 409 	140 	233
f 242 	643 	241
f 240 	241 	643
f 240 	643 	254
f 253 	641 	256
f 254 	643 	257
f 257 	643 	266
f 266 	643 	268
f 268 	643 	273
f 273 	643 	277
f 643 	1768 	277
f 216 	280 	1768
f 280 	277 	1768
f 285 	287 	288
f 285 	288 	289
f 285 	289 	290
f 285 	290 	291
f 285 	291 	293
f 285 	293 	295
f 285 	295 	296
f 285 	296 	298
f 285 	298 	299
f 285 	299 	300
f 285 	300 	301
f 316 	318 	643
f 319 	643 	318
f 322 	323 	643
f 321 	322 	643
f 324 	643 	323
f 320 	321 	643
f 326 	643 	324
f 327 	1016 	326
f 256 	641 	261
f 345 	261 	641
f 178 	345 	641
f 492 	359 	513
f 360 	361 	358
f 357 	358 	361
f 362 	1167 	361
f 363 	1167 	362
f 364 	1167 	363
f 365 	1167 	364
f 366 	1167 	365
f 367 	1167 	366
f 369 	1167 	367
f 1177 	1204 	369
f 377 	379 	375
f 373 	375 	379
f 379 	382 	373
f 382 	383 	373
f 372 	373 	383
f 383 	384 	372
f 370 	372 	384
f 301 	370 	384
f 301 	384 	385
f 301 	385 	387
f 301 	387 	388
f 301 	388 	389
f 301 	389 	285
f 422 	140 	425
f 425 	140 	409
f 221 	140 	422
f 219 	140 	221
f 239 	231 	140
f 231 	232 	140
f 3807 	427 	428
f 3807 	428 	429
f 358 	436 	360
f 604 	161 	459
f 161 	163 	459
f 163 	164 	456
f 455 	456 	164
f 489 	491 	487
f 490 	491 	489
f 491 	492 	487
f 509 	487 	492
f 360 	525 	359
f 494 	1327 	4621
f 509 	492 	511
f 511 	492 	513
f 513 	359 	522
f 522 	359 	523
f 523 	359 	525
f 436 	525 	360
f 534 	545 	533
f 579 	580 	547
f 578 	579 	547
f 536 	544 	534
f 537 	544 	536
f 543 	544 	538
f 539 	543 	538
f 540 	543 	539
f 541 	543 	540
f 537 	538 	544
f 544 	545 	534
f 577 	578 	547
f 547 	548 	577
f 575 	577 	548
f 548 	490 	575
f 489 	575 	490
f 582 	546 	581
f 546 	547 	580
f 581 	546 	580
f 545 	546 	531
f 532 	545 	531
f 582 	531 	546
f 533 	545 	532
f 601 	160 	600
f 4224 	160 	601
f 606 	161 	604
f 600 	161 	605
f 456 	459 	163
f 605 	161 	606
f 633 	760 	631
f 729 	755 	759
f 180 	171 	643
f 629 	654 	628
f 843 	628 	654
f 663 	664 	843
f 843 	844 	663
f 664 	650 	843
f 650 	628 	843
f 124 	683 	671
f 125 	115 	682
f 683 	124 	682
f 684 	696 	683
f 684 	708 	677
f 696 	684 	677
f 671 	683 	696
f 700 	701 	706
f 723 	727 	709
f 710 	723 	709
f 706 	722 	710
f 708 	709 	727
f 723 	710 	722
f 701 	722 	706
f 727 	677 	708
f 759 	760 	635
f 758 	759 	755
f 736 	749 	735
f 749 	750 	735
f 734 	735 	750
f 750 	751 	734
f 733 	734 	738
f 738 	700 	733
f 706 	733 	700
f 749 	736 	747
f 736 	757 	747
f 748 	770 	1168
f 751 	738 	734
f 730 	732 	743
f 769 	746 	758
f 757 	758 	746
f 755 	769 	758
f 635 	729 	759
f 761 	631 	760
f 633 	635 	760
f 743 	742 	730
f 746 	747 	757
f 771 	1082 	1152
f 770 	771 	1168
f 1082 	1083 	1152
f 654 	629 	761
f 631 	761 	629
f 783 	791 	3907
f 3907 	3901 	783
f 775 	783 	3901
f 791 	793 	777
f 777 	3907 	791
f 4008 	4011 	778
f 4006 	4008 	778
f 779 	4006 	778
f 776 	777 	793
f 797 	799 	776
f 793 	797 	776
f 785 	786 	796
f 805 	784 	800
f 784 	785 	798
f 801 	781 	799
f 803 	804 	813
f 800 	811 	805
f 808 	781 	801
f 811 	813 	804
f 804 	805 	811
f 798 	800 	784
f 796 	798 	785
f 812 	3936 	808
f 802 	803 	813
f 819 	832 	823
f 813 	814 	802
f 822 	823 	832
f 1026 	1042 	820
f 821 	822 	833
f 832 	833 	822
f 1018 	1020 	1002
f 1002 	3393 	1018
f 823 	824 	819
f 815 	819 	824
f 824 	802 	815
f 814 	815 	802
f 833 	834 	821
f 846 	821 	834
f 836 	651 	845
f 651 	652 	845
f 844 	845 	652
f 652 	663 	844
f 834 	835 	846
f 835 	836 	846
f 845 	846 	836
f 884 	885 	895
f 894 	895 	885
f 885 	886 	894
f 879 	894 	886
f 887 	460 	886
f 443 	460 	485
f 880 	884 	895
f 883 	884 	880
f 934 	980 	932
f 932 	981 	931
f 937 	1100 	936
f 831 	1047 	830
f 1090 	1092 	962
f 1043 	1044 	816
f 954 	1046 	831
f 1054 	1056 	1210
f 1042 	1043 	817
f 816 	817 	1043
f 1056 	1058 	1210
f 1058 	1061 	1210
f 1017 	1018 	3393
f 981 	932 	980
f 982 	4545 	1075
f 1136 	1016 	1586
f 993 	1136 	1587
f 993 	1587 	992
f 1350 	1007 	998
f 998 	1003 	996
f 3393 	3394 	1017
f 992 	996 	1003
f 1014 	1101 	1005
f 1005 	931 	981
f 1003 	998 	1007
f 1350 	1530 	1007
f 175 	326 	174
f 174 	326 	1016
f 826 	979 	1023
f 1023 	1024 	826
f 820 	826 	1024
f 1026 	820 	1024
f 817 	820 	1042
f 1022 	1023 	979
f 989 	1002 	1020
f 936 	1100 	1014
f 1045 	967 	1044
f 967 	816 	1044
f 1046 	954 	1045
f 1047 	831 	1046
f 1048 	3905 	1047
f 960 	967 	1045
f 960 	1045 	954
f 1209 	1210 	1061
f 1061 	4491 	1209
f 4491 	4492 	1209
f 2321 	103 	1060
f 65 	68 	1059
f 1057 	1059 	68
f 1078 	1195 	1076
f 1055 	1057 	1094
f 68 	1094 	1057
f 1094 	1102 	1055
f 2167 	2168 	1081
f 1140 	1151 	1084
f 1084 	1085 	1140
f 1091 	1140 	1085
f 1086 	1091 	1085
f 1086 	1181 	1091
f 1083 	1084 	1151
f 1151 	1152 	1083
f 1112 	1055 	1102
f 1098 	952 	1097
f 1093 	1096 	952
f 1097 	952 	1096
f 1099 	952 	1098
f 1092 	1093 	952
f 1100 	937 	1099
f 952 	962 	1092
f 931 	1005 	1101
f 1101 	1014 	1100
f 952 	1099 	937
f 1116 	1127 	1112
f 1154 	1125 	1116
f 1055 	1112 	1127
f 1127 	1116 	1125
f 1125 	1154 	1124
f 1122 	1124 	1155
f 1137 	641 	140
f 1152 	1168 	771
f 1137 	1135 	642
f 1137 	642 	641
f 1135 	1134 	643
f 1135 	643 	642
f 1155 	1124 	1154
f 1155 	1158 	1122
f 1122 	1158 	1162
f 1165 	1160 	1161
f 1165 	1161 	1164
f 1167 	369 	1204
f 357 	361 	1167
f 731 	730 	742
f 1165 	1166 	1160
f 1177 	1173 	1166
f 1173 	1160 	1166
f 1179 	1531 	1184
f 1250 	1186 	1183
f 1182 	1183 	1186
f 1185 	1250 	1183
f 1187 	1089 	1182
f 1181 	1182 	1089
f 1184 	1531 	1161
f 3607 	3608 	3605
f 1195 	1078 	3610
f 843 	654 	3610
f 1195 	3610 	654
f 1166 	1204 	1177
f 1089 	1091 	1181
f 1088 	1090 	971
f 1211 	1088 	971
f 971 	1054 	1211
f 1210 	1211 	1054
f 962 	970 	1090
f 970 	971 	1090
f 1215 	3610 	1220
f 1175 	1220 	3610
f 1218 	1243 	1214
f 1185 	1214 	1243
f 1251 	1253 	1232
f 1234 	1251 	1232
f 1122 	1162 	1234
f 1231 	1232 	1253
f 1235 	1234 	1162
f 1251 	1234 	1235
f 1250 	1185 	1243
f 1186 	1187 	1182
f 1253 	1254 	1231
f 1230 	1231 	1254
f 1254 	1257 	1230
f 1264 	1277 	2480
f 1277 	1278 	2480
f 1278 	1291 	2480
f 1267 	1282 	1266
f 1316 	1331 	1282
f 2770 	1403 	1282
f 1316 	1282 	1267
f 1276 	3781 	1275
f 1247 	1345 	1274
f 1246 	1247 	1274
f 1272 	1263 	1370
f 1286 	1287 	1315
f 1288 	1289 	1260
f 1280 	1312 	1288
f 1312 	1315 	1287
f 1282 	1290 	2770
f 1275 	682 	681
f 1275 	681 	1276
f 1274 	683 	682
f 1274 	682 	1275
f 1260 	1280 	1288
f 1257 	1260 	1289
f 1230 	1257 	1289
f 1287 	1288 	1312
f 1315 	3995 	1286
f 1272 	684 	683
f 1272 	683 	1274
f 1461 	2475 	1460
f 1462 	2475 	1461
f 1449 	1451 	2475
f 2770 	1290 	1301
f 1255 	1256 	2480
f 1269 	1282 	1331
f 1331 	1354 	1269
f 1268 	1269 	1354
f 1256 	1264 	2480
f 1373 	1380 	418
f 1327 	1373 	418
f 1363 	1375 	1268
f 1354 	1363 	1268
f 1228 	1229 	1226
f 1229 	1332 	1226
f 1224 	1226 	1332
f 1332 	1333 	1224
f 1222 	1224 	1333
f 1222 	1333 	1334
f 1263 	1272 	1345
f 1272 	1274 	1345
f 1314 	1268 	1375
f 1318 	1314 	1375
f 1375 	1381 	1318
f 1786 	1785 	1357
f 1355 	1357 	1365
f 1330 	1318 	1381
f 1381 	1218 	1330
f 1365 	1366 	1729
f 1368 	1742 	1366
f 733 	706 	1365
f 405 	418 	1380
f 1227 	1330 	1218
f 684 	1272 	708
f 1370 	708 	1272
f 1368 	709 	708
f 1368 	708 	1370
f 1366 	710 	709
f 1366 	709 	1368
f 1365 	706 	710
f 1365 	710 	1366
f 1388 	1395 	85
f 85 	405 	1388
f 1214 	1227 	1218
f 1395 	1405 	85
f 1494 	1403 	2770
f 1266 	1282 	1403
f 3996 	181 	1413
f 1414 	1428 	2772
f 1427 	3996 	1413
f 2771 	2772 	1431
f 1428 	1431 	2772
f 1439 	1444 	2771
f 1431 	1439 	2771
f 1494 	2770 	1444
f 1446 	1447 	2475
f 1460 	2475 	1459
f 1447 	1449 	2475
f 1459 	2475 	1457
f 1451 	1452 	2475
f 1457 	2475 	1456
f 1454 	2475 	1453
f 1452 	1453 	2475
f 1455 	2475 	1454
f 1456 	2475 	1455
f 1445 	1446 	2475
f 1295 	1445 	2475
f 1294 	1295 	2475
f 2475 	2476 	1294
f 1292 	1294 	2476
f 2771 	1444 	2770
f 1503 	1412 	2772
f 1412 	1414 	2772
f 1502 	1503 	2772
f 2772 	2475 	1502
f 1517 	2770 	1516
f 1525 	2770 	1517
f 1529 	2769 	1525
f 1164 	1161 	1531
f 1530 	1531 	1179
f 1179 	1180 	1530
f 1180 	1532 	1530
f 1532 	1011 	1530
f 1011 	1007 	1530
f 2764 	2766 	2079
f 2079 	2084 	2764
f 1543 	1535 	2766
f 1580 	3129 	1552
f 1536 	2079 	2766
f 1516 	2770 	1550
f 1301 	1550 	2770
f 1553 	1554 	1574
f 1555 	1549 	1554
f 1577 	1580 	1553
f 1577 	1553 	1574
f 1568 	1569 	2113
f 2097 	2113 	1569
f 1574 	1554 	1549
f 1552 	1553 	1580
f 1589 	1590 	1595
f 1587 	1136 	1586
f 1588 	992 	1587
f 996 	992 	1588
f 1586 	1016 	327
f 319 	320 	643
f 1595 	1635 	1594
f 1593 	1594 	1635
f 1635 	1637 	1593
f 1608 	1889 	3397
f 1334 	1335 	1617
f 1335 	1619 	1617
f 1618 	1334 	1617
f 1615 	1617 	1619
f 1222 	1334 	1618
f 1619 	1620 	1615
f 1613 	1615 	1620
f 1620 	1621 	1613
f 1612 	1613 	1621
f 1612 	1621 	1622
f 2104 	1612 	1567
f 2113 	2105 	1568
f 1590 	1635 	1595
f 1597 	1593 	1637
f 1637 	1640 	1597
f 1629 	2257 	1628
f 1628 	2257 	1626
f 1631 	2257 	1630
f 1632 	2257 	1631
f 1633 	2257 	1632
f 1634 	2257 	1633
f 1636 	2257 	1634
f 1816 	2257 	1636
f 1555 	1597 	1640
f 1549 	1555 	1640
f 4508 	1860 	1645
f 1656 	1709 	1681
f 1681 	1683 	1656
f 1655 	1656 	1683
f 1709 	1710 	1647
f 1683 	1689 	1655
f 1654 	1655 	1689
f 1701 	224 	1768
f 1768 	1770 	1701
f 1689 	1692 	1654
f 1686 	4508 	1645
f 1705 	1701 	1770
f 1653 	1654 	1692
f 1687 	4508 	1686
f 1692 	1589 	1653
f 1595 	1653 	1589
f 214 	216 	1768
f 224 	214 	1768
f 1711 	4029 	1710
f 1712 	101 	1711
f 32 	4507 	1724
f 23 	4506 	32
f 1724 	4507 	1687
f 1355 	1365 	1729
f 1370 	1754 	1368
f 1736 	1647 	1710
f 1647 	1648 	1709
f 1648 	1681 	1709
f 1729 	1366 	1742
f 1263 	1754 	1370
f 1731 	1732 	1733
f 1731 	1733 	1737
f 1731 	1737 	1738
f 1731 	1738 	1739
f 1731 	1739 	1740
f 1731 	1740 	1741
f 1731 	1741 	1743
f 1731 	1743 	1745
f 1731 	1745 	1746
f 1731 	1746 	1747
f 1731 	1747 	1748
f 1731 	1748 	1749
f 1742 	1368 	1754
f 3224 	3225 	1763
f 1764 	3224 	1763
f 1765 	3220 	1764
f 1766 	3236 	1765
f 1766 	1768 	643
f 1766 	643 	1134
f 1765 	1770 	1768
f 1765 	1768 	1766
f 1109 	1095 	2168
f 1095 	1081 	2168
f 1764 	1772 	1770
f 1764 	1770 	1765
f 1764 	1763 	1775
f 1764 	1775 	1772
f 1763 	1761 	1778
f 1763 	1778 	1775
f 1761 	1760 	1780
f 1761 	1780 	1778
f 1960 	1956 	1783
f 1784 	1960 	1783
f 1365 	1357 	1785
f 1964 	1784 	1786
f 1785 	1786 	1784
f 1782 	1783 	1956
f 1785 	733 	1365
f 1784 	734 	733
f 1784 	733 	1785
f 1783 	735 	734
f 1783 	734 	1784
f 1782 	736 	735
f 1782 	735 	1783
f 736 	1782 	2172
f 1806 	1749 	1805
f 1807 	1749 	1806
f 1731 	1749 	1807
f 1804 	1805 	1749
f 1809 	1810 	1749
f 1804 	1749 	1810
f 1828 	2257 	1827
f 1829 	2257 	1828
f 1831 	2257 	1829
f 1625 	2257 	1831
f 1848 	2257 	1826
f 1841 	1843 	1840
f 1843 	1844 	1840
f 1839 	1840 	1844
f 1837 	1839 	1844
f 1844 	1845 	1837
f 1749 	1837 	1845
f 1749 	1845 	1847
f 1749 	1847 	1849
f 1852 	1749 	1849
f 1850 	2257 	1848
f 1851 	2257 	1850
f 1853 	2257 	1851
f 1827 	2257 	1853
f 1838 	3407 	1856
f 1643 	1860 	1649
f 1649 	3407 	1838
f 3408 	1876 	3407
f 1643 	1645 	1860
f 3407 	1649 	1860
f 779 	1860 	1863
f 1285 	1863 	4508
f 1860 	4508 	1863
f 1856 	3407 	1876
f 1876 	3408 	1882
f 1891 	3397 	1889
f 1893 	3394 	1892
f 1903 	1749 	1902
f 1901 	1902 	1749
f 1809 	1749 	1903
f 1899 	1901 	1749
f 1852 	1908 	1749
f 1908 	1910 	1749
f 1899 	1749 	1910
f 1906 	1911 	2278
f 1904 	1913 	1911
f 1904 	1911 	1906
f 1989 	1913 	1904
f 1928 	2257 	1921
f 1921 	2257 	1919
f 1940 	2257 	1933
f 1933 	2257 	1928
f 2950 	2951 	1932
f 1932 	3766 	2950
f 137 	2142 	1936
f 1936 	1944 	137
f 1944 	1942 	137
f 1946 	2257 	1940
f 1938 	1941 	2950
f 1780 	137 	1942
f 1780 	1942 	1943
f 1780 	1943 	1955
f 1949 	1778 	1955
f 1938 	1276 	1941
f 1952 	2257 	1946
f 2172 	1950 	1951
f 1694 	1778 	1697
f 1697 	1778 	1949
f 1688 	1775 	1694
f 1826 	2257 	1825
f 2172 	1782 	1950
f 1825 	2257 	1952
f 1931 	1932 	2951
f 1956 	1950 	1782
f 1960 	1784 	1964
f 2520 	1981 	2259
f 1626 	2257 	1625
f 1971 	2226 	1569
f 1981 	2520 	1980
f 1991 	2259 	1981
f 1975 	1971 	1985
f 1569 	1571 	1971
f 1906 	3241 	1904
f 3241 	1983 	1904
f 1983 	3136 	1904
f 3136 	3137 	1904
f 3137 	3141 	1904
f 3088 	3094 	1972
f 1985 	1971 	1987
f 1571 	1994 	1971
f 1973 	1989 	1904
f 1998 	2259 	1991
f 2006 	2258 	1998
f 1972 	1992 	1989
f 1972 	1989 	1973
f 1996 	2009 	1971
f 1994 	1996 	1971
f 1987 	1971 	1997
f 1972 	2019 	1992
f 2053 	2258 	2006
f 2522 	2016 	2520
f 2011 	2022 	1971
f 2009 	2011 	1971
f 1997 	1971 	2012
f 2405 	2368 	2007
f 2008 	2393 	2007
f 3100 	3104 	1972
f 2405 	2007 	2393
f 2058 	2067 	2002
f 2003 	2005 	2369
f 2010 	2019 	1972
f 2008 	2021 	2019
f 2008 	2019 	2010
f 2022 	2035 	1971
f 2025 	1971 	2023
f 2012 	1971 	2025
f 1980 	2520 	2016
f 2007 	2027 	2021
f 2007 	2021 	2008
f 2005 	2033 	2027
f 2005 	2027 	2007
f 2036 	2050 	1971
f 2035 	2036 	1971
f 2023 	1971 	2037
f 2003 	2038 	2033
f 2003 	2033 	2005
f 979 	989 	1022
f 1020 	1022 	989
f 2002 	2042 	2038
f 2002 	2038 	2003
f 157 	2042 	2002
f 2061 	2257 	2053
f 2052 	2065 	1971
f 2050 	2052 	1971
f 2037 	1971 	2054
f 2082 	2162 	2076
f 2054 	1971 	2066
f 2066 	1971 	2065
f 1919 	2257 	2061
f 2090 	2325 	2082
f 1538 	2769 	1529
f 2084 	2092 	2764
f 1535 	1536 	2766
f 2522 	2764 	2092
f 2092 	2015 	2522
f 2090 	2091 	2325
f 3818 	3819 	4422
f 2091 	2103 	2325
f 2103 	2111 	2325
f 2096 	2097 	1569
f 1567 	1568 	2105
f 2105 	2104 	1567
f 2016 	2522 	2015
f 2111 	2120 	2325
f 2313 	2325 	2120
f 1566 	1567 	1612
f 1622 	1566 	1612
f 2899 	2313 	2784
f 2126 	2313 	2120
f 2134 	2313 	2126
f 1971 	1975 	1887
f 1935 	1936 	2142
f 2142 	2143 	1935
f 2132 	1971 	2130
f 2143 	2139 	1935
f 2145 	2313 	2134
f 2140 	2130 	1887
f 1971 	1887 	2130
f 2139 	2140 	1887
f 1887 	1888 	2139
f 1888 	1935 	2139
f 2162 	2082 	2325
f 2155 	2156 	2154
f 2156 	2157 	2154
f 2157 	2158 	2154
f 2153 	2154 	2158
f 2151 	2153 	2158
f 2150 	2151 	2158
f 2158 	2261 	2150
f 2261 	2263 	2150
f 2149 	2150 	2263
f 2168 	2169 	1109
f 4380 	4422 	3819
f 2438 	2161 	2170
f 2172 	1951 	2170
f 1776 	1109 	2169
f 2438 	2170 	1951
f 2167 	1081 	1076
f 736 	2172 	757
f 4422 	4428 	3818
f 4428 	4423 	3818
f 1971 	2204 	2205
f 2132 	2204 	1971
f 2217 	2859 	2215
f 2218 	2859 	2217
f 2219 	2857 	2218
f 2221 	2857 	2219
f 2222 	2847 	2221
f 2096 	1569 	2226
f 2205 	2231 	1971
f 2226 	1971 	2231
f 2248 	3483 	2247
f 2257 	3599 	2256
f 2256 	3726 	2255
f 2258 	2053 	2257
f 2148 	2149 	2263
f 2263 	2264 	2265
f 2258 	2271 	2267
f 2258 	2267 	2259
f 2257 	2274 	2271
f 2257 	2271 	2258
f 2256 	2276 	2274
f 2256 	2274 	2257
f 2255 	2278 	2276
f 2255 	2276 	2256
f 2285 	2144 	137
f 2144 	2142 	137
f 2283 	2285 	137
f 2281 	2282 	3317
f 3291 	3317 	2282
f 2284 	2313 	3289
f 3317 	3319 	2281
f 2278 	2255 	1906
f 2283 	137 	2287
f 137 	2359 	2287
f 2899 	3289 	2313
f 2198 	2270 	3820
f 143 	145 	133
f 2349 	133 	145
f 2270 	4380 	3820
f 2315 	2545 	2312
f 2317 	2359 	137
f 2316 	2317 	137
f 2316 	137 	2323
f 3819 	3820 	4380
f 2323 	137 	2326
f 2326 	137 	2330
f 2330 	137 	2333
f 137 	139 	2341
f 2333 	137 	2337
f 2337 	137 	2341
f 2342 	3354 	2339
f 2341 	139 	2343
f 2347 	2544 	2315
f 141 	143 	2343
f 133 	2343 	143
f 2352 	2381 	2010
f 2353 	2248 	2359
f 2354 	2248 	2353
f 2287 	2359 	2248
f 3478 	3123 	3480
f 3473 	3125 	3476
f 2170 	758 	757
f 2170 	757 	2172
f 2169 	759 	758
f 2169 	758 	2170
f 2168 	760 	759
f 2168 	759 	2169
f 2167 	761 	760
f 2167 	760 	2168
f 2005 	2007 	2368
f 2373 	2057 	2003
f 2057 	2058 	2003
f 2008 	2010 	2381
f 2381 	2393 	2008
f 2397 	2478 	2396
f 2396 	2478 	2395
f 2395 	2478 	2394
f 2398 	2478 	2397
f 2399 	2478 	2398
f 2394 	2478 	2392
f 2392 	2478 	2391
f 2391 	2516 	2390
f 2390 	2516 	2389
f 2389 	2516 	2388
f 2387 	2388 	2534
f 2534 	2535 	2387
f 2400 	2478 	2399
f 2401 	2478 	2400
f 2403 	2478 	2401
f 2369 	2373 	2003
f 2460 	2456 	4410
f 2312 	2545 	2423
f 2415 	2417 	4410
f 1776 	2169 	2161
f 2169 	2170 	2161
f 2321 	1060 	2310
f 2428 	2429 	2430
f 2428 	2430 	2432
f 2428 	2432 	2434
f 2435 	2436 	2709
f 2436 	2437 	2709
f 2437 	2439 	2709
f 2439 	2440 	2709
f 2440 	2441 	2709
f 2441 	2443 	2709
f 2708 	2709 	2443
f 2444 	2708 	2443
f 2445 	2718 	2444
f 2446 	2718 	2445
f 2167 	1076 	1195
f 761 	2167 	654
f 2423 	2310 	2452
f 2310 	4409 	2452
f 1195 	654 	2167
f 2456 	2452 	4409
f 2474 	2502 	2473
f 2478 	2403 	2500
f 2473 	2500 	2403
f 2482 	2391 	2478
f 2310 	1541 	2321
f 2494 	4076 	2484
f 4076 	4019 	2484
f 2486 	2494 	2484
f 2487 	4070 	2486
f 2488 	4070 	2487
f 2489 	4056 	2488
f 2494 	2486 	4070
f 4019 	1309 	2484
f 1309 	1310 	2484
f 2476 	2480 	1291
f 1291 	1292 	2476
f 2772 	2778 	2475
f 153 	2475 	2778
f 2589 	2544 	2348
f 2500 	2473 	2502
f 2589 	2503 	2505
f 2489 	2488 	139
f 2489 	139 	137
f 2488 	2487 	141
f 2488 	141 	139
f 2503 	2589 	2348
f 2487 	2486 	143
f 2487 	143 	141
f 2486 	2484 	145
f 2486 	145 	143
f 2484 	2480 	147
f 2484 	147 	145
f 2514 	2385 	2536
f 2535 	2536 	2386
f 2385 	2386 	2536
f 2386 	2387 	2535
f 2536 	2578 	2514
f 2516 	2391 	2482
f 2534 	2388 	2516
f 2480 	2476 	152
f 2480 	152 	147
f 2476 	2475 	153
f 2476 	153 	152
f 3224 	1764 	2517
f 3225 	3228 	1763
f 1761 	1763 	3228
f 137 	1780 	2489
f 1760 	2489 	1780
f 1134 	1135 	3855
f 2841 	2843 	2977
f 2843 	2671 	2977
f 2537 	2538 	2514
f 2513 	2514 	2538
f 2538 	2539 	2513
f 2512 	2513 	2539
f 2539 	2540 	2512
f 2510 	2511 	2540
f 2540 	2543 	2510
f 2529 	2510 	2543
f 2528 	2529 	2543
f 2545 	2315 	2544
f 2310 	2423 	2545
f 2545 	1541 	2310
f 2544 	1542 	1541
f 2544 	1541 	2545
f 2551 	1134 	2550
f 1542 	2544 	2589
f 2511 	2512 	2540
f 2577 	2741 	2585
f 2648 	2577 	2586
f 2587 	2648 	2586
f 1542 	2589 	1552
f 2002 	2003 	2058
f 2587 	1553 	1552
f 2587 	1552 	2589
f 2578 	2537 	2514
f 2586 	1554 	1553
f 2586 	1553 	2587
f 2596 	2351 	2010
f 2585 	1555 	1554
f 2585 	1554 	2586
f 2351 	2352 	2010
f 2606 	2608 	2605
f 2623 	2608 	2606
f 2608 	2611 	2605
f 2611 	2638 	2605
f 2474 	2605 	2638
f 2613 	2614 	2612
f 2614 	2615 	2612
f 2610 	2612 	2615
f 2615 	2616 	2610
f 2609 	2610 	2616
f 2616 	2848 	2609
f 2623 	2678 	2625
f 2625 	2678 	2627
f 2626 	1134 	2551
f 2671 	2672 	2977
f 2474 	2637 	2506
f 2506 	2502 	2474
f 2637 	2474 	2638
f 3104 	3115 	2010
f 2640 	2682 	2010
f 2639 	2640 	2010
f 2695 	2700 	2654
f 2654 	2660 	2695
f 2682 	2695 	2660
f 2347 	2348 	2544
f 2651 	1766 	2650
f 2648 	2587 	2653
f 2589 	2505 	2587
f 2682 	2660 	2010
f 2668 	2595 	2010
f 2653 	2587 	2505
f 2657 	1766 	2651
f 2656 	2683 	2659
f 2655 	2656 	2659
f 1594 	2661 	2662
f 1594 	2662 	1595
f 2667 	2662 	2665
f 2673 	2724 	2530
f 2668 	2010 	2660
f 2655 	2659 	2669
f 2674 	2669 	2659
f 2595 	2596 	2010
f 2585 	2586 	2577
f 1555 	2585 	1597
f 2676 	1597 	2585
f 2623 	2677 	2678
f 2678 	2693 	2627
f 2675 	1593 	1597
f 2675 	1597 	2676
f 2661 	1594 	1593
f 2661 	1593 	2675
f 2677 	2623 	2680
f 2683 	2680 	2606
f 2623 	2606 	2680
f 2649 	2654 	2700
f 2700 	2917 	2649
f 2643 	2649 	2918
f 2606 	2659 	2683
f 2689 	2719 	2688
f 2719 	2627 	2688
f 2693 	2688 	2627
f 2274 	4203 	2271
f 1911 	1913 	4578
f 2917 	2918 	2649
f 88 	1541 	2705
f 88 	91 	1541
f 2321 	1541 	91
f 2724 	2738 	2530
f 2738 	2747 	2530
f 2532 	2977 	2673
f 2712 	2434 	2711
f 2710 	2711 	2434
f 2434 	2435 	2710
f 2428 	2434 	2712
f 2709 	2710 	2435
f 2713 	2714 	2446
f 2714 	2716 	2446
f 2718 	2446 	2716
f 2708 	2444 	2718
f 2722 	2768 	2728
f 2689 	2720 	2719
f 2720 	2722 	2719
f 2739 	2728 	2768
f 2768 	2761 	2739
f 1134 	2626 	2747
f 2626 	2530 	2747
f 2665 	2662 	2725
f 2725 	2675 	2732
f 2676 	2732 	2675
f 2661 	2675 	2725
f 2676 	2585 	2741
f 2758 	2773 	1134
f 2747 	2758 	1134
f 2719 	2722 	2728
f 2732 	2676 	2741
f 2259 	1998 	2258
f 2520 	2752 	2748
f 2520 	2748 	2522
f 2267 	2752 	2520
f 2267 	2520 	2259
f 2762 	2970 	2739
f 2761 	2762 	2739
f 2776 	2313 	2763
f 2763 	2313 	2145
f 2770 	1525 	2769
f 2769 	1538 	2766
f 1462 	1504 	2475
f 1504 	1502 	2475
f 1543 	2766 	1538
f 2784 	2313 	2776
f 2772 	2771 	2783
f 2772 	2783 	2778
f 2791 	1766 	2782
f 2773 	2782 	1134
f 2771 	2770 	2787
f 2771 	2787 	2783
f 2770 	2769 	2790
f 2770 	2790 	2787
f 2650 	1766 	2791
f 2769 	2766 	2796
f 2769 	2796 	2790
f 2797 	3072 	2794
f 2829 	3072 	2797
f 2802 	2973 	2799
f 2766 	2764 	2808
f 2766 	2808 	2796
f 2806 	2807 	2805
f 2807 	2809 	2805
f 2804 	2805 	2809
f 2809 	2810 	2804
f 2810 	2812 	2804
f 2812 	2814 	2804
f 2814 	2815 	2804
f 2815 	2866 	2804
f 2870 	2871 	2804
f 2871 	2872 	2804
f 2872 	2873 	2804
f 2522 	2748 	2808
f 2522 	2808 	2764
f 2822 	2222 	2821
f 2847 	2222 	2822
f 2224 	3343 	2222
f 2214 	2862 	2826
f 2215 	2862 	2214
f 2799 	2973 	2829
f 2835 	2977 	2834
f 2836 	2977 	2835
f 2837 	2977 	2836
f 2839 	2977 	2837
f 2840 	2977 	2839
f 2841 	2977 	2840
f 2832 	2834 	2977
f 2530 	2532 	2673
f 2857 	2221 	2847
f 2859 	2218 	2857
f 2446 	2609 	2849
f 2850 	2446 	2849
f 2851 	2446 	2850
f 2853 	2446 	2851
f 2713 	2446 	2853
f 2848 	2849 	2609
f 2862 	2215 	2859
f 2864 	4464 	2862
f 2867 	2804 	2866
f 2868 	2804 	2867
f 2869 	2804 	2868
f 2870 	2804 	2869
f 2874 	2875 	2804
f 2875 	3348 	2804
f 3348 	3349 	2804
f 3349 	3351 	2804
f 3351 	3332 	2804
f 2792 	3072 	2884
f 3072 	3053 	2884
f 2883 	2884 	3053
f 2792 	2794 	3072
f 2898 	2919 	3361
f 2881 	3361 	2919
f 3361 	3362 	2898
f 2919 	3336 	2881
f 2889 	2953 	2888
f 2944 	2941 	2894
f 2661 	2725 	2662
f 2895 	2944 	2894
f 2662 	2667 	2895
f 1595 	2662 	1653
f 2895 	1653 	2662
f 2894 	1654 	1653
f 2894 	1653 	2895
f 2893 	1655 	1654
f 2893 	1654 	2894
f 2880 	2881 	3336
f 3336 	3352 	2880
f 2892 	1656 	1655
f 2892 	1655 	2893
f 3289 	3290 	2284
f 1709 	1656 	2892
f 2902 	2903 	2901
f 2900 	2901 	2903
f 2900 	2903 	2904
f 2900 	2904 	2905
f 2900 	2905 	2906
f 2900 	2906 	2908
f 2900 	2908 	2909
f 2900 	2909 	2910
f 2900 	2910 	2911
f 2900 	2911 	2912
f 2900 	2912 	2913
f 2900 	2913 	2914
f 2900 	2914 	2915
f 2878 	2880 	3352
f 2876 	2878 	3352
f 2897 	2876 	3352
f 3352 	3354 	2897
f 2966 	2969 	2930
f 2927 	2930 	2969
f 2930 	2934 	2966
f 2934 	2937 	2966
f 2957 	2966 	2937
f 2937 	2940 	2957
f 2932 	2943 	2933
f 2923 	2946 	2922
f 2659 	2933 	2925
f 2943 	2925 	2933
f 2674 	2659 	2925
f 2940 	2947 	2957
f 2922 	2949 	2928
f 2947 	2681 	2957
f 2928 	2949 	2932
f 2918 	2957 	2681
f 2888 	2953 	2936
f 2892 	2893 	2938
f 2936 	2892 	2938
f 2938 	2893 	2941
f 2944 	2895 	2667
f 2893 	2894 	2941
f 2681 	2641 	2918
f 3063 	2945 	2946
f 2943 	2932 	2949
f 2949 	2922 	2946
f 2641 	2643 	2918
f 2953 	2889 	2952
f 2951 	2952 	1959
f 1959 	1931 	2951
f 2892 	2936 	2953
f 2953 	1709 	2892
f 2924 	2927 	2969
f 2969 	2973 	2924
f 2956 	2967 	2959
f 2955 	2956 	3192
f 2959 	3191 	2956
f 3192 	2956 	3191
f 2952 	1710 	1709
f 2952 	1709 	2953
f 2962 	2965 	2961
f 2960 	2961 	2964
f 2964 	2731 	2960
f 2733 	2960 	2731
f 2970 	2960 	2733
f 2733 	2739 	2970
f 2951 	1711 	1710
f 2951 	1710 	2952
f 2964 	2961 	2965
f 2950 	1712 	1711
f 2950 	1711 	2951
f 2920 	2924 	2973
f 2971 	2958 	2967
f 2958 	2959 	2967
f 2950 	1941 	1712
f 2802 	2920 	2973
f 3034 	3036 	3147
f 3192 	3193 	2983
f 2983 	3193 	2977
f 2263 	2978 	2979
f 2263 	2979 	2980
f 2263 	2980 	2981
f 2263 	2981 	2982
f 2263 	2982 	2984
f 2263 	2984 	2985
f 2263 	2985 	2986
f 2263 	2986 	2987
f 2263 	2987 	2988
f 2263 	2988 	2989
f 2263 	2989 	2990
f 2263 	2990 	2148
f 2991 	2992 	2993
f 2991 	2993 	2994
f 2991 	2994 	2995
f 2991 	2995 	2996
f 2991 	2996 	2997
f 2983 	2955 	3192
f 1963 	2952 	2889
f 1959 	2952 	1963
f 3009 	3010 	3005
f 3006 	3009 	3005
f 3010 	3022 	3004
f 3044 	3009 	3146
f 3022 	3029 	3004
f 3069 	3004 	3029
f 3029 	3060 	3069
f 3003 	3069 	3060
f 3020 	3021 	3019
f 3018 	3019 	3021
f 3021 	2991 	3018
f 3017 	3018 	2991
f 3016 	3017 	2991
f 3015 	3016 	2991
f 3273 	3108 	3119
f 3142 	3091 	3033
f 3033 	3084 	3032
f 3056 	3052 	3039
f 3040 	2945 	3059
f 3063 	3059 	2945
f 3032 	3084 	3043
f 3006 	3146 	3009
f 3043 	3078 	3047
f 3063 	2946 	3066
f 3047 	3078 	3049
f 3078 	3039 	3049
f 2882 	2883 	3053
f 2976 	2829 	2973
f 3055 	3062 	2879
f 2877 	2879 	3062
f 3052 	3049 	3039
f 3056 	3040 	3059
f 3066 	2946 	2923
f 3004 	3005 	3010
f 3053 	3055 	2882
f 3072 	2829 	2976
f 2879 	2882 	3055
f 3039 	3040 	3056
f 3078 	3043 	3084
f 3108 	3109 	3119
f 2010 	1972 	3104
f 3100 	1972 	3094
f 2705 	1542 	3099
f 3115 	3121 	2010
f 3121 	2639 	2010
f 3109 	3278 	3142
f 3142 	3139 	3109
f 3139 	3119 	3109
f 3113 	3470 	3112
f 3125 	3473 	3113
f 3106 	3107 	3112
f 3107 	3273 	3112
f 3119 	3116 	3273
f 2247 	3483 	3123
f 3478 	3476 	3123
f 1542 	2705 	1541
f 3129 	3098 	1552
f 3083 	3085 	3089
f 3089 	3127 	3083
f 3087 	3089 	3085
f 3082 	3083 	3127
f 3127 	3128 	3082
f 3081 	3082 	3128
f 3128 	3205 	3081
f 1542 	1552 	3098
f 3099 	1542 	3098
f 1972 	1973 	3131
f 3131 	3168 	1972
f 2265 	3132 	3133
f 2978 	2263 	3133
f 2265 	3133 	2263
f 3116 	3112 	3273
f 3141 	3144 	1973
f 2276 	4185 	2274
f 3144 	3130 	1973
f 2796 	2808 	5
f 13 	9 	2808
f 4199 	17 	2748
f 2752 	4199 	2748
f 4090 	4089 	2796
f 3130 	3131 	1973
f 2971 	2975 	3147
f 2958 	2971 	3140
f 3147 	3140 	2971
f 2975 	3148 	3147
f 3148 	3034 	3147
f 3146 	3147 	3036
f 3149 	4226 	3158
f 2873 	2874 	2804
f 3416 	3392 	2804
f 3036 	3044 	3146
f 3154 	2991 	3153
f 3152 	3153 	2991
f 3155 	2991 	3154
f 3156 	2991 	3155
f 3157 	2991 	3156
f 2997 	3152 	2991
f 3150 	3197 	4226
f 3158 	4227 	3160
f 3160 	4229 	3161
f 3161 	4231 	3163
f 3088 	1972 	3086
f 3168 	3086 	1972
f 3170 	3199 	3169
f 3172 	3211 	3171
f 3175 	3196 	3174
f 3169 	3199 	3175
f 3669 	3670 	3744
f 3179 	3751 	3178
f 3744 	3176 	3743
f 3184 	3199 	3170
f 3171 	3211 	3185
f 3185 	3212 	3190
f 3194 	3200 	3184
f 3195 	3200 	3194
f 3193 	2830 	2977
f 2830 	2832 	2977
f 2672 	2673 	2977
f 3196 	3175 	3199
f 3190 	3174 	3196
f 4225 	4226 	3197
f 3198 	4251 	3197
f 3200 	4251 	3198
f 3199 	3184 	3200
f 3206 	3207 	3204
f 3203 	3204 	3207
f 3204 	3080 	3206
f 3080 	3081 	3206
f 3205 	3206 	3081
f 3207 	3208 	3203
f 3202 	3203 	3208
f 3208 	3209 	3202
f 3201 	3202 	3209
f 3180 	3201 	3209
f 3179 	3180 	3209
f 3212 	3185 	3211
f 3174 	3190 	3212
f 3214 	3221 	3213
f 3211 	3172 	3210
f 3215 	3221 	3214
f 3210 	3222 	3215
f 3874 	3875 	3858
f 3217 	3878 	3219
f 3239 	1765 	3236
f 3220 	1765 	3239
f 2517 	1764 	3220
f 3219 	4181 	3221
f 3221 	3215 	3222
f 3222 	3210 	3223
f 3223 	3210 	3172
f 3228 	3231 	1761
f 3227 	3723 	3226
f 3232 	3732 	3227
f 3226 	3724 	3229
f 3724 	3888 	3229
f 1906 	3234 	3235
f 3235 	3238 	1906
f 3236 	1766 	2657
f 3241 	1906 	3238
f 3245 	2991 	3244
f 3243 	3244 	2991
f 3246 	2991 	3245
f 3247 	2991 	3246
f 3248 	2991 	3247
f 3249 	2991 	3248
f 3250 	2991 	3249
f 3015 	2991 	3250
f 3157 	3243 	2991
f 3251 	3252 	3253
f 3251 	3253 	3254
f 3251 	3254 	3255
f 3251 	3255 	3257
f 3251 	3257 	3258
f 3251 	3258 	3259
f 3251 	3259 	3260
f 3251 	3260 	3261
f 3251 	3261 	3262
f 3263 	3251 	3262
f 3251 	3312 	3265
f 3084 	3033 	3091
f 1973 	1904 	3141
f 2877 	3062 	3277
f 3283 	3288 	3281
f 3280 	3281 	3288
f 3282 	3283 	3281
f 3288 	3287 	3280
f 3279 	3280 	3287
f 3287 	3284 	3279
f 3091 	3142 	3284
f 3278 	3279 	3142
f 3284 	3142 	3279
f 3291 	2282 	3290
f 2280 	2281 	3319
f 2282 	2284 	3290
f 3296 	3251 	3295
f 3294 	3295 	3251
f 3293 	3294 	3251
f 3297 	3251 	3296
f 3298 	3251 	3297
f 3263 	3293 	3251
f 3377 	3378 	3276
f 3378 	3426 	3276
f 3366 	3377 	3276
f 3275 	3276 	3426
f 3379 	3381 	3345
f 3345 	3342 	3379
f 3308 	3379 	3342
f 3342 	3338 	3308
f 3381 	3383 	3309
f 3311 	3389 	3314
f 3335 	3390 	3332
f 3316 	3318 	3315
f 3313 	3315 	3318
f 3312 	3313 	3318
f 3312 	3318 	3320
f 3312 	3320 	3322
f 3312 	3322 	3324
f 3312 	3324 	3326
f 3312 	3326 	3328
f 3264 	3265 	3312
f 3328 	3264 	3312
f 2279 	2280 	3319
f 3330 	3331 	3325
f 3331 	3333 	3325
f 3327 	3330 	3325
f 3329 	3330 	3327
f 3323 	3325 	3333
f 3333 	3334 	3323
f 3321 	3323 	3334
f 3334 	2279 	3321
f 3319 	3321 	2279
f 3314 	3390 	3335
f 2916 	2897 	3354
f 3338 	3339 	3307
f 3306 	3307 	3339
f 3339 	2965 	3306
f 3341 	2339 	3354
f 3343 	2339 	3341
f 2339 	3343 	2224
f 2821 	2222 	3343
f 3307 	3308 	3338
f 3390 	3391 	2804
f 3332 	3390 	2804
f 3415 	3416 	2804
f 3414 	3415 	2804
f 2342 	2916 	3354
f 2962 	3306 	2965
f 3757 	3758 	3586
f 3364 	3406 	3363
f 3897 	3363 	3406
f 1892 	3394 	1891
f 3365 	3397 	3364
f 1607 	3397 	3365
f 1608 	3397 	1607
f 3368 	3369 	3300
f 3434 	3435 	3303
f 3369 	3520 	3300
f 3426 	3434 	3303
f 3303 	3275 	3426
f 3068 	3366 	3277
f 3276 	3277 	3366
f 3068 	3277 	3062
f 3371 	3251 	3370
f 3372 	3251 	3371
f 3373 	3251 	3372
f 3374 	3251 	3373
f 3375 	3251 	3374
f 3312 	3251 	3375
f 3298 	3370 	3251
f 3427 	3428 	3302
f 3301 	3302 	3368
f 3302 	3303 	3427
f 3435 	3427 	3303
f 3300 	3301 	3368
f 3389 	3311 	3388
f 3385 	3386 	3311
f 3386 	3387 	3311
f 3383 	3385 	3311
f 3388 	3311 	3387
f 3311 	3309 	3383
f 3309 	3310 	3381
f 3390 	3314 	3389
f 3391 	3413 	2804
f 3310 	3345 	3381
f 3233 	3736 	3232
f 3151 	2798 	3163
f 2798 	2800 	3163
f 2040 	1017 	3394
f 1894 	2040 	3394
f 3397 	1891 	3394
f 3897 	2885 	3363
f 1894 	3394 	1893
f 3406 	3364 	3397
f 3758 	3760 	3359
f 3412 	3419 	1760
f 3362 	3363 	2885
f 3359 	3586 	3758
f 3513 	3634 	3402
f 3403 	3512 	3402
f 3634 	3417 	3401
f 3417 	3411 	3401
f 3405 	3778 	3399
f 3422 	3408 	778
f 3404 	3405 	3399
f 3513 	3402 	3512
f 3408 	3407 	779
f 3408 	779 	778
f 3399 	3400 	3404
f 3409 	3404 	3400
f 3412 	1760 	3410
f 3407 	1860 	779
f 3413 	3414 	2804
f 3392 	3165 	2804
f 3165 	3163 	2804
f 2803 	2804 	3163
f 2801 	2803 	3163
f 2800 	2801 	3163
f 3395 	3767 	3419
f 1882 	3408 	1885
f 3422 	1885 	3408
f 3424 	3479 	3423
f 3425 	3482 	3424
f 3423 	1897 	3422
f 3430 	3380 	3302
f 3428 	3429 	3302
f 3382 	3384 	3302
f 3367 	3368 	3302
f 3384 	3367 	3302
f 3425 	3424 	785
f 3425 	785 	784
f 3424 	3423 	786
f 3424 	786 	785
f 3423 	3422 	787
f 3423 	787 	786
f 3433 	3466 	145
f 3466 	2306 	145
f 2306 	2307 	145
f 3380 	3382 	3302
f 3429 	3430 	3302
f 778 	787 	3422
f 3442 	147 	3441
f 3432 	147 	3436
f 3441 	147 	3453
f 3450 	152 	3459
f 3453 	152 	3450
f 3445 	3447 	3444
f 3443 	3444 	3447
f 3440 	3443 	3447
f 3446 	3447 	3445
f 3438 	3440 	3447
f 3448 	3454 	3447
f 3448 	3519 	3454
f 3454 	3455 	3447
f 3455 	3456 	3447
f 3456 	3458 	3447
f 3458 	3460 	3447
f 3460 	3461 	3447
f 3461 	3462 	3447
f 3438 	3447 	3462
f 2307 	2349 	145
f 3106 	3112 	3470
f 3470 	3113 	3471
f 3125 	3123 	3476
f 1885 	3422 	1897
f 3471 	3113 	3473
f 1897 	3423 	3475
f 3475 	3423 	3479
f 3479 	3424 	3482
f 3480 	3123 	3483
f 3483 	2248 	2354
f 3491 	3561 	3490
f 3492 	3561 	3491
f 3489 	3490 	3561
f 3488 	3489 	3561
f 3561 	3562 	3488
f 3487 	3488 	3562
f 3529 	3561 	3493
f 3494 	3529 	3493
f 3495 	3300 	3520
f 3492 	3493 	3561
f 802 	3496 	3498
f 802 	3498 	803
f 3446 	3545 	3447
f 3545 	3546 	3497
f 3482 	3425 	3501
f 3497 	3447 	3545
f 3533 	3501 	3505
f 3506 	3533 	3505
f 3496 	3536 	3498
f 3506 	804 	803
f 3506 	803 	3498
f 3506 	3505 	805
f 3506 	805 	804
f 3505 	3425 	784
f 3505 	784 	805
f 3452 	3517 	3511
f 3511 	3517 	3403
f 3512 	3403 	3517
f 3452 	3454 	3519
f 3517 	3452 	3519
f 3524 	3525 	3494
f 3523 	3524 	3494
f 3527 	3494 	3525
f 3522 	3523 	3494
f 3521 	3522 	3494
f 3494 	3495 	3521
f 3528 	3494 	3527
f 3529 	3494 	3528
f 3520 	3521 	3495
f 3502 	3497 	3546
f 3425 	3505 	3501
f 3506 	3498 	3536
f 3533 	3506 	3536
f 3542 	3539 	3496
f 3536 	3496 	3539
f 3557 	3558 	3552
f 3496 	3557 	3542
f 3554 	3555 	3550
f 3550 	3551 	3554
f 3606 	3554 	3551
f 3551 	3941 	3606
f 3612 	3606 	3941
f 3636 	3612 	3941
f 3549 	3550 	3555
f 3555 	3625 	3549
f 3547 	3548 	3621
f 3621 	3530 	3547
f 3530 	3526 	3547
f 3546 	3547 	3526
f 3592 	3552 	3558
f 3559 	3592 	3558
f 3560 	3594 	3559
f 3560 	821 	846
f 3560 	3559 	822
f 3560 	822 	821
f 3559 	3558 	823
f 3559 	823 	822
f 3558 	3557 	824
f 3558 	824 	823
f 3557 	3496 	802
f 3557 	802 	824
f 3571 	3485 	3565
f 3565 	3566 	3571
f 3570 	3571 	3566
f 3566 	3567 	3570
f 3569 	3570 	3567
f 3568 	3569 	3567
f 3564 	3565 	3485
f 3485 	3486 	3564
f 3486 	3487 	3564
f 3563 	3564 	3487
f 3562 	3563 	3487
f 3231 	3573 	1761
f 3573 	3578 	1761
f 1760 	1761 	3578
f 3410 	1760 	3578
f 3595 	3602 	3994
f 3993 	3994 	3602
f 3659 	3669 	3993
f 3552 	3542 	3557
f 3592 	3559 	3594
f 3594 	3560 	3597
f 3744 	3993 	3669
f 3178 	3754 	3177
f 3599 	2257 	3598
f 3598 	2257 	1816
f 3560 	3607 	3597
f 1192 	3605 	3608
f 3605 	3601 	3607
f 3601 	3597 	3607
f 3623 	3621 	3548
f 3625 	3623 	3548
f 1215 	1191 	3609
f 3608 	3609 	1191
f 3610 	1215 	3609
f 1078 	1175 	3610
f 1191 	1192 	3608
f 1906 	3611 	3613
f 1906 	3613 	3614
f 1906 	3614 	3615
f 3617 	1906 	3616
f 3615 	3616 	1906
f 1906 	3617 	3618
f 1906 	3618 	3619
f 1906 	3619 	3620
f 3620 	3638 	1906
f 3610 	3609 	844
f 3610 	844 	843
f 3526 	3502 	3546
f 3609 	3608 	845
f 3609 	845 	844
f 3608 	3607 	846
f 3608 	846 	845
f 3607 	3560 	846
f 3401 	3402 	3634
f 3411 	3409 	3400
f 3400 	3401 	3411
f 3548 	3549 	3625
f 3638 	3648 	1906
f 3646 	3647 	1906
f 1906 	3639 	3640
f 3640 	3642 	1906
f 3642 	3660 	1906
f 3670 	3684 	3744
f 3639 	1906 	3647
f 3646 	1906 	3648
f 3177 	3743 	3176
f 3176 	3744 	3644
f 3684 	3696 	3744
f 3660 	3666 	1906
f 3234 	1906 	3666
f 3644 	3744 	3643
f 3643 	3744 	3658
f 3658 	3744 	3657
f 1906 	3675 	3676
f 3676 	3691 	1906
f 1906 	3677 	3678
f 3680 	1906 	3678
f 3611 	1906 	3680
f 3696 	3708 	3744
f 3657 	3744 	3667
f 3667 	3744 	3682
f 3677 	1906 	3691
f 3682 	3744 	3681
f 3681 	3744 	3694
f 3694 	3744 	3693
f 3726 	2256 	3718
f 3700 	3701 	2255
f 1906 	2255 	3701
f 3706 	1906 	3701
f 3675 	1906 	3706
f 3693 	3744 	3709
f 3708 	3709 	3744
f 3714 	2256 	3599
f 3718 	2256 	3714
f 1630 	2257 	1629
f 3722 	3227 	3732
f 3720 	3737 	3233
f 3723 	3227 	3722
f 3724 	3226 	3723
f 3398 	3774 	3720
f 3700 	2255 	3726
f 3732 	3232 	3736
f 3736 	3233 	3737
f 3751 	3179 	3750
f 3743 	3177 	3754
f 3602 	3659 	3993
f 3209 	3750 	3179
f 3754 	3178 	3751
f 3829 	3757 	3586
f 3765 	3767 	3396
f 3761 	3765 	3396
f 3396 	3358 	3761
f 2950 	3766 	1938
f 3762 	1938 	3766
f 1760 	3419 	3767
f 3395 	3396 	3767
f 3737 	3720 	3770
f 3770 	3720 	3774
f 3774 	3398 	3776
f 3776 	3398 	3778
f 3398 	3399 	3778
f 1276 	1938 	3763
f 3762 	3763 	1938
f 3780 	1276 	3763
f 3781 	1276 	3780
f 3767 	3788 	1760
f 3790 	1275 	3781
f 1274 	1275 	1246
f 3790 	1246 	1275
f 681 	1941 	1276
f 3798 	3802 	3797
f 3799 	3802 	3798
f 3800 	3802 	3799
f 3803 	3797 	3802
f 3804 	3797 	3803
f 3805 	3797 	3804
f 3806 	429 	3805
f 3807 	429 	3806
f 1134 	2782 	1766
f 140 	3815 	3809
f 3809 	1137 	140
f 2162 	2173 	3820
f 2076 	2162 	3820
f 2067 	2076 	3820
f 3820 	3821 	2067
f 3821 	2002 	2067
f 2368 	2369 	2005
f 2173 	2179 	3820
f 3821 	157 	2002
f 3820 	160 	157
f 3820 	157 	3821
f 3819 	161 	160
f 3819 	160 	3820
f 3818 	163 	161
f 3818 	161 	3819
f 3817 	164 	163
f 3817 	163 	3818
f 3358 	3359 	3761
f 3760 	3761 	3359
f 3828 	3829 	3589
f 3586 	3589 	3829
f 3816 	166 	164
f 3816 	164 	3817
f 3815 	167 	166
f 3815 	166 	3816
f 140 	167 	3815
f 3835 	3894 	3834
f 3871 	3837 	3895
f 3868 	3870 	3815
f 3870 	3879 	3815
f 3834 	3895 	3837
f 3871 	3873 	3837
f 3858 	3839 	3874
f 3809 	3815 	3879
f 3841 	1134 	3855
f 2550 	1134 	3841
f 1137 	3847 	1135
f 3888 	3889 	3229
f 3846 	3842 	3891
f 3230 	3229 	3889
f 3853 	3893 	3835
f 3889 	3891 	3842
f 3855 	1135 	3848
f 3848 	1135 	3847
f 3850 	3846 	3892
f 3839 	3837 	3873
f 3873 	3874 	3839
f 3815 	3816 	3868
f 1137 	3809 	4102
f 3879 	3881 	3809
f 3218 	3861 	3876
f 3875 	3876 	3861
f 3861 	3858 	3875
f 3217 	3218 	3877
f 3877 	3878 	3217
f 3878 	4201 	3219
f 4201 	4178 	3219
f 3881 	4097 	3809
f 4097 	4102 	3809
f 3884 	1137 	3883
f 3887 	1137 	3884
f 3883 	1137 	3882
f 2885 	2886 	3362
f 3887 	3896 	1137
f 3894 	3835 	3893
f 3895 	3834 	3894
f 3892 	3893 	3853
f 3853 	3850 	3892
f 3891 	3892 	3846
f 3842 	3230 	3889
f 2886 	2898 	3362
f 3896 	3899 	1137
f 3899 	3903 	1137
f 3902 	3905 	773
f 1048 	773 	3905
f 773 	774 	3902
f 3903 	3906 	1137
f 3906 	4040 	1137
f 830 	1047 	3905
f 774 	775 	3901
f 3911 	3952 	3909
f 3916 	3918 	3930
f 3938 	3930 	3918
f 3918 	3920 	3938
f 3920 	3922 	3937
f 3635 	3937 	3922
f 2915 	3908 	3910
f 2915 	3910 	3912
f 2915 	3912 	3913
f 2915 	3913 	3915
f 2915 	3915 	3917
f 2915 	3917 	3919
f 2915 	3919 	3921
f 2915 	3921 	3923
f 2915 	3923 	3924
f 2915 	3924 	3925
f 2915 	3925 	2900
f 3901 	3902 	774
f 4493 	4495 	1209
f 4492 	4493 	1209
f 3914 	3916 	3909
f 3930 	3909 	3916
f 3938 	3920 	3937
f 3940 	3945 	3934
f 812 	3940 	3936
f 781 	808 	3936
f 776 	799 	781
f 3945 	3948 	3934
f 3934 	3936 	3940
f 3933 	3934 	3948
f 3948 	772 	3933
f 3937 	3635 	3941
f 3635 	3636 	3941
f 772 	767 	3933
f 768 	4200 	3932
f 3952 	3911 	3951
f 3914 	3909 	3952
f 3953 	3954 	3951
f 3950 	3951 	3954
f 3954 	3974 	3950
f 767 	768 	3932
f 3932 	3933 	767
f 3965 	153 	3964
f 3964 	153 	3963
f 3962 	3963 	153
f 3961 	3962 	153
f 3960 	3961 	153
f 3966 	153 	3965
f 3959 	3960 	153
f 3958 	3959 	153
f 3967 	153 	3966
f 3957 	3958 	153
f 3956 	3957 	153
f 3968 	153 	3967
f 3969 	153 	3968
f 3457 	153 	3969
f 3459 	153 	3457
f 3436 	147 	3442
f 3956 	153 	3955
f 3953 	3951 	3911
f 3949 	3973 	3971
f 3970 	3971 	3973
f 3973 	3949 	3974
f 3949 	3950 	3974
f 3976 	4017 	3975
f 3975 	3987 	3979
f 3979 	3977 	3980
f 3978 	4032 	3980
f 3977 	3978 	3980
f 3984 	3979 	3987
f 3983 	4023 	3976
f 3977 	3979 	3984
f 3985 	4023 	3983
f 3986 	4024 	3985
f 3972 	3970 	3986
f 4000 	779 	3990
f 3992 	1285 	3991
f 3992 	3988 	1285
f 3989 	1863 	3988
f 3589 	3595 	3828
f 3994 	3828 	3595
f 1285 	1286 	3991
f 3995 	3991 	1286
f 85 	1413 	181
f 3996 	4093 	4009
f 1772 	1678 	1770
f 1775 	1682 	1772
f 159 	1678 	1772
f 1778 	1694 	1775
f 1780 	1955 	1778
f 159 	1772 	1682
f 3998 	3805 	3997
f 3999 	3805 	3998
f 3797 	3805 	3999
f 3997 	3805 	429
f 1285 	3988 	1863
f 3990 	1863 	3989
f 4001 	779 	4000
f 787 	778 	4011
f 4006 	779 	4001
f 1863 	3990 	779
f 4093 	1760 	4009
f 4011 	794 	787
f 786 	787 	794
f 794 	795 	786
f 795 	796 	786
f 4177 	4578 	1913
f 1989 	4555 	1913
f 3788 	4004 	1760
f 3987 	3975 	4017
f 3971 	3970 	3972
f 4017 	3976 	4020
f 1310 	1255 	2484
f 2480 	2484 	1255
f 4024 	3986 	3970
f 1941 	98 	1712
f 4021 	1711 	101
f 4020 	3976 	4023
f 4023 	3985 	4024
f 116 	95 	681
f 1941 	681 	95
f 4026 	4027 	1760
f 4005 	4009 	1760
f 4004 	4005 	1760
f 4093 	4026 	1760
f 4027 	4030 	1760
f 2489 	1760 	4030
f 4029 	1711 	4021
f 1736 	1710 	4029
f 4030 	4033 	2489
f 4033 	4039 	2489
f 4039 	4044 	2489
f 4045 	4043 	2783
f 4095 	3982 	2783
f 4042 	2778 	4043
f 4038 	2778 	4037
f 4089 	4084 	2790
f 4038 	4057 	2778
f 3955 	153 	3981
f 3847 	1137 	4040
f 4037 	2778 	4042
f 4044 	4047 	2489
f 4047 	4056 	2489
f 2778 	2783 	4043
f 4046 	4045 	2783
f 4070 	2488 	4056
f 4057 	4058 	2778
f 3981 	153 	4058
f 4066 	4067 	4071
f 4071 	3002 	4066
f 4124 	4071 	4067
f 3002 	3003 	4066
f 4264 	4124 	4067
f 4065 	4066 	3003
f 4261 	4264 	4068
f 4148 	4259 	4068
f 4260 	4261 	4068
f 4067 	4068 	4264
f 3060 	4059 	3003
f 4059 	4061 	3003
f 2778 	4058 	153
f 4048 	2783 	4032
f 4048 	4046 	2783
f 4080 	4095 	2783
f 3982 	3980 	2783
f 2790 	2796 	4089
f 2783 	2787 	4080
f 4079 	4080 	2787
f 4086 	4090 	2796
f 4093 	3996 	4085
f 1427 	4085 	3996
f 1405 	1413 	85
f 4082 	4079 	2787
f 2787 	2790 	4082
f 3882 	1137 	4092
f 4084 	4082 	2790
f 4032 	2783 	3980
f 4092 	1137 	4102
f 3213 	3221 	4103
f 4111 	4112 	4223
f 4110 	4111 	4223
f 4112 	4113 	4223
f 4109 	4110 	4223
f 4113 	4114 	4223
f 4114 	4115 	4223
f 4115 	4116 	4223
f 4221 	4223 	4116
f 4240 	4221 	4116
f 4118 	4240 	4116
f 4119 	4240 	4118
f 4120 	4240 	4119
f 4121 	4258 	4120
f 4122 	4257 	4121
f 4123 	4256 	4122
f 4061 	4062 	3003
f 4127 	4128 	4386
f 4205 	4386 	4128
f 4129 	4130 	3818
f 3816 	3817 	3863
f 3863 	3865 	3816
f 4143 	3863 	3817
f 3817 	3818 	4130
f 4142 	2276 	4141
f 4141 	2276 	4140
f 4139 	4140 	2276
f 4144 	2276 	4142
f 4138 	4139 	2276
f 4145 	2276 	4144
f 4153 	2276 	4145
f 4137 	4138 	2276
f 4154 	2276 	4153
f 3865 	3868 	3816
f 4152 	4159 	4148
f 4147 	4152 	4148
f 4148 	4149 	4147
f 4146 	4147 	4149
f 4146 	4149 	4150
f 4260 	4068 	4259
f 4159 	4259 	4148
f 4156 	2276 	4155
f 4161 	2276 	4156
f 4136 	4137 	2276
f 4135 	4136 	2276
f 4151 	4135 	2276
f 4160 	2276 	4163
f 4158 	2276 	4157
f 4162 	2276 	4161
f 4163 	2276 	4162
f 4157 	2276 	4160
f 4167 	4168 	4176
f 4168 	4169 	4176
f 4169 	4170 	4176
f 4166 	4167 	4176
f 4170 	4171 	4176
f 4171 	4172 	4176
f 4172 	4173 	4176
f 4173 	4174 	4176
f 4174 	4125 	4176
f 4125 	4126 	4176
f 4386 	4175 	4127
f 4165 	4166 	4176
f 4164 	4165 	4176
f 4192 	498 	4176
f 4181 	3219 	4180
f 4182 	3221 	4181
f 3876 	3877 	3218
f 4103 	3221 	4182
f 4179 	4180 	3219
f 4185 	2276 	4186
f 4177 	1913 	4554
f 4578 	4577 	1911
f 4577 	4575 	1911
f 4575 	4576 	1911
f 12 	14 	2278
f 4186 	2276 	4187
f 4189 	2276 	4158
f 4187 	2276 	4188
f 4188 	2276 	4189
f 4549 	4548 	2019
f 4268 	4265 	2038
f 4191 	4268 	2038
f 2038 	2042 	4190
f 157 	4206 	2042
f 160 	4224 	157
f 4191 	2038 	4190
f 4190 	2042 	4206
f 2033 	2038 	4265
f 22 	498 	4192
f 4192 	4195 	22
f 4671 	4151 	2276
f 39 	40 	2276
f 4671 	2276 	40
f 4203 	4198 	2271
f 4194 	2752 	4193
f 4199 	2752 	4194
f 2752 	2267 	4193
f 2267 	2271 	4197
f 4196 	4193 	2267
f 4197 	4196 	2267
f 4184 	2274 	4183
f 17 	13 	2748
f 2808 	2748 	13
f 4178 	4179 	3219
f 4128 	4202 	4205
f 4202 	3931 	4205
f 4200 	4205 	3931
f 3931 	3932 	4200
f 4198 	4197 	2271
f 4203 	2274 	4204
f 4183 	2274 	4185
f 4204 	2274 	4184
f 4207 	4206 	157
f 4210 	4208 	4247
f 4209 	4210 	4247
f 4209 	4247 	4211
f 4212 	4211 	4247
f 4212 	4247 	4213
f 4214 	4213 	4246
f 4215 	4214 	4246
f 157 	4247 	4207
f 4208 	4207 	4247
f 4247 	157 	4217
f 4217 	157 	4218
f 4218 	157 	4222
f 4105 	4106 	4223
f 4223 	4232 	4105
f 4220 	4105 	4232
f 4232 	4233 	4220
f 4222 	157 	4224
f 4226 	4227 	3158
f 4227 	4228 	3160
f 4228 	4229 	3160
f 4229 	4230 	3161
f 4230 	4231 	3161
f 3151 	3163 	4231
f 4219 	4220 	4233
f 4237 	4253 	4236
f 4237 	4238 	4252
f 4239 	4252 	4238
f 4236 	4254 	4235
f 4235 	4256 	4123
f 4106 	4107 	4223
f 4107 	4109 	4223
f 4243 	4620 	4242
f 4242 	4600 	4241
f 4245 	4619 	4244
f 4244 	4619 	4243
f 4241 	4601 	4246
f 4420 	4417 	4246
f 4468 	4420 	4246
f 3149 	3150 	4226
f 4225 	3197 	4251
f 4251 	3200 	3195
f 4249 	4250 	4248
f 4239 	4248 	4250
f 4239 	4250 	4252
f 4253 	4237 	4252
f 4254 	4236 	4253
f 4255 	4235 	4254
f 4269 	4235 	4255
f 4257 	4122 	4256
f 4258 	4121 	4257
f 4063 	4064 	3003
f 4064 	4065 	3003
f 4263 	2019 	4262
f 4266 	4276 	2027
f 4276 	4273 	2027
f 4062 	4063 	3003
f 4256 	4235 	4269
f 2021 	2027 	4273
f 2019 	4271 	4262
f 2019 	2021 	4271
f 4273 	4271 	2021
f 4240 	4120 	4258
f 4283 	4285 	4289
f 4289 	4290 	4283
f 4288 	4289 	4285
f 4290 	4291 	4283
f 4286 	4287 	4285
f 4287 	4288 	4285
f 4291 	4292 	4283
f 4282 	4283 	4292
f 4292 	4296 	4282
f 4296 	4297 	4282
f 4297 	4298 	4282
f 4281 	4282 	4298
f 4298 	4348 	4281
f 4348 	4350 	4281
f 4350 	4351 	4281
f 4219 	4334 	4294
f 4299 	4300 	4294
f 4293 	4294 	4300
f 4321 	4340 	4300
f 4305 	4357 	4304
f 4306 	4357 	4305
f 4307 	4357 	4306
f 4308 	4357 	4307
f 4309 	4357 	4308
f 4311 	4357 	4309
f 4313 	4314 	4357
f 4314 	4315 	4357
f 4315 	4316 	4357
f 4316 	4318 	4357
f 4318 	4319 	4357
f 4304 	4357 	4303
f 4303 	4357 	4319
f 4330 	4334 	4219
f 4234 	4330 	4219
f 4234 	4219 	4233
f 4299 	4294 	4334
f 2027 	2033 	4266
f 4265 	4266 	2033
f 4293 	4300 	4340
f 4321 	4375 	4340
f 4378 	4341 	4340
f 4340 	4341 	4342
f 4342 	4354 	4340
f 4346 	2019 	4345
f 4263 	4345 	2019
f 4366 	4340 	4354
f 4353 	4355 	4280
f 4352 	4353 	4280
f 4279 	4280 	4355
f 4351 	4352 	4280
f 4355 	4356 	4279
f 4150 	4279 	4356
f 4146 	4150 	4356
f 4280 	4281 	4351
f 4361 	4362 	4359
f 4358 	4359 	4362
f 4362 	4363 	4358
f 4357 	4358 	4363
f 4357 	4363 	4364
f 4312 	4313 	4357
f 4364 	4312 	4357
f 4371 	4321 	4370
f 4324 	4370 	4321
f 4378 	4340 	4375
f 4371 	4375 	4321
f 4382 	4478 	4381
f 4346 	4394 	2019
f 4549 	2019 	4384
f 4383 	4384 	2019
f 4548 	4547 	2019
f 1992 	2019 	4547
f 4175 	4176 	4127
f 4381 	4478 	4389
f 4389 	4399 	4391
f 4126 	4127 	4176
f 4391 	4398 	4393
f 4393 	4396 	2019
f 4393 	2019 	4394
f 4395 	22 	4195
f 752 	24 	4395
f 4383 	2019 	4396
f 4382 	4397 	4478
f 4396 	4393 	4398
f 4478 	4479 	4389
f 754 	756 	737
f 752 	753 	24
f 22 	4395 	24
f 4164 	4176 	498
f 756 	743 	732
f 737 	24 	753
f 754 	737 	753
f 732 	737 	756
f 1168 	731 	745
f 745 	748 	1168
f 742 	745 	731
f 4311 	4400 	4401
f 4311 	4401 	4402
f 4311 	4402 	4403
f 4311 	4403 	4404
f 4311 	4404 	4405
f 4311 	4405 	4406
f 4311 	4406 	4407
f 4408 	4311 	4407
f 4412 	4440 	4411
f 4410 	4411 	2415
f 4447 	4444 	4412
f 1055 	4447 	4412
f 4414 	4415 	4327
f 4412 	4411 	1057
f 4412 	1057 	1055
f 4411 	4410 	1059
f 4411 	1059 	1057
f 4410 	4409 	1060
f 4410 	1060 	1059
f 4415 	4370 	4327
f 4409 	2310 	1060
f 4324 	4327 	4370
f 4416 	4216 	4246
f 4216 	4215 	4246
f 4247 	4246 	4213
f 4413 	4414 	4421
f 4421 	4424 	4418
f 4446 	4418 	4424
f 4424 	4433 	4446
f 2179 	2198 	3820
f 4423 	4129 	3818
f 4131 	4143 	3817
f 4443 	4446 	4433
f 4130 	4131 	3817
f 4430 	4536 	4429
f 4429 	4536 	4427
f 4426 	4434 	4509
f 4432 	4546 	4431
f 4427 	4536 	4434
f 1055 	1127 	4447
f 4409 	4410 	2456
f 2417 	2460 	4410
f 4311 	4408 	4435
f 4311 	4435 	4436
f 4311 	4436 	4437
f 4311 	4437 	4438
f 4311 	4438 	4439
f 4311 	4439 	4357
f 2415 	4411 	4440
f 4327 	4421 	4414
f 4440 	4412 	4441
f 4441 	4412 	4444
f 4418 	4419 	4421
f 4450 	4470 	4449
f 4448 	4449 	4469
f 4447 	4448 	4445
f 4419 	4413 	4421
f 4450 	4449 	1124
f 4450 	1124 	1122
f 4449 	4448 	1125
f 4449 	1125 	1124
f 4448 	4447 	1127
f 4448 	1127 	1125
f 4452 	4532 	4451
f 4453 	4532 	4452
f 4461 	4462 	1207
f 1206 	1207 	4462
f 4462 	4463 	1206
f 2864 	1206 	4463
f 4464 	2864 	4463
f 4465 	2862 	4464
f 4466 	2862 	4465
f 4467 	2862 	4466
f 2826 	2862 	4467
f 4445 	4444 	4447
f 4469 	4445 	4448
f 4417 	4416 	4246
f 4470 	4450 	4471
f 4473 	4509 	4481
f 4478 	4397 	4498
f 4398 	4391 	4399
f 4479 	4399 	4389
f 4504 	4494 	4477
f 4477 	4490 	4476
f 4476 	4489 	4475
f 4480 	4474 	4488
f 4475 	4488 	4474
f 4474 	4480 	4472
f 4471 	4450 	4472
f 4469 	4449 	4470
f 4474 	4472 	4450
f 1234 	4474 	4450
f 1234 	4450 	1122
f 4504 	4477 	1230
f 4477 	4476 	1231
f 4477 	1231 	1230
f 4481 	4503 	4482
f 4476 	4475 	1232
f 4476 	1232 	1231
f 4475 	4474 	1234
f 4475 	1234 	1232
f 4482 	4503 	4483
f 4483 	4502 	4484
f 4484 	4502 	4485
f 4485 	4498 	4486
f 4486 	4498 	4487
f 4487 	4498 	4397
f 4488 	4475 	4489
f 4489 	4476 	4490
f 4490 	4477 	4494
f 4496 	4497 	1209
f 4495 	4496 	1209
f 4497 	4499 	1209
f 4500 	1207 	4499
f 1209 	4499 	1207
f 4458 	4459 	1207
f 4459 	4460 	1207
f 4460 	4461 	1207
f 4501 	1207 	4500
f 4456 	1207 	4501
f 4456 	4457 	1207
f 4458 	1207 	4457
f 19 	4505 	23
f 4504 	4505 	18
f 18 	4494 	4504
f 4498 	4485 	4502
f 4473 	4425 	4509
f 4425 	4426 	4509
f 4502 	4483 	4503
f 4506 	23 	4505
f 4507 	32 	4506
f 4508 	1687 	4507
f 4503 	4481 	4509
f 4509 	4434 	4510
f 4508 	4507 	1286
f 4508 	1286 	1285
f 4507 	4506 	1287
f 4507 	1287 	1286
f 4506 	4505 	1288
f 4506 	1288 	1287
f 4505 	4504 	1289
f 4505 	1289 	1288
f 1230 	1289 	4504
f 4516 	4517 	4515
f 4514 	4515 	4517
f 4513 	4514 	4517
f 4512 	4513 	4517
f 4511 	4512 	4517
f 4602 	4603 	4537
f 4539 	4537 	4520
f 4520 	4521 	4539
f 4521 	4529 	4539
f 4534 	4539 	4529
f 4529 	4530 	4534
f 4518 	4534 	4530
f 4523 	4524 	4522
f 4524 	4525 	4522
f 4517 	4522 	4525
f 4517 	4525 	4526
f 4517 	4526 	4527
f 4517 	4527 	4528
f 4366 	4518 	4340
f 4530 	4340 	4518
f 4532 	4536 	4451
f 4533 	4531 	4454
f 4454 	4531 	4453
f 4532 	4453 	4531
f 4454 	4455 	4533
f 4537 	4538 	4602
f 4510 	4434 	4536
f 4430 	4451 	4536
f 4592 	4593 	4589
f 4538 	4588 	4598
f 4598 	4602 	4538
f 4547 	4544 	1992
f 4541 	4574 	1992
f 4574 	4551 	1992
f 4540 	4541 	1992
f 4542 	4540 	1992
f 934 	982 	1075
f 4543 	1075 	4545
f 4546 	4543 	4545
f 4432 	4543 	4546
f 4550 	4431 	4546
f 4431 	4550 	4433
f 4550 	4442 	4433
f 4544 	4542 	1992
f 980 	934 	1075
f 4443 	4433 	4442
f 1989 	4551 	4552
f 4552 	4556 	1989
f 4553 	1913 	4555
f 4554 	1913 	4553
f 4555 	1989 	4556
f 4559 	4517 	4558
f 4560 	4517 	4559
f 4561 	4517 	4560
f 4562 	4517 	4561
f 4511 	4517 	4562
f 4557 	4558 	4517
f 4565 	4566 	4564
f 4566 	4567 	4564
f 4563 	4564 	4567
f 4567 	4568 	4563
f 4568 	4569 	4563
f 4569 	4570 	4563
f 4570 	4571 	4563
f 4571 	4572 	4563
f 3807 	4563 	4572
f 3807 	4572 	4573
f 3807 	4573 	426
f 426 	427 	3807
f 1989 	1992 	4551
f 4576 	4689 	1911
f 4581 	4517 	4580
f 4579 	4580 	4517
f 4582 	4517 	4581
f 4583 	4517 	4582
f 4584 	4517 	4583
f 4585 	4517 	4584
f 4586 	4517 	4585
f 4557 	4517 	4586
f 4528 	4579 	4517
f 4591 	4592 	4608
f 4589 	4608 	4592
f 4590 	4591 	4608
f 4608 	4609 	4590
f 476 	4587 	4609
f 4587 	4590 	4609
f 4593 	4594 	4589
f 4594 	4598 	4588
f 4588 	4589 	4594
f 4603 	4519 	4537
f 4631 	4632 	4604
f 4626 	4631 	4604
f 4632 	4628 	4604
f 4519 	4520 	4537
f 4600 	4242 	4599
f 4601 	4241 	4600
f 4468 	4246 	4601
f 4606 	4607 	4625
f 4624 	4625 	4607
f 4605 	4606 	4625
f 879 	886 	460
f 887 	485 	460
f 4615 	4616 	4613
f 4612 	4613 	4616
f 4614 	4615 	4613
f 4611 	4612 	4616
f 4616 	4617 	4611
f 4610 	4611 	4617
f 4617 	4618 	4610
f 4245 	4610 	4618
f 4245 	4618 	4619
f 4620 	4243 	4619
f 4599 	4242 	4620
f 484 	499 	442
f 485 	484 	442
f 4622 	442 	499
f 4621 	4622 	499
f 499 	495 	4621
f 495 	494 	4621
f 418 	4621 	1327
f 878 	879 	460
f 442 	443 	485
f 4609 	878 	476
f 460 	476 	878
f 1380 	1388 	405
f 4625 	4626 	4605
f 4604 	4605 	4626
f 4597 	4604 	4628
f 4628 	4635 	4597
f 4639 	4634 	4597
f 4455 	4595 	4533
f 4535 	4533 	4595
f 4627 	4535 	4595
f 4630 	4627 	4596
f 4634 	4629 	4596
f 4629 	4630 	4596
f 4595 	4596 	4627
f 4639 	4597 	4638
f 4638 	4597 	4633
f 4636 	4637 	4597
f 4633 	4597 	4637
f 4596 	4597 	4634
f 4635 	4636 	4597
f 4644 	4645 	4670
f 4647 	4670 	4646
f 4646 	4670 	4645
f 4644 	4670 	4643
f 4643 	4670 	4642
f 4642 	4657 	4641
f 4640 	4641 	4658
f 4648 	4669 	4647
f 4649 	4667 	4648
f 4650 	4667 	4649
f 4652 	4642 	4651
f 4653 	4642 	4652
f 4654 	4642 	4653
f 4655 	4642 	4654
f 4656 	4642 	4655
f 4657 	4642 	4656
f 4658 	4641 	4657
f 4607 	4640 	4659
f 4624 	4607 	4659
f 4658 	4659 	4640
f 4662 	4664 	4661
f 4664 	4665 	4661
f 4663 	4664 	4662
f 4660 	4661 	4665
f 4665 	4666 	4660
f 4650 	4660 	4666
f 4650 	4666 	4667
f 4668 	4648 	4667
f 4669 	4648 	4668
f 4670 	4647 	4669
f 4651 	4642 	4670
f 4155 	2276 	4154
f 4673 	4674 	2278
f 4675 	4676 	2278
f 4674 	4675 	2278
f 4677 	4678 	2278
f 4676 	4677 	2278
f 4678 	4679 	2278
f 4679 	4680 	2278
f 4680 	4690 	2278
f 4685 	4686 	2278
f 4682 	4685 	2278
f 4672 	4673 	2278
f 4681 	4682 	2278
f 4683 	4672 	2278
f 4687 	4683 	2278
f 4686 	4687 	2278
f 4684 	4681 	2278
f 2278 	1911 	4688
f 4688 	4684 	2278
f 4689 	4688 	1911
f 4691 	4692 	2278
f 4692 	4694 	2278
f 4694 	4693 	2278
f 31 	27 	2278
f 27 	12 	2278
f 4690 	4691 	2278
f 4693 	31 	2278
# 2767 faces

 #end of obj_0

