# Object Export From Tinkercad Server 2015

mtllib obj.mtl

o obj_0
v -119 		348.842 		3
v -119 		348.842 		0
v -100.902 		497.842 		3
v 36.6001 		427.8152 		5
v -105.503 		497.842 		0
v -83.211 		497.842 		0
v -29.736 		402.668 		0
v -29.497 		466.937 		2
v -29.4619 		466.9325 		2
v -119 		497.842 		0
v -119 		497.842 		3
v -104.575 		489.459 		0
v -32.768 		467.0753 		2
v -29.886 		402.857 		0
v -104.751 		489.545 		0
v -33.211 		460.842 		2
v -38.106 		460.521 		2
v -42.917 		459.564 		2
v -29.586 		402.49 		2
v -104.915 		489.654 		0
v -29.586 		402.49 		0.001
v 36.7008 		427.9305 		5
v 36.7138 		427.9388 		5
v -105.062 		489.784 		0
v -33.1874 		467.093 		2
v -105.192 		489.931 		0
v -29.736 		402.668 		2
v -36.704 		398.381 		2
v -36.8899 		466.9385 		2
v -33.211 		467.094 		2
v -105.301 		490.094 		0
v -36.704 		398.381 		0.001
v -105.388 		490.27 		0
v -36.147 		398.655 		2
v -105.451 		490.456 		0
v -36.344 		398.553 		2
v -29.736 		402.67 		2
v -36.925 		466.937 		2
v -105.49 		490.649 		0
v -29.736 		402.67 		0.001
v -105.503 		490.844 		0
v -40.5867 		466.4682 		2
v -29.886 		402.857 		2
v -105.49 		491.04 		0
v -105.451 		491.233 		0
v -105.388 		491.419 		0
v -40.612 		466.465 		2
v -17.2009 		414.4478 		1.3684
v -44.2229 		465.6868 		2
v -17.2003 		414.4496 		1.4209
v -17.1955 		414.4611 		1.5044
v -17.1863 		414.4834 		1.667
v -105.301 		491.594 		0
v -105.192 		491.758 		0
v -17.2 		414.4504 		1.4455
v -105.062 		491.905 		0
v -104.915 		492.035 		0
v -104.751 		492.144 		0
v 36.5103 		427.621 		7.7148
v -44.245 		465.682 		2
v 36.5086 		427.6081 		5
v 36.5094 		427.6147 		5
v -104.575 		492.23 		0
v -47.7749 		464.6027 		2
v 36.5056 		427.6103 		7.6709
v -103.425 		489.459 		0
v -103.611 		489.396 		0
v -33.211 		473.342 		2
v -37.455 		473.162 		2
v -103.804 		489.357 		0
v -41.669 		472.623 		2
v -45.821 		471.729 		2
v -104 		489.344 		0
v -104.196 		489.357 		0
v -104.389 		489.396 		0
v -102.51 		490.649 		0
v -102.498 		490.844 		0
v -102.549 		490.456 		0
v -102.612 		490.27 		0
v -47.8 		464.595 		2
v -102.699 		490.094 		0
v -49.152 		464.0521 		2
v -102.808 		489.931 		0
v -102.938 		489.784 		0
v -103.085 		489.654 		0
v -103.249 		489.545 		0
v -51.2245 		463.2198 		2
v -30.033 		403.05 		0
v -102.612 		491.419 		0
v -51.249 		463.21 		2
v -102.549 		491.233 		0
v -54.5445 		461.5498 		2
v -102.51 		491.04 		0
v -57.7109 		459.6046 		2
v -55.6962 		460.844 		2
v -104.389 		492.293 		0
v -30.177 		403.25 		0
v -104.196 		492.332 		0
v -104 		492.345 		0
v -54.568 		461.538 		2
v -103.804 		492.332 		0
v -30.304 		403.434 		0
v -103.611 		492.293 		0
v -103.425 		492.23 		0
v -103.249 		492.144 		0
v -103.085 		492.035 		0
v -30.304 		403.436 		0
v -102.938 		491.905 		0
v -102.808 		491.758 		0
v -28.76 		401.634 		0
v -102.699 		491.594 		0
v -58.8688 		458.752 		2
v -58.2605 		459.2013 		2
v -28.932 		401.796 		0
v -29.112 		401.973 		0
v -57.733 		459.591 		2
v 36 		429.093 		5
v -83.213 		421.22 		0
v -83.213 		425.464 		0
v -83.211 		458.752 		0
v -29.268 		402.134 		0
v -49.883 		470.486 		2
v -53.825 		468.903 		2
v -57.618 		466.993 		2
v -61.235 		464.768 		2
v -64.65 		462.244 		2
v -29.431 		402.311 		0
v -29.887 		402.859 		2
v -29.887 		402.859 		0.001
v -30.033 		403.05 		2
v -107.102 		393.34 		0
v 1.13 		423.191 		2
v 1.13 		423.191 		0
v -104.575 		354.454 		0
v -104.751 		354.54 		0
v -104.915 		354.649 		0
v -30.033 		403.052 		2
v -105.062 		354.779 		0
v -30.033 		403.052 		0.001
v -105.192 		354.926 		0
v -105.301 		355.09 		0
v -30.177 		403.25 		2
v -105.388 		355.266 		0
v -41.477 		397.35 		2
v -105.451 		355.451 		0
v -105.49 		355.644 		0
v 16.789 		425.464 		2
v -105.503 		355.84 		0
v 16.789 		425.464 		0
v -105.49 		356.035 		0
v -41.274 		397.35 		2
v -105.451 		356.228 		0
v -30.177 		403.252 		2
v -30.177 		403.252 		0.001
v 35 		430.342 		3
v -105.388 		356.414 		0
v -30.304 		403.434 		2
v -105.301 		356.59 		0
v -105.192 		356.753 		0
v -105.062 		356.9 		0
v 16.431 		416.991 		0
v -104.915 		357.03 		0
v -104.751 		357.139 		0
v -104.575 		357.225 		0
v 16.789 		421.22 		2
v 16.429 		416.991 		2
v 36.9337 		428.031 		3
v -102.612 		355.266 		0
v 16.789 		421.22 		0
v 36.9532 		428.0353 		3
v -102.699 		355.09 		0
v 16.429 		416.991 		0
v -102.808 		354.926 		0
v -30.304 		403.436 		2
v -102.938 		354.779 		0
v 15.713 		412.808 		0
v -103.085 		354.649 		0
v -103.249 		354.54 		0
v 15.711 		412.808 		2
v -103.425 		354.454 		0
v 15.711 		412.808 		0
v -103.611 		354.391 		0
v -18.1256 		412.9003 		2
v -18.1257 		412.9002 		1.9947
v -18.124 		412.9022 		1.9947
v -18.1242 		412.9019 		2
v -103.804 		354.352 		0
v -104 		354.34 		0
v -18.125 		412.901 		2
v 36.6287 		427.8731 		3
v -104.196 		354.352 		0
v -104.389 		354.391 		0
v -102.51 		355.644 		0
v -102.498 		355.84 		0
v -102.549 		355.451 		0
v -17.8389 		413.2711 		0
v -102.549 		356.228 		0
v 1.436 		408.991 		0
v -102.51 		356.035 		0
v -17.772 		413.368 		0
v -17.772 		413.368 		0
v -17.7721 		413.3679 		0
v 36.5027 		427.588 		3
v -17.7721 		413.3679 		0
v -104.389 		357.289 		0
v 1.435 		408.992 		2
v -104.196 		357.327 		0
v 36.5012 		427.5769 		3
v -17.8046 		413.3208 		0
v -104 		357.34 		0
v -17.833 		413.2797 		0
v 1.435 		408.992 		0
v -103.804 		357.327 		0
v -103.611 		357.289 		0
v -17.8387 		413.2714 		0
v -103.425 		357.225 		0
v -103.249 		357.139 		0
v -103.085 		357.03 		0
v -102.938 		356.9 		0
v 36.643 		427.898 		3.5
v -102.808 		356.753 		0
v -102.699 		356.59 		0
v -102.612 		356.414 		0
v -83.211 		354.34 		0
v 36.643 		427.898 		3
v 36.6612 		427.9097 		3
v 14.643 		408.7 		0
v 14.641 		408.701 		2
v -107.102 		396.44 		3
v -107.076 		396.844 		3
v 14.641 		408.701 		0
v -106.997 		397.242 		3
v -106.687 		394.89 		3
v -106.867 		395.253 		3
v -106.997 		395.637 		3
v -107.076 		396.035 		3
v -102.452 		393.755 		3
v -102.816 		393.576 		3
v -103.2 		393.445 		3
v -32.258 		402.448 		0
v -103.598 		393.366 		3
v -104.002 		393.34 		3
v -32.16 		402.63 		0
v -104.407 		393.366 		3
v -104.805 		393.445 		3
v -32.067 		402.814 		0
v -105.189 		393.576 		3
v -105.552 		393.755 		3
v -31.977 		402.998 		0
v -105.89 		393.98 		3
v -106.195 		394.248 		3
v -106.462 		394.552 		3
v -101.008 		397.242 		3
v 37 		419.143 		16.502
v -31.3811 		402.432 		0
v -100.929 		396.844 		3
v -100.902 		396.44 		3
v -31.808 		403.374 		0
v -100.929 		396.035 		3
v -101.008 		395.637 		3
v 43 		419.143 		16.502
v -101.138 		395.253 		3
v -101.318 		394.89 		3
v 43 		417.592 		16.502
v 36 		417.592 		16.502
v -101.543 		394.552 		3
v -101.81 		394.248 		3
v -102.115 		393.98 		3
v -37.846 		397.93 		0
v -106.867 		397.626 		3
v -106.687 		397.99 		3
v -31.89 		403.188 		0
v -37.654 		397.995 		0
v -107.102 		399.54 		3
v -106.462 		398.327 		3
v -37.465 		398.064 		0
v -106.195 		398.632 		3
v -31.808 		403.376 		0
v -31.89 		403.19 		0
v -31.977 		403 		0
v -105.89 		398.899 		3
v -37.267 		398.14 		0
v -105.552 		399.125 		3
v -32.676 		401.752 		0
v -105.189 		399.304 		3
v -17.8389 		413.2711 		0
v -17.9021 		413.184 		0
v -104.805 		399.434 		3
v -37.084 		398.213 		0
v -32.571 		401.915 		0
v -104.407 		399.514 		3
v -104.002 		399.54 		3
v -36.895 		398.294 		0
v -103.598 		399.514 		3
v -32.458 		402.1 		0
v -103.2 		399.434 		3
v -102.816 		399.304 		3
v -32.355 		402.275 		0
v -102.452 		399.125 		3
v -102.115 		398.899 		3
v -101.81 		398.632 		3
v -101.543 		398.327 		3
v -101.318 		397.99 		3
v -101.138 		397.626 		3
v -107.102 		450.244 		3
v -106.687 		448.694 		3
v -106.867 		449.058 		3
v -106.997 		449.442 		3
v -107.076 		449.84 		3
v -102.452 		447.559 		3
v -37.654 		397.998 		0.001
v -102.816 		447.38 		3
v -103.2 		447.25 		3
v -103.598 		447.171 		3
v -104.002 		447.144 		3
v -24.841 		399.4 		0
v -104.407 		447.171 		3
v -104.805 		447.25 		3
v -105.189 		447.38 		3
v -105.552 		447.559 		3
v 36.6958 		418.7552 		9.001
v 36.7055 		418.7518 		9.001
v 36.7234 		418.7404 		9.001
v 36.699 		418.749 		9.001
v -25.079 		399.477 		0
v -105.89 		447.785 		3
v 37 		419.143 		9.0061
v -28.76 		401.634 		2
v -106.195 		448.052 		3
v -106.462 		448.357 		3
v -25.295 		399.552 		0
v -37.846 		397.932 		0.001
v -100.902 		450.244 		3
v -28.76 		401.636 		0.001
v -100.929 		449.84 		3
v -101.008 		449.442 		3
v -25.535 		399.642 		0
v -101.138 		449.058 		3
v -28.76 		401.636 		2
v -101.318 		448.694 		3
v -101.543 		448.357 		3
v -28.932 		401.796 		2
v -101.81 		448.052 		3
v -102.115 		447.785 		3
v -25.757 		399.731 		0
v -107.076 		450.649 		3
v -28.933 		401.798 		0.001
v -106.997 		451.047 		3
v -106.867 		451.431 		3
v -106.687 		451.794 		3
v -37.465 		398.066 		0.001
v -107.102 		453.345 		3
v -106.462 		452.132 		3
v -106.195 		452.436 		3
v -105.89 		452.704 		3
v -17.9416 		413.1296 		0
v -17.9416 		413.1296 		0
v -10.382 		393.591 		2
v -17.9417 		413.1294 		0
v -105.552 		452.929 		3
v -6.694 		396.826 		2
v -17.9417 		413.1294 		0
v -17.9419 		413.1291 		0
v -105.189 		453.109 		3
v -25.977 		399.825 		0
v -104.805 		453.239 		3
v -104.407 		453.318 		3
v -104.002 		453.345 		3
v -59.727 		396.826 		2
v -26.184 		399.92 		0
v -103.598 		453.318 		3
v -56.039 		393.591 		2
v -17.9245 		413.1531 		0
v -103.2 		453.239 		3
v -102.816 		453.109 		3
v -102.452 		452.929 		3
v -17.9423 		413.1287 		0
v -26.394 		400.021 		0
v -102.115 		452.704 		3
v -101.81 		452.436 		3
v -101.543 		452.132 		3
v -101.318 		451.794 		3
v -101.138 		451.431 		3
v -26.62 		400.136 		0
v -101.008 		451.047 		3
v -100.929 		450.649 		3
v -24.635 		399.339 		0
v -104.575 		489.459 		3
v -104.751 		489.545 		3
v -37.266 		398.142 		0.001
v -15.918 		449.335 		2
v -104.915 		489.654 		3
v -105.062 		489.784 		3
v -105.192 		489.931 		3
v -105.301 		490.094 		3
v -27.231 		400.484 		0
v -105.388 		490.27 		3
v -105.451 		490.456 		3
v -105.49 		490.649 		3
v -105.503 		490.844 		3
v -14.461 		455.818 		2
v -105.49 		491.04 		3
v -18.86 		457.988 		2
v -105.451 		491.233 		3
v -105.388 		491.419 		3
v -17.9418 		413.1293 		0
v -27.449 		400.622 		0
v -6.694 		449.859 		2
v -10.382 		453.093 		2
v -105.301 		491.594 		3
v -105.192 		491.758 		3
v -27.635 		400.746 		0
v -105.062 		491.905 		3
v -104.915 		492.035 		3
v -104.751 		492.144 		3
v -47.562 		457.988 		2
v -51.961 		455.818 		2
v -27.825 		400.878 		0
v -56.039 		453.093 		2
v -104.575 		492.23 		3
v -59.727 		449.859 		2
v -3.027 		439.949 		2
v -103.425 		489.459 		3
v -103.611 		489.396 		3
v -103.804 		489.357 		3
v -104 		489.344 		3
v -104.196 		489.357 		3
v -12.968 		437.45 		2
v -104.389 		489.396 		3
v -0.735 		442.092 		2
v -102.498 		490.844 		3
v -102.51 		490.649 		3
v -102.549 		490.456 		3
v -102.612 		490.27 		3
v -3.46 		446.171 		2
v -102.699 		490.094 		3
v -28.023 		401.024 		0
v -102.808 		489.931 		3
v -102.938 		489.784 		3
v -103.085 		489.654 		3
v -28.208 		401.166 		0
v -1.528 		433.908 		2
v -1.5301 		433.9075 		2
v -103.249 		489.545 		3
v -1.53 		433.907 		2
v -17.9419 		413.1291 		0
v -102.612 		491.419 		3
v -37.084 		398.216 		0.001
v -102.549 		491.233 		3
v -102.51 		491.04 		3
v -28.409 		401.329 		0
v -17.9421 		413.1289 		0
v -104.389 		492.293 		3
v -104.196 		492.332 		3
v -4.5545 		433.1469 		2
v -17.9421 		413.1289 		0
v -104 		492.345 		3
v -26.823 		400.246 		0
v -103.804 		492.332 		3
v -3.03 		439.948 		2
v -12.969 		437.449 		2
v -103.611 		492.293 		3
v -17.9638 		413.1013 		0
v -103.425 		492.23 		3
v -103.249 		492.144 		3
v -103.085 		492.035 		3
v -102.938 		491.905 		3
v -27.027 		400.362 		0
v 13.228 		404.698 		0
v -102.808 		491.758 		3
v -102.699 		491.594 		3
v 13.225 		404.699 		2
v 13.225 		404.699 		0
v 11.478 		400.831 		0
v -100.902 		489.344 		3
v 11.476 		400.832 		2
v 11.476 		400.832 		0
v 9.406 		397.125 		0
v 9.404 		397.127 		2
v -83.213 		421.22 		3
v 9.404 		397.127 		0
v -83.213 		425.464 		3
v -33.0509 		425.984 		0
v -28.933 		401.798 		2
v 7.027 		393.609 		0
v -29.112 		401.973 		2
v 36.7053 		418.7519 		9.0061
v -62.963 		446.172 		0
v 7.025 		393.61 		2
v 7.025 		393.61 		0
v -29.112 		401.975 		0.001
v -29.112 		401.975 		2
v -29.268 		402.134 		2
v -29.268 		402.136 		2
v -29.268 		402.136 		0.001
v -62.962 		446.171 		0
v -29.431 		402.311 		2
v -12.596 		468.906 		0
v -54.2957 		439.6816 		0
v -54.2957 		439.6816 		0
v -54.296 		439.683 		0
v -54.2954 		439.6816 		0
v -29.431 		402.313 		2
v -29.431 		402.313 		0.001
v -54.294 		439.682 		0
v -12.597 		468.903 		2
v -12.597 		468.903 		0
v 36.6395 		418.8002 		9.0061
v -53.944 		438.272 		0
v -52.9283 		434.3329 		0
v -52.9371 		434.353 		0
v -52.941 		434.362 		0
v -52.98 		434.462 		0
v -53.016 		434.563 		0
v -53.0391 		434.6389 		0
v -53.1193 		434.9496 		0
v -18.0867 		412.9453 		0
v -18.0868 		412.9452 		0
v -18.0868 		412.9452 		0
v -18.0873 		412.9446 		0
v -36.895 		398.296 		0.001
v 36.5436 		418.9612 		9.0061
v -18.087 		412.9449 		0
v -18.0869 		412.9451 		0
v 36.673 		418.7629 		8.3008
v -52.8554 		434.176 		0
v -52.898 		434.263 		0
v -36.895 		398.294 		2
v -32.067 		402.816 		0.001
v 36.6718 		418.7638 		9.0061
v -36.895 		398.296 		2
v -37.084 		398.213 		2
v 36.7241 		418.74 		8.9878
v -18.0867 		412.9453 		0
v 36.8415 		418.6666 		8.9399
v -18.0814 		412.9521 		0
v -37.084 		398.216 		2
v -17.9423 		413.1287 		0
v -37.267 		398.14 		2
v -53.047 		434.665 		0
v -53.074 		434.767 		0
v -17.9597 		413.1065 		0
v -17.9638 		413.1013 		0
v -17.9658 		413.0988 		0
v 36.7847 		418.7014 		9.004
v -37.266 		398.142 		2
v 36.7791 		418.7049 		9.004
v -37.465 		398.064 		2
v -17.9998 		413.0557 		0
v -8.803 		466.995 		0
v 36.7624 		418.7155 		9.004
v -37.465 		398.066 		2
v -8.804 		466.993 		2
v -32.16 		402.632 		0.001
v -8.804 		466.993 		0
v -37.654 		397.995 		2
v 36.7793 		418.7047 		9.004
v -104.575 		354.454 		3
v -104.751 		354.54 		3
v 36.8401 		418.6671 		9.0061
v -5.186 		464.77 		0
v -104.915 		354.649 		3
v -105.062 		354.779 		3
v 36.7791 		418.7049 		9.0061
v -5.187 		464.768 		2
v -105.192 		354.926 		3
v -37.654 		397.998 		2
v -105.301 		355.09 		3
v -5.187 		464.768 		0
v -32.258 		402.45 		0.001
v -105.388 		355.266 		3
v -37.846 		397.93 		2
v -105.451 		355.451 		3
v -105.49 		355.644 		3
v -1.77 		462.246 		0
v -105.503 		355.84 		3
v -105.49 		356.035 		3
v -105.451 		356.228 		3
v -37.846 		397.932 		2
v -1.772 		462.244 		2
v -1.772 		462.244 		0
v -105.388 		356.414 		3
v -105.301 		356.59 		3
v -105.192 		356.753 		3
v -105.062 		356.9 		3
v -38.846 		397.646 		0
v -104.915 		357.03 		3
v -104.751 		357.139 		3
v -104.575 		357.225 		3
v -38.63 		397.699 		0
v -38.436 		397.751 		0
v -102.612 		355.266 		3
v -102.699 		355.09 		3
v -31.808 		403.374 		2
v -38.236 		397.808 		0
v -102.808 		354.926 		3
v -102.938 		354.779 		3
v -38.057 		397.862 		0
v -103.085 		354.649 		3
v -103.249 		354.54 		3
v -103.425 		354.454 		3
v -31.808 		403.376 		2
v -28.316 		460.523 		0
v -103.611 		354.391 		3
v 36.996 		418.639 		9.0061
v -103.804 		354.352 		3
v -31.89 		403.188 		2
v 36.8813 		418.6541 		9.0061
v -104 		354.34 		3
v -28.316 		460.521 		2
v -104.196 		354.352 		3
v -104.389 		354.391 		3
v -28.316 		460.521 		0
v -102.498 		355.84 		3
v -102.51 		355.644 		3
v -102.549 		355.451 		3
v -31.89 		403.19 		2
v -31.977 		402.998 		2
v -23.505 		459.566 		0
v -102.549 		356.228 		3
v -102.51 		356.035 		3
v -104.389 		357.289 		3
v -23.505 		459.564 		2
v -104.196 		357.327 		3
v -23.505 		459.564 		0
v -104 		357.34 		3
v -31.977 		403 		2
v -103.804 		357.327 		3
v -103.611 		357.289 		3
v -32.067 		402.814 		2
v -103.425 		357.225 		3
v -103.249 		357.139 		3
v -103.085 		357.03 		3
v -102.938 		356.9 		3
v -38.057 		397.864 		0.001
v -102.808 		356.753 		3
v -102.699 		356.59 		3
v -32.067 		402.816 		2
v -102.612 		356.414 		3
v -32.16 		402.63 		2
v -18.0153 		413.036 		0
v -18.0483 		412.9941 		0
v -0.367 		429.231 		2
v -32.16 		402.632 		2
v 36.496 		419.1394 		9.0061
v -10.308 		426.733 		2
v -4.3613 		428.2273 		2
v -32.258 		402.448 		2
v -0.9139 		429.094 		2
v -60.792 		438.05 		0
v 36.5147 		419.055 		9.0061
v -0.369 		429.231 		2
v -8.1322 		432.2478 		2
v -11.469 		431.409 		2
v -32.258 		402.45 		2
v -60.79 		438.049 		0
v -0.3689 		429.2305 		2
v -50.0063 		432.629 		0
v -10.309 		426.732 		2
v -49.875 		432.647 		0
v -50.006 		432.629 		0
v -50.0061 		432.629 		0
v -50.005 		432.628 		0
v -32.355 		402.277 		0.001
v -49.873 		432.646 		0
v -11.47 		431.409 		2
v -50.1391 		432.618 		0
v -50.138 		432.617 		0
v -49.6165 		432.6994 		0
v -49.6177 		432.6991 		0
v -49.6181 		432.699 		0
v -49.745 		432.67 		0
v -49.617 		432.698 		0
v -32.571 		401.917 		0.001
v -49.744 		432.669 		0
v -32.458 		402.102 		0.001
v -38.236 		397.81 		0.001
v -22.1122 		443.3839 		2
v -51.093 		432.721 		0
v -51.194 		432.752 		0
v 36.7832 		418.7083 		5
v -22.846 		446.34 		2
v 36.8442 		418.6711 		5
v 36.8805 		418.6596 		5
v 36.7883 		418.7185 		5
v 36.74 		418.7357 		5
v 36.8089 		418.6942 		7.2811
v 36.75 		418.71 		6.751
v -32.676 		401.754 		0.001
v 36.7202 		418.743 		5.3577
v 36.6941 		418.7528 		5.9344
v -32.355 		402.275 		2
v -83.211 		354.34 		3
v 36.6896 		418.7563 		7.7761
v -32.355 		402.277 		2
v -32.458 		402.1 		2
v -107.076 		396.844 		0.998
v -107.102 		396.44 		0.998
v -106.997 		397.242 		0.998
v -21.7871 		442.0698 		2
v -21.8286 		442.2404 		2
v -21.8578 		442.3581 		2
v -106.687 		394.89 		0.998
v -32.458 		402.102 		2
v -106.867 		395.253 		0.998
v -21.778 		442.0331 		2
v -32.571 		401.915 		2
v -106.997 		395.637 		0.998
v -107.076 		396.035 		0.998
v 36.8629 		418.6583 		8.0525
v -102.452 		393.755 		0.998
v 36.8699 		418.6556 		7.804
v 36.867 		418.656 		7.504
v -32.571 		401.917 		2
v -102.816 		393.576 		0.998
v -21.7616 		441.9665 		2
v 36.867 		418.656 		8.006
v -21.7757 		442.0237 		2
v -38.436 		397.753 		0.001
v -103.2 		393.445 		0.998
v -21.757 		441.942 		2
v -38.63 		397.702 		0.001
v -32.676 		401.752 		2
v -21.7557 		441.9413 		2
v -21.756 		441.943 		2
v -103.598 		393.366 		0.998
v -104.002 		393.34 		0.998
v -104.407 		393.366 		0.998
v -32.676 		401.754 		2
v -104.805 		393.445 		0.998
v 36.9229 		418.6487 		4.096
v -105.189 		393.576 		0.998
v -105.552 		393.755 		0.998
v -105.89 		393.98 		0.998
v -106.195 		394.248 		0.998
v -21.7142 		441.344 		2
v -38.846 		397.649 		0.001
v -21.711 		441.404 		2
v -21.7108 		441.4202 		2
v -106.462 		394.552 		0.998
v -21.727 		441.7577 		2
v -21.728 		441.768 		2
v -21.741 		441.856 		2
v -101.008 		397.242 		0.998
v -100.929 		396.844 		0.998
v -100.902 		396.44 		0.998
v -24.841 		399.4 		2
v -21.71 		441.497 		2
v -21.7114 		441.5615 		2
v -21.7142 		441.6171 		2
v -21.719 		441.679 		2
v -100.929 		396.035 		0.998
v -101.008 		395.637 		0.998
v -101.138 		395.253 		0.998
v 36.5624 		418.8949 		4.5256
v 36.5776 		418.8731 		4.9995
v 36.564 		418.889 		4.127
v -24.842 		399.402 		2
v -101.318 		394.89 		0.998
v -21.712 		441.589 		2
v -101.543 		394.552 		0.998
v -25.079 		399.477 		2
v -101.81 		394.248 		0.998
v -102.115 		393.98 		0.998
v -106.867 		397.626 		0.998
v -25.08 		399.479 		2
v -106.687 		397.99 		0.998
v -25.295 		399.552 		2
v -106.462 		398.327 		0.998
v -106.195 		398.632 		0.998
v -105.89 		398.899 		0.998
v -105.552 		399.125 		0.998
v -25.295 		399.554 		2
v -38.057 		397.862 		2
v -105.189 		399.304 		0.998
v -25.535 		399.642 		2
v -104.805 		399.434 		0.998
v -104.407 		399.514 		0.998
v 36.5781 		418.8725 		4.9746
v -104.002 		399.54 		0.998
v -103.598 		399.514 		0.998
v -38.057 		397.864 		2
v -25.535 		399.644 		2
v -103.2 		399.434 		0.998
v 36.563 		418.889 		5.753
v -102.816 		399.304 		0.998
v -38.236 		397.808 		2
v -102.452 		399.125 		0.998
v -102.115 		398.899 		0.998
v -101.81 		398.632 		0.998
v -101.543 		398.327 		0.998
v -38.236 		397.81 		2
v -101.318 		397.99 		0.998
v -101.138 		397.626 		0.998
v -38.436 		397.751 		2
v -107.102 		450.244 		0.998
v -106.687 		448.694 		0.998
v -106.867 		449.058 		0.998
v -21.715 		441.3285 		2
v -38.436 		397.753 		2
v -106.997 		449.442 		0.998
v -107.076 		449.84 		0.998
v -38.63 		397.699 		2
v -21.716 		441.31 		2
v -102.452 		447.559 		0.998
v -102.816 		447.38 		0.998
v -103.2 		447.25 		0.998
v -38.63 		397.702 		2
v -103.598 		447.171 		0.998
v -104.002 		447.144 		0.998
v -38.846 		397.646 		2
v -104.407 		447.171 		0.998
v -21.8053 		440.832 		2
v -21.7909 		440.8834 		2
v -104.805 		447.25 		0.998
v -105.189 		447.38 		0.998
v -105.552 		447.559 		0.998
v -38.846 		397.649 		2
v -105.89 		447.785 		0.998
v -106.195 		448.052 		0.998
v -28.967 		473.164 		0
v -106.462 		448.357 		0.998
v -28.967 		473.162 		2
v -100.902 		450.244 		0.998
v -100.929 		449.84 		0.998
v -28.967 		473.162 		0
v -101.008 		449.442 		0.998
v -21.7477 		441.0694 		2
v -101.138 		449.058 		0.998
v -21.7331 		441.1599 		2
v -21.726 		441.213 		2
v -21.7241 		441.2309 		2
v -101.318 		448.694 		0.998
v -21.7671 		440.9763 		2
v -24.753 		472.625 		0
v -21.757 		441.021 		2
v -21.7499 		441.057 		2
v -101.543 		448.357 		0.998
v -101.81 		448.052 		0.998
v -24.753 		472.623 		2
v -102.115 		447.785 		0.998
v -24.753 		472.623 		0
v -107.076 		450.649 		0.998
v -106.997 		451.047 		0.998
v -21.7189 		441.2823 		2
v -106.867 		451.431 		0.998
v -20.6 		471.731 		0
v -106.687 		451.794 		0.998
v -21.739 		441.116 		2
v -20.601 		471.729 		2
v -106.462 		452.132 		0.998
v -21.78 		440.922 		2
v -20.601 		471.729 		0
v -106.195 		452.436 		0.998
v 36.9385 		418.6466 		3
v -105.89 		452.704 		0.998
v -105.552 		452.929 		0.998
v -16.538 		470.488 		0
v -105.189 		453.109 		0.998
v -104.805 		453.239 		0.998
v -21.757 		441.019 		2
v -104.407 		453.318 		0.998
v -16.539 		470.486 		2
v -104.002 		453.345 		0.998
v -103.598 		453.318 		0.998
v -16.539 		470.486 		0
v 36.9103 		418.6503 		3
v -103.2 		453.239 		0.998
v 36.8296 		418.7019 		3
v -102.816 		453.109 		0.998
v -102.452 		452.929 		0.998
v -102.115 		452.704 		0.998
v -101.81 		452.436 		0.998
v -101.543 		452.132 		0.998
v 36.6823 		418.7562 		3
v 36.6811 		418.7567 		3
v -101.318 		451.794 		0.998
v -101.138 		451.431 		0.998
v -22.006 		440.362 		2
v -21.9543 		440.4633 		2
v -101.008 		451.047 		0.998
v -33.211 		460.844 		0
v -21.8963 		440.5831 		2
v -21.874 		440.635 		2
v -21.8477 		440.7044 		2
v -100.929 		450.649 		0.998
v 36.5612 		418.8958 		3
v 36.5575 		418.9077 		3
v -21.838 		440.73 		2
v -21.8255 		440.7688 		2
v -42.917 		459.566 		0
v -22.006 		440.361 		2
v 36.5786 		418.8731 		3
v -21.958 		440.45 		2
v -42.917 		459.564 		0
v -21.914 		440.542 		2
v -38.106 		460.523 		0
v -38.106 		460.521 		0
v -21.807 		440.826 		2
v -33.211 		460.842 		0
v 35 		416.342 		5
v -45.822 		471.731 		0
v -24.842 		399.402 		0.001
v -45.821 		471.729 		0
v -25.08 		399.479 		0.001
v -41.669 		472.625 		0
v -39.842 		397.459 		0
v -39.64 		397.49 		0
v -41.669 		472.623 		0
v -25.295 		399.554 		0.001
v -39.439 		397.524 		0
v -39.237 		397.562 		0
v -37.455 		473.164 		0
v 36 		417.592 		5
v -39.038 		397.603 		0
v -37.455 		473.162 		0
v -25.535 		399.644 		0.001
v 35 		416.342 		3
v -33.211 		473.342 		0
v -25.757 		399.731 		2
v -39.841 		397.461 		0.001
v 43 		426.942 		16.502
v 43 		427.992 		17.702
v 43 		429.042 		16.502
v -25.758 		399.733 		2
v 43 		427.543 		16.502
v -25.758 		399.733 		0.001
v 43 		417.642 		16.502
v 43 		418.692 		17.702
v 43 		419.742 		16.502
v -64.652 		462.246 		0
v -25.977 		399.825 		2
v 45.798 		467.842 		4
v 44.798 		467.842 		4
v 45.798 		447.842 		4
v -64.65 		462.244 		0
v -50.273 		432.613 		0
v -50.407 		432.614 		0
v -50.5417 		432.622 		0
v -50.5423 		432.622 		0
v -50.676 		432.636 		0
v -50.7808 		432.651 		0
v -50.7813 		432.6511 		0
v -50.886 		432.671 		0
v -50.9897 		432.6939 		0
v -50.9903 		432.6941 		0
v -61.236 		464.77 		0
v -50.54 		432.621 		0
v -50.406 		432.613 		0
v -50.271 		432.612 		0
v -61.235 		464.768 		0
v -50.675 		432.635 		0
v -57.619 		466.995 		0
v -50.885 		432.67 		0
v -50.78 		432.65 		0
v -39.237 		397.564 		0.001
v -39.439 		397.526 		0.001
v -57.618 		466.993 		0
v -50.989 		432.693 		0
v -25.977 		399.828 		2
v -25.977 		399.828 		0.001
v -53.826 		468.906 		0
v -26.184 		399.92 		2
v -22.306 		439.95 		2
v -53.825 		468.903 		0
v -22.059 		440.273 		2
v -39.038 		397.606 		0.001
v -26.185 		399.922 		2
v -26.185 		399.922 		0.001
v -26.394 		400.021 		2
v -49.884 		470.488 		0
v -26.395 		400.023 		2
v -49.883 		470.486 		0
v -26.395 		400.023 		0.001
v -22.231 		440.0367 		2
v -22.1165 		440.1881 		2
v -22.238 		440.028 		2
v -39.639 		397.492 		0.001
v -26.62 		400.136 		2
v -22.1149 		440.1902 		2
v -22.1146 		440.1906 		2
v -26.621 		400.139 		2
v -26.621 		400.139 		0.001
v -22.2454 		440.0196 		2
v -22.1151 		440.1898 		2
v -56.041 		393.59 		0
v -22.115 		440.188 		2
v -22.175 		440.106 		2
v -24.635 		399.339 		2
v -56.039 		393.591 		0
v -22.239 		440.026 		2
v -24.636 		399.341 		2
v -24.636 		399.341 		0.001
v 44.798 		447.842 		4
v 45.798 		464.595 		4
v 45.795 		464.595 		4
v 45.795 		451.09 		4
v -59.729 		396.824 		0
v 45.795 		464.594 		4
v -27.231 		400.484 		2
v 45.798 		451.089 		4
v -59.727 		396.826 		0
v -39.038 		397.603 		2
v 45.795 		451.089 		4
v -27.231 		400.486 		2
v -27.231 		400.486 		0.001
v 45.798 		464.594 		4
v -22.3783 		439.8758 		2
v -22.375 		439.879 		2
v 45.798 		467.842 		5
v -27.449 		400.622 		2
v -39.038 		397.606 		2
v -22.371 		439.8832 		2
v -27.449 		400.624 		2
v -27.449 		400.624 		0.001
v -39.237 		397.562 		2
v -27.635 		400.746 		2
v -22.376 		439.877 		2
v -39.237 		397.564 		2
v -27.636 		400.748 		2
v -27.636 		400.748 		0.001
v -22.434 		439.821 		2
v -39.439 		397.524 		2
v -39.439 		397.526 		2
v -39.64 		397.49 		2
v -27.825 		400.878 		2
v 45.795 		464.594 		5
v 45.798 		464.594 		5
v 45.798 		451.089 		5
v 45.795 		451.089 		5
v 45.798 		447.842 		5
v -39.639 		397.492 		2
v -27.825 		400.881 		2
v 44.798 		467.842 		5
v 44.798 		447.842 		5
v -27.825 		400.881 		0.001
v -28.023 		401.024 		2
v -39.842 		397.459 		2
v -28.024 		401.026 		2
v -28.024 		401.026 		0.001
v -22.525 		439.742 		2
v -28.208 		401.166 		2
v -39.841 		397.461 		2
v -22.4864 		439.7755 		2
v -22.478 		439.7828 		2
v 47 		427.543 		16.502
v -22.5011 		439.7628 		2
v -28.208 		401.168 		2
v -28.208 		401.168 		0.001
v -22.506 		439.7585 		2
v 43 		429.093 		16.502
v -28.409 		401.329 		2
v 47 		429.093 		16.502
v 45.793 		427.543 		14.419
v -28.409 		401.331 		2
v -28.409 		401.331 		0.001
v 45.793 		429.093 		14.419
v -51.091 		432.72 		0
v -26.823 		400.246 		2
v -51.193 		432.751 		0
v -26.824 		400.248 		2
v -26.824 		400.248 		0.001
v -27.027 		400.362 		2
v -27.028 		400.365 		2
v -27.028 		400.365 		0.001
v -51.9824 		433.152 		0
v -51.9825 		433.1521 		0
v -48.3574 		433.0159 		2
v -48.0972 		433.0813 		2
v -22.748 		439.577 		2
v -22.6868 		439.6194 		2
v -51.9879 		433.156 		0
v -22.7018 		439.609 		2
v -40.041 		397.432 		2
v -41.5204 		434.7349 		2
v -47.588 		433.208 		2
v -40.041 		397.435 		2
v -22.6163 		439.6704 		2
v -52.0208 		433.1799 		0
v -52.0212 		433.1801 		0
v -52.103 		433.244 		0
v -52.1838 		433.3109 		0
v -52.1842 		433.3112 		0
v -40.256 		397.408 		2
v 45.651 		427.543 		14.513
v -22.6183 		439.6687 		2
v -22.618 		439.669 		2
v -22.6179 		439.6691 		2
v -40.255 		397.41 		2
v 45.498 		427.543 		14.589
v -40.451 		397.389 		2
v 45.337 		427.543 		14.644
v -22.618 		439.667 		2
v -35.8946 		436.1487 		2
v 45.17 		427.543 		14.677
v -18.2402 		412.7688 		0
v -40.451 		397.392 		2
v -18.2398 		412.7692 		0
v -40.652 		397.374 		2
v 45.651 		429.093 		14.513
v -18.1912 		412.8251 		0
v -18.2093 		412.8043 		0
v -18.2175 		412.7948 		0
v 45.498 		429.093 		14.589
v -18.2397 		412.7693 		0
v -18.2397 		412.7693 		0
v 45.337 		429.093 		14.644
v -40.652 		397.376 		2
v 45.17 		429.093 		14.677
v -18.0873 		412.9446 		0
v -18.1135 		412.9145 		0
v -40.875 		397.361 		2
v -18.1676 		412.8522 		0
v -18.087 		412.9449 		0
v -22.948 		439.463 		2
v -22.8187 		439.5339 		2
v -40.874 		397.364 		2
v -22.8175 		439.5346 		2
v -62.962 		446.171 		2
v -22.8034 		439.5432 		2
v -22.848 		439.516 		2
v -22.949 		439.461 		2
v -53.0569 		434.6958 		2
v 46.033 		427.543 		14.178
v -18.2398 		412.7692 		0
v -18.2399 		412.7691 		0
v 45.921 		427.543 		14.306
v -53.049 		434.666 		2
v -53.049 		434.6659 		2
v -53.0428 		434.6463 		2
v -53.0397 		434.6362 		2
v -53.0397 		434.6362 		2
v -53.0383 		434.632 		2
v -53.0218 		434.5822 		2
v -53.016 		434.563 		2
v -6.693 		396.824 		0
v -23.1049 		439.3905 		2
v -23.0942 		439.395 		2
v -23.085 		439.399 		2
v -23.1934 		439.3557 		2
v -23.1899 		439.3571 		2
v -6.694 		396.826 		0
v -10.381 		393.59 		0
v -40.875 		397.361 		0
v -23.3331 		439.3088 		2
v -23.3007 		439.3189 		2
v -40.652 		397.374 		0
v -10.382 		393.591 		0
v -40.451 		397.389 		0
v -40.256 		397.408 		0
v -40.041 		397.432 		0
v -41.477 		397.35 		0
v -40.041 		397.435 		0.001
v -52.02 		433.179 		0
v -23.2638 		439.3305 		2
v -52.102 		433.243 		0
v -41.274 		397.35 		0
v -52.183 		433.31 		0
v -23.207 		439.3506 		2
v -41.476 		397.352 		2
v -41.274 		397.352 		2
v -41.274 		397.352 		0.001
v -52.3413 		433.4594 		0
v -52.416 		433.538 		0
v -52.488 		433.62 		0
v -52.557 		433.705 		0
v -52.623 		433.793 		0
v -52.685 		433.883 		0
v -52.799 		434.069 		0
v -52.85 		434.165 		0
v 46.033 		429.093 		14.178
v 45.921 		429.093 		14.306
v -41.476 		397.352 		0.001
v -52.264 		433.384 		0
v -52.341 		433.459 		0
v -59.729 		449.86 		0
v -53.101 		434.8689 		2
v -53.0751 		434.7675 		2
v -53.0569 		434.6958 		2
v -53.049 		434.666 		2
v -52.263 		433.383 		0
v -59.727 		449.859 		0
v -52.744 		433.975 		0
v -56.041 		453.094 		0
v 46.203 		427.543 		13.884
v -53.7106 		437.3247 		2
v 46.128 		427.543 		14.037
v -53.101 		434.8691 		2
v -56.039 		453.093 		0
v -53.101 		434.8691 		2
v -53.1132 		434.918 		2
v 46.258 		429.093 		13.723
v -51.962 		455.82 		0
v -54.296 		439.683 		2
v 46.203 		429.093 		13.884
v -23.24 		439.338 		2
v 46.128 		429.093 		14.037
v -51.9745 		433.1464 		0
v -51.961 		455.818 		0
v -51.9736 		433.1457 		0
v -53.0218 		434.5822 		2
v -47.562 		457.989 		0
v -51.2937 		432.7859 		0
v -51.2942 		432.7861 		0
v -51.672 		432.957 		0
v -51.6918 		432.968 		0
v -47.562 		457.988 		0
v -51.763 		433.008 		0
v -51.8168 		433.041 		0
v -51.849 		433.061 		0
v -51.935 		433.118 		0
v -51.392 		432.824 		0
v -51.4147 		432.8337 		0
v -51.487 		432.865 		0
v -23.1716 		439.364 		2
v -51.762 		433.007 		0
v 46.291 		427.543 		13.555
v 46.258 		427.543 		13.723
v -23.085 		439.397 		2
v -18.86 		457.989 		0
v -51.39 		432.823 		0
v -51.292 		432.785 		0
v 46.291 		429.093 		13.555
v -51.6644 		432.953 		0
v -18.86 		457.988 		0
v -51.532 		432.8861 		0
v -51.582 		432.91 		0
v -51.581 		432.909 		0
v -14.46 		455.82 		0
v -40.255 		397.41 		0.001
v 46.302 		427.543 		13.385
v -14.461 		455.818 		0
v 46.291 		429.093 		13.215
v -40.874 		397.364 		0.001
v 46.302 		429.093 		13.385
v -10.381 		453.094 		0
v -57.843 		426.169 		0
v -57.841 		426.169 		0
v -10.382 		453.093 		0
v -40.652 		397.376 		0.001
v -6.693 		449.86 		0
v 46.291 		427.543 		13.215
v -6.694 		449.859 		0
v -36.323 		419.84 		0
v -36.306 		419.7533 		0
v -36.306 		419.753 		0
v -36.2271 		419.3183 		0
v -36.227 		419.318 		0
v -36.142 		418.799 		0
v -36.142 		418.7987 		0
v -36.076 		418.3371 		0
v -36.076 		418.3368 		0
v -36.042 		418.077 		0
v -36.0088 		417.792 		0
v -36.374 		420.101 		0
v -36.3741 		420.1013 		0
v -36.374 		420.101 		0
v 46.128 		427.543 		12.734
v 46.203 		427.543 		12.887
v 46.258 		427.543 		13.048
v -15.918 		449.335 		0
v -36.7231 		421.6652 		0
v -36.723 		421.6649 		0
v -36.64 		421.3181 		0
v -36.5601 		420.9714 		0
v -36.56 		420.9709 		0
v -36.455 		420.4931 		0
v -36.455 		420.493 		0
v 46.128 		429.093 		12.734
v 46.203 		429.093 		12.887
v -36.9202 		422.4446 		0
v 46.258 		429.093 		13.048
v -37.127 		423.2199 		0
v -53.7101 		437.3229 		1.9995
v -53.248 		435.4612 		1.9999
v -53.117 		434.9335 		2
v -54.2957 		439.6816 		1.999
v -37.586 		424.844 		0
v -37.5859 		424.8435 		0
v -37.367 		424.0771 		0
v -37.2581 		423.6924 		0
v -37.2579 		423.6915 		0
v -36.92 		422.444 		0
v -36.864 		422.2275 		0
v -36.8531 		422.1852 		0
v -36.853 		422.1848 		0
v -36.042 		418.077 		0
v -36.227 		419.318 		0
v -36.306 		419.753 		0
v -36.455 		420.493 		0
v -36.56 		420.971 		0
v -36.64 		421.318 		0
v -36.723 		421.665 		0
v -36.853 		422.185 		0
v -37.127 		423.22 		0
v 45.793 		427.543 		12.352
v -37.258 		423.692 		0
v -52.8661 		434.1995 		2
v 45.921 		427.543 		12.464
v -52.8863 		434.2391 		1.453
v -52.8855 		434.2375 		1.439
v -52.8541 		434.176 		1.6767
v 46.033 		427.543 		12.593
v -37.366 		424.077 		0
v -52.8859 		434.2382 		1.4398
v -15.919 		449.332 		1.999
v -53.0269 		434.599 		1.7507
v -53.0034 		434.5275 		1.7474
v -53.0093 		434.5442 		2
v 45.793 		429.093 		12.352
v 45.921 		429.093 		12.464
v 46.033 		429.093 		12.593
v -52.9495 		434.3838 		2
v -52.957 		434.403 		1.7054
v -52.956 		434.4006 		1.6958
v -52.9127 		434.2968 		1.6739
v -52.9267 		434.329 		2
v -36.075 		418.338 		0
v -52.9385 		434.3584 		1.656
v -52.9187 		434.3106 		1.611
v -52.8863 		434.2391 		1.7955
v -35.9218 		417.792 		0
v -52.8746 		434.2152 		2
v -52.941 		434.362 		2
v -48.6489 		417.792 		0
v -48.681 		417.91 		0
v -48.778 		418.282 		0
v 44.207 		427.543 		14.419
v -48.904 		418.778 		0
v -49.085 		419.524 		0
v -49.152 		419.8153 		0
v 44.207 		429.093 		14.419
v -60.792 		438.05 		2
v -60.79 		438.049 		1.999
v -35.898 		416.2409 		0
v -35.891 		415.9171 		0
v -35.898 		416.2412 		0
v 45 		427.543 		14.688
v 44.83 		427.543 		14.677
v 44.663 		427.543 		14.644
v 44.501 		427.543 		14.589
v 44.349 		427.543 		14.513
v -36.005 		417.7592 		0
v -36.005 		417.7589 		0
v -35.982 		417.5271 		0
v -35.982 		417.5268 		0
v -35.958 		417.265 		0
v -35.9331 		416.9464 		0
v -35.933 		416.9452 		0
v -35.933 		416.9449 		0
v -35.919 		416.7111 		0
v -35.919 		416.7109 		0
v -35.907 		416.476 		0
v -35.891 		415.917 		0
v -35.891 		415.9168 		0
v -35.89 		415.918 		0
v 45 		429.093 		14.688
v 44.83 		429.093 		14.677
v 44.663 		429.093 		14.644
v -35.898 		416.242 		0
v 44.501 		429.093 		14.589
v 44.349 		429.093 		14.513
v -40.451 		397.392 		0.001
v -23.36 		439.301 		2
v -23.361 		439.299 		2
v -15.919 		449.332 		0
v -3.459 		446.172 		0
v -3.46 		446.171 		0
v -0.733 		442.093 		0
v -0.735 		442.092 		0
v -28.653 		437.9702 		2
v -40.9738 		409.292 		0
v -40.9738 		409.292 		0
v -40.9738 		409.292 		0
v -40.9743 		409.292 		0
v -40.96 		409.2928 		0
v -40.9738 		409.292 		0
v 44.207 		427.543 		12.352
v -12.968 		437.45 		0
v -24.576 		428.114 		2
v -31.5728 		426.355 		2
v 44.207 		429.093 		12.352
v -3.027 		439.949 		0
v -17.5385 		425.984 		2
v -17.668 		426.519 		2
v -17.811 		427.081 		2
v -17.896 		427.413 		2
v -18.065 		428.054 		2
v -18.494 		429.643 		2
v -20.102 		429.2388 		2
v -12.969 		437.449 		0
v -3.03 		439.948 		0
v 44.079 		427.543 		12.464
v -35.907 		416.477 		0
v -35.918 		416.712 		0
v -35.933 		416.945 		0
v 44.079 		429.093 		12.464
v -36.005 		417.759 		0
v -1.5301 		433.9075 		0
v -1.528 		433.908 		0
v -35.981 		417.527 		0
v -35.958 		417.266 		0
v -0.367 		429.231 		0
v 43.872 		427.543 		12.734
v 43.967 		427.543 		12.593
v -11.469 		431.409 		0
v -8.1322 		432.2478 		0
v 43.872 		429.093 		12.734
v -10.308 		426.733 		0
v -4.3613 		428.2273 		0
v -35.889 		415.65 		0
v -35.889 		415.6498 		0
v -35.891 		415.378 		0
v -35.891 		415.376 		0
v -35.896 		415.16 		0
v -35.904 		414.943 		0
v -35.9119 		414.8116 		0
v 43.967 		429.093 		12.593
v -31.573 		426.355 		2
v -35.888 		415.651 		0
v -0.3689 		429.2305 		0
v -10.309 		426.732 		0
v -11.47 		431.409 		0
v -35.917 		414.727 		0
v -35.933 		414.511 		0
v -21.8602 		442.368 		2
v -35.954 		414.295 		0
v -21.867 		442.3952 		2
v -35.9655 		414.2007 		0
v -41.3392 		409.29 		0
v -41.3392 		409.29 		0
v -18.2402 		412.7688 		0
v -41.3398 		409.29 		0
v -41.3398 		409.29 		0
v -18.3317 		412.672 		0
v -40.974 		409.292 		0
v -40.9743 		409.292 		0
v -35.98 		414.081 		0
v -36.011 		413.867 		0
v -36.0408 		413.696 		0
v -40.9993 		409.2918 		0
v -41.2949 		409.2903 		0
v -8.749 		420.467 		2
v -8.808 		420.692 		2
v -41.3402 		409.29 		0
v -41.3399 		409.29 		0
v -8.81 		420.692 		2
v -21.9227 		442.62 		1.9999
v -8.692 		420.237 		2
v -36.1736 		413.1181 		0
v -36.1928 		413.0488 		0
v -36.048 		413.655 		0
v -36.0571 		413.6104 		0
v -36.092 		413.444 		0
v 43.797 		427.543 		12.887
v -36.091 		413.445 		0
v -21.9282 		442.642 		1.9999
v -22.1123 		443.3842 		1.9997
v -36.1438 		413.226 		0
v -36.141 		413.236 		0
v -22.634 		445.4858 		1.9992
v -36.1594 		413.1695 		0
v 43.797 		429.093 		12.887
v -22.8454 		446.3377 		1.999
v -36.1394 		413.2427 		0
v -36.1291 		413.2856 		0
v -22.8454 		446.3377 		0
v -22.846 		446.34 		0
v 43.709 		427.543 		13.215
v 43.742 		427.543 		13.048
v -36.196 		413.0374 		0
v -36.2078 		412.9983 		0
v -36.218 		412.9651 		0
v -36.198 		413.03 		0
v -36.2052 		413.0066 		0
v -36.1961 		413.0367 		0
v -8.611 		419.883 		2
v -21.8286 		442.2404 		2
v -21.8578 		442.3581 		2
v -21.7871 		442.0698 		2
v -8.5375 		419.5367 		2
v -36.2619 		412.8252 		0
v -36.2621 		412.8248 		0
v -8.5072 		419.3925 		2
v -36.261 		412.826 		0
v -18.432 		412.572 		1.2057
v -18.4276 		412.5762 		1.2057
v -18.4317 		412.5723 		1.334
v -18.432 		412.572 		1.3353
v -8.439 		419.0364 		2
v -8.422 		418.946 		2
v -8.407 		418.8598 		2
v -41.4422 		409.2945 		0
v -41.472 		409.2958 		0
v -21.776 		442.025 		2
v -41.3402 		409.29 		0
v -41.3608 		409.2909 		0
v -41.3695 		409.2913 		0
v -41.4318 		409.294 		0
v -8.3478 		418.515 		2
v -36.6841 		411.8865 		0
v -36.752 		411.772 		0
v -36.7549 		411.7675 		0
v -8.305 		418.2505 		2
v -8.2815 		418.1032 		2
v -36.353 		412.5741 		0
v -36.3531 		412.5738 		0
v -21.756 		441.943 		2
v -21.756 		441.9432 		2
v -21.7616 		441.9665 		2
v -36.352 		412.575 		0
v -8.288 		418.133 		2
v -8.344 		418.487 		2
v -8.2418 		417.8371 		2
v -36.4007 		412.456 		0
v -36.413 		412.426 		0
v -36.4207 		412.409 		0
v -36.3884 		412.4862 		0
v -21.7757 		442.0237 		2
v -21.778 		442.0331 		2
v -36.501 		412.232 		0
v -36.5367 		412.1606 		0
v -8.424 		418.946 		2
v -8.515 		419.421 		2
v -8.612 		419.884 		2
v -8.694 		420.238 		2
v -8.751 		420.467 		2
v -18.36 		412.642 		0
v -18.3317 		412.6719 		0
v -18.3597 		412.6423 		0
v -8.1913 		417.4781 		2
v -36.579 		412.076 		0
v -36.663 		411.922 		0
v -8.179 		417.3867 		2
v -36.8316 		411.648 		0
v -21.7147 		441.344 		1.4318
v -21.713 		441.3669 		1.3846
v -21.7128 		441.3707 		1.3901
v -21.7133 		441.3606 		1.536
v -40.9738 		409.292 		0
v -21.7105 		441.4513 		1.1735
v -21.7104 		441.4613 		1.032
v -21.7104 		441.4637 		1.024
v -40.9738 		409.292 		0
v -8.1322 		417.0272 		2
v -21.7109 		441.5201 		1.024
v -21.7107 		441.512 		1.0672
v -21.7101 		441.4848 		1.2114
v -21.7558 		441.9326 		1.1461
v -21.7593 		441.9496 		1.1165
v -36.847 		411.624 		0
v -21.7594 		441.9519 		1.3192
v -21.7589 		441.9502 		1.3725
v -21.757 		441.942 		1.4163
v -21.7555 		441.9341 		1.368
v -21.7552 		441.9314 		1.2959
v -36.864 		411.5995 		0
v -8.1438 		417.1169 		2
v -21.7142 		441.344 		1.7761
v -21.7756 		442.023 		1.9836
v -18.36 		412.642 		0
v -18.432 		412.5691 		0
v -21.757 		441.942 		1.304
v -8.1015 		416.7701 		2
v -21.71 		441.497 		1.062
v -8.0882 		416.6531 		2
v -21.7102 		441.5076 		1.1703
v -21.71 		441.497 		1.2252
v -21.711 		441.5411 		1.536
v -21.7109 		441.5392 		1.4923
v -21.7159 		441.6386 		1.5181
v -21.7158 		441.6378 		1.536
v -36.9821 		411.4325 		0
v -37.0154 		411.3875 		0
v -37.0923 		411.2869 		0
v -37.1397 		411.227 		0
v -37.1787 		411.1793 		0
v -8.0345 		416.1436 		2
v -8.0267 		416.0591 		2
v -37.2216 		411.1288 		0
v -8.041 		416.2049 		2
v -8.034 		416.117 		2
v -36.947 		411.48 		0
v -8.097 		416.714 		2
v -7.993 		415.6823 		2
v -21.7665 		441.9837 		1.0568
v -21.7673 		441.9861 		1.1282
v -37.161 		411.2 		0
v -8.0028 		415.8013 		2
v -37.052 		411.338 		0
v -18.6206 		412.3991 		1.2203
v -18.6236 		412.3965 		1.3114
v -18.6385 		412.3837 		1.334
v -18.6394 		412.3829 		1.3174
v -18.6423 		412.3803 		1.2203
v -18.631 		412.39 		1.3566
v -37.2762 		411.0648 		0
v -37.2514 		411.0938 		0
v -37.2591 		411.0847 		0
v -37.2758 		411.0652 		0
v -8.002 		415.773 		2
v -18.4573 		412.5477 		1.334
v -18.4595 		412.5456 		1.2057
v -7.972 		415.414 		2
v -18.4332 		412.5708 		1.3397
v -37.275 		411.066 		0
v -18.4432 		412.561 		1.3713
v -18.454 		412.5508 		1.3457
v -7.941 		414.93 		2
v -18.443 		412.561 		1.25
v -7.919 		414.461 		2
v -18.632 		412.389 		1.25
v -37.5833 		410.7448 		0
v -37.5913 		410.737 		0
v -21.7514 		441.9121 		1.182
v -7.908 		414.108 		2
v -21.7518 		441.9135 		1.2086
v -41.5237 		409.2981 		0
v -41.5231 		409.298 		0
v -18.6239 		412.3962 		1.334
v -7.904 		413.86 		2
v -41.5226 		409.298 		0
v -41.5226 		409.298 		0
v -41.5229 		409.298 		0
v -18.6303 		412.3906 		1.359
v -37.5184 		410.8076 		0
v -37.3956 		410.9334 		0
v -37.5179 		410.8082 		0
v -41.4988 		409.2969 		0
v -37.5653 		410.7622 		0
v -37.3948 		410.9342 		0
v -21.7115 		441.5644 		0.6959
v -21.7115 		441.5476 		0.8788
v -7.905 		413.861 		2
v -7.91 		414.109 		2
v -7.921 		414.462 		2
v -7.943 		414.93 		2
v -7.974 		415.415 		2
v -37.394 		410.935 		0
v -21.7141 		441.6154 		0.7401
v -8.138 		417.058 		2
v -21.7139 		441.6137 		0.7163
v -21.7153 		441.6293 		0.7352
v -8.184 		417.418 		2
v -18.9072 		412.1699 		0
v -37.3996 		410.9293 		0
v -37.517 		410.809 		0
v -21.7149 		441.6269 		0.7989
v -18.907 		412.17 		0
v -7.902 		413.501 		2
v -18.8091 		412.2439 		0
v -18.8091 		412.2439 		0
v -18.8594 		412.206 		0
v -18.865 		412.2017 		0
v -18.9066 		412.1703 		0
v -37.644 		410.686 		0
v -37.7134 		410.624 		0
v -18.8087 		412.2442 		0
v -18.8087 		412.2442 		0
v -18.8086 		412.2443 		0
v -21.7251 		441.2244 		1.2822
v -21.7248 		441.2246 		1.3845
v -21.7249 		441.2239 		1.3886
v -21.7187 		441.2933 		1.536
v -21.7663 		440.9831 		1.1035
v -21.769 		440.9712 		1.0461
v -7.9042 		413.2304 		2
v -37.737 		410.6028 		0
v -37.776 		410.568 		0
v -21.7479 		441.0706 		1.024
v -37.8033 		410.5457 		0
v -21.7511 		441.0561 		1.1142
v -7.9058 		413.1109 		2
v -21.7694 		440.9691 		1.024
v -21.7939 		440.8748 		1.1104
v -21.7995 		440.855 		1.2229
v -21.7917 		440.8813 		1.024
v -21.8065 		440.832 		1.0244
v -21.8064 		440.8322 		1.024
v -7.9125 		412.8509 		2
v -7.915 		412.7637 		2
v -21.7277 		441.2024 		1.2884
v -21.7308 		441.1785 		1.177
v -37.8536 		410.5046 		0
v -7.9175 		412.7036 		2
v -21.7313 		441.1738 		1.132
v -21.7261 		441.2169 		1.132
v -41.6808 		409.3101 		0
v -41.7059 		409.312 		0
v -21.7218 		441.2536 		1.6276
v -41.7061 		409.312 		0
v -21.7215 		441.2562 		1.6123
v -37.888 		410.4765 		0
v -41.5237 		409.2981 		0
v -41.6782 		409.3099 		0
v -7.9332 		412.3461 		2
v -7.9365 		412.2859 		2
v -41.5231 		409.298 		0
v -21.726 		441.213 		1.301
v -50.1057 		432.6208 		2
v -50.006 		432.629 		2
v -49.745 		432.67 		2
v -21.757 		441.019 		1.07
v -49.7132 		432.6773 		2
v -49.459 		432.739 		1.041
v -7.9597 		411.9269 		2
v -7.9683 		411.8082 		2
v -49.6275 		432.6984 		2
v -7.9765 		411.7185 		2
v -38.049 		410.345 		0
v -38.1952 		410.2381 		0
v -38.336 		410.142 		0
v -38.475 		410.053 		0
v -38.616 		409.97 		0
v -49.5527 		432.7154 		2
v -38.76 		409.891 		0
v -38.907 		409.816 		0
v -38.912 		409.8137 		0
v -8.0303 		411.1568 		2
v -21.7227 		441.247 		1.177
v -49.875 		432.647 		2
v -21.726 		441.2184 		1.132
v -21.722 		441.2522 		1.132
v -8.017 		411.2771 		2
v -38.191 		410.241 		0
v -8.021 		411.249 		2
v -7.968 		411.838 		2
v -8.061 		410.884 		2
v -49.458 		432.738 		0.781
v -49.617 		432.698 		2
v -8.107 		410.539 		2
v -21.7724 		440.9572 		1.3569
v -21.7641 		440.9897 		1.2907
v -41.8805 		409.3311 		0
v -41.8842 		409.3315 		0
v -41.8867 		409.3318 		0
v -21.7949 		440.8694 		1.536
v -41.8877 		409.3318 		0
v -21.7873 		440.899 		1.4756
v -41.8886 		409.332 		0
v -41.8893 		409.332 		0
v -8.159 		410.188 		2
v -41.7061 		409.312 		0
v -21.8014 		440.846 		1.4064
v -21.8053 		440.832 		1.4941
v -39.0536 		409.7457 		0
v -39.0549 		409.745 		0
v -21.7997 		440.8521 		1.636
v -41.7365 		409.3153 		0
v -41.7991 		409.3222 		0
v -39.0547 		409.7467 		0
v -50.005 		432.628 		2
v -21.7963 		440.864 		1.5469
v -39.0548 		409.7468 		0
v -39.055 		409.747 		0
v -49.873 		432.646 		2
v -8.161 		410.189 		2
v -8.108 		410.54 		2
v -8.063 		410.885 		2
v -7.937 		412.317 		2
v -7.916 		412.794 		2
v -7.907 		413.141 		2
v -7.904 		413.502 		2
v -50.138 		432.617 		2
v -8.2287 		417.7487 		2
v -21.757 		441.021 		1.427
v -39.2055 		409.6812 		0
v -39.2061 		409.681 		0
v -21.7466 		441.0792 		1.407
v -21.7512 		441.0505 		1.3508
v -39.3576 		409.6212 		0
v -39.358 		409.621 		0
v -41.9122 		409.3355 		0
v -41.984 		409.3462 		0
v 43.709 		429.093 		13.215
v -41.8886 		409.332 		0
v 43.742 		429.093 		13.048
v -8.235 		417.779 		2
v -41.8893 		409.332 		0
v -8.218 		409.838 		2
v -8.219 		409.839 		2
v 43.697 		427.543 		13.385
v -3.46 		400.514 		2
v -0.735 		404.592 		2
v 43.697 		429.093 		13.385
v -8.263 		409.588 		2
v -47.1793 		413.696 		0
v -47.252 		413.839 		0
v -47.329 		413.998 		0
v -47.441 		414.239 		0
v -47.5893 		414.5774 		0
v -47.717 		414.889 		0
v -47.907 		415.385 		0
v -47.997 		415.635 		0
v -48.055 		415.803 		0
v -8.307 		409.368 		2
v -48.139 		416.055 		0
v -48.247 		416.394 		0
v -48.351 		416.734 		0
v -48.451 		417.076 		0
v -48.559 		417.462 		0
v 43.797 		427.543 		13.884
v -8.357 		409.128 		2
v -42.7847 		409.5219 		0
v -42.7847 		409.5219 		0
v -42.7853 		409.5221 		0
v 43.742 		427.543 		13.723
v -42.7853 		409.5221 		0
v 43.709 		427.543 		13.555
v -42.7845 		409.5219 		0
v -42.8676 		409.5479 		0
v -42.8853 		409.5535 		0
v -49.744 		432.669 		2
v 43.797 		429.093 		13.884
v -8.41 		408.891 		2
v 43.742 		429.093 		13.723
v -42.9584 		409.5765 		0
v 43.709 		429.093 		13.555
v -42.9598 		409.5769 		0
v -42.9598 		409.5769 		0
v -42.9604 		409.5771 		0
v -42.9604 		409.5771 		0
v -42.961 		409.5774 		0
v -8.464 		408.664 		2
v -42.9601 		409.577 		0
v -42.9601 		409.577 		0
v -47.583 		414.562 		0
v -8.466 		408.665 		2
v -8.412 		408.893 		2
v -8.359 		409.129 		2
v -8.308 		409.369 		2
v -8.265 		409.59 		2
v -8.524 		408.427 		2
v 43.872 		427.543 		14.037
v 43.872 		429.093 		14.037
v -42.0697 		409.3589 		0
v -42.0697 		409.3589 		0
v -42.0698 		409.359 		0
v -42.0704 		409.3591 		0
v -8.584 		408.202 		2
v -42.0076 		409.3497 		0
v -8.648 		407.978 		2
v -18.4419 		412.5591 		0
v -18.4419 		412.5591 		0
v -8.716 		407.751 		2
v -18.4423 		412.5587 		0
v -18.4423 		412.5587 		0
v -18.4413 		412.5597 		0
v 44.079 		427.543 		14.306
v 43.967 		427.543 		14.178
v -18.5216 		412.4858 		0
v -18.528 		412.48 		0
v -8.718 		407.752 		2
v -8.649 		407.98 		2
v -8.586 		408.204 		2
v -8.526 		408.429 		2
v -18.5276 		412.4803 		0
v -18.5277 		412.4803 		0
v -8.787 		407.525 		2
v 44.079 		429.093 		14.306
v 43.967 		429.093 		14.178
v -8.865 		407.292 		2
v -8.946 		407.064 		2
v -42.2509 		409.391 		0
v -42.1941 		409.381 		0
v -42.2157 		409.3848 		0
v -42.2498 		409.3908 		0
v -9.027 		406.844 		2
v -42.0704 		409.3591 		0
v -42.1565 		409.3743 		0
v -42.1657 		409.3759 		0
v -9.113 		406.624 		2
v -18.528 		412.48 		0
v -18.5281 		412.4799 		0
v 45.17 		427.543 		12.094
v 45 		427.543 		12.083
v 45.337 		427.543 		12.127
v 45.498 		427.543 		12.182
v 45.651 		427.543 		12.257
v -9.115 		406.625 		2
v -9.029 		406.845 		2
v -8.947 		407.065 		2
v -8.867 		407.293 		2
v -8.789 		407.527 		2
v -9.207 		406.396 		2
v 44.349 		427.543 		12.257
v 44.501 		427.543 		12.182
v 44.663 		427.543 		12.127
v 44.83 		427.543 		12.094
v -44.8981 		410.6851 		0
v -45.056 		410.8223 		0
v 45 		429.093 		12.083
v -9.299 		406.184 		2
v 45.17 		429.093 		12.094
v 45.337 		429.093 		12.127
v -44.898 		410.685 		0
v -44.825 		410.624 		0
v 45.498 		429.093 		12.182
v 45.651 		429.093 		12.257
v -42.4309 		409.429 		0
v -9.404 		405.954 		2
v -42.4312 		409.429 		0
v -42.2509 		409.391 		0
v -42.3753 		409.4172 		0
v -42.4297 		409.4287 		0
v -42.4303 		409.4289 		0
v -9.501 		405.751 		2
v 44.349 		429.093 		12.257
v 44.501 		429.093 		12.182
v -43.0162 		409.6 		0
v -43.2724 		409.6941 		0
v 44.663 		429.093 		12.127
v -43.39 		409.7427 		0
v -43.4265 		409.7584 		0
v -9.605 		405.545 		2
v -43.5627 		409.8213 		0
v -43.6147 		409.8462 		0
v 44.83 		429.093 		12.094
v -9.607 		405.547 		2
v -9.503 		405.753 		2
v -9.406 		405.955 		2
v -9.301 		406.185 		2
v -9.209 		406.397 		2
v -43.302 		409.705 		0
v -9.716 		405.334 		2
v -42.6089 		409.473 		0
v -42.5324 		409.4541 		0
v -42.5726 		409.464 		0
v -42.6077 		409.4727 		0
v -9.832 		405.125 		2
v -42.4309 		409.429 		0
v -42.4312 		409.429 		0
v -43.4453 		409.7664 		0
v -43.5111 		409.7966 		0
v -42.4303 		409.4289 		0
v -9.953 		404.918 		2
v -18.6187 		412.3982 		0
v -18.6193 		412.3978 		0
v -10.086 		404.702 		2
v -42.5193 		409.4508 		0
v -43.47 		409.777 		0
v -10.211 		404.507 		2
v -43.748 		409.91 		0
v -43.8088 		409.9426 		0
v -10.213 		404.509 		2
v -10.087 		404.703 		2
v -9.954 		404.92 		2
v -9.834 		405.127 		2
v -9.718 		405.336 		2
v -10.347 		404.306 		2
v -21.7359 		441.1449 		1.536
v -43.86 		409.97 		0
v -43.9203 		410.0044 		0
v -10.478 		404.123 		2
v -21.7252 		441.2207 		1.407
v -10.623 		403.929 		2
v -21.7509 		441.0567 		1.1224
v -42.7708 		409.5181 		0
v -44.032 		410.0682 		0
v -42.6089 		409.473 		0
v -42.6129 		409.4741 		0
v -21.726 		441.213 		1.4512
v -21.7276 		441.2014 		1.3845
v -10.773 		403.739 		2
v 47 		419.143 		16.502
v 47 		417.592 		16.502
v -21.7289 		441.1913 		1.6974
v -21.7499 		441.057 		1.8879
v -10.923 		403.556 		2
v 45.793 		419.143 		14.419
v -44.2449 		410.1993 		0
v -44.3572 		410.2737 		0
v -44.4449 		410.3353 		0
v -44.702 		410.525 		0
v -44.801 		410.604 		0
v -44.397 		410.3 		0
v -10.925 		403.558 		2
v -10.774 		403.74 		2
v -10.625 		403.931 		2
v -10.479 		404.125 		2
v -10.349 		404.308 		2
v -18.5533 		412.4572 		0
v -18.6179 		412.399 		0
v -18.618 		412.3989 		0
v -44.0631 		410.0859 		0
v -11.077 		403.378 		2
v -18.5409 		412.4684 		0
v -44.079 		410.095 		0
v -44.187 		410.161 		0
v -11.237 		403.202 		2
v -11.399 		403.03 		2
v -11.57 		402.858 		2
v -11.751 		402.683 		2
v -83.211 		421.22 		2
v -83.211 		425.464 		2
v -11.915 		402.53 		2
v -83.211 		425.464 		0
v -83.211 		421.22 		0
v 85 		348.842 		0
v 85 		348.842 		3
v 69.612 		354.391 		0
v 69.425 		354.454 		0
v -45.8488 		411.648 		0
v -45.958 		411.78 		0
v 69.249 		354.54 		0
v -46.038 		411.88 		0
v -46.116 		411.981 		0
v -46.23 		412.134 		0
v -46.414 		412.394 		0
v -46.485 		412.5 		0
v -46.603 		412.681 		0
v 69.086 		354.649 		0
v -46.834 		413.06 		0
v -46.965 		413.291 		0
v -47.132 		413.603 		0
v 68.938 		354.779 		0
v -21.7314 		441.1728 		1.5908
v 68.808 		354.926 		0
v -11.917 		402.532 		2
v -11.752 		402.685 		2
v -11.571 		402.86 		2
v 68.699 		355.09 		0
v -11.401 		403.032 		2
v -11.238 		403.204 		2
v -11.079 		403.38 		2
v 68.612 		355.266 		0
v 68.549 		355.451 		0
v -21.7225 		441.2473 		1.6634
v 68.511 		355.644 		0
v -12.102 		402.364 		2
v 68.498 		355.84 		0
v 68.511 		356.035 		0
v 68.549 		356.228 		0
v 68.612 		356.414 		0
v 68.699 		356.59 		0
v 68.808 		356.753 		0
v 68.938 		356.9 		0
v 69.086 		357.03 		0
v 69.249 		357.139 		0
v 69.425 		357.225 		0
v 69.612 		357.289 		0
v 71.389 		355.266 		0
v 71.302 		355.09 		0
v 71.192 		354.926 		0
v 71.063 		354.779 		0
v 70.915 		354.649 		0
v 70.752 		354.54 		0
v 70.575 		354.454 		0
v 70.389 		354.391 		0
v -12.274 		402.217 		2
v 70.197 		354.352 		0
v 70 		354.34 		0
v 69.804 		354.352 		0
v 71.49 		355.644 		0
v 71.503 		355.84 		0
v -12.276 		402.219 		2
v -12.103 		402.366 		2
v 71.452 		355.451 		0
v -45.548 		411.307 		0
v -45.584 		411.345 		0
v -45.712 		411.487 		0
v -45.795 		411.583 		0
v 71.452 		356.228 		0
v 71.49 		356.035 		0
v 69.804 		357.327 		0
v 70 		357.34 		0
v 70.197 		357.327 		0
v -45.089 		410.851 		0
v 70.389 		357.289 		0
v -45.274 		411.025 		0
v -45.409 		411.16 		0
v 70.575 		357.225 		0
v 70.752 		357.139 		0
v 70.915 		357.03 		0
v 71.063 		356.9 		0
v -12.473 		402.054 		2
v 71.192 		356.753 		0
v 71.302 		356.59 		0
v 71.389 		356.414 		0
v 85 		373.342 		0
v -12.657 		401.909 		2
v -20.102 		354.34 		0
v -12.839 		401.771 		2
v -33.211 		373.34 		0
v -13.037 		401.627 		2
v -13.229 		401.493 		2
v -39.6677 		409.5151 		0
v -39.6684 		409.5149 		0
v -39.5877 		409.5407 		0
v -20.102 		355.84 		3
v -20.076 		356.244 		3
v -39.5117 		409.5651 		0
v -39.5122 		409.5649 		0
v -16.595 		352.766 		3
v -13.23 		401.496 		2
v -13.039 		401.63 		2
v -12.841 		401.773 		2
v -12.658 		401.911 		2
v -17 		352.74 		3
v -12.474 		402.056 		2
v -17.405 		352.766 		3
v -17.803 		352.845 		3
v -18.187 		352.976 		3
v -39.8249 		409.47 		0
v -18.551 		353.155 		3
v -18.888 		353.38 		3
v -19.193 		353.648 		3
v -19.461 		353.952 		3
v -19.686 		354.29 		3
v -19.866 		354.653 		3
v -19.996 		355.037 		3
v -20.076 		355.435 		3
v -19.996 		356.642 		3
v -19.866 		357.026 		3
v -41.077 		397.353 		2
v -19.686 		357.39 		3
v -19.461 		357.727 		3
v -19.193 		358.032 		3
v -18.888 		358.299 		3
v -18.551 		358.524 		3
v -41.076 		397.356 		2
v -18.187 		358.704 		3
v -17.803 		358.834 		3
v -17.405 		358.913 		3
v -17 		358.94 		3
v -16.595 		358.913 		3
v -41.687 		397.354 		2
v -13.924 		356.244 		3
v -13.427 		401.36 		2
v -13.897 		355.84 		3
v -13.924 		355.435 		3
v -14.003 		355.037 		3
v -41.686 		397.356 		2
v -14.133 		354.653 		3
v -14.313 		354.29 		3
v -41.884 		397.361 		2
v -14.538 		353.952 		3
v -14.806 		353.648 		3
v -15.111 		353.38 		3
v -15.448 		353.155 		3
v -15.812 		352.976 		3
v -41.883 		397.364 		2
v -16.197 		352.845 		3
v -16.197 		358.834 		3
v -13.631 		401.228 		2
v -15.812 		358.704 		3
v -15.448 		358.524 		3
v -39.9834 		409.4291 		0
v -39.9841 		409.429 		0
v -13.827 		401.106 		2
v 45.651 		419.143 		14.513
v -22.006 		440.362 		1.161
v -22.0176 		440.3425 		1.2972
v 45.498 		419.143 		14.589
v -14.037 		400.981 		2
v 45.337 		419.143 		14.644
v -40.1426 		409.3941 		0
v -40.143 		409.394 		0
v 45.17 		419.143 		14.677
v -40.1431 		409.394 		0
v -14.248 		400.86 		2
v -40.3043 		409.363 		0
v -14.249 		400.862 		2
v -14.039 		400.983 		2
v -40.3039 		409.363 		0
v -40.3041 		409.363 		0
v -13.828 		401.109 		2
v -13.633 		401.23 		2
v -41.077 		397.353 		0
v -13.429 		401.362 		2
v -14.445 		400.751 		2
v 46.033 		419.143 		14.178
v -21.9031 		440.5732 		1.024
v -21.8831 		440.6147 		1.0348
v -21.8757 		440.6312 		1.1398
v -21.8743 		440.6344 		1.1768
v -21.8793 		440.6226 		1.0316
v -14.673 		400.63 		2
v -21.8839 		440.612 		1.536
v -14.869 		400.53 		2
v -22.006 		440.362 		1.698
v -15.083 		400.425 		2
v -40.4664 		409.338 		0
v -22.0176 		440.3425 		1.6117
v -40.466 		409.338 		0
v -15.085 		400.428 		2
v -14.871 		400.532 		2
v -14.674 		400.632 		2
v -14.446 		400.753 		2
v -51.2 		432.7552 		1.2085
v -51.1655 		432.7441 		1.024
v -40.6289 		409.318 		0
v -51.093 		432.721 		1.722
v -15.298 		400.324 		2
v -21.813 		440.8073 		1.4954
v -21.8319 		440.749 		1.3823
v -21.8258 		440.7676 		1.1369
v -51.093 		432.721 		2
v -21.807 		440.826 		1.25
v -50.7257 		432.6434 		1.0542
v -50.7306 		432.6438 		1.1395
v -50.6075 		432.6288 		1.2809
v -15.299 		400.327 		2
v -50.542 		432.622 		1.625
v -40.7914 		409.3031 		0
v -15.525 		400.223 		2
v -22.006 		440.361 		1.273
v -40.792 		409.303 		0
v -50.6139 		432.6299 		1.1535
v -22.006 		440.361 		1.625
v -50.5901 		432.627 		2
v -50.7289 		432.6436 		2
v -22.0194 		440.3395 		1.6268
v -22.0316 		440.32 		1.6346
v -15.735 		400.132 		2
v -22.0254 		440.3295 		1.2586
v -50.9317 		432.6812 		1.024
v -50.9324 		432.6813 		1.0271
v -22.0313 		440.32 		1.2586
v -50.273 		432.613 		1.959
v -50.3315 		432.6134 		1.5217
v -32.906 		401.419 		0
v -15.965 		400.037 		2
v -50.3089 		432.6133 		1.4329
v -32.792 		401.581 		0
v -50.4891 		432.6193 		1.2661
v -50.4876 		432.6188 		1.3556
v -16.185 		399.95 		2
v -33.696 		400.472 		0
v -50.4935 		432.6191 		2
v -41.076 		397.356 		0.001
v -33.56 		400.617 		0
v -50.2807 		432.6131 		2
v -33.425 		400.768 		0
v -50.2222 		432.6149 		1.2155
v -16.186 		399.952 		2
v -15.966 		400.039 		2
v -15.736 		400.134 		2
v -50.2239 		432.6148 		1.2083
v -15.526 		400.225 		2
v -33.295 		400.919 		0
v -33.156 		401.089 		0
v -33.036 		401.245 		0
v -50.2052 		432.616 		1.1051
v -50.2653 		432.6133 		2
v -16.7275 		421.888 		2
v -16.767 		422.161 		2
v -16.817 		422.486 		2
v -16.871 		422.811 		2
v -16.928 		423.136 		2
v -16.988 		423.46 		2
v -17.116 		424.107 		2
v -17.252 		424.752 		2
v -17.3346 		425.1219 		2
v -17.448 		425.61 		2
v -50.273 		432.613 		2
v -50.542 		432.622 		2
v -34.286 		399.914 		0
v -50.54 		432.621 		1.219
v -34.138 		400.045 		0
v -50.54 		432.621 		2
v -33.992 		400.179 		0
v -33.839 		400.327 		0
v -17.348 		425.182 		2
v -50.406 		432.613 		2
v -21.807 		440.826 		1.5317
v -34.772 		399.522 		0
v -50.675 		432.635 		2
v -34.612 		399.645 		0
v -34.444 		399.781 		0
v -50.271 		432.612 		2
v -50.271 		432.612 		1.468
v -18.713 		412.32 		0
v -18.713 		412.32 		0
v -18.7131 		412.3199 		0
v -18.7127 		412.3203 		0
v -21.7893 		440.8889 		0.9249
v -21.7725 		440.9536 		0.8571
v -21.7451 		441.083 		0.9466
v -16.4885 		417.792 		2
v -16.481 		417.931 		2
v -15.111 		358.299 		3
v -16.469 		418.336 		2
v -16.468 		418.809 		2
v -16.4736 		419.0613 		2
v -14.806 		358.032 		3
v -16.493 		419.551 		2
v -16.505 		419.753 		2
v -16.523 		420.023 		2
v -16.556 		420.418 		2
v -14.538 		357.727 		3
v -16.598 		420.855 		2
v -16.661 		421.4 		2
v -16.704 		421.726 		2
v -14.313 		357.39 		3
v -14.133 		357.026 		3
v -14.003 		356.642 		3
v 69.612 		354.391 		3
v 69.425 		354.454 		3
v -22.0018 		440.3697 		0.8714
v -21.9983 		440.3761 		0.9649
v -21.9983 		440.3761 		0.9793
v 69.249 		354.54 		3
v 69.086 		354.649 		3
v -34.941 		399.397 		0
v 68.938 		354.779 		3
v 68.808 		354.926 		3
v 68.699 		355.09 		3
v -22.0176 		440.3425 		0.846
v -22.0311 		440.32 		0.5914
v 68.612 		355.266 		3
v -35.269 		399.171 		0
v 68.549 		355.451 		3
v -21.9977 		440.3773 		0.9728
v -35.102 		399.284 		0
v 68.511 		355.644 		3
v 68.498 		355.84 		3
v 68.511 		356.035 		3
v 68.549 		356.228 		3
v 68.612 		356.414 		3
v 68.699 		356.59 		3
v 68.808 		356.753 		3
v 68.938 		356.9 		3
v -35.62 		398.949 		0
v 69.086 		357.03 		3
v 69.249 		357.139 		3
v -35.453 		399.053 		0
v 69.425 		357.225 		3
v 69.612 		357.289 		3
v 71.389 		355.266 		3
v 71.302 		355.09 		3
v 71.192 		354.926 		3
v -35.796 		398.846 		0
v 71.063 		354.779 		3
v 70.915 		354.649 		3
v 70.752 		354.54 		3
v 70.575 		354.454 		3
v 70.389 		354.391 		3
v -16.474 		419.079 		2
v 70.197 		354.352 		3
v 70 		354.34 		3
v 69.804 		354.352 		3
v 71.503 		355.84 		3
v 71.49 		355.644 		3
v 71.452 		355.451 		3
v -18.6187 		412.3982 		0
v -18.6193 		412.3978 		0
v -36.705 		398.379 		0
v 71.452 		356.228 		3
v 71.49 		356.035 		3
v -36.516 		398.467 		0
v 69.804 		357.327 		3
v -36.344 		398.551 		0
v -18.6927 		412.3368 		0
v 70 		357.34 		3
v -36.148 		398.652 		0
v 70.197 		357.327 		3
v -35.969 		398.748 		0
v 70.389 		357.289 		3
v -18.7022 		412.3289 		0
v -18.7097 		412.3228 		0
v -18.7126 		412.3203 		0
v 70.575 		357.225 		3
v 70.752 		357.139 		3
v 70.915 		357.03 		3
v 71.063 		356.9 		3
v 71.192 		356.753 		3
v -31.1207 		423.936 		2
v -31.094 		423.8086 		2
v -30.9958 		423.3598 		2
v 71.302 		356.59 		3
v -30.9609 		423.2075 		2
v -30.865 		422.79 		2
v -30.768 		422.386 		2
v -30.7432 		422.2848 		2
v 71.389 		356.414 		3
v 45.921 		419.143 		14.306
v -31.3015 		424.8222 		2
v -31.2767 		424.6945 		2
v -31.207 		424.3504 		2
v 66.903 		373.342 		3
v 66.903 		352.74 		3
v -31.505 		425.946 		2
v -31.47 		425.741 		2
v -31.4113 		425.4154 		2
v -31.359 		425.1282 		2
v -31.345 		425.0515 		2
v -31.2019 		424.3249 		2
v -31.189 		424.261 		2
v 46.258 		419.143 		13.723
v -22.006 		440.361 		0.871
v 46.203 		419.143 		13.884
v 46.128 		419.143 		14.037
v -21.9835 		440.4034 		0.512
v -50.2146 		432.6152 		1.1051
v 46.291 		419.143 		13.555
v -22.0318 		440.32 		0.8206
v -22.0197 		440.3391 		0.8555
v 46.291 		419.143 		13.215
v 46.302 		419.143 		13.385
v -31.505 		425.945 		2
v -31.341 		425.026 		2
v -31.282 		424.72 		2
v -30.993 		423.347 		2
v -30.769 		422.386 		2
v 46.128 		419.143 		12.734
v 46.203 		419.143 		12.887
v 46.258 		419.143 		13.048
v -31.093 		423.804 		2
v -50.3827 		432.6138 		1.024
v -50.4318 		432.6157 		1.024
v -33.211 		373.34 		3
v -18.7689 		412.2757 		0
v 45.793 		419.143 		12.352
v -29.7992 		418.848 		2
v -29.9253 		419.2697 		2
v -29.8082 		418.8769 		2
v -29.8007 		418.8525 		2
v 45.921 		419.143 		12.464
v 46.033 		419.143 		12.593
v -29.5229 		418.0038 		2
v -20.076 		356.244 		0.998
v -20.102 		355.84 		0.998
v -30.0694 		419.758 		2
v -30.0478 		419.6825 		2
v -16.595 		352.766 		0.998
v -30.0328 		419.6308 		2
v -29.7114 		418.5724 		2
v -17 		352.74 		0.998
v -29.5625 		418.118 		2
v -17.405 		352.766 		0.998
v -17.803 		352.845 		0.998
v -21.757 		441.0208 		0
v -18.187 		352.976 		0.998
v -21.7624 		440.9973 		0.2441
v -21.7674 		440.975 		0.342
v -21.7674 		440.975 		0
v -18.551 		353.155 		0.998
v -30.1737 		420.1237 		2
v -18.888 		353.38 		0.998
v -21.9574 		440.4514 		0
v -21.9576 		440.451 		0.0047
v -19.193 		353.648 		0.998
v -22.006 		440.362 		0
v 44.207 		419.143 		14.419
v -19.461 		353.952 		0.998
v -19.686 		354.29 		0.998
v -18.7609 		412.2821 		0
v -19.866 		354.653 		0.998
v -19.996 		355.037 		0.998
v -21.757 		441.0212 		0
v -21.7527 		441.0431 		0.266
v -20.076 		355.435 		0.998
v -21.7499 		441.057 		0
v -21.7499 		441.057 		0.3459
v -19.996 		356.642 		0.998
v 45 		419.143 		14.688
v -21.958 		440.45 		0
v 44.83 		419.143 		14.677
v -19.866 		357.026 		0.998
v -21.757 		441.019 		0
v -19.686 		357.39 		0.998
v 44.663 		419.143 		14.644
v 44.501 		419.143 		14.589
v -19.461 		357.727 		0.998
v 44.349 		419.143 		14.513
v -19.193 		358.032 		0.998
v -18.888 		358.299 		0.998
v -18.551 		358.524 		0.998
v -18.187 		358.704 		0.998
v -17.803 		358.834 		0.998
v -17.405 		358.913 		0.998
v -17 		358.94 		0.998
v -16.595 		358.913 		0.998
v -50.989 		432.693 		1.035
v -13.924 		356.244 		0.998
v -13.897 		355.84 		0.998
v -13.924 		355.435 		0.998
v -22.006 		440.361 		0
v -14.003 		355.037 		0.998
v -14.133 		354.653 		0.998
v -50.8331 		432.6609 		2
v -50.781 		432.651 		1.341
v -50.781 		432.651 		2
v -14.313 		354.29 		0.998
v 44.207 		419.143 		12.352
v -14.538 		353.952 		0.998
v -14.806 		353.648 		0.998
v -15.111 		353.38 		0.998
v -15.448 		353.155 		0.998
v -15.812 		352.976 		0.998
v -16.197 		352.845 		0.998
v 44.079 		419.143 		12.464
v -16.197 		358.834 		0.998
v -15.812 		358.704 		0.998
v -50.99 		432.694 		1.38
v -50.94 		432.6829 		2
v -50.99 		432.694 		2
v -15.448 		358.524 		0.998
v -15.111 		358.299 		0.998
v -14.806 		358.032 		0.998
v -22.4331 		439.8235 		1.4257
v -18.9072 		412.1699 		0
v -18.9209 		412.16 		0
v -22.3961 		439.8592 		1.1169
v -22.3938 		439.8609 		1.2169
v -14.538 		357.727 		0.998
v 43.872 		419.143 		12.734
v -22.4162 		439.8392 		1.4151
v -14.313 		357.39 		0.998
v 43.967 		419.143 		12.593
v -18.907 		412.17 		0
v -14.133 		357.026 		0.998
v -22.4499 		439.808 		1.4363
v -14.003 		356.642 		0.998
v -50.8368 		432.6616 		1.0488
v -22.3736 		439.8812 		1.1828
v -50.9344 		432.6817 		1.0653
v -22.4159 		439.8398 		1.4602
v -50.8388 		432.6621 		1.024
v -22.3377 		439.9186 		1.4593
v -22.3369 		439.919 		1.536
v -22.175 		440.107 		1.203
v -22.1823 		440.0979 		1.2383
v -50.885 		432.67 		2
v -41.687 		397.354 		0
v -22.2248 		440.0446 		1.4442
v -22.2688 		439.993 		1.536
v -22.2575 		440.0059 		1.4412
v -41.686 		397.356 		0.001
v -22.0855 		440.2349 		1.0763
v -22.0855 		440.2349 		1.074
v -51.091 		432.72 		1.291
v -51.091 		432.72 		2
v -19.007 		412.098 		0
v -22.114 		440.1931 		1.1549
v -22.0908 		440.2264 		1.1527
v -22.081 		440.242 		1.4292
v -22.0809 		440.2421 		1.4312
v -19.0058 		412.0989 		0
v -19.0058 		412.0988 		0
v -22.0847 		440.236 		1.5347
v 43.709 		419.143 		13.215
v -22.1572 		440.1316 		1.0956
v -22.1449 		440.1486 		1.1579
v -22.1608 		440.1267 		1.3218
v 43.742 		419.143 		13.048
v 43.797 		419.143 		12.887
v -22.1562 		440.1341 		1.4614
v -22.154 		440.1371 		1.4802
v -22.3363 		439.9194 		1.6026
v -22.2748 		439.9863 		1.5864
v -19.1088 		412.0301 		0
v -19.1091 		412.0299 		0
v -19.007 		412.098 		0
v -19.019 		412.09 		0
v 43.709 		419.143 		13.555
v 43.697 		419.143 		13.385
v -19.1086 		412.0303 		0
v -19.1086 		412.0302 		0
v 43.797 		419.143 		13.884
v -30.5918 		421.6792 		2
v -30.553 		421.5276 		2
v 43.742 		419.143 		13.723
v -30.4743 		421.2256 		2
v -30.4237 		421.0365 		2
v -30.333 		420.6977 		2
v -30.2183 		420.284 		2
v -22.175 		440.106 		1.101
v -30.567 		421.578 		2
v -22.115 		440.188 		1.5
v -30.462 		421.176 		2
v 43.872 		419.143 		14.037
v -30.34 		420.723 		2
v -30.188 		420.171 		2
v -22.0919 		440.2251 		1.024
v -29.805 		418.866 		2
v -22.1454 		440.148 		1.024
v -30.035 		419.638 		2
v -29.451 		417.795 		2
v -50.989 		432.693 		2
v -29.557 		418.1 		2
v -29.6581 		418.4052 		2
v -29.658 		418.4048 		2
v -29.6327 		418.3286 		2
v -29.658 		418.405 		2
v -22.376 		439.877 		1.468
v 44.079 		419.143 		14.306
v 43.967 		419.143 		14.178
v -50.78 		432.65 		2
v 45 		419.143 		12.083
v 45.17 		419.143 		12.094
v 45.337 		419.143 		12.127
v -50.717 		432.6422 		1.024
v 45.498 		419.143 		12.182
v -16.7811 		415.744 		2
v -16.742 		415.911 		2
v -16.699 		416.112 		2
v -16.66 		416.314 		2
v 45.651 		419.143 		12.257
v -16.625 		416.515 		2
v -16.594 		416.717 		2
v -16.567 		416.919 		2
v -16.536 		417.189 		2
v -50.6431 		432.6329 		1.024
v -16.5156 		417.409 		2
v -16.492 		417.728 		2
v 44.349 		419.143 		12.257
v 44.501 		419.143 		12.182
v 44.663 		419.143 		12.127
v 44.83 		419.143 		12.094
v -51.1227 		432.7301 		2
v -51.193 		432.751 		2
v -16.511 		417.459 		2
v -51.1145 		432.7276 		0.7511
v -51.1145 		432.7276 		0.6799
v -50.886 		432.671 		0.791
v 45.793 		417.592 		14.419
v -17.0274 		414.9043 		2
v -17.004 		414.972 		2
v -16.948 		415.143 		2
v -16.879 		415.373 		2
v -16.831 		415.545 		2
v -16.787 		415.719 		2
v 45.651 		417.592 		14.513
v 45.498 		417.592 		14.589
v 45.337 		417.592 		14.644
v 45.17 		417.592 		14.677
v -17.043 		414.859 		2
v -50.407 		432.614 		0.8896
v -50.4123 		432.6143 		0.9088
v 46.033 		417.592 		14.178
v 45.921 		417.592 		14.306
v -17.1102 		414.6864 		2
v -17.5718 		413.696 		2
v -17.538 		413.7538 		2
v -17.4546 		413.9088 		2
v -17.39 		414.034 		2
v -17.313 		414.195 		2
v -17.24 		414.358 		2
v -17.17 		414.523 		2
v -17.1652 		414.5352 		2
v -17.1302 		414.63 		2
v 46.258 		417.592 		13.723
v 46.203 		417.592 		13.884
v -17.126 		414.634 		2
v 46.128 		417.592 		14.037
v 46.291 		417.592 		13.555
v -19.213 		411.963 		0
v -19.2133 		411.9628 		0
v -42.9605 		409.5778 		0
v -22.0847 		440.2361 		1.536
v -19.214 		411.9624 		0
v -22.0821 		440.239 		1.6671
v -19.2162 		411.9611 		0
v -19.284 		411.9213 		0
v -19.3729 		411.8691 		0
v -19.3729 		411.8691 		0
v -42.959 		409.579 		0
v -19.3732 		411.8689 		0
v -19.3732 		411.8689 		0
v -19.374 		411.8685 		0
v -42.96 		409.5782 		0
v 46.302 		417.592 		13.385
v 46.291 		417.592 		13.215
v -17.528 		413.771 		2
v -17.472 		413.875 		2
v -22.0742 		440.2508 		1.2587
v -22.0848 		440.235 		1.1521
v -22.0638 		440.2676 		1.2587
v 46.128 		417.592 		12.734
v 46.203 		417.592 		12.887
v 46.258 		417.592 		13.048
v -22.059 		440.273 		1.066
v -19.417 		411.8453 		0
v -19.456 		411.8243 		0
v -18.1241 		412.9021 		2
v -18.1257 		412.9002 		2
v -50.406 		432.613 		0.719
v 45.793 		417.592 		12.352
v -18.3336 		412.672 		2
v -18.241 		412.77 		2
v -18.0044 		413.0503 		2
v 45.921 		417.592 		12.464
v -17.8975 		413.191 		2
v -17.807 		413.32 		2
v -17.7271 		413.4399 		2
v -17.5851 		413.6732 		2
v 46.033 		417.592 		12.593
v -50.4133 		432.6144 		0.9125
v 44.207 		417.592 		14.419
v -17.647 		413.567 		2
v -50.4157 		432.6147 		0.9558
v -17.709 		413.467 		2
v -41.884 		397.361 		0
v 45 		417.592 		14.688
v 44.83 		417.592 		14.677
v 44.663 		417.592 		14.644
v 44.501 		417.592 		14.589
v 44.349 		417.592 		14.513
v -17.978 		413.083 		2
v -17.908 		413.176 		2
v 44.207 		417.592 		12.352
v -22.239 		440.026 		1.437
v 44.079 		417.592 		12.464
v 43.872 		417.592 		12.734
v -22.3504 		439.9046 		1.1436
v 43.967 		417.592 		12.593
v -22.3231 		439.9331 		1.2466
v -22.324 		439.9328 		1.3519
v -22.305 		439.952 		1.1216
v -22.3333 		439.9225 		1.0257
v -22.2995 		439.9583 		1.1589
v -22.238 		440.028 		1.177
v 43.797 		417.592 		12.887
v -51.091 		432.72 		0.586
v -50.885 		432.67 		0.594
v 43.709 		417.592 		13.215
v -41.883 		397.364 		0.001
v 69.612 		489.396 		0
v 43.742 		417.592 		13.048
v 69.425 		489.459 		0
v 69.249 		489.545 		0
v 69.086 		489.654 		0
v 68.938 		489.784 		0
v 68.808 		489.931 		0
v 68.699 		490.094 		0
v -51.093 		432.721 		0.78
v 68.612 		490.27 		0
v 68.549 		490.456 		0
v 68.511 		490.649 		0
v 68.498 		490.844 		0
v 68.511 		491.04 		0
v 68.549 		491.233 		0
v 68.612 		491.419 		0
v -22.2136 		440.0586 		1.536
v -50.8862 		432.6712 		0.8488
v -50.8859 		432.6711 		0.8488
v -50.8962 		432.6732 		0.8488
v -50.8862 		432.6712 		0.8488
v -22.1545 		440.136 		1.536
v -22.238 		440.028 		1.917
v 43.709 		417.592 		13.555
v 43.697 		417.592 		13.385
v -22.2001 		440.0756 		1.6473
v 43.872 		417.592 		14.037
v -43.008 		409.597 		0
v 43.797 		417.592 		13.884
v 43.742 		417.592 		13.723
v -22.1554 		440.1341 		1.6424
v 68.699 		491.594 		0
v 68.808 		491.758 		0
v 68.938 		491.905 		0
v 69.086 		492.035 		0
v 69.249 		492.144 		0
v 69.425 		492.23 		0
v 69.612 		492.293 		0
v 70.575 		489.459 		0
v 70.389 		489.396 		0
v 70.197 		489.357 		0
v -18.432 		412.5728 		2
v -18.361 		412.643 		2
v 70 		489.344 		0
v 69.804 		489.357 		0
v 71.49 		490.649 		0
v 71.503 		490.844 		0
v 71.452 		490.456 		0
v 71.389 		490.27 		0
v 71.302 		490.094 		0
v -50.875 		432.6689 		0.8488
v 71.192 		489.931 		0
v 71.063 		489.784 		0
v 70.915 		489.654 		0
v 70.752 		489.545 		0
v -50.8396 		432.6623 		1.0143
v 71.389 		491.419 		0
v 71.452 		491.233 		0
v 71.49 		491.04 		0
v 69.804 		492.332 		0
v 70 		492.345 		0
v -50.78 		432.65 		1.006
v 70.197 		492.332 		0
v 70.389 		492.293 		0
v 70.575 		492.23 		0
v 70.752 		492.144 		0
v 70.915 		492.035 		0
v 71.063 		491.905 		0
v 71.192 		491.758 		0
v 71.302 		491.594 		0
v -18.9071 		412.1717 		2
v -18.81 		412.245 		2
v -18.714 		412.321 		2
v -18.6251 		412.3957 		2
v -18.529 		412.481 		2
v 68.498 		497.842 		0
v -18.444 		412.561 		2
v 85 		497.842 		0
v -42.089 		397.374 		0
v 53.4062 		426.2285 		0
v 53.402 		426.248 		0
v 53.2154 		426.6842 		0
v 53.1968 		426.7303 		0
v -18.62 		412.4 		2
v 53.1706 		426.7725 		0
v 52.3375 		427.6575 		0
v 51.8834 		427.8775 		0
v -42.305 		397.391 		0
v 51.855 		427.8866 		0
v -50.676 		432.636 		0.8453
v -50.6822 		432.6369 		0.8639
v 51.3678 		428.0169 		0
v 51.0326 		428.0414 		0
v 51.003 		428.045 		0
v 52.355 		427.648 		0
v -50.6689 		432.6353 		0.8721
v 52.385 		427.6219 		0
v 52.9049 		427.1652 		0
v 52.6801 		427.39 		0
v -50.675 		432.635 		0.691
v -42.698 		397.434 		0
v 52.4269 		427.5801 		0
v -42.507 		397.411 		0
v 36.996 		428.045 		0
v 36.9855 		428.0427 		0
v 36.9173 		428.0122 		0
v 36.5288 		427.6237 		0
v 36.4969 		427.5522 		0
v 36.643 		427.898 		0
v 36.496 		427.545 		0
v -50.6689 		432.6353 		0.8721
v -18.9235 		412.16 		2
v -18.908 		412.171 		2
v -50.6661 		432.6352 		0.9223
v -42.906 		397.463 		0
v -19.4063 		411.8514 		2
v -19.3583 		411.879 		2
v -18.9968 		412.1079 		2
v -43.106 		397.496 		0
v -42.089 		397.374 		2
v -22.434 		439.821 		1.172
v 44.079 		417.592 		14.306
v -43.505 		397.574 		0
v 43.967 		417.592 		14.178
v -42.088 		397.376 		2
v -43.31 		397.534 		0
v -22.45 		439.808 		1.4691
v -22.4427 		439.8146 		1.536
v -42.305 		397.391 		2
v -22.4244 		439.8316 		1.536
v -42.304 		397.393 		2
v -43.904 		397.669 		0
v -22.4398 		439.8172 		1.5624
v -42.507 		397.411 		2
v -43.708 		397.62 		0
v -22.4419 		439.815 		1.6173
v -22.4258 		439.8302 		1.5491
v -42.506 		397.414 		2
v -22.375 		439.879 		1.959
v -42.698 		397.434 		2
v 45.17 		417.592 		12.094
v 45 		417.592 		12.083
v 45.337 		417.592 		12.127
v 45.498 		417.592 		12.182
v -44.496 		397.842 		0
v -22.4244 		439.8313 		1.6214
v 45.651 		417.592 		12.257
v -42.698 		397.437 		2
v -50.6857 		432.6376 		0.915
v -42.906 		397.463 		2
v -50.6824 		432.6369 		0.8646
v 44.349 		417.592 		12.257
v 44.501 		417.592 		12.182
v -42.905 		397.466 		2
v 44.663 		417.592 		12.127
v -44.31 		397.784 		0
v 44.83 		417.592 		12.094
v -44.105 		397.723 		0
v -19.1091 		412.0299 		0
v -19.1088 		412.0301 		0
v -19.1789 		411.985 		0
v -19.2126 		411.9633 		0
v -19.2126 		411.9632 		0
v -44.888 		397.979 		0
v -44.691 		397.908 		0
v -51.194 		432.752 		0.644
v -51.1781 		432.7471 		0.6654
v -51.1986 		432.7536 		0.7002
v -51.1964 		432.7529 		0.6965
v -51.2 		432.7541 		0.7137
v -51.1933 		432.7519 		0.6911
v 47 		417.642 		16.502
v -46.01 		398.472 		0
v 47 		429.042 		16.502
v -45.824 		398.379 		0
v 47 		426.942 		16.502
v 47 		419.742 		16.502
v 47 		418.692 		17.702
v 47 		427.992 		17.702
v 69.612 		489.396 		3
v 69.425 		489.459 		3
v -45.654 		398.299 		0
v 69.249 		489.545 		3
v -45.456 		398.209 		0
v 69.086 		489.654 		3
v -45.265 		398.127 		0
v 68.938 		489.784 		3
v -45.08 		398.053 		0
v 68.808 		489.931 		3
v 68.699 		490.094 		3
v 68.612 		490.27 		3
v 68.549 		490.456 		3
v 68.511 		490.649 		3
v -22.3862 		439.8685 		1.024
v -22.3882 		439.8668 		1.0583
v -47.083 		399.101 		0
v 68.498 		490.844 		3
v -19.008 		412.1 		2
v 68.511 		491.04 		3
v 53.504 		425.543 		0
v -19.1877 		411.9809 		2
v -19.11 		412.031 		2
v 68.549 		491.233 		3
v 53.5025 		425.5629 		0
v -46.908 		398.987 		0
v 68.612 		491.419 		3
v -46.721 		398.87 		0
v 51.003 		418.639 		0
v 52.0233 		418.8581 		0
v 68.699 		491.594 		3
v 52.0594 		418.8746 		0
v 68.808 		491.758 		3
v 52.5907 		419.2166 		0
v 68.938 		491.905 		3
v 52.6542 		419.264 		0
v 69.086 		492.035 		3
v 69.249 		492.144 		3
v 53.402 		420.436 		0
v 53.504 		421.141 		0
v 69.425 		492.23 		3
v 69.612 		492.293 		3
v 53.3855 		420.3999 		0
v 53.0691 		419.742 		0
v -19.213 		411.963 		0
v -19.2133 		411.9628 		0
v 70.575 		489.459 		3
v 53.3312 		420.3178 		0
v 53.3736 		420.384 		0
v 70.389 		489.396 		3
v 51.0423 		418.6447 		0
v 51.5427 		418.7051 		0
v 70.197 		489.357 		3
v 70 		489.344 		3
v 69.804 		489.357 		3
v 71.503 		490.844 		3
v 71.49 		490.649 		3
v 71.452 		490.456 		3
v 71.389 		490.27 		3
v 71.302 		490.094 		3
v 71.192 		489.931 		3
v -19.3207 		411.9006 		2
v 36.496 		419.14 		0
v -19.1945 		411.9766 		2
v 71.063 		489.784 		3
v 36.5357 		418.9605 		0
v 36.5417 		418.9409 		0
v 70.915 		489.654 		3
v 36.996 		418.639 		0
v 70.752 		489.545 		3
v 36.9816 		418.6409 		0
v -46.548 		398.767 		0
v 36.6918 		418.7478 		0
v 36.9668 		418.6503 		0
v 71.389 		491.419 		3
v -46.379 		398.67 		0
v 36.6745 		418.7673 		0
v 71.452 		491.233 		3
v -46.19 		398.566 		0
v -19.214 		411.964 		2
v 71.49 		491.04 		3
v -19.32 		411.901 		2
v 69.804 		492.332 		3
v 70 		492.345 		3
v 70.197 		492.332 		3
v 16.792 		425.464 		0
v 70.389 		492.293 		3
v 16.792 		421.22 		0
v 70.575 		492.23 		3
v 70.752 		492.144 		3
v 70.915 		492.035 		3
v 71.063 		491.905 		3
v 71.192 		491.758 		3
v 51.299 		464.595 		0
v 71.302 		491.594 		3
v 51.299 		451.09 		0
v 45.795 		464.595 		0
v 45.795 		451.09 		0
v -19.456 		411.8242 		2
v -19.428 		411.839 		2
v -48.665 		400.387 		0
v 85 		497.842 		3
v -22.3339 		439.9218 		1.024
v -33.211 		473.345 		0
v 35 		497.842 		3
v 66.903 		396.44 		3
v 66.929 		396.844 		3
v 67.008 		397.242 		3
v 1.419 		459.442 		0
v 69.598 		393.366 		3
v 69.2 		393.445 		3
v 68.817 		393.576 		3
v 68.453 		393.755 		3
v 68.116 		393.98 		3
v 1.417 		459.44 		0
v 67.811 		394.248 		3
v 67.543 		394.552 		3
v 0 		451.8274 		0
v 1.996 		449.357 		0
v 4.077 		446.28 		0
v 5.89 		443.038 		0
v 6.1931 		442.368 		0
v 67.318 		394.89 		3
v 4.358 		456.377 		0
v -19.8114 		411.648 		2
v -19.8015 		411.6523 		2
v 7.027 		453.075 		0
v -19.554 		411.7715 		0
v -19.5836 		411.7555 		0
v -19.5915 		411.7513 		0
v -19.5915 		411.7513 		0
v 9.406 		449.559 		0
v -19.761 		411.67 		2
v -19.7519 		411.6744 		2
v -19.5922 		411.7509 		0
v -19.5922 		411.7509 		0
v -19.593 		411.7505 		0
v -19.5919 		411.751 		0
v -19.5919 		411.751 		0
v 67.139 		395.253 		3
v -48.946 		400.672 		0
v 67.008 		395.637 		3
v 11.478 		445.853 		0
v 66.929 		396.035 		3
v -48.807 		400.528 		0
v 72.997 		397.242 		3
v 73.076 		396.844 		3
v 4.357 		456.376 		0
v 7.025 		453.074 		0
v 9.404 		449.557 		0
v 11.476 		445.852 		0
v 73.103 		396.44 		3
v 73.076 		396.035 		3
v 7.421 		439.654 		0
v 72.997 		395.637 		3
v 8.659 		436.153 		0
v 9.596 		432.559 		0
v 10.224 		428.899 		0
v 10.4722 		425.984 		0
v 72.867 		395.253 		3
v 1.436 		437.693 		0
v 72.688 		394.89 		3
v 72.462 		394.552 		3
v 72.195 		394.248 		3
v 71.89 		393.98 		3
v 71.553 		393.755 		3
v 3.013 		433.048 		0
v -22.4511 		439.8069 		1.4371
v -22.4875 		439.7744 		1.1848
v -22.4869 		439.7751 		1.1685
v 71.189 		393.576 		3
v 70.805 		393.445 		3
v -22.5052 		439.7592 		1.1673
v 70.407 		393.366 		3
v -22.5042 		439.76 		1.173
v 3.97 		428.237 		0
v 70.003 		393.34 		3
v 67.139 		397.626 		3
v -22.4517 		439.8064 		1.4532
v 67.318 		397.99 		3
v 67.543 		398.327 		3
v 67.811 		398.632 		3
v 1.435 		437.693 		0
v 3.011 		433.048 		0
v 3.968 		428.237 		0
v 68.116 		398.899 		3
v -49.09 		400.824 		0
v 68.453 		399.125 		3
v 68.817 		399.304 		3
v 69.2 		399.434 		3
v -22.494 		439.767 		1.445
v 69.598 		399.514 		3
v -51.193 		432.751 		0.484
v -47.897 		399.701 		0
v 70.003 		399.54 		3
v -47.578 		399.452 		0
v 70.407 		399.514 		3
v 70.805 		399.434 		3
v 71.189 		399.304 		3
v 71.553 		399.125 		3
v 71.89 		398.899 		3
v -47.733 		399.571 		0
v 72.195 		398.632 		3
v 72.462 		398.327 		3
v 72.688 		397.99 		3
v 72.867 		397.626 		3
v 66.903 		450.244 		3
v -19.593 		411.752 		2
v 69.598 		447.171 		3
v 69.2 		447.25 		3
v 68.817 		447.38 		3
v 68.453 		447.559 		3
v 68.116 		447.785 		3
v 67.811 		448.052 		3
v 67.543 		448.357 		3
v -48.055 		399.832 		0
v 67.318 		448.694 		3
v 67.139 		449.058 		3
v 67.008 		449.442 		3
v 66.929 		449.84 		3
v 73.103 		450.244 		3
v 73.076 		449.84 		3
v 72.997 		449.442 		3
v 72.867 		449.058 		3
v 72.688 		448.694 		3
v -19.99 		411.57 		2
v 72.462 		448.357 		3
v 72.195 		448.052 		3
v 71.89 		447.785 		3
v 71.553 		447.559 		3
v 71.189 		447.38 		3
v 70.805 		447.25 		3
v 70.407 		447.171 		3
v 70.003 		447.144 		3
v -48.217 		399.972 		0
v -20.48 		411.3974 		2
v -20.403 		411.42 		2
v 66.929 		450.649 		3
v -20.267 		411.4666 		2
v 67.008 		451.047 		3
v 67.139 		451.431 		3
v 67.318 		451.794 		3
v 67.543 		452.132 		3
v 67.811 		452.436 		3
v 68.116 		452.704 		3
v -19.6373 		411.7295 		0
v -19.7695 		411.6666 		0
v -19.7738 		411.6646 		0
v -19.8086 		411.648 		0
v 68.453 		452.929 		3
v 68.817 		453.109 		3
v 69.2 		453.239 		3
v 69.598 		453.318 		3
v -42.088 		397.376 		0.001
v 70.003 		453.345 		3
v 70.407 		453.318 		3
v -20.102 		411.5276 		2
v 70.805 		453.239 		3
v 71.189 		453.109 		3
v -48.363 		400.103 		0
v -20.225 		411.481 		2
v 71.553 		452.929 		3
v 71.89 		452.704 		3
v 72.195 		452.436 		3
v 72.462 		452.132 		3
v 72.688 		451.794 		3
v -48.508 		400.237 		0
v 72.867 		451.431 		3
v 72.997 		451.047 		3
v 73.076 		450.649 		3
v -47.415 		399.331 		0
v -47.244 		399.21 		0
v 13.228 		441.986 		0
v 85 		408.343 		3
v 53.4189 		426.1704 		3
v -64.892 		413.011 		0
v -64.8919 		413.0105 		0
v -64.894 		413.01 		0
v 53.4283 		426.1317 		3
v -57.344 		414.9091 		0
v -55.1822 		415.4527 		0
v -61.2533 		418.8943 		0
v -57.344 		419.8771 		0
v -56.3429 		420.1288 		0
v 14.643 		437.984 		0
v 53.402 		426.248 		3
v -21.504 		411.1805 		2
v -21.449 		411.187 		2
v -21.3247 		411.2049 		2
v -56.342 		420.129 		0
v -21.0624 		411.2506 		2
v -20.9638 		411.2706 		2
v -20.8158 		411.3042 		2
v -20.645 		411.349 		2
v 53.2853 		426.5208 		3
v 53.333 		426.4117 		3
v -49.1577 		419.84 		0
v 15.713 		433.877 		0
v 53.403 		426.248 		3
v -49.203 		420.037 		0
v -49.311 		420.52 		0
v 16.431 		429.693 		0
v -49.402 		420.94 		0
v -49.534 		421.579 		0
v -20.952 		411.273 		2
v -49.5839 		421.8275 		0
v 53.2122 		426.7017 		3
v -49.584 		421.828 		0
v 53.2213 		426.687 		3
v 16.429 		429.693 		0
v 53.0966 		426.8873 		3
v 53.0644 		426.939 		3
v 13.225 		441.985 		0
v 14.641 		437.983 		0
v 15.711 		433.876 		0
v 4.291 		423.342 		0
v 51.9158 		427.8651 		3
v 51.9307 		427.8604 		3
v 10.539 		425.199 		0
v 10.539 		421.485 		0
v 10.224 		417.785 		0
v 10.1904 		417.589 		0
v 52.2854 		427.686 		3
v 52.2507 		427.705 		3
v -55.181 		415.453 		0
v 9.596 		414.125 		0
v 8.659 		410.531 		0
v 8.3298 		409.6 		0
v 3.97 		418.447 		0
v -20.828 		411.301 		2
v 51.7838 		427.9071 		3
v 51.761 		427.9143 		3
v -22.4829 		439.7781 		1.8667
v -22.501 		439.7624 		1.8794
v -22.4846 		439.7769 		1.9302
v 3.013 		413.636 		0
v 51.417 		428.0063 		3
v 51.411 		428.0068 		3
v -22.501 		439.7626 		1.9327
v 1.132 		423.191 		0
v -52.2189 		405.5988 		0
v -52.219 		405.5991 		0
v 4.289 		423.342 		0
v 3.968 		418.447 		0
v 3.011 		413.636 		0
v 52.9643 		427.0863 		3
v 52.9567 		427.094 		3
v 52.6417 		427.3773 		3
v 52.4746 		427.5442 		3
v 52.5343 		427.4924 		3
v 52.6732 		427.3537 		3
v -52.224 		433.3486 		0.6153
v -52.1496 		433.2838 		0.7265
v 36.6267 		427.8588 		3
v -51.9879 		433.156 		0.2564
v -51.9895 		433.1572 		0.2474
v -21.324 		411.205 		2
v -21.2 		411.225 		2
v -21.075 		411.248 		2
v -52.184 		433.311 		1.247
v -52.184 		433.311 		2
v -52.1447 		433.2792 		1.0337
v -52.1594 		433.2906 		1.1677
v -52.1133 		433.2536 		1.3108
v 36.6822 		427.9143 		3
v -52.041 		433.197 		0.8101
v -51.9811 		433.152 		0.8276
v 53.4982 		425.6221 		3
v -52.0514 		433.2037 		1.5032
v -52.021 		433.18 		1.808
v 53.4957 		425.6617 		3
v 53.504 		425.543 		3
v 2.0129 		397.352 		0
v 1.996 		397.327 		0
v 0 		394.8574 		0
v -52.0535 		433.2059 		1.2686
v 4.289 		400.7831 		0
v 7.421 		407.03 		0
v 5.89 		403.646 		0
v 4.077 		400.404 		0
v 2.646 		398.2881 		0
v -52.1411 		433.2755 		2
v -52.0393 		433.1943 		2
v -22.528 		411.1484 		2
v -22.306 		411.139 		2
v 51.9454 		418.8304 		3
v -22.001 		411.1427 		2
v -21.826 		411.151 		2
v -21.7 		411.16 		2
v 51.9307 		418.8237 		3
v -21.575 		411.172 		2
v -52.021 		433.18 		2
v -51.9879 		433.156 		1.4527
v -51.9879 		433.156 		2
v -22.4952 		439.7677 		1.118
v -22.4956 		439.7673 		1.1011
v -51.9824 		433.152 		1.3746
v -22.4972 		439.7658 		1.1053
v 52.1272 		418.9135 		3
v 52.1467 		418.9223 		3
v -22.4987 		439.7646 		1.1088
v -52.02 		433.179 		1.355
v 52.3832 		419.0783 		3
v 52.3464 		419.0507 		3
v 53.402 		420.436 		3
v -52.102 		433.243 		2
v 53.504 		421.141 		3
v 53.403 		420.436 		3
v -52.02 		433.179 		2
v 53.3364 		420.292 		3
v 52.7129 		419.3249 		3
v -22.0929 		411.139 		2
v -22.055 		411.1401 		2
v 52.725 		419.334 		3
v -22.078 		411.139 		2
v 52.8804 		419.5134 		3
v 52.8847 		419.5229 		3
v -52.183 		433.31 		0.935
v 53.2889 		420.2286 		3
v 53.1198 		419.9649 		3
v -52.183 		433.31 		2
v 53.0943 		419.909 		3
v 53.233 		420.1251 		3
v -22.175 		440.107 		0.864
v -20.1648 		411.5011 		0
v -20.1648 		411.5011 		0
v -20.1655 		411.5008 		0
v -20.1655 		411.5008 		0
v 53.3043 		420.22 		3
v -20.1352 		411.5125 		0
v 51.1608 		418.6618 		3
v 51.1595 		418.6617 		3
v 51.003 		418.639 		3
v -22.115 		440.19 		0.8406
v -20.1658 		411.5007 		0
v -23.552 		411.2929 		2
v -23.524 		411.286 		2
v -23.2642 		411.2332 		2
v -19.9887 		411.5691 		0
v -23.1435 		411.2139 		2
v -22.8358 		411.1713 		2
v -19.9893 		411.5689 		0
v 51.581 		418.7144 		3
v 51.5913 		418.7157 		3
v -22.7937 		411.1669 		2
v -22.614 		411.152 		2
v 36.8797 		418.6842 		3
v -22.192 		440.0857 		0.6301
v -22.1908 		440.0871 		0.6254
v -19.9899 		411.5686 		0
v -20.05 		411.5454 		0
v -20.0521 		411.5446 		0
v -52.349 		405.8701 		0
v -52.3489 		405.8699 		0
v -20.0902 		411.5299 		0
v -20.0922 		411.5291 		0
v -52.103 		433.244 		0.7791
v -52.1172 		433.2557 		0.8132
v -52.1207 		433.2587 		0.7697
v -52.1061 		433.2466 		0.7344
v -22.1049 		440.2053 		0.9228
v -52.0698 		433.2181 		0.5091
v -22.1143 		440.1911 		0.8499
v -52.0951 		433.2379 		0.7375
v -52.1012 		433.2426 		0.7924
v 36.6164 		418.8307 		3
v -52.0192 		433.1791 		0.1896
v -22.0335 		440.316 		0.5466
v -52.0313 		433.1883 		0.2325
v -22.0386 		440.3092 		0.801
v -52.524 		406.247 		0
v -52.5239 		406.2468 		0
v -22.1146 		440.1906 		0.8425
v -52.1186 		433.2576 		0.9574
v -52.647 		406.521 		0
v -22.2709 		439.9917 		0.512
v 16.792 		425.464 		3
v 16.792 		421.22 		3
v -52.772 		406.8121 		0
v -52.7719 		406.8118 		0
v -22.115 		440.188 		0.637
v -22.175 		440.106 		0.648
v -52.1414 		433.2765 		1.024
v -52.0072 		433.17 		0.1469
v -22.239 		440.026 		0.883
v -52.9239 		407.1798 		0
v -52.102 		433.243 		0.74
v -52.9241 		407.1802 		0
v -52.924 		407.18 		0
v -19.8165 		411.6442 		0
v -19.8165 		411.6442 		0
v -22.1977 		440.0785 		0.5518
v -19.8172 		411.6439 		0
v -19.8172 		411.6439 		0
v -19.8179 		411.6436 		0
v -22.255 		440.0106 		0.512
v -19.8169 		411.644 		0
v -19.8169 		411.644 		0
v -52.0873 		433.2317 		0.7965
v -52.0924 		433.2357 		0.8585
v -52.0832 		433.2287 		0.7977
v -53.0751 		407.5671 		0
v -52.0917 		433.2352 		0.8785
v -53.075 		407.5669 		0
v -52.0826 		433.2285 		1.024
v -52.088 		433.2327 		0.9787
v -53.18 		407.8449 		0
v -53.252 		408.0461 		0
v -53.2519 		408.0458 		0
v -53.35 		408.3301 		0
v -53.35 		408.3299 		0
v -19.9887 		411.5691 		0
v -19.9893 		411.5689 		0
v -19.9339 		411.593 		0
v -19.9357 		411.5922 		0
v -19.8808 		411.6162 		0
v -53.447 		408.6221 		0
v -53.447 		408.6219 		0
v -53.5083 		408.8169 		0
v -53.508 		408.816 		0
v -42.304 		397.393 		0.001
v -52.1953 		433.3213 		0.0956
v -52.224 		433.3475 		0.282
v -52.176 		433.3044 		0.0956
v -52.0443 		433.1982 		0.2788
v -23.224 		411.225 		2
v -20.4617 		411.4001 		0
v -20.4617 		411.4001 		0
v -20.4624 		411.3999 		0
v -20.4624 		411.3999 		0
v -20.3508 		411.4362 		0
v -20.3892 		411.4237 		0
v -22.8256 		411.1699 		2
v -20.4629 		411.3997 		0
v -22.819 		411.169 		2
v -20.342 		411.439 		0
v -20.3429 		411.4387 		0
v -20.3463 		411.4376 		0
v -52.2639 		433.3839 		1.1567
v -22.306 		439.95 		0.986
v -52.264 		433.384 		1.1552
v -52.2982 		433.4174 		1.024
v -52.5426 		433.6872 		1.4496
v -52.5454 		433.6907 		1.4691
v -52.5788 		433.7354 		1.2854
v -52.5862 		433.7452 		1.2449
v -52.5372 		433.6815 		1.2994
v -52.6014 		433.7643 		1.0522
v -52.5469 		433.6939 		1.1004
v -20.48 		411.3949 		0
v -23.8011 		411.3543 		2
v -23.8335 		411.363 		2
v -23.8334 		411.363 		2
v -23.8013 		411.3544 		2
v -52.3745 		433.4954 		1.1687
v -52.3896 		433.5113 		1.2512
v -52.4282 		433.5519 		1.4626
v -52.4324 		433.5567 		1.4373
v -52.4374 		433.5634 		1.276
v -24.576 		411.6264 		2
v -24.397 		411.551 		2
v -24.015 		411.417 		2
v -52.4268 		433.5518 		1.0369
v -52.4171 		433.5413 		1.024
v -52.3631 		433.4826 		1.024
v -52.4541 		433.5814 		1.6564
v -52.4461 		433.5723 		1.7048
v -52.5274 		433.6685 		1.7247
v -52.5202 		433.6597 		1.675
v -20.342 		411.439 		0
v -52.4679 		433.5971 		2
v -23.82 		411.359 		2
v -20.2191 		411.4821 		0
v -20.2896 		411.4574 		0
v -20.3154 		411.4483 		0
v -22.498 		439.764 		0.84
v -52.8114 		434.0924 		2
v -52.263 		433.383 		1.156
v -52.416 		433.538 		1.271
v -52.557 		433.705 		1.304
v -22.3824 		439.8719 		0.957
v -52.85 		434.165 		2
v -22.305 		439.952 		0.613
v -52.488 		433.62 		2
v -22.3593 		439.8954 		0.9526
v -52.7888 		434.0515 		2
v -52.712 		433.9251 		1.559
v -16.384 		463.6939 		0
v -15.174 		463.208 		0
v -11.855 		461.536 		0
v -8.69 		459.589 		0
v -7.5573 		458.752 		0
v -28.5796 		415.744 		2
v -28.494 		415.578 		2
v -28.365 		415.3409 		2
v -28.348 		415.3098 		2
v -28.328 		415.2742 		2
v -28.2111 		415.0726 		2
v -28.182 		415.023 		2
v -28.156 		414.9799 		2
v -28.051 		414.8083 		2
v -28.0147 		414.7514 		2
v -27.9053 		414.582 		2
v -22.376 		439.877 		0.789
v -53.5991 		409.1165 		0
v 55 		467.842 		3
v -53.683 		409.411 		0
v -53.682 		409.412 		0
v -32.768 		467.0732 		0
v -29.497 		466.934 		0
v -25.81 		466.463 		0
v -22.177 		465.68 		0
v -18.623 		464.593 		0
v -27.8677 		414.5259 		2
v -27.7739 		414.3873 		2
v 51.299 		447.842 		3
v -27.7472 		414.3482 		2
v -27.7438 		414.3434 		2
v -27.588 		414.126 		2
v -27.425 		413.911 		2
v -27.256 		413.701 		2
v -27.2518 		413.696 		2
v -42.506 		397.414 		0.001
v -42.698 		397.437 		0.001
v -28.672 		415.9269 		2
v -28.6442 		415.8695 		2
v -28.6374 		415.8561 		2
v 55 		447.842 		3
v -28.183 		415.024 		2
v -28.339 		415.293 		2
v -27.745 		414.345 		2
v 55 		430.342 		3
v -27.897 		414.568 		2
v -28.043 		414.795 		2
v 35 		447.842 		3
v 35 		467.842 		3
v -49.152 		464.0497 		0
v -47.799 		464.593 		0
v -44.245 		465.68 		0
v -40.611 		466.463 		0
v -36.925 		466.934 		0
v -33.211 		467.092 		0
v -28.642 		415.865 		2
v -22.433 		439.823 		0.311
v -29.4474 		417.785 		2
v -29.4424 		417.7715 		2
v -29.2788 		417.3286 		2
v -29.2478 		417.2476 		2
v -29.3569 		417.5366 		2
v -29.341 		417.493 		2
v -29.2335 		417.2098 		2
v -29.1445 		416.9858 		2
v -29.114 		416.9111 		2
v -29.045 		416.744 		2
v -28.917 		416.449 		2
v -28.783 		416.156 		2
v -42.905 		397.466 		0.001
v 55 		416.342 		3
v -29.227 		417.192 		2
v -29.138 		416.967 		2
v -58.8647 		458.752 		0
v -57.732 		459.589 		0
v -54.567 		461.536 		0
v -51.248 		463.208 		0
v -22.115 		440.19 		0
v -26.6049 		412.9929 		2
v -22.0579 		440.2751 		0
v -26.573 		412.962 		2
v -26.4778 		412.8736 		2
v -22.0581 		440.2748 		0
v -26.3464 		412.7537 		2
v -26.2607 		412.6798 		2
v -65.0294 		393.34 		0
v -22.2848 		439.9752 		0.4912
v -65.536 		393.8684 		0
v -26.4125 		412.813 		2
v -26.3585 		412.764 		2
v -26.3481 		412.7551 		2
v -26.4422 		412.8406 		2
v -52.36 		433.4801 		1.536
v -52.3561 		433.4762 		1.5298
v -52.288 		433.4073 		1.4194
v -22.306 		439.95 		0.461
v -53.445 		408.624 		0
v -53.507 		408.818 		0
v -53.597 		409.118 		0
v -52.264 		433.384 		1.1602
v -52.4161 		433.5381 		1.536
v -52.3984 		433.5195 		1.4416
v -52.217 		405.601 		0
v -52.4159 		433.5378 		1.536
v -52.348 		405.872 		0
v -52.523 		406.249 		0
v -52.645 		406.523 		0
v -52.77 		406.813 		0
v -52.923 		407.182 		0
v -53.074 		407.568 		0
v -53.178 		407.847 		0
v -52.3768 		433.4967 		2
v -52.3944 		433.5152 		1.6724
v -53.251 		408.048 		0
v -52.264 		433.384 		1.542
v -53.349 		408.331 		0
v -52.2957 		433.4149 		2
v -52.264 		433.384 		2
v -51.2461 		403.7901 		0
v -51.2459 		403.7899 		0
v -26.377 		412.78 		2
v -52.3846 		433.505 		1.5758
v -22.175 		440.107 		0
v -22.2382 		440.0277 		0
v -52.416 		433.538 		1.5368
v -22.2379 		440.0282 		0
v -25.2892 		411.9826 		2
v -25.13 		411.893 		2
v -24.9761 		411.8109 		2
v -24.941 		411.7929 		2
v -24.677 		411.669 		2
v -24.6272 		411.648 		2
v -22.239 		440.026 		0
v -52.341 		433.459 		2
v -25.306 		411.992 		2
v -52.263 		433.383 		2
v -25.6 		412.1784 		2
v -25.5559 		412.1483 		2
v -22.059 		440.273 		0
v -43.106 		397.496 		2
v -22.115 		440.188 		0
v -43.105 		397.498 		2
v -43.31 		397.534 		2
v -43.309 		397.536 		2
v -24.952 		411.798 		2
v -43.505 		397.574 		2
v -43.505 		397.576 		2
v -43.708 		397.62 		2
v -22.175 		440.106 		0
v -52.5597 		433.7086 		1.536
v -52.5726 		433.7258 		1.4684
v -52.555 		433.7025 		1.536
v -43.707 		397.622 		2
v -52.5282 		433.6695 		1.7304
v -43.904 		397.669 		2
v -52.5081 		433.6448 		2
v -52.6419 		433.8205 		2
v -52.6558 		433.8406 		1.6296
v -25.3951 		412.0459 		2
v -52.5881 		433.7465 		1.7068
v -25.3875 		412.0413 		2
v -52.6009 		433.7635 		2
v -43.904 		397.671 		2
v -52.6534 		433.8371 		1.6058
v -52.5915 		433.751 		1.6679
v -25.3175 		411.9989 		2
v -52.7297 		433.9543 		2
v -52.7114 		433.9242 		1.8265
v -52.7191 		433.9362 		2
v -52.7114 		433.9242 		1.5557
v -25.3962 		412.0466 		2
v -52.557 		433.705 		1.5501
v -22.434 		439.821 		0.234
v -52.744 		433.975 		2
v -25.42 		412.061 		2
v -52.623 		433.793 		2
v -25.5452 		412.141 		2
v -25.5394 		412.1371 		2
v -25.4987 		412.1109 		2
v -25.495 		412.1086 		2
v -25.5397 		412.1372 		2
v -22.5236 		439.7433 		0
v -22.493 		439.769 		0.144
v -22.5241 		439.743 		0
v -25.532 		412.132 		2
v -22.5245 		439.7426 		0
v -22.525 		439.742 		0
v -22.494 		439.767 		0.109
v -26.2058 		412.6332 		2
v -26.0756 		412.5258 		2
v -26.0675 		412.5193 		2
v -25.966 		412.44 		2
v -25.752 		412.282 		2
v -64.9106 		393.216 		0
v -0.339 		394.438 		0
v -1.5109 		393.216 		0
v -26.071 		412.522 		2
v -22.3754 		439.8786 		0
v -22.3766 		439.8775 		0
v -22.305 		439.952 		0
v -22.3748 		439.8792 		0
v -26.2163 		412.6418 		2
v -26.2104 		412.6369 		2
v -22.376 		439.877 		0
v -26.225 		412.649 		2
v -22.306 		439.95 		0
v -26.947 		413.344 		2
v -26.7395 		413.133 		2
v -27.077 		413.4906 		2
v -26.9591 		413.3575 		2
v -27.126 		413.546 		2
v -26.6477 		413.0357 		2
v -26.669 		413.055 		2
v -26.763 		413.15 		2
v -26.948 		413.345 		2
v -22.555 		439.718 		1.145
v -20.9685 		411.2706 		1.5609
v -20.8669 		411.2939 		1.4829
v -21.0128 		411.2604 		1.6172
v -21.0125 		411.2605 		1.6089
v -20.7963 		411.3099 		1.4825
v -43.105 		397.498 		0.001
v -20.8148 		411.3045 		1.9722
v -22.618 		439.669 		1.479
v -20.7648 		411.317 		1.4822
v -43.309 		397.536 		0.001
v -43.505 		397.576 		0.001
v -20.9517 		411.2719 		0
v -20.9518 		411.2719 		0
v -21.0964 		411.2431 		0
v -21.1019 		411.242 		0
v -21.1368 		411.235 		0
v -21.1372 		411.235 		0
v -22.88 		439.499 		1.3076
v -22.8927 		439.4922 		1.3368
v -20.9511 		411.272 		0
v -20.9506 		411.2721 		0
v -22.8513 		439.5153 		1.4185
v -16.409 		399.865 		2
v -20.705 		411.331 		0
v -20.705 		411.331 		0
v -20.7058 		411.3308 		0
v -20.7047 		411.3311 		0
v -20.7047 		411.3311 		0
v -16.641 		399.782 		2
v -20.5187 		411.3839 		0
v -20.5469 		411.3759 		0
v -20.5485 		411.3754 		0
v -16.859 		399.708 		2
v -20.627 		411.3531 		0
v -22.6939 		439.6143 		1.7232
v -22.6979 		439.6117 		1.8074
v -20.6629 		411.343 		0
v -22.6923 		439.6152 		1.64
v -65.536 		452.8164 		0
v -63.511 		454.928 		0
v -60.72 		457.381 		0
v -17.081 		399.635 		2
v -22.687 		439.6189 		1.6536
v -17.316 		399.562 		2
v -17.317 		399.565 		2
v -17.082 		399.637 		2
v -16.86 		399.71 		2
v -16.642 		399.784 		2
v -16.41 		399.868 		2
v -17.555 		399.492 		2
v -43.707 		397.622 		0.001
v -43.904 		397.671 		0.001
v -22.6697 		439.6312 		1.6987
v -52.5296 		433.6722 		1.2538
v -22.618 		439.667 		1.109
v -17.774 		399.432 		2
v -52.5221 		433.662 		1.1222
v -52.4471 		433.5743 		1.2261
v -22.683 		439.621 		1.363
v -18.008 		399.371 		2
v -52.4584 		433.5863 		1.079
v -22.881 		439.497 		1.07
v -18.009 		399.373 		2
v -17.775 		399.434 		2
v -17.556 		399.495 		2
v -22.814 		439.536 		1.492
v -18.251 		399.311 		2
v -52.2507 		433.3718 		0.5754
v -52.264 		433.384 		0.691
v -52.261 		433.3812 		0.5218
v -18.252 		399.313 		2
v -52.3411 		433.4592 		0.8595
v -52.3412 		433.4592 		0.8571
v -52.3413 		433.4594 		0.8533
v -22.618 		439.667 		1.5
v -51.144 		403.618 		0
v -52.341 		433.459 		0.857
v -52.3413 		433.4594 		0.8588
v -52.3567 		433.4755 		0.9436
v -5.702 		457.381 		0
v -2.911 		454.928 		0
v -0.339 		452.247 		0
v -52.263 		433.383 		0.519
v -51.349 		403.968 		0
v -51.3491 		403.9682 		0
v -22.6655 		439.6341 		1.8651
v -22.6655 		439.6341 		1.7308
v -51.5551 		404.3302 		0
v -51.555 		404.3299 		0
v -22.6979 		439.6117 		1.8389
v -51.703 		404.6 		0
v -51.9449 		405.0558 		0
v -51.844 		404.862 		0
v -51.945 		405.0561 		0
v -52.08 		405.3201 		0
v -52.0799 		405.3199 		0
v -22.555 		439.716 		1.164
v -51.294 		432.786 		1.855
v -51.228 		432.7643 		1.3585
v -51.2519 		432.772 		1.2297
v -51.2601 		432.7747 		1.3743
v -51.2762 		432.7799 		2
v -51.294 		432.786 		2
v -22.555 		439.718 		1.552
v -51.142 		403.62 		0
v -51.245 		403.792 		0
v -51.348 		403.97 		0
v -51.553 		404.332 		0
v -51.702 		404.601 		0
v -51.842 		404.864 		0
v -51.944 		405.058 		0
v -52.079 		405.322 		0
v -51.3438 		432.8053 		1.6613
v -51.367 		432.8149 		1.6681
v -49.8171 		401.6781 		0
v -49.817 		401.6779 		0
v -51.4712 		432.8582 		1.7216
v -51.4638 		432.8549 		1.6965
v -51.3358 		432.803 		1.4374
v -50.0031 		401.9172 		0
v -50.003 		401.9169 		0
v -44.105 		397.723 		2
v -51.3941 		432.8268 		2
v -51.4712 		432.8582 		2
v -44.104 		397.726 		2
v -50.186 		402.165 		0
v -44.31 		397.784 		2
v -50.002 		401.92 		0
v -51.3115 		432.7928 		2
v -50.185 		402.167 		0
v -49.624 		401.44 		0
v -1.53 		433.907 		0
v -49.816 		401.68 		0
v -44.309 		397.786 		2
v -49.6251 		401.4381 		0
v -49.625 		401.438 		0
v -44.496 		397.842 		2
v -51.712 		432.9794 		1.7369
v -51.6691 		432.9561 		1.752
v -51.6549 		432.9485 		1.7569
v -44.496 		397.845 		2
v -0.369 		429.231 		0
v -44.691 		397.908 		2
v -44.69 		397.911 		2
v -44.888 		397.979 		2
v -44.887 		397.981 		2
v -51.292 		432.785 		1.39
v -51.292 		432.785 		2
v -21.8612 		442.368 		0
v -50.3701 		402.4222 		0
v -50.37 		402.422 		0
v -22.847 		446.337 		0
v -51.39 		432.823 		2
v -22.8454 		446.3377 		0
v -51.672 		432.957 		2
v -51.6525 		432.9473 		1.0592
v -51.6547 		432.9484 		1.0988
v -51.6904 		432.9678 		1.0781
v -51.7002 		432.9733 		1.024
v -51.672 		432.957 		1.08
v -51.6958 		432.9708 		1.4372
v -51.712 		432.9799 		1.5565
v -51.712 		432.9796 		1.2256
v -51.7019 		432.9737 		1.2268
v -51.6996 		432.9724 		1.2443
v -50.598 		402.7549 		0
v -51.6628 		432.9524 		1.243
v -50.5981 		402.7552 		0
v -51.5142 		432.8781 		1.3183
v -51.5069 		432.8744 		1.3293
v -51.5505 		432.8949 		2
v -51.532 		432.8861 		1.914
v -51.532 		432.8861 		2
v -51.6538 		432.9479 		1.7573
v -51.6317 		432.9359 		1.7651
v -51.6011 		432.92 		2
v -51.6334 		432.9374 		1.5931
v -51.5027 		432.8723 		1.6878
v -51.606 		432.9236 		1.2348
v -20.8268 		411.3 		0
v -20.8268 		411.3 		0
v -20.8278 		411.2998 		0
v -20.8002 		411.3068 		0
v -44.496 		397.845 		0.001
v -20.7475 		411.3202 		0
v -20.7837 		411.311 		0
v -44.104 		397.726 		0.001
v 66.929 		396.844 		0.998
v -44.309 		397.786 		0.001
v 66.903 		396.44 		0.998
v 67.008 		397.242 		0.998
v 69.598 		393.366 		0.998
v 69.2 		393.445 		0.998
v 68.817 		393.576 		0.998
v 68.453 		393.755 		0.998
v -50.819 		403.0939 		0
v 68.116 		393.98 		0.998
v 67.811 		394.248 		0.998
v -50.8191 		403.0942 		0
v 67.543 		394.552 		0.998
v 67.318 		394.89 		0.998
v 67.139 		395.253 		0.998
v 67.008 		395.637 		0.998
v 66.929 		396.035 		0.998
v 72.997 		397.242 		0.998
v 73.076 		396.844 		0.998
v -20.9517 		411.2719 		0
v 73.103 		396.44 		0.998
v 73.076 		396.035 		0.998
v -20.9511 		411.272 		0
v 72.997 		395.637 		0.998
v 72.867 		395.253 		0.998
v -20.9188 		411.2793 		0
v -20.9506 		411.2721 		0
v 72.688 		394.89 		0.998
v 72.462 		394.552 		0.998
v 72.195 		394.248 		0.998
v -44.69 		397.911 		0.001
v -44.887 		397.981 		0.001
v 71.89 		393.98 		0.998
v 71.553 		393.755 		0.998
v 71.189 		393.576 		0.998
v 70.805 		393.445 		0.998
v 70.407 		393.366 		0.998
v 70.003 		393.34 		0.998
v 67.139 		397.626 		0.998
v 67.318 		397.99 		0.998
v 67.543 		398.327 		0.998
v 67.811 		398.632 		0.998
v 68.116 		398.899 		0.998
v 68.453 		399.125 		0.998
v 68.817 		399.304 		0.998
v 69.2 		399.434 		0.998
v 69.598 		399.514 		0.998
v 70.003 		399.54 		0.998
v -50.985 		403.358 		0
v 70.407 		399.514 		0.998
v 70.805 		399.434 		0.998
v -51.5498 		432.8959 		1.2644
v -21.3226 		411.2041 		0
v -21.3226 		411.2041 		0
v -21.3232 		411.204 		0
v -21.3232 		411.204 		0
v -21.3238 		411.2039 		0
v 71.189 		399.304 		0.998
v -50.818 		403.096 		0
v -50.983 		403.36 		0
v -21.202 		411.2242 		0
v 71.553 		399.125 		0.998
v 71.89 		398.899 		0.998
v -21.1372 		411.235 		0
v 72.195 		398.632 		0.998
v -49.357 		401.122 		0
v 72.462 		398.327 		0.998
v -21.1671 		411.23 		0
v -21.1691 		411.2296 		0
v 72.688 		397.99 		0.998
v -49.228 		400.976 		0
v 72.867 		397.626 		0.998
v -21.1919 		411.2259 		0
v 66.903 		450.244 		0.998
v 69.598 		447.171 		0.998
v 69.2 		447.25 		0.998
v 68.817 		447.38 		0.998
v 68.453 		447.559 		0.998
v 68.116 		447.785 		0.998
v 67.811 		448.052 		0.998
v 67.543 		448.357 		0.998
v 67.318 		448.694 		0.998
v -49.492 		401.278 		0
v 67.139 		449.058 		0.998
v 67.008 		449.442 		0.998
v 66.929 		449.84 		0.998
v 73.103 		450.244 		0.998
v 73.076 		449.84 		0.998
v 72.997 		449.442 		0.998
v 72.867 		449.058 		0.998
v 72.688 		448.694 		0.998
v 72.462 		448.357 		0.998
v -21.449 		411.186 		0
v 72.195 		448.052 		0.998
v -21.4497 		411.1859 		0
v 71.89 		447.785 		0.998
v -62.963 		400.512 		0
v -21.4142 		411.191 		0
v 71.553 		447.559 		0.998
v -21.4176 		411.1905 		0
v -21.4488 		411.186 		0
v 71.189 		447.38 		0.998
v 70.805 		447.25 		0.998
v 70.407 		447.171 		0.998
v -21.4004 		411.1929 		0
v -63.395 		406.97 		0
v 70.003 		447.144 		0.998
v 66.929 		450.649 		0.998
v -62.962 		400.514 		0
v 67.008 		451.047 		0.998
v 67.139 		451.431 		0.998
v 67.318 		451.794 		0.998
v -63.392 		406.971 		0
v 67.543 		452.132 		0.998
v 67.811 		452.436 		0.998
v 68.116 		452.704 		0.998
v 68.453 		452.929 		0.998
v -45.824 		398.379 		2
v 68.817 		453.109 		0.998
v 69.2 		453.239 		0.998
v 69.598 		453.318 		0.998
v -45.823 		398.382 		2
v -46.01 		398.472 		2
v 70.003 		453.345 		0.998
v -67.841 		459.442 		0
v 70.407 		453.318 		0.998
v 70.805 		453.239 		0.998
v -46.009 		398.474 		2
v 71.189 		453.109 		0.998
v -21.4497 		411.1859 		0
v -21.449 		411.186 		0
v 71.553 		452.929 		0.998
v 71.89 		452.704 		0.998
v 72.195 		452.436 		0.998
v 72.462 		452.132 		0.998
v -21.504 		411.1801 		0
v -67.839 		459.44 		0
v 72.688 		451.794 		0.998
v 72.867 		451.431 		0.998
v -72.6151 		442.368 		0
v -72.312 		443.038 		0
v -70.499 		446.28 		0
v -68.418 		449.357 		0
v -66.082 		452.247 		0
v 72.997 		451.047 		0.998
v 73.076 		450.649 		0.998
v -77.9 		445.853 		0
v -22.2146 		411.138 		1.024
v -22.2634 		411.138 		1.2926
v -22.2878 		411.1382 		1.381
v -22.341 		411.1393 		1.3622
v -22.3997 		411.1418 		1.024
v -22.284 		411.138 		1.25
v -22.949 		439.461 		1.226
v -18.465 		399.262 		2
v -18.7 		399.212 		2
v -21.7537 		441.9242 		0
v -21.741 		441.856 		0
v -21.7303 		441.7836 		0
v -75.828 		449.559 		0
v -22.103 		411.1387 		1.8527
v -22.0305 		411.1408 		1.8497
v -73.449 		453.075 		0
v -70.78 		456.377 		0
v -22.2075 		411.138 		0.9339
v -22.2036 		411.138 		0.9629
v -77.897 		445.852 		0
v -22.4053 		411.1429 		0.7828
v -75.826 		449.557 		0
v -73.447 		453.074 		0
v -70.778 		456.376 		0
v -22.4416 		411.1436 		0.7829
v -76.8942 		425.984 		0
v -76.646 		428.899 		0
v -76.018 		432.559 		0
v -75.081 		436.153 		0
v -73.843 		439.654 		0
v -21.776 		442.025 		0
v -21.757 		441.942 		0
v -70.392 		428.237 		0
v -21.728 		441.768 		0
v -21.719 		441.679 		0
v -69.435 		433.048 		0
v -67.858 		437.693 		0
v -21.712 		441.589 		0
v -21.71 		441.497 		0
v -21.7106 		441.4417 		0
v -22.7262 		439.5928 		1.0523
v -22.7319 		439.5891 		1.024
v -70.39 		428.237 		0
v -69.433 		433.048 		0
v -67.856 		437.693 		0
v -22.7185 		439.598 		1.1502
v -65.689 		442.093 		0
v -65.687 		442.092 		0
v -21.711 		441.404 		0
v -21.7142 		441.344 		0
v -82.853 		429.693 		0
v -18.936 		399.165 		2
v -19.168 		399.123 		2
v -22.7489 		439.5782 		1.024
v -22.7097 		439.6037 		1.338
v -51.581 		432.909 		1.609
v -19.411 		399.083 		2
v -51.581 		432.909 		2
v -21.716 		441.31 		0
v -21.726 		441.213 		0
v -21.739 		441.116 		0
v -21.78 		440.922 		0
v -21.807 		440.826 		0
v -21.838 		440.73 		0
v -21.874 		440.635 		0
v -21.914 		440.542 		0
v -19.412 		399.085 		2
v -19.169 		399.125 		2
v -18.937 		399.167 		2
v -18.701 		399.214 		2
v -18.466 		399.264 		2
v -19.657 		399.047 		2
v -45.823 		398.382 		0.001
v -46.009 		398.474 		0.001
v -22.8927 		439.4922 		1.4662
v -22.8784 		439.5002 		1.536
v -82.135 		433.877 		0
v -22.948 		439.463 		1.636
v -81.065 		437.984 		0
v -22.8181 		439.5342 		1.9766
v -22.8687 		439.5056 		1.5835
v -22.8191 		439.5335 		1.9388
v -45.08 		398.055 		0.001
v -45.264 		398.13 		0.001
v -19.88 		399.017 		2
v -45.455 		398.211 		0.001
v -45.653 		398.301 		0.001
v -51.6467 		432.9442 		1.024
v -51.6505 		432.9463 		1.0473
v -22.813 		439.537 		1.7597
v -22.8152 		439.5357 		1.8249
v -45.08 		398.053 		2
v -22.8048 		439.5423 		1.9792
v -45.08 		398.055 		2
v -20.127 		398.989 		2
v -51.6541 		432.948 		1.1071
v -51.6462 		432.9435 		1.2136
v -51.6497 		432.9453 		1.2425
v -51.6622 		432.9521 		1.243
v -45.265 		398.127 		2
v -51.6481 		432.9451 		1.4774
v -51.6522 		432.9471 		1.4092
v -45.264 		398.13 		2
v -20.351 		398.968 		2
v -45.456 		398.209 		2
v -45.455 		398.211 		2
v -19.881 		399.02 		2
v -19.658 		399.049 		2
v -22.8513 		439.5153 		1.5544
v -45.654 		398.299 		2
v -20.352 		398.97 		2
v -20.128 		398.992 		2
v -45.653 		398.301 		2
v -46.19 		398.566 		2
v -20.593 		398.948 		2
v -46.189 		398.569 		2
v -46.379 		398.67 		2
v -46.378 		398.672 		2
v -20.834 		398.933 		2
v -46.548 		398.767 		2
v -46.547 		398.769 		2
v -21.086 		398.923 		2
v -46.721 		398.87 		2
v -22.949 		439.461 		1.718
v -21.318 		398.917 		2
v -46.72 		398.873 		2
v -46.908 		398.987 		2
v -22.859 		439.5109 		1.6036
v -46.907 		398.989 		2
v -21.319 		398.919 		2
v -21.087 		398.925 		2
v -20.835 		398.936 		2
v -20.594 		398.951 		2
v -47.083 		399.101 		2
v -22.6504 		439.6447 		0
v -21.548 		398.915 		2
v -47.082 		399.103 		2
v -22.058 		411.1386 		0
v -22.0769 		411.138 		0
v -22.0769 		411.138 		0
v -22.0778 		411.138 		0
v -21.787 		398.918 		2
v -21.9508 		411.142 		0
v -21.9513 		411.142 		0
v -22.022 		398.926 		2
v -21.9515 		411.142 		0
v -22.0393 		411.1392 		0
v -22.272 		398.938 		2
v -21.825 		411.149 		0
v -21.8246 		411.149 		0
v -22.507 		398.955 		2
v -22.508 		398.958 		2
v -22.273 		398.941 		2
v -22.023 		398.928 		2
v -21.788 		398.921 		2
v -21.549 		398.918 		2
v -23.05 		439.414 		1.25
v -23.136 		439.377 		1.169
v -22.741 		398.977 		2
v -22.989 		399.005 		2
v -22.6498 		439.6451 		0
v -22.6503 		439.6448 		0
v -22.9478 		439.4631 		0
v -23.223 		399.036 		2
v -22.948 		439.463 		0
v -23.459 		399.073 		2
v -79.65 		441.986 		0
v -82.851 		429.693 		0
v -82.133 		433.876 		0
v -81.062 		437.983 		0
v -79.647 		441.985 		0
v -70.713 		423.342 		0
v -22.813 		439.537 		0
v -22.8132 		439.5369 		0
v -74.7518 		409.6 		0
v -75.081 		410.531 		0
v -76.018 		414.125 		0
v -76.646 		417.785 		0
v -76.961 		421.485 		0
v -76.961 		425.199 		0
v -22.949 		439.461 		0
v -69.435 		413.636 		0
v -22.814 		439.536 		0
v -22.65 		439.644 		0
v -70.392 		418.447 		0
v -23.36 		439.301 		1.813
v -51.3424 		432.8057 		1.3618
v -67.554 		423.728 		0
v -23.3602 		439.301 		0
v -23.3781 		439.2964 		0
v -51.487 		432.865 		1.0984
v -51.4958 		432.8694 		1.024
v -69.433 		413.636 		0
v -70.39 		418.447 		0
v -70.711 		423.342 		0
v -23.0508 		439.4136 		0
v -23.0497 		439.4141 		0
v -66.055 		417.687 		0
v -23.222 		439.345 		1.657
v -23.085 		439.399 		1.792
v -66.052 		417.688 		0
v -67.552 		423.728 		0
v -23.1855 		439.359 		0
v -23.1878 		439.3581 		0
v -23.1885 		439.3578 		0
v -23.3578 		439.3017 		0
v -23.3597 		439.3011 		0
v -23.361 		439.299 		0
v -23.189 		439.356 		0
v -46.72 		398.873 		0.001
v -46.907 		398.989 		0.001
v -47.082 		399.103 		0.001
v -82.135 		412.808 		0
v -51.5027 		432.8723 		1.3357
v -23.051 		439.412 		0
v -82.853 		416.991 		0
v -51.392 		432.824 		1.1226
v -51.4147 		432.8337 		1.1498
v -82.133 		412.808 		0
v -82.851 		416.991 		0
v -70.711 		400.7831 		0
v -72.312 		403.646 		0
v -73.843 		407.03 		0
v -51.4607 		432.8536 		1.024
v -51.4712 		432.8582 		1.0537
v -67.552 		396.256 		0
v -68.418 		397.327 		0
v -70.499 		400.404 		0
v -51.3555 		432.8107 		1.3209
v -67.858 		408.991 		0
v -67.856 		408.992 		0
v -51.39 		432.823 		1.105
v -66.082 		394.438 		0
v -65.689 		404.591 		0
v -65.687 		404.592 		0
v -21.6999 		411.159 		0
v -21.6958 		411.1595 		0
v -46.189 		398.569 		0.001
v -21.6998 		411.159 		0
v -46.378 		398.672 		0.001
v -46.547 		398.769 		0.001
v -73.449 		393.609 		0
v -23.223 		439.343 		1.242
v -21.643 		411.1651 		0
v -21.6588 		411.1634 		0
v -21.6723 		411.162 		0
v -23.361 		439.299 		1.359
v -51.2601 		432.7745 		1.4441
v -75.828 		397.125 		0
v -77.9 		400.831 		0
v -23.085 		439.397 		1.343
v -79.65 		404.698 		0
v -51.2312 		432.7649 		1.024
v -81.065 		408.7 		0
v -31.5728 		426.355 		0
v -51.9574 		433.1341 		1.024
v -75.826 		397.127 		0
v -77.897 		400.832 		0
v -79.647 		404.699 		0
v -81.062 		408.701 		0
v -73.447 		393.61 		0
v -18.494 		429.643 		0
v -18.337 		429.066 		0
v -18.1511 		428.3771 		0
v -17.875 		427.33 		0
v -17.602 		426.252 		0
v -51.823 		433.0455 		1.024
v -17.5374 		425.984 		0
v -51.8301 		433.0499 		1.0639
v -51.8504 		433.0625 		1.1779
v -51.881 		433.0822 		1.1494
v 4.358 		390.307 		0
v -51.9021 		433.0962 		1.024
v -31.573 		426.355 		0
v -31.54 		426.15 		0
v -51.849 		433.061 		1.062
v -51.7155 		432.9813 		1.7357
v 1.419 		387.242 		0
v -51.8242 		433.0456 		1.2023
v -51.8079 		433.0365 		1.4858
v -51.8168 		433.0419 		1.4214
v -51.7136 		432.9808 		1.5687
v -23.275 		439.326 		1.562
v -51.8223 		433.0444 		1.2133
v 4.357 		390.308 		0
v -51.7411 		432.9967 		1.2224
v 1.417 		387.244 		0
v -10.7268 		385.842 		0
v -11.855 		385.148 		0
v -15.174 		383.476 		0
v -16.384 		382.9901 		0
v -14.46 		390.864 		0
v -51.762 		433.007 		1.554
v -2.911 		391.756 		0
v -3.7073 		391.0562 		0
v -5.702 		389.303 		0
v -8.1658 		387.4824 		0
v -8.69 		387.095 		0
v -48.664 		400.389 		0
v -14.461 		390.866 		0
v -23.2023 		439.3522 		1.9832
v -48.805 		400.531 		0
v -48.945 		400.674 		0
v -1.77 		384.438 		0
v -23.459 		399.075 		2
v -23.223 		399.039 		2
v -22.99 		399.007 		2
v -22.742 		398.979 		2
v -49.089 		400.826 		0
v -23.69 		399.115 		2
v -23.923 		399.161 		2
v -24.153 		399.213 		2
v -21.825 		411.149 		0
v -21.8256 		411.149 		0
v -21.7547 		411.1546 		0
v -21.7883 		411.1519 		0
v -21.8246 		411.149 		0
v -24.382 		399.27 		2
v -21.6999 		411.159 		0
v -21.7135 		411.1579 		0
v -21.7409 		411.1557 		0
v -23.291 		439.321 		1.145
v -24.383 		399.272 		2
v -24.154 		399.215 		2
v -23.924 		399.164 		2
v -23.691 		399.117 		2
v -28.575 		401.47 		2
v -28.576 		401.472 		2
v -30.438 		403.639 		2
v -30.561 		403.837 		2
v -30.683 		404.042 		2
v -21.9508 		411.142 		0
v -21.9513 		411.142 		0
v -21.9096 		411.1443 		0
v -30.683 		404.044 		2
v -30.562 		403.839 		2
v -30.438 		403.641 		2
v -31.2414 		405.0626 		2
v -31.255 		405.0128 		2
v -31.279 		404.918 		2
v -31.336 		404.708 		2
v -22.2019 		411.137 		0
v -22.2019 		411.137 		0
v -22.2028 		411.137 		0
v -22.1821 		411.1371 		0
v -22.2015 		411.137 		0
v -22.2015 		411.137 		0
v -31.3217 		404.7601 		2
v -31.3077 		404.8133 		2
v -22.1097 		411.1377 		0
v -22.1584 		411.1374 		0
v -31.392 		404.517 		2
v -31.392 		404.519 		2
v -31.336 		404.71 		2
v -20.102 		497.842 		3
v -30.9346 		404.5024 		2
v -20.102 		490.844 		3
v -31.028 		404.686 		2
v -20.076 		491.249 		3
v -16.595 		487.771 		3
v -17 		487.744 		3
v -17.405 		487.771 		3
v -17.803 		487.85 		3
v -31.13 		404.895 		2
v -18.187 		487.98 		3
v -18.551 		488.16 		3
v -18.888 		488.385 		3
v -19.193 		488.652 		3
v -22.4075 		411.14 		0
v -31.2292 		405.1103 		2
v -22.4084 		411.14 		0
v -19.461 		488.957 		3
v -31.2076 		405.0634 		2
v -19.686 		489.294 		3
v -19.866 		489.658 		3
v -31.1959 		405.0379 		2
v -19.996 		490.042 		3
v -20.076 		490.44 		3
v -22.4087 		411.14 		0
v -22.454 		411.1422 		0
v -22.528 		411.1458 		0
v -19.996 		491.647 		3
v -19.866 		492.031 		3
v -31.23 		405.112 		2
v -19.686 		492.394 		3
v -19.461 		492.732 		3
v -19.193 		493.037 		3
v -5.186 		381.914 		0
v -18.888 		493.304 		3
v -18.551 		493.529 		3
v -18.187 		493.709 		3
v -30.808 		404.263 		2
v -17.803 		493.839 		3
v -17.405 		493.918 		3
v -31.451 		404.327 		2
v -17 		493.945 		3
v -18.103 		428.199 		0
v -8.749 		420.467 		0
v -8.808 		420.692 		0
v -31.516 		404.133 		2
v -8.81 		420.692 		0
v -23.292 		439.32 		1.718
v -31.583 		403.944 		2
v -8.692 		420.237 		0
v -23.292 		439.32 		1.937
v -51.9015 		433.0958 		2
v -22.4075 		411.14 		0
v -51.9239 		433.1107 		1.7559
v -22.4084 		411.14 		0
v -51.8004 		433.0319 		2
v -31.655 		403.75 		2
v -8.6109 		419.8827 		0
v -22.3323 		411.1389 		0
v -51.8461 		433.0601 		1.7024
v -8.611 		419.883 		0
v -51.8058 		433.0343 		1.7543
v -51.7729 		433.0141 		2
v -51.8927 		433.09 		1.6425
v -31.729 		403.563 		2
v -51.7526 		433.0022 		2
v -8.4899 		419.3067 		0
v -8.49 		419.3071 		0
v -51.849 		433.061 		2
v -51.762 		433.007 		2
v -31.729 		403.565 		2
v -31.655 		403.752 		2
v -31.583 		403.946 		2
v -31.516 		404.135 		2
v -31.452 		404.329 		2
v -8.422 		418.946 		0
v -30.915 		404.462 		2
v -48.665 		400.387 		2
v -16.595 		493.918 		3
v -30.915 		404.464 		2
v -30.808 		404.265 		2
v -13.924 		491.249 		3
v -8.362 		418.6023 		0
v -13.897 		490.844 		3
v -8.3619 		418.6017 		0
v -8.362 		418.6019 		0
v -29.586 		402.488 		2
v -13.924 		490.44 		3
v -14.003 		490.042 		3
v -23.154 		439.369 		1.875
v -14.133 		489.658 		3
v -23.12 		439.383 		1.921
v -14.313 		489.294 		3
v -14.538 		488.957 		3
v -23.1894 		439.357 		1.9745
v -8.268 		418.0138 		0
v -14.806 		488.652 		3
v -15.111 		488.385 		3
v -8.268 		418.0141 		0
v -15.448 		488.16 		3
v -15.812 		487.98 		3
v -51.4098 		432.8316 		0.6562
v -51.3963 		432.8258 		0.6022
v -16.197 		487.85 		3
v -51.4147 		432.8337 		0.8937
v -16.197 		493.839 		3
v -15.812 		493.709 		3
v -30.72 		403.3715 		2
v -15.448 		493.529 		3
v -15.111 		493.304 		3
v -51.363 		432.8127 		0.4943
v -51.3799 		432.8193 		0.5988
v -14.806 		493.037 		3
v -14.538 		492.732 		3
v -14.313 		492.394 		3
v -8.751 		420.467 		0
v -51.328 		432.7992 		0.2781
v -14.133 		492.031 		3
v -8.694 		420.238 		0
v -8.612 		419.884 		0
v -8.492 		419.307 		0
v -8.424 		418.946 		0
v -14.003 		491.647 		3
v -8.363 		418.602 		0
v -8.803 		379.689 		0
v -8.27 		418.015 		0
v -12.596 		377.778 		0
v -8.167 		417.2958 		0
v -48.664 		400.389 		2
v -48.946 		400.672 		2
v -8.167 		417.2961 		0
v -48.807 		400.528 		2
v -1.772 		384.44 		0
v -5.187 		381.917 		0
v -8.804 		379.691 		0
v -12.597 		377.781 		0
v -22.83 		411.1707 		1.7281
v -22.7578 		411.1637 		1.8098
v -22.7575 		411.1637 		1.8657
v -18.623 		382.091 		0
v -22.177 		381.004 		0
v -25.81 		380.221 		0
v -29.497 		379.75 		0
v -32.768 		379.6108 		0
v -33.211 		473.345 		3
v -48.805 		400.531 		2
v -8.121 		416.9381 		0
v -18.86 		388.695 		0
v -8.121 		416.9378 		0
v -48.945 		400.674 		2
v -22.8536 		411.173 		1.7013
v -22.8524 		411.1729 		1.7378
v -20.076 		491.249 		0.998
v -20.102 		490.844 		0.998
v -49.09 		400.824 		2
v -8.169 		417.297 		0
v -8.123 		416.939 		0
v -23.505 		387.118 		0
v -16.595 		487.771 		0.998
v -17 		487.744 		0.998
v -28.316 		386.161 		0
v -8.042 		416.2259 		0
v -49.089 		400.826 		2
v -17.405 		487.771 		0.998
v -8.068 		416.4707 		0
v -8.068 		416.4712 		0
v -17.803 		487.85 		0.998
v -18.187 		487.98 		0.998
v -18.86 		388.697 		0
v -23.505 		387.12 		0
v -28.316 		386.163 		0
v -18.551 		488.16 		0.998
v -47.577 		399.454 		0
v -23.4588 		411.2707 		0.534
v -23.4621 		411.2713 		0.534
v -18.888 		488.385 		0.998
v -19.193 		488.652 		0.998
v -23.4915 		411.2776 		0.512
v -19.461 		488.957 		0.998
v -16.538 		376.196 		0
v -19.686 		489.294 		0.998
v -23.3941 		411.2571 		0.512
v -23.399 		411.258 		0.534
v -23.4462 		411.268 		0.534
v -19.866 		489.658 		0.998
v -19.996 		490.042 		0.998
v -20.076 		490.44 		0.998
v -19.996 		491.647 		0.998
v -19.866 		492.031 		0.998
v -19.686 		492.394 		0.998
v -19.461 		492.732 		0.998
v -8.011 		415.8889 		0
v -8.011 		415.8892 		0
v -19.193 		493.037 		0.998
v -18.888 		493.304 		0.998
v -23.0207 		411.192 		0
v -23.0207 		411.192 		0
v -23.0214 		411.192 		0
v -20.6 		374.953 		0
v -23.0214 		411.192 		0
v -18.551 		493.529 		0.998
v -18.187 		493.709 		0.998
v -22.9362 		411.1832 		0
v -22.9649 		411.1862 		0
v -17.803 		493.839 		0.998
v -47.732 		399.573 		0
v -47.896 		399.703 		0
v -17.405 		493.918 		0.998
v -17 		493.945 		0.998
v -22.6144 		411.15 		0
v -16.595 		493.918 		0.998
v -22.6145 		411.1501 		0
v -22.6145 		411.1501 		0
v -48.054 		399.835 		0
v -7.972 		415.4143 		0
v -22.6138 		411.15 		0
v -22.6138 		411.15 		0
v -7.972 		415.414 		0
v -13.924 		491.249 		0.998
v -22.6134 		411.15 		0
v -13.897 		490.844 		0.998
v -23.1932 		439.3556 		1.9692
v -23.1966 		439.3542 		1.9675
v -13.924 		490.44 		0.998
v -7.941 		414.93 		0
v -14.003 		490.042 		0.998
v -22.6149 		411.1501 		0
v -22.6149 		411.1501 		0
v -23.1996 		439.3531 		1.9734
v -14.133 		489.658 		0.998
v -14.313 		489.294 		0.998
v -22.6844 		411.1573 		0
v -22.6964 		411.1585 		0
v -22.6964 		411.1585 		0
v -7.919 		414.461 		0
v -14.538 		488.957 		0.998
v -14.806 		488.652 		0.998
v -22.7289 		411.1619 		0
v -22.9102 		411.1806 		0
v -15.111 		488.385 		0.998
v -7.908 		414.108 		0
v -15.448 		488.16 		0.998
v -15.812 		487.98 		0.998
v -16.197 		487.85 		0.998
v -7.904 		413.86 		0
v -16.197 		493.839 		0.998
v -15.812 		493.709 		0.998
v -15.448 		493.529 		0.998
v -15.111 		493.304 		0.998
v -14.806 		493.037 		0.998
v -14.538 		492.732 		0.998
v -8.07 		416.472 		0
v -8.044 		416.227 		0
v -8.013 		415.89 		0
v -7.974 		415.415 		0
v -7.943 		414.93 		0
v -7.921 		414.462 		0
v -14.313 		492.394 		0.998
v -7.91 		414.109 		0
v -7.905 		413.861 		0
v -14.133 		492.031 		0.998
v -14.003 		491.647 		0.998
v -7.902 		413.5007 		0
v -7.902 		413.501 		0
v -24.753 		374.059 		0
v -7.908 		413.0238 		0
v -28.967 		373.52 		0
v -7.908 		413.0241 		0
v -51.763 		433.008 		0.6416
v -51.772 		433.0135 		0.6814
v -51.7802 		433.0185 		0.6107
v -51.7758 		433.0159 		0.5788
v -28.967 		373.522 		0
v -16.539 		376.198 		0
v -51.7585 		433.0055 		0.6621
v -20.601 		374.955 		0
v -24.753 		374.061 		0
v -33.211 		385.84 		0
v -51.6918 		432.968 		0.1254
v -51.7405 		432.9954 		0.5639
v -51.7541 		433.003 		0.6826
v -51.5201 		432.8815 		0.5691
v -33.211 		379.592 		0
v -36.925 		379.75 		0
v -40.611 		380.221 		0
v -44.245 		381.004 		0
v -47.799 		382.091 		0
v -49.152 		382.6343 		0
v -14.46 		390.864 		3
v -38.106 		386.161 		0
v -18.86 		388.695 		3
v -51.5097 		432.8763 		0.9072
v -51.778 		433.0176 		0.7716
v -51.9239 		433.1107 		0.894
v -51.9129 		433.1034 		0.7781
v -18.86 		457.989 		3
v -42.917 		387.118 		0
v -14.46 		455.82 		3
v -51.7484 		433.0001 		0.7579
v -47.562 		388.695 		0
v -51.7492 		433.0005 		0.7538
v -16.538 		470.488 		3
v -51.7139 		432.981 		0.5565
v -18.622 		464.595 		3
v -51.6484 		432.9453 		0.4406
v -47.578 		399.452 		2
v -51.2406 		432.7684 		0.5132
v -33.211 		385.842 		0
v -38.106 		386.163 		0
v -42.917 		387.12 		0
v -47.562 		388.697 		0
v -47.577 		399.454 		2
v -51.39 		432.823 		0.605
v -47.733 		399.571 		2
v -15.173 		463.21 		3
v -16.538 		376.196 		3
v -37.455 		373.52 		0
v -47.732 		399.573 		2
v -47.897 		399.701 		2
v -18.622 		382.089 		3
v -15.173 		383.474 		3
v -22.5375 		411.1463 		0
v 3.97 		428.237 		3
v -7.918 		412.6761 		0
v 4.291 		423.342 		3
v -47.896 		399.703 		2
v 3.97 		418.447 		3
v -48.055 		399.832 		2
v -48.054 		399.835 		2
v 10.226 		417.785 		3
v 10.541 		421.485 		3
v 10.541 		425.199 		3
v 10.226 		428.899 		3
v -10.381 		453.094 		3
v -22.7404 		439.5836 		0.9817
v -6.693 		449.86 		3
v -48.507 		400.239 		0
v -7.928 		412.4363 		0
v -3.459 		446.172 		3
v -0.733 		442.093 		3
v -7.928 		412.4359 		0
v -22.7543 		439.5746 		0.9124
v -0.338 		452.248 		3
v -2.91 		454.929 		3
v -5.7 		457.383 		3
v -22.7769 		439.5601 		0.8005
v -8.689 		459.591 		3
v 1.436 		437.693 		3
v -22.948 		439.463 		0.77
v 3.013 		433.048 		3
v -7.941 		412.1961 		0
v -7.941 		412.1957 		0
v -41.669 		374.059 		0
v -7.975 		411.7221 		0
v -48.216 		399.974 		0
v -23.2235 		411.2241 		0
v -48.362 		400.105 		0
v -45.822 		374.953 		0
v -23.2235 		411.2241 		0
v -23.2228 		411.224 		0
v -8.008 		411.3639 		0
v -8.008 		411.3643 		0
v -33.211 		373.342 		0
v -23.2237 		411.2242 		0
v -37.455 		373.522 		0
v -41.669 		374.061 		0
v -23.2239 		411.2242 		0
v -45.821 		374.955 		0
v -23.2239 		411.2242 		0
v -51.248 		383.476 		0
v -54.567 		385.148 		0
v -55.6952 		385.842 		0
v -23.2541 		411.2305 		0
v -23.2541 		411.2305 		0
v -57.732 		387.095 		0
v -58.2592 		387.4846 		0
v -8.061 		410.884 		0
v -8.061 		410.8843 		0
v -23.2579 		411.2313 		0
v -23.2887 		411.2377 		0
v -23.3526 		411.2509 		0
v -60.72 		389.303 		0
v -62.7177 		391.0587 		0
v -63.511 		391.756 		0
v -23.379 		411.2564 		0
v -23.552 		411.2924 		0
v -51.962 		390.864 		0
v -8.107 		410.539 		0
v -48.217 		399.972 		2
v -51.961 		390.866 		0
v -8.159 		410.188 		0
v -48.216 		399.974 		2
v -48.363 		400.103 		2
v -49.884 		376.196 		0
v -48.362 		400.105 		2
v -48.508 		400.237 		2
v -7.904 		413.502 		0
v -7.909 		413.025 		0
v -7.92 		412.678 		0
v -7.93 		412.437 		0
v -7.943 		412.197 		0
v -7.977 		411.723 		0
v -8.01 		411.365 		0
v -8.063 		410.885 		0
v -8.108 		410.54 		0
v -8.161 		410.189 		0
v -48.507 		400.239 		2
v -8.216 		417.6611 		0
v -8.216 		417.6608 		0
v -22.555 		439.718 		0.77
v -8.218 		417.662 		0
v 1.997 		449.359 		3
v 1.419 		459.442 		3
v -8.218 		409.838 		0
v -47.243 		399.213 		0.001
v -8.219 		409.839 		0
v 4.079 		446.282 		3
v -22.6109 		439.6746 		0.8816
v -22.5958 		439.6862 		0.8219
v -12.596 		468.906 		3
v -0.733 		404.591 		0
v -47.414 		399.334 		0
v -8.803 		466.995 		3
v -5.186 		464.77 		3
v -1.77 		462.246 		3
v -22.6402 		439.6535 		0.821
v -11.854 		461.538 		3
v -22.6534 		439.6443 		0.768
v 13.228 		441.986 		3
v -3.459 		400.512 		0
v -23.2235 		411.2241 		0
v -23.2235 		411.2241 		0
v 14.643 		437.984 		3
v 15.713 		433.877 		3
v 16.431 		429.693 		3
v -23.2228 		411.224 		0
v -53.826 		377.778 		0
v 9.598 		432.56 		3
v 8.661 		436.154 		3
v 7.423 		439.655 		3
v -23.195 		411.2196 		0
v 4.358 		456.377 		3
v 7.027 		453.075 		3
v -57.619 		379.689 		0
v 9.406 		449.559 		3
v 11.478 		445.853 		3
v -47.244 		399.21 		2
v -23.1547 		411.2132 		0
v -23.1636 		411.2146 		0
v -23.1915 		411.219 		0
v -0.735 		404.592 		0
v -3.46 		400.514 		0
v -61.236 		381.914 		0
v -23.0214 		411.192 		0
v 5.892 		443.039 		3
v -47.243 		399.213 		2
v -23.1064 		411.2055 		0
v -64.652 		384.438 		0
v -8.263 		409.588 		0
v -23.1337 		411.2098 		0
v -23.1502 		411.2125 		0
v -47.415 		399.331 		2
v -2.91 		391.755 		3
v -49.883 		376.198 		0
v -53.825 		377.781 		0
v -57.618 		379.691 		0
v -51.392 		432.824 		0.806
v -5.7 		389.301 		3
v -61.235 		381.917 		0
v -64.65 		384.44 		0
v -67.841 		387.242 		0
v -47.414 		399.334 		2
v -8.689 		387.093 		3
v 1.419 		387.242 		3
v -0.733 		404.591 		3
v -64.894 		413.01 		2
v -64.8919 		413.0105 		2
v -3.459 		400.512 		3
v -51.3799 		432.8193 		0.7064
v -6.693 		396.824 		3
v -10.381 		393.59 		3
v -55.1822 		415.4527 		2
v -0.338 		394.436 		3
v 3.013 		413.636 		3
v -70.78 		390.307 		0
v -61.2533 		418.8943 		2
v -8.307 		409.368 		0
v 1.436 		408.991 		3
v -56.3429 		420.1288 		2
v 1.997 		397.326 		3
v 4.079 		400.402 		3
v -67.839 		387.244 		0
v -70.778 		390.308 		0
v -8.357 		409.128 		0
v 4.358 		390.307 		3
v -56.342 		420.129 		2
v 14.643 		408.7 		3
v -55.181 		415.453 		2
v 13.228 		404.698 		3
v 11.478 		400.831 		3
v -8.41 		408.891 		0
v 9.406 		397.125 		3
v 48.288 		454.656 		20
v 48 		454.6472 		20
v 7.027 		393.609 		3
v 48.774 		454.702 		20
v -49.5839 		421.8275 		1.9962
v -49.5839 		421.8275 		2
v -8.464 		408.664 		0
v 5.892 		403.645 		3
v 7.423 		407.029 		3
v 16.431 		416.991 		3
v -49.584 		421.828 		2
v 15.713 		412.808 		3
v -8.265 		409.59 		0
v -8.308 		409.369 		0
v -8.359 		409.129 		0
v -8.412 		408.893 		0
v -8.524 		408.427 		0
v 8.661 		410.53 		3
v 9.598 		414.124 		3
v -1.77 		384.438 		3
v 49.25 		454.779 		20
v -5.186 		381.914 		3
v 49.712 		454.884 		20
v -8.803 		379.689 		3
v -12.596 		377.778 		3
v 50.156 		455.019 		20
v -11.854 		385.146 		3
v 50.577 		455.18 		20
v 50.972 		455.367 		20
v -65.689 		404.591 		3
v -67.858 		408.991 		3
v 51.335 		455.578 		20
v -69.435 		413.636 		3
v -68.419 		397.326 		3
v -66.084 		394.436 		3
v 51.665 		455.811 		20
v -70.392 		418.447 		3
v -70.501 		400.402 		3
v -52.2838 		405.7328 		2
v 51.958 		456.063 		20
v -70.713 		423.342 		3
v -52.2512 		405.6649 		2
v -70.392 		428.237 		3
v 52.21 		456.333 		20
v -69.435 		433.048 		3
v -67.858 		437.693 		3
v -65.689 		442.093 		3
v 52.42 		456.617 		20
v -23.5074 		411.2809 		0.5
v -23.4442 		411.268 		0.4394
v 52.585 		456.913 		20
v -66.084 		452.248 		3
v -68.419 		449.359 		3
v -70.501 		446.282 		3
v 52.705 		457.217 		20
v -67.841 		459.442 		3
v 52.777 		457.528 		20
v -52.26 		405.689 		2
v 52.801 		457.842 		20
v -56.041 		393.59 		3
v -22.8263 		411.1704 		0.4854
v -22.7743 		411.1647 		0.4854
v -59.729 		396.824 		3
v -22.7763 		411.1649 		0.5
v -22.7772 		411.1649 		0.5069
v 52.777 		458.156 		20
v -22.7798 		411.1652 		0.5106
v -22.8373 		411.1715 		0.5106
v -62.963 		400.512 		3
v 52.705 		458.466 		20
v -52.3827 		405.9405 		2
v -22.8425 		411.1721 		0.5
v 52.585 		458.771 		20
v -22.778 		411.165 		0.5
v 52.42 		459.067 		20
v -62.963 		446.172 		3
v -59.729 		449.86 		3
v 52.21 		459.351 		20
v -56.041 		453.094 		3
v -51.962 		455.82 		3
v 51.958 		459.62 		20
v -47.562 		457.989 		3
v 51.665 		459.873 		20
v -22.7732 		411.1646 		0.4854
v -60.722 		457.383 		3
v 51.335 		460.105 		20
v -63.512 		454.929 		3
v -8.584 		408.202 		0
v -33.211 		460.844 		3
v -28.316 		460.523 		3
v 50.972 		460.316 		20
v -23.505 		459.566 		3
v -52.524 		406.247 		2
v -52.4266 		406.0349 		2
v -8.648 		407.978 		0
v 50.577 		460.504 		20
v -42.917 		459.566 		3
v -8.716 		407.751 		0
v -38.106 		460.523 		3
v 50.156 		460.665 		20
v -57.733 		459.591 		3
v -52.392 		405.966 		2
v -22.5897 		439.691 		0.7978
v -8.787 		407.525 		0
v 49.712 		460.799 		20
v -64.652 		462.246 		3
v -52.6783 		406.5939 		2
v -61.236 		464.77 		3
v -57.619 		466.995 		3
v 49.25 		460.905 		20
v -53.826 		468.906 		3
v -52.647 		406.521 		2
v -49.884 		470.488 		3
v -8.865 		407.292 		0
v 48.774 		460.982 		20
v -51.249 		463.21 		3
v -54.568 		461.538 		3
v -8.946 		407.064 		0
v 48.288 		461.028 		20
v -45.822 		471.731 		3
v -41.669 		472.625 		3
v -37.455 		473.164 		3
v -52.523 		406.249 		2
v 48 		461.0368 		20
v -52.645 		406.523 		2
v -9.027 		406.844 		0
v -33.211 		467.094 		3
v -36.925 		466.937 		3
v -40.612 		466.465 		3
v -44.245 		465.682 		3
v -47.8 		464.595 		3
v 48 		467.842 		20
v -52.8005 		406.8795 		2
v -28.967 		473.164 		3
v 54 		467.842 		20
v -24.753 		472.625 		3
v -9.113 		406.624 		0
v -20.6 		471.731 		3
v -52.8386 		406.9716 		2
v -51.762 		433.007 		0.57
v 48 		447.842 		20
v -22.176 		465.682 		3
v -25.81 		466.465 		3
v -29.497 		466.937 		3
v 54 		447.842 		20
v -73.449 		393.609 		3
v 55 		467.842 		4
v 55 		447.842 		4
v -75.828 		397.125 		3
v 54 		467.842 		4
v 54 		447.842 		4
v -77.9 		400.831 		3
v -79.65 		404.698 		3
v -52.809 		406.903 		2
v -81.065 		408.7 		3
v -73.845 		407.029 		3
v -72.314 		403.645 		3
v -82.135 		412.808 		3
v 48 		467.842 		4
v -22.555 		439.716 		0.859
v -82.853 		416.991 		3
v 48 		447.842 		4
v -53.0084 		434.5417 		2
v -76.963 		425.199 		3
v -76.963 		421.485 		3
v -76.648 		417.785 		3
v -76.02 		414.124 		3
v -75.083 		410.53 		3
v -51.7403 		432.9953 		0.5652
v -82.853 		429.693 		3
v 48 		464.595 		4
v -82.135 		433.877 		3
v 48 		451.09 		4
v -81.065 		437.984 		3
v -79.65 		441.986 		3
v -73.845 		439.655 		3
v -75.083 		436.154 		3
v -76.02 		432.56 		3
v -76.648 		428.899 		3
v 48 		451.089 		4
v -77.9 		445.853 		3
v -52.898 		434.263 		2
v -75.828 		449.559 		3
v -52.8937 		434.2543 		2
v -52.9727 		434.4432 		2
v -52.924 		407.18 		2
v -73.449 		453.075 		3
v 48 		454.6472 		18.502
v -70.78 		456.377 		3
v -52.9988 		434.5147 		2
v 48 		461.0368 		18.502
v -72.314 		443.039 		3
v 48 		464.594 		18.502
v -23.505 		387.118 		3
v 48 		464.594 		4
v -52.98 		434.462 		2
v -28.316 		386.161 		3
v 48 		451.089 		18.502
v -33.211 		385.84 		3
v -22.5982 		439.6844 		0.768
v -52.923 		407.182 		2
v -38.106 		386.161 		3
v -42.917 		387.118 		3
v -47.562 		388.695 		3
v -51.962 		390.864 		3
v -67.841 		387.242 		3
v -53.0087 		407.3936 		2
v -23.4314 		411.2653 		0.4651
v -23.4018 		411.2594 		0.3987
v -53.0465 		407.4905 		2
v -23.369 		411.2525 		0.3987
v -23.3915 		411.2566 		0.5
v -63.512 		391.755 		3
v -23.4237 		411.2639 		0.4197
v -60.722 		389.301 		3
v -57.733 		387.093 		3
v -51.8168 		433.041 		0.2111
v -23.399 		411.258 		0.5
v -51.9493 		433.1283 		0.911
v 51.335 		455.578 		10.001
v 51.299 		455.5571 		10.001
v -49.884 		376.196 		3
v -53.826 		377.778 		3
v -51.9546 		433.132 		0.8354
v -53.035 		407.467 		2
v -57.619 		379.689 		3
v 51.665 		455.811 		10.001
v -61.236 		381.914 		3
v -64.652 		384.438 		3
v -23.3636 		411.2513 		0.3987
v -9.207 		406.396 		0
v -54.568 		385.146 		3
v 51.958 		456.063 		10.001
v -51.249 		383.474 		3
v -53.1733 		407.8294 		2
v -37.455 		373.52 		3
v -53.129 		407.7094 		2
v 52.21 		456.333 		10.001
v -41.669 		374.059 		3
v -53.1553 		407.7791 		2
v -45.822 		374.953 		3
v 52.42 		456.617 		10.001
v -47.8 		382.089 		3
v -44.245 		381.002 		3
v -40.612 		380.219 		3
v -36.925 		379.747 		3
v -33.211 		379.59 		3
v -9.299 		406.184 		0
v -20.6 		374.953 		3
v -24.753 		374.059 		3
v -28.967 		373.52 		3
v -9.404 		405.954 		0
v 52.585 		456.913 		10.001
v -53.146 		407.758 		2
v 52.705 		457.217 		10.001
v -29.497 		379.747 		3
v -25.81 		380.219 		3
v -22.176 		381.002 		3
v -70.78 		390.307 		3
v -9.501 		405.751 		0
v 52.777 		457.528 		10.001
v 52.801 		457.842 		10.001
v -9.605 		405.545 		0
v 52.777 		458.156 		10.001
v -53.2767 		408.1165 		2
v 52.705 		458.466 		10.001
v -9.716 		405.334 		0
v -9.832 		405.125 		0
v -9.953 		404.918 		0
v -10.086 		404.702 		0
v -16.384 		463.6963 		2
v -18.5979 		464.5853 		2
v -18.622 		464.595 		2
v -20.102 		465.0477 		2
v -53.3983 		408.4743 		2
v -10.211 		404.507 		0
v -53.374 		408.4012 		2
v -10.347 		404.306 		0
v -13.897 		462.5672 		2
v -15.1495 		463.1982 		2
v -15.173 		463.21 		2
v -53.3013 		408.1876 		2
v -10.478 		404.123 		0
v -20.102 		381.6364 		2
v -18.6471 		382.0813 		2
v -18.622 		382.089 		2
v -16.384 		382.9877 		2
v -10.623 		403.929 		0
v -15.1975 		383.4642 		2
v -15.173 		383.474 		2
v -22.813 		439.537 		0.77
v -13.897 		384.1168 		2
v -10.773 		403.739 		0
v -51.487 		432.865 		0.883
v 10.222 		417.7618 		2
v 10.226 		417.785 		2
v 10.539 		421.4615 		2
v 10.541 		421.485 		2
v 10.541 		425.199 		2
v -51.4147 		432.8337 		0.451
v -53.283 		408.142 		2
v 10.226 		428.899 		2
v 10.228 		428.8759 		2
v 10.1925 		429.094 		2
v -10.923 		403.556 		0
v 0 		451.8298 		2
v -0.3275 		452.235 		2
v -0.338 		452.248 		2
v -53.381 		408.426 		2
v -2.8985 		454.917 		2
v -2.91 		454.929 		2
v -5.6753 		457.3612 		2
v -5.7 		457.383 		2
v -7.5532 		458.752 		2
v -11.077 		403.378 		0
v -8.6678 		459.5753 		2
v -8.689 		459.591 		2
v -10.7258 		460.844 		2
v -11.237 		403.202 		0
v -11.399 		403.03 		0
v 2.648 		448.3969 		2
v 2.0105 		449.3391 		2
v 1.997 		449.359 		2
v 52.585 		458.771 		10.001
v -22.747 		439.579 		0.691
v -11.57 		402.858 		0
v 52.42 		459.067 		10.001
v 4.291 		445.9028 		2
v 4.095 		446.2534 		2
v 4.079 		446.282 		2
v 52.21 		459.351 		10.001
v -11.751 		402.683 		0
v 51.958 		459.62 		10.001
v 51.665 		459.873 		10.001
v -11.915 		402.53 		0
v -11.854 		461.538 		2
v -12.102 		402.364 		0
v 51.335 		460.105 		10.001
v 51.299 		460.1259 		10.001
v -51.9824 		433.152 		2
v -11.8315 		461.5242 		2
v 9.6023 		432.5346 		2
v 9.598 		432.56 		2
v 8.6676 		436.1287 		2
v 8.661 		436.154 		2
v 7.4318 		439.6302 		2
v 7.423 		439.655 		2
v -12.274 		402.217 		0
v 6.1956 		442.368 		2
v 48.288 		454.656 		18.502
v -53.508 		408.816 		2
v 48.774 		454.702 		18.502
v -53.4927 		408.7674 		2
v -52.799 		434.069 		2
v -52.4626 		433.591 		2
v -24.4596 		411.5755 		1.472
v -24.4592 		411.5753 		1.498
v -24.459 		411.5752 		1.516
v -24.4618 		411.5764 		1.5078
v -24.4619 		411.5764 		1.4803
v -24.463 		411.5768 		1.5046
v -24.4651 		411.5777 		1.4912
v -23.8861 		411.378 		1.4431
v -23.8834 		411.3773 		1.4368
v -23.8814 		411.3766 		1.5
v -23.8808 		411.3764 		1.5175
v -23.8856 		411.3778 		1.5122
v -53.507 		408.818 		2
v -23.8361 		411.3636 		1.8724
v -23.7815 		411.349 		1.8912
v 49.25 		454.779 		18.502
v -23.8927 		411.38 		1.4588
v -23.8861 		411.3779 		1.5117
v 49.712 		454.884 		18.502
v -53.6411 		409.2637 		2
v -53.683 		409.411 		1.333
v -24.461 		411.576 		1.5
v 50.156 		455.019 		18.502
v -51.582 		432.91 		0.605
v -23.883 		411.377 		1.5
v -51.5627 		432.9008 		0.5272
v -51.5611 		432.9 		0.5368
v 50.577 		455.18 		18.502
v -51.5729 		432.9056 		0.6239
v -51.5868 		432.9125 		0.63
v 50.972 		455.367 		18.502
v -53.6072 		409.1533 		1.88
v -51.5888 		432.9135 		0.6401
v -51.6215 		432.9306 		0.3933
v -51.6644 		432.953 		0.0432
v -52.4203 		433.5429 		2
v 51.299 		455.5571 		18.502
v -52.416 		433.538 		2
v -51.5674 		432.9034 		0.6999
v -51.5925 		432.9157 		0.695
v -51.5945 		432.9167 		0.707
v -51.581 		432.909 		0.519
v -53.682 		409.412 		1
v -23.8724 		411.3741 		1.4106
v -24.4569 		411.5744 		1.4629
v -52.5623 		433.7121 		2
v -52.688 		433.8876 		2
v -52.685 		433.883 		2
v -52.7114 		433.9242 		2
v -23.6217 		411.3069 		0
v -53.588 		409.088 		2
v -23.6217 		411.3069 		0
v -23.6224 		411.3071 		0
v -23.6224 		411.3071 		0
v -52.557 		433.705 		2
v -23.5801 		411.2983 		0
v -23.5801 		411.2983 		0
v -23.6029 		411.303 		0
v -23.6227 		411.3072 		0
v -53.683 		409.411 		2
v -53.5998 		409.1278 		2
v -53.6072 		409.1533 		1.9117
v -51.532 		432.8861 		0.2485
v 50.972 		460.316 		18.502
v 51.299 		460.1259 		18.502
v -53.682 		409.412 		2
v 50.577 		460.504 		18.502
v -51.4858 		432.8645 		2
v 50.156 		460.665 		18.502
v 49.712 		460.799 		18.502
v 49.25 		460.905 		18.502
v -51.487 		432.865 		2
v 48.774 		460.982 		18.502
v 48.288 		461.028 		18.502
v -51.2258 		432.763 		0.9703
v -23.8193 		411.3581 		0
v -23.8193 		411.3581 		0
v -23.8197 		411.3582 		0
v -51.5027 		432.8723 		2
v 51.299 		464.594 		18.502
v -23.8188 		411.3579 		0
v -23.8188 		411.3579 		0
v -51.1695 		403.6611 		2
v -23.7489 		411.3398 		0
v -23.7933 		411.3513 		0
v -23.8007 		411.3533 		0
v -51.144 		403.618 		2
v -23.6908 		411.3248 		0
v -51.142 		403.62 		2
v 51.299 		464.594 		4
v 51.299 		464.595 		4
v -12.473 		402.054 		0
v -51.349 		403.968 		2
v -51.3232 		403.9234 		2
v 51.299 		451.089 		18.502
v 51.299 		451.089 		4
v 51.299 		451.09 		4
v -51.348 		403.97 		2
v -51.4667 		404.1741 		2
v 50 		427.543 		16.502
v 54.001 		429.093 		16.502
v -51.5183 		404.2648 		2
v -22.88 		439.499 		0.738
v 53 		424.893 		16.502
v -57.843 		426.169 		2
v 53 		421.793 		16.502
v 50 		419.143 		16.502
v -51.505 		404.245 		2
v 54.001 		417.592 		16.502
v -51.6659 		404.5324 		2
v -57.841 		426.169 		2
v -51.703 		404.6 		2
v -51.9477 		433.1271 		2
v -51.935 		433.118 		2
v -51.702 		404.601 		2
v -51.8693 		404.9106 		2
v -51.844 		404.862 		2
v 53.274 		426.581 		9.001
v 53.2588 		426.606 		8.7542
v -51.842 		404.864 		2
v 53.2608 		426.6016 		9.001
v -52.0125 		405.1873 		2
v -51.9787 		405.1212 		2
v -36.0368 		418.0335 		2
v -36.042 		418.0769 		0.0021
v 53.2868 		426.5374 		9.001
v -51.989 		405.145 		2
v -36.0453 		418.0987 		2
v -52.1137 		405.3875 		2
v 5.9028 		443.015 		2
v 5.892 		443.039 		2
v -36.088 		418.424 		2
v -36.1045 		418.5397 		2
v -3.7037 		391.0569 		2
v -2.9225 		391.744 		2
v -2.91 		391.755 		2
v -36.2195 		419.2745 		2
v -36.227 		419.3179 		0.0026
v -1.5084 		393.216 		2
v -36.2271 		419.3183 		0.0001
v -36.2802 		419.6111 		2
v -8.1615 		387.4827 		2
v -5.7268 		389.2812 		2
v -5.7 		389.301 		2
v -52.1485 		405.4573 		2
v -36.3062 		419.754 		0.006
v -36.3219 		419.833 		2
v -10.7258 		385.84 		2
v -36.3 		419.72 		2
v -8.7111 		387.0794 		2
v -36.306 		419.753 		0.0001
v -8.689 		387.093 		2
v -52.124 		405.412 		2
v -36.1982 		419.1445 		2
v -36.1421 		418.7998 		0.0026
v -36.142 		418.799 		2
v -0.3546 		394.4187 		2
v -0.338 		394.436 		2
v 0 		394.8543 		2
v 1.9867 		397.3133 		2
v 1.997 		397.326 		2
v 4.0611 		400.3755 		2
v -36.0088 		417.792 		0.0021
v 4.079 		400.402 		2
v -36.031 		417.9837 		2
v 4.291 		400.7812 		2
v -36.0088 		417.792 		0.2934
v 53.4452 		426.0541 		9.004
v -36.428 		420.3618 		2
v 53.4114 		426.2093 		9.004
v -49.816 		401.68 		0
v -36.374 		420.101 		2
v -49.816 		401.68 		0
v 53.3891 		426.2852 		9.004
v -12.657 		401.909 		0
v 53.4442 		426.0542 		9.004
v 5.8791 		403.622 		2
v 5.892 		403.645 		2
v -36.0096 		417.792 		2
v 7.4122 		407.0052 		2
v 7.423 		407.029 		2
v -50.002 		401.92 		0
v 53.4104 		426.2094 		9.004
v -50.002 		401.92 		0
v -12.839 		401.771 		0
v -49.816 		401.68 		0
v -36.3233 		419.84 		2
v 53.3883 		426.2851 		9.004
v -13.037 		401.627 		0
v -36.3729 		420.0954 		2
v 8.661 		410.53 		2
v 8.6524 		410.5057 		2
v 9.598 		414.124 		2
v 9.5916 		414.0996 		2
v -13.229 		401.493 		0
v 53.4442 		426.0541 		9.0067
v -50.002 		401.92 		0
v 53.4104 		426.2092 		9.0067
v 53.3882 		426.2852 		9.0068
v -36.4483 		420.46 		2
v -36.4902 		420.6556 		2
v -36.5165 		420.7754 		2
v -36.6024 		421.1506 		2
v -11.8775 		385.1342 		2
v -11.854 		385.146 		2
v -36.677 		421.4748 		2
v -36.6873 		421.5175 		2
v -36.7018 		421.5769 		2
v -37.0407 		422.8967 		2
v -37.0925 		423.0911 		2
v 52.039 		427.817 		9.001
v -13.427 		401.36 		0
v 52.009 		427.8266 		9.001
v 51.5495 		427.9728 		9.001
v 51.53 		427.979 		9.001
v -68.419 		397.326 		2
v -69.07 		398.2878 		2
v -68.4283 		397.3397 		2
v -66.105 		394.462 		2
v -66.084 		394.436 		2
v -13.631 		401.228 		0
v -36.9115 		422.4113 		2
v -36.9282 		422.4762 		2
v -65.536 		393.8648 		2
v -37.1253 		423.2093 		2
v -37.2265 		423.5727 		2
v -37.4059 		424.2155 		2
v -37.4578 		424.3973 		2
v -13.827 		401.106 		0
v -37.586 		424.844 		2
v -70.517 		400.4306 		2
v -70.501 		400.402 		2
v 51.5232 		427.9798 		9.001
v 51.523 		427.9799 		8.8818
v -36.78 		421.8921 		2
v -36.8125 		422.0223 		2
v -36.4551 		420.4932 		0.0009
v -36.091 		418.453 		2
v -36.035 		418.02 		2
v -36.6401 		421.3185 		0.006
v -36.5604 		420.9726 		0.006
v -36.7229 		421.6645 		0.006
v -36.217 		419.261 		2
v -65.536 		452.8192 		2
v -66.0662 		452.2666 		2
v -66.084 		452.248 		2
v 51.4546 		427.998 		8.9402
v -68.4046 		449.3768 		2
v -68.419 		449.359 		2
v -70.483 		446.3086 		2
v -70.501 		446.282 		2
v -70.713 		445.9028 		2
v -36.675 		421.4664 		1.9016
v -36.298 		419.71 		2
v -36.445 		420.449 		2
v 52.1214 		427.772 		9.001
v -36.5599 		420.9707 		0.0009
v -36.681 		421.492 		2
v -36.501 		420.71 		2
v -65.0326 		393.34 		2
v -37.415 		424.248 		2
v 52.89 		427.18 		9.001
v 52.6843 		427.3582 		9.001
v -50.369 		402.424 		0
v -37.08 		423.048 		2
v -36.931 		422.488 		2
v -37.127 		423.2198 		0.0002
v 52.9386 		427.1042 		9.001
v -60.6952 		457.4028 		2
v -60.722 		457.383 		2
v -63.4995 		454.94 		2
v -36.798 		421.969 		2
v -63.512 		454.929 		2
v -36.9201 		422.4445 		0.0002
v -36.92 		422.4441 		0.0018
v -36.9201 		422.4442 		0.0007
v -37.2585 		423.6937 		0.006
v -37.4015 		424.1999 		1.9171
v -37.5855 		424.8422 		0.006
v -36.864 		422.2275 		0.0006
v -36.92 		422.444 		0.0006
v 50 		427.543 		9.0069
v -36.8531 		422.1853 		0.0006
v -49.152 		419.8169 		2
v -49.099 		419.586 		2
v -48.939 		418.918 		2
v -48.782 		418.297 		2
v -48.65 		417.793 		2
v -48.6497 		417.792 		2
v 53.2402 		426.6523 		9.004
v 53.0316 		426.9872 		9.004
v 52.1811 		427.743 		9.004
v 51.9686 		427.8462 		9.004
v 51.9678 		427.8466 		9.004
v -50.596 		402.757 		0
v -22.1515 		465.6745 		2
v -22.176 		465.682 		2
v 51.685 		427.9366 		9.004
v -25.7872 		466.4601 		2
v -25.81 		466.465 		2
v 51.4557 		427.9979 		9.004
v 51.3115 		428.0084 		9.004
v -35.894 		416.0721 		2
v -35.8958 		416.1533 		2
v -74.7541 		409.6 		2
v -73.8538 		407.0538 		2
v -73.845 		407.029 		2
v 52.1812 		427.743 		9.004
v -72.3248 		403.669 		2
v -72.314 		403.645 		2
v 52.6539 		427.3886 		9.004
v 52.6538 		427.3886 		9.004
v 52.9881 		427.0548 		9.004
v 52.9881 		427.0547 		9.004
v -35.891 		415.9388 		2
v -76.8962 		425.984 		2
v -76.961 		425.2225 		2
v -76.963 		425.199 		2
v -35.9057 		416.4453 		2
v -35.907 		416.4814 		2
v -35.9085 		416.5202 		2
v -35.9115 		416.5786 		2
v -76.963 		421.485 		2
v -35.926 		416.828 		2
v -14.037 		400.981 		0
v -35.951 		417.1804 		2
v -35.9543 		417.2215 		2
v -35.9565 		417.2456 		2
v -76.65 		417.8081 		2
v -35.9914 		417.6256 		2
v -76.648 		417.785 		2
v -35.9941 		417.6532 		2
v -76.0243 		414.1494 		2
v -76.02 		414.124 		2
v -14.248 		400.86 		0
v -75.0896 		410.5553 		2
v -75.083 		410.53 		2
v -35.891 		415.947 		2
v -35.909 		416.536 		2
v -14.445 		400.751 		0
v 53.2398 		426.6523 		9.004
v -35.894 		416.124 		2
v 51.9673 		427.8466 		9.004
v -72.6176 		442.368 		2
v -73.8342 		439.6788 		2
v -73.845 		439.655 		2
v -14.673 		400.63 		0
v -75.0744 		436.1783 		2
v -75.083 		436.154 		2
v 51.6846 		427.9366 		9.004
v -76.0136 		432.5844 		2
v -76.02 		432.56 		2
v -76.644 		428.9221 		2
v -35.953 		417.208 		2
v -76.648 		428.899 		2
v -14.869 		400.53 		0
v 51.4552 		427.9979 		9.004
v -35.993 		417.643 		2
v -15.083 		400.425 		0
v -15.298 		400.324 		0
v 53.2398 		426.6523 		9.0068
v -72.3011 		443.062 		2
v -72.314 		443.039 		2
v 53.0309 		426.9883 		9.0068
v 52.1811 		427.743 		9.0069
v 51.9673 		427.8466 		9.0069
v 51.6846 		427.9366 		9.0069
v 51.2975 		428.0094 		9.0069
v 51.003 		428.045 		9.0069
v -15.525 		400.223 		0
v 51.4552 		427.9979 		9.0069
v -36.0356 		413.7615 		2
v -35.9809 		414.0751 		2
v -35.98 		414.081 		2
v -35.954 		414.295 		2
v -35.9452 		414.3853 		2
v 52.355 		427.648 		9.0069
v 52.6539 		427.3885 		9.0069
v 52.9881 		427.0548 		9.0068
v -64.9136 		393.216 		2
v -63.5235 		391.767 		2
v -63.512 		391.755 		2
v -60.7467 		389.3228 		2
v -60.722 		389.301 		2
v -35.933 		414.511 		2
v -35.917 		414.727 		2
v -35.904 		414.943 		2
v -57.7542 		387.1086 		2
v -35.896 		415.16 		2
v -57.733 		387.093 		2
v -35.891 		415.376 		2
v -35.889 		415.6765 		2
v -35.8895 		415.7393 		2
v -55.6962 		385.84 		2
v -15.735 		400.132 		0
v -35.889 		415.681 		2
v -15.965 		400.037 		0
v 55 		430.342 		5
v 53.4425 		426.0473 		5.1507
v -54.5905 		385.1598 		2
v -54.568 		385.146 		2
v -51.2725 		383.4858 		2
v -51.249 		383.474 		2
v 53.449 		426.0175 		7.4609
v -49.152 		382.6319 		2
v 53.3626 		426.3442 		5.8102
v -36.011 		413.867 		2
v -47.8241 		382.0987 		2
v -47.8 		382.089 		2
v -44.2671 		381.0088 		2
v -44.245 		381.002 		2
v -40.6362 		380.2242 		2
v -40.612 		380.219 		2
v -36.9601 		379.7515 		2
v -36.925 		379.747 		2
v -33.211 		379.59 		2
v -33.1874 		379.591 		2
v -32.768 		379.6087 		2
v -29.497 		379.747 		2
v -29.5321 		379.7455 		2
v -25.81 		380.219 		2
v -25.8329 		380.2161 		2
v -22.176 		381.002 		2
v -22.2015 		380.9965 		2
v 1.417 		459.44 		2
v -36.3161 		412.672 		2
v -36.315 		412.675 		2
v -36.298 		412.7225 		2
v 54.001 		429.093 		5
v -36.2557 		412.8437 		2
v -36.2479 		412.8685 		2
v -36.198 		413.03 		2
v -36.1084 		413.3774 		2
v -36.0828 		413.485 		2
v -36.0684 		413.5556 		2
v -36.0511 		413.6547 		2
v -36.261 		412.826 		2
v -36.048 		413.655 		2
v 53.403 		426.248 		7.504
v -36.091 		413.445 		2
v -36.0848 		413.4753 		2
v -36.1076 		413.3805 		2
v 52.6058 		427.4262 		5
v 52.8059 		427.2264 		5
v 52.829 		427.209 		5
v 52.6509 		427.3871 		5
v 53.2447 		426.6351 		5.9015
v 11.476 		445.852 		2
v 9.404 		449.557 		2
v 7.025 		453.074 		2
v 4.357 		456.376 		2
v -49.625 		401.438 		2
v 3.968 		428.237 		2
v 3.011 		433.048 		2
v 1.435 		437.693 		2
v -49.624 		401.44 		2
v -49.7217 		401.5579 		2
v 51.9731 		427.8415 		5.447
v 52.1626 		427.7495 		5.447
v -49.7698 		401.618 		2
v 51.5896 		427.9616 		7.4318
v 51.9583 		427.8499 		8.0406
v 51.7028 		427.9312 		8.0406
v -16.185 		399.95 		0
v -36.8316 		411.648 		2
v -36.8176 		411.6699 		2
v -36.6484 		411.9495 		2
v -36.5915 		412.0532 		2
v -36.5756 		412.0829 		2
v -36.5139 		412.2061 		2
v -36.4952 		412.2452 		2
v -36.3745 		412.5194 		2
v -36.3624 		412.5501 		2
v -36.372 		412.525 		2
v -36.501 		412.232 		2
v -36.579 		412.076 		2
v -17.473 		425.717 		0
v -17.361 		425.235 		0
v -17.252 		424.752 		0
v -17.182 		424.43 		0
v -17.115 		424.107 		0
v -17.019 		423.622 		0
v -16.909 		423.028 		0
v -16.853 		422.703 		0
v -16.8 		422.378 		0
v 16.429 		429.693 		2
v -16.75 		422.052 		0
v 15.711 		433.876 		2
v -16.7266 		421.888 		0
v 14.641 		437.983 		2
v 13.225 		441.985 		2
v 51.4997 		427.9856 		7.4318
v 1.132 		423.191 		2
v 3.968 		418.447 		2
v 4.289 		423.342 		2
v 3.011 		413.636 		2
v -36.7542 		411.7686 		2
v -36.7456 		411.7828 		2
v -36.6659 		411.918 		2
v -36.7907 		411.7117 		2
v -16.719 		421.835 		0
v -16.675 		421.509 		0
v -16.635 		421.182 		0
v -16.587 		420.746 		0
v -16.546 		420.309 		0
v -16.523 		420.023 		0
v -16.503 		419.72 		0
v -16.486 		419.416 		0
v -16.478 		419.214 		0
v 52.9225 		427.124 		6.0672
v -16.467 		418.674 		0
v 52.9598 		427.0868 		6.0673
v -16.468 		418.404 		0
v -36.663 		411.923 		2
v -16.474 		418.134 		0
v -16.485 		417.863 		0
v -16.4889 		417.792 		0
v -36.752 		411.772 		2
v -22.6902 		439.6186 		0.6208
v 52.9575 		427.0856 		6.9428
v -36.864 		411.5995 		2
v -36.8526 		411.616 		2
v -36.8412 		411.633 		2
v 52.9618 		427.0767 		7.3511
v -36.847 		411.624 		2
v 53.2273 		426.675 		6.393
v 53.0036 		427.0331 		7.6797
v 53 		427.039 		7.504
v 52.9976 		427.0422 		7.8051
v 52.9982 		427.0407 		7.466
v -37.3805 		410.9503 		2
v -37.4415 		410.8864 		2
v -37.4414 		410.8864 		2
v 52.992 		427.0478 		7.8063
v -37.3805 		410.9503 		2
v 52.9971 		427.0422 		7.3948
v -37.7154 		410.624 		2
v -37.6629 		410.6696 		2
v -37.6234 		410.706 		2
v -37.517 		410.809 		2
v -22.748 		439.577 		0.519
v -37.171 		411.1887 		2
v -36.947 		411.48 		2
v 52.9982 		427.041 		7.9611
v -37.394 		410.935 		2
v 52.9986 		427.0403 		7.9862
v -37.1505 		411.2137 		2
v 53 		427.039 		8.006
v -22.5986 		439.6841 		0.7665
v -22.618 		439.669 		0.6982
v -37.644 		410.686 		2
v -37.161 		411.2 		2
v -37.888 		410.474 		2
v -22.555 		439.716 		0.578
v -22.949 		439.461 		0.578
v -38.7539 		409.8943 		2
v -38.616 		409.97 		2
v -38.5247 		410.0237 		2
v -38.4682 		410.0575 		2
v -38.2154 		410.2249 		2
v -37.9188 		410.4482 		2
v -37.9069 		410.4575 		2
v -38.1671 		410.2585 		2
v -38.0674 		410.3315 		2
v -38.1976 		410.2366 		2
v -38.049 		410.345 		2
v -38.475 		410.053 		2
v -37.911 		410.454 		2
v -38.912 		409.8137 		2
v -38.9092 		409.815 		2
v -38.8913 		409.824 		2
v -38.7788 		409.8814 		2
v -49.753 		401.6 		2
v -49.9099 		401.7972 		2
v -22.618 		439.667 		0.637
v -49.9565 		401.857 		2
v -49.94 		401.839 		2
v -50.1402 		402.1029 		2
v -22.814 		439.536 		0.578
v -50.186 		402.165 		2
v -22.881 		439.497 		0.555
v -50.185 		402.167 		2
v -50.37 		402.422 		2
v -50.369 		402.424 		2
v -50.4997 		402.6116 		2
v -31.104 		423.855 		0
v -50.5568 		402.695 		2
v -30.6449 		421.888 		0
v -30.6689 		421.9818 		0
v -30.6691 		421.9823 		0
v -30.768 		422.386 		0
v -30.865 		422.79 		0
v -31.004 		423.398 		0
v -31.261 		424.6181 		0
v -31.2609 		424.6177 		0
v -50.542 		402.677 		2
v -50.78 		403.034 		2
v -50.7247 		402.9491 		2
v -31.2 		424.312 		0
v -31.36 		425.1279 		0
v -31.4159 		425.4337 		0
v -31.416 		425.4342 		0
v -31.47 		425.741 		0
v -31.505 		425.946 		0
v -35.9115 		416.5795 		1.9933
v -35.9331 		416.9459 		0.0075
v -35.933 		416.9455 		0.0034
v -31.505 		425.945 		0
v -50.766 		403.016 		2
v -31.2 		424.312 		0
v -30.669 		421.982 		0
v -50.985 		403.358 		2
v -35.9606 		417.2906 		1.9713
v -50.9434 		403.2919 		2
v -30.769 		422.386 		0
v -35.9896 		417.6073 		1.8459
v -36.005 		417.7587 		0.006
v -31.104 		423.855 		0
v -50.983 		403.36 		2
v -36.005 		417.7594 		0.0021
v -36.0051 		417.7602 		0.0104
v -38.191 		410.241 		2
v -31.3599 		425.1275 		0
v -31.36 		425.1278 		0
v -31.36 		425.128 		0
v -31.262 		424.618 		0
v -35.933 		416.9446 		0.006
v -31.416 		425.434 		0
v -35.924 		416.795 		1.9147
v -29.863 		419.0579 		0
v -29.8631 		419.0584 		0
v -35.9021 		416.3496 		0.9848
v -29.582 		418.175 		0
v -29.6164 		418.2781 		0
v -29.633 		418.329 		0
v -29.72 		418.597 		0
v -29.7542 		418.7064 		0
v -29.99 		419.4831 		0
v -30.093 		419.84 		0
v -30.1339 		419.9818 		0
v -30.134 		419.9821 		0
v -30.1341 		419.9823 		0
v -30.3119 		420.6217 		0
v -30.312 		420.6221 		0
v -30.3121 		420.6224 		0
v -30.5138 		421.3762 		0
v -30.514 		421.377 		0
v -30.514 		421.3771 		0
v -29.864 		419.058 		0
v -29.583 		418.176 		0
v 53.475 		425.898 		9.001
v 53.4605 		425.9471 		9.001
v -29.99 		419.483 		0
v 53.4822 		425.7962 		9.001
v -30.134 		419.982 		0
v -30.313 		420.623 		0
v -30.514 		421.377 		0
v 53 		424.893 		9.0066
v -16.496 		417.661 		0
v -16.506 		417.526 		0
v -16.529 		417.256 		0
v -16.567 		416.919 		0
v -16.594 		416.717 		0
v -16.625 		416.515 		0
v -16.673 		416.246 		0
v -16.713 		416.045 		0
v -16.758 		415.844 		0
v -16.782 		415.744 		0
v 53.504 		425.543 		9.004
v 53.4901 		425.7408 		9.004
v 53.4896 		425.7407 		9.004
v 53.504 		425.543 		9.0067
v 53.4896 		425.7408 		9.0067
v -23.292 		439.32 		0.859
v -16.7971 		415.6814 		0
v -16.802 		415.661 		0
v -16.847 		415.488 		0
v -16.896 		415.315 		0
v -16.9183 		415.2414 		0
v -24.014 		411.416 		0
v -24.014 		411.416 		0
v -24.0147 		411.4162 		0
v -23.937 		411.3931 		0
v -23.946 		411.3958 		0
v -23.9954 		411.4105 		0
v -23.051 		439.412 		0.937
v -16.948 		415.143 		0
v -17.004 		414.972 		0
v -17.083 		414.746 		0
v -17.0931 		414.72 		0
v 53.403 		420.436 		9.004
v 53.504 		421.141 		9.004
v 53.402 		420.436 		9.004
v -17.3003 		414.2233 		0
v -17.313 		414.195 		0
v -17.5391 		413.7517 		0
v -17.5661 		413.7051 		0
v -36.047 		413.696 		1.4039
v -24.3969 		411.55 		0
v 53.402 		420.436 		9.0062
v 53.504 		421.141 		9.0063
v -17.2634 		414.3058 		0
v -24.3478 		411.532 		0
v -24.3737 		411.5415 		0
v -24.3965 		411.5498 		0
v -35.8904 		415.4548 		1.8936
v -24.2059 		411.4799 		0
v -35.891 		415.378 		1.9855
v -24.206 		411.48 		0
v -17.2257 		414.3916 		0
v -17.24 		414.358 		0
v -24.2064 		411.4802 		0
v -24.2057 		411.4799 		0
v -35.889 		415.6713 		1.8936
v -17.17 		414.523 		0
v -23.137 		439.376 		0.877
v -24.2067 		411.4803 		0
v -24.236 		411.491 		0
v 53.2254 		420.0585 		9.001
v 53.1197 		419.9178 		9.001
v 53 		421.793 		9.0064
v -49.227 		400.978 		0
v -49.356 		401.124 		0
v 53.1197 		419.9177 		9.004
v 53.2386 		420.076 		9.004
v -36.2627 		412.8243 		1.024
v -36.2478 		412.8672 		0.8963
v -36.2486 		412.8648 		1.024
v -36.1694 		413.128 		0.9373
v 53.2382 		420.0761 		9.004
v -24.3969 		411.55 		0
v -24.576 		411.6237 		0
v 53.1193 		419.9178 		9.004
v -36.1711 		413.1219 		0.6535
v -36.126 		413.2975 		0.87
v -36.1261 		413.2971 		0.9588
v -36.1722 		413.1178 		0.6938
v 53.1192 		419.9177 		9.0062
v -36.128 		413.2898 		1.024
v 53.2381 		420.076 		9.0062
v -36.1802 		413.0904 		0.3432
v -36.1759 		413.1057 		0.3432
v -36.1755 		413.1057 		0.5063
v -36.1755 		413.1057 		0.5159
v -49.49 		401.28 		0
v -36.2424 		412.884 		0.5093
v -36.2426 		412.8833 		0.5136
v -24.2059 		411.4799 		0
v -36.2432 		412.8813 		0.5173
v -24.206 		411.48 		0
v -36.2434 		412.881 		0.5034
v -24.2064 		411.4802 		0
v -36.2526 		412.8526 		1.6814
v -36.3068 		412.6977 		1.4852
v -36.3062 		412.6995 		1.4354
v -36.2871 		412.7542 		1.2324
v -24.1475 		411.4605 		0
v -24.2057 		411.4799 		0
v 51.705 		418.744 		9.001
v 52.89 		419.505 		9.001
v 53.103 		419.791 		9.001
v -36.1565 		413.1774 		1.3995
v -36.1694 		413.128 		1.4346
v 52.8106 		419.4362 		9.001
v 52.5467 		419.2077 		9.001
v -36.1324 		413.2722 		1.1816
v -36.1391 		413.2454 		1.4199
v 52.352 		419.039 		9.001
v -36.0755 		413.5326 		1.147
v -36.0549 		413.6509 		1.333
v -36.0792 		413.507 		1.147
v -36.0886 		413.4567 		1.2935
v -36.0884 		413.4575 		1.2904
v -36.0805 		413.4992 		1.1583
v -36.0842 		413.4782 		1.1583
v -36.0877 		413.4609 		1.3974
v -49.228 		400.976 		2
v 51.7334 		418.757 		9.001
v 51.7425 		418.7601 		8.6564
v -49.227 		400.978 		2
v 52.2734 		419.0032 		9.001
v -49.357 		401.122 		2
v -36.148 		413.207 		1.25
v -49.356 		401.124 		2
v -49.492 		401.278 		2
v -49.49 		401.28 		2
v -36.243 		412.882 		0.5
v 51.8644 		418.7993 		8.5513
v 51.6815 		418.7406 		8.7012
v 51.6826 		418.7408 		9.001
v -36.1078 		413.3749 		0.2852
v -36.1084 		413.3724 		0.2775
v -62.962 		400.514 		2
v -28.353 		415.3187 		1.6656
v 51.3893 		418.6949 		8.7994
v 51.6277 		418.7237 		8.7994
v -28.356 		415.324 		1.1268
v -28.3335 		415.284 		0
v -28.298 		415.221 		0
v -36.091 		413.445 		0.526
v -36.0912 		413.444 		0.5088
v -28.2979 		415.2209 		0
v -28.182 		415.023 		0
v -36.0918 		413.4415 		0.5074
v -36.0938 		413.4333 		0.4721
v -63.395 		406.97 		2
v -36.091 		413.445 		0.5
v -28.145 		414.9618 		1.7188
v -28.0548 		414.8143 		1.7188
v -63.392 		406.971 		2
v -27.9331 		414.6241 		0
v -27.933 		414.624 		0
v -27.7831 		414.4001 		0
v -27.783 		414.4 		0
v -27.7627 		414.3706 		1.4269
v -27.6736 		414.244 		0.561
v -27.6833 		414.2574 		0.5117
v -27.7059 		414.2889 		0
v -27.6736 		414.244 		0
v 50 		419.143 		9.0061
v -67.839 		459.44 		2
v 52.781 		419.3901 		9.004
v -27.383 		413.857 		0
v -27.3883 		413.8637 		0.3363
v -27.3991 		413.8776 		0.7387
v -27.4317 		413.9207 		0
v 52.781 		419.3901 		9.004
v 52.7212 		419.3383 		9.004
v 52.7213 		419.3383 		9.004
v -27.3595 		413.828 		0.3822
v -27.3669 		413.8371 		0.3363
v -27.3829 		413.8569 		0
v -27.3595 		413.828 		0
v -27.7206 		414.3099 		0.9946
v -27.706 		414.289 		0
v -77.897 		445.852 		2
v 52.781 		419.3901 		9.0062
v 52.7213 		419.3383 		9.0062
v -36.1338 		413.2663 		1.3288
v -36.1379 		413.2498 		1.4212
v -28.0577 		414.819 		1.1589
v -75.826 		449.557 		2
v -27.986 		414.7069 		0
v -36.1049 		413.387 		1.413
v -36.1049 		413.387 		1.8172
v -36.1307 		413.2813 		1.5614
v 51.003 		418.639 		9.004
v -28.1415 		414.956 		0
v -28.1415 		414.956 		1.2093
v -36.0898 		413.4508 		1.3188
v 52.2163 		418.9604 		9.004
v -73.447 		453.074 		2
v 52.1445 		418.9277 		9.004
v -36.0884 		413.4575 		1.3757
v -28.6476 		415.8764 		1.6875
v -28.6248 		415.8312 		1.6875
v 51.8565 		418.7961 		9.004
v -36.0898 		413.4508 		1.3472
v 51.3946 		418.6956 		9.004
v -70.778 		456.376 		2
v 51.6302 		418.7241 		9.004
v -28.299 		415.222 		0
v 52.2154 		418.9604 		9.004
v 51.8559 		418.7961 		9.004
v 52.1436 		418.9277 		9.004
v -28.183 		415.024 		0
v 51.394 		418.6956 		9.004
v 51.6296 		418.7241 		9.004
v 51.003 		418.639 		9.0061
v -70.39 		428.237 		2
v -27.934 		414.625 		0
v 52.2154 		418.9604 		9.0061
v 52.1435 		418.9277 		9.0061
v 51.8559 		418.7961 		9.0061
v 51.3941 		418.6956 		9.0061
v 51.6297 		418.7241 		9.0061
v -69.433 		433.048 		2
v -36.1701 		413.1267 		0.3432
v -36.1657 		413.1426 		0.3432
v -36.1725 		413.117 		0.4563
v -27.784 		414.401 		0
v -36.1216 		413.317 		0.1002
v -27.707 		414.29 		0
v -67.856 		437.693 		2
v 53.1953 		420.056 		5
v 52.9619 		419.6925 		5
v 52.9415 		419.6476 		5
v 53.1163 		419.9197 		5
v -65.687 		442.092 		2
v -27.384 		413.858 		0
v -36.1829 		413.0804 		0.3432
v -36.1755 		413.1057 		0.5396
v -36.177 		413.1 		0.5527
v -36.1785 		413.0951 		0.5
v -36.2358 		412.9059 		0.3973
v -36.2418 		412.8858 		0.5
v -82.851 		429.693 		2
v 52.8076 		419.4252 		5.8914
v 52.7847 		419.3997 		5.2412
v 52.8289 		419.451 		6.3642
v 52.8114 		419.432 		5.8315
v -36.177 		413.1 		0.5
v 53.2346 		420.0786 		5
v -82.133 		433.876 		2
v 53.2694 		420.1547 		5
v -36.1836 		413.0781 		0.3432
v -36.1833 		413.0791 		0.3432
v -36.1817 		413.0845 		0.4025
v -81.062 		437.983 		2
v -36.2378 		412.8993 		0.4417
v -79.647 		441.985 		2
v 52.8011 		419.4173 		6.15
v 52.7979 		419.4153 		6.3544
v 52.8091 		419.427 		6.8901
v 52.7922 		419.4149 		7.5651
v 52.6105 		419.2583 		7.7674
v 52.6145 		419.2556 		6.1341
v 52.7723 		419.3825 		7.8644
v -36.2824 		412.7668 		0.5765
v 52.7694 		419.38 		7.4525
v -36.3061 		412.7002 		1.0099
v 52.7706 		419.3796 		7.8906
v -69.433 		413.636 		2
v -36.3069 		412.698 		1.024
v 52.767 		419.376 		7.504
v -29.4241 		417.7193 		0
v -29.4241 		417.7192 		0
v -29.4241 		417.7193 		0.0013
v -29.4243 		417.7197 		0.0206
v -36.2528 		412.8522 		0.3223
v -29.4241 		417.7191 		0.0052
v -29.4241 		417.7192 		0.0056
v -36.2475 		412.8685 		0.4246
v -70.39 		418.447 		2
v -36.3161 		412.672 		1.1932
v -29.313 		417.4171 		0.0018
v -29.313 		417.417 		0
v -29.3129 		417.4168 		0
v 52.7687 		419.3781 		7.9601
v -29.3128 		417.4165 		0
v -29.2423 		417.2318 		1.216
v 52.7678 		419.3773 		7.9947
v -70.711 		423.342 		2
v 52.7616 		419.3719 		8.006
v 52.7579 		419.3685 		7.8008
v -29.2439 		417.2356 		0.8366
v -29.231 		417.203 		0
v -29.167 		417.0419 		0
v 52.7642 		419.3737 		7.5966
v 52.767 		419.376 		8.006
v -67.554 		423.728 		2
v -66.055 		417.687 		2
v 52.7642 		419.3739 		7.504
v -66.052 		417.688 		2
v -67.552 		423.728 		2
v 52.2527 		418.9873 		5.8635
v 52.2274 		418.9715 		5.4289
v 52.2898 		419.0131 		6.1341
v 52.275 		419.004 		5.8604
v -36.816 		411.6715 		1.625
v -36.8175 		411.6692 		1.667
v -82.133 		412.808 		2
v -36.8317 		411.648 		1.625
v -36.8314 		411.648 		1.8621
v -36.5664 		412.1007 		1.5879
v -36.5663 		412.1009 		1.6354
v -36.6285 		411.9856 		1.4447
v -36.628 		411.9866 		1.4307
v -36.595 		412.0477 		1.5149
v -82.851 		416.991 		2
v -36.449 		412.3441 		1.2292
v -36.4473 		412.3479 		1.2403
v -36.4486 		412.3449 		1.2538
v -36.4493 		412.3433 		1.255
v -36.4493 		412.3434 		1.25
v -36.5375 		412.1586 		1.667
v -36.5352 		412.1629 		1.5334
v -36.4687 		412.3017 		1.5334
v -36.4725 		412.2941 		1.667
v -36.3389 		412.6113 		1.5134
v -36.3395 		412.6098 		1.5934
v -36.3649 		412.5453 		1.4926
v -36.3222 		412.655 		1.2855
v -36.3226 		412.6538 		1.2736
v -36.3225 		412.6542 		1.2456
v -36.3759 		412.5159 		1.9623
v -36.3845 		412.4946 		1.62
v -36.3842 		412.4954 		1.6179
v -67.856 		408.992 		2
v -36.3172 		412.6689 		1.2136
v -36.3171 		412.6689 		1.2985
v -36.3203 		412.6599 		1.3339
v -36.321 		412.658 		1.25
v -22.618 		439.669 		0.384
v -65.687 		404.592 		2
v -36.449 		412.344 		1.25
v 52.2432 		418.9809 		6.153
v -38.76 		409.891 		2
v 52.2443 		418.983 		6.6722
v 52.2507 		418.9866 		6.9321
v 52.2494 		418.9883 		7.6856
v 51.8158 		418.7851 		6.0163
v -38.907 		409.816 		2
v 52.2141 		418.9619 		7.6776
v 52.2129 		418.9614 		7.504
v 52.199 		418.951 		7.504
v 52.1934 		418.9486 		7.6571
v 52.1982 		418.9512 		8.001
v 52.1982 		418.9511 		8.006
v 52.2002 		418.9522 		8.1349
v 52.1917 		418.9483 		8.1222
v 52.175 		418.9407 		8.1654
v -36.3696 		412.5321 		0.4245
v -36.378 		412.5112 		0.4911
v -36.3848 		412.4947 		0.168
v 52.198 		418.951 		8.006
v -36.3411 		412.6049 		0.6195
v -36.3291 		412.6368 		1.024
v 51.647 		418.7314 		6.0163
v -36.4502 		412.3414 		1.2213
v -36.768 		411.7463 		1.6367
v -36.7204 		411.8254 		1.6367
v -36.864 		411.5995 		1.625
v 53.4858 		425.7449 		5.1187
v -36.864 		411.5991 		1.8564
v -22.618 		439.667 		0.289
v -37.6231 		410.7068 		1.549
v -37.7049 		410.6314 		1.667
v -37.713 		410.624 		1.5824
v -37.713 		410.624 		1.549
v -37.6227 		410.7067 		1.9265
v -37.5503 		410.7776 		1.2648
v -37.47 		410.8598 		1.024
v -37.4639 		410.8631 		1.667
v -37.4727 		410.8542 		1.6979
v -37.4603 		410.8674 		1.5555
v -37.511 		410.815 		1.8341
v -37.5405 		410.7867 		1.643
v -37.4585 		410.8695 		1.5
v -37.451 		410.8764 		1.7288
v -37.3631 		410.9686 		1.7288
v -36.8791 		411.5769 		1.667
v -36.881 		411.574 		1.625
v -37.499 		410.827 		1.5
v -37.6097 		410.7191 		1.549
v -37.6114 		410.7175 		1.667
v -37.5616 		410.766 		1.5652
v -37.5656 		410.7619 		1.3108
v -37.4007 		410.9301 		1.024
v -37.3764 		410.9557 		0.7432
v -37.3764 		410.9557 		0.8237
v -37.2699 		411.072 		0.074
v -37.2813 		411.059 		0.0564
v -37.26 		411.0834 		0.1421
v -37.2843 		411.0557 		0.0749
v -37.2971 		411.0416 		0.0749
v -37.3096 		411.0278 		0.0749
v -39.386 		409.612 		2
v -39.358 		409.622 		2
v -39.249 		409.6648 		2
v -39.055 		409.747 		2
v -38.9199 		409.81 		2
v -39.205 		409.682 		2
v -37.3181 		411.0184 		0.0749
v -37.3453 		410.9885 		0.0749
v -37.394 		410.9351 		0.0095
v -37.3977 		410.9313 		0.0095
v -37.3583 		410.9742 		0.0749
v -37.3855 		410.9443 		0.0749
v -39.4196 		409.6 		2
v 55 		416.342 		5
v -17.4239 		413.9677 		0
v -17.4516 		413.9142 		0
v -48.548 		417.419 		2
v -48.439 		417.033 		2
v -48.3 		416.564 		2
v -48.221 		416.309 		2
v -48.167 		416.14 		2
v -48.0917 		415.9131 		2
v -17.364 		414.087 		0
v -47.967 		415.552 		2
v -73.447 		393.61 		2
v -17.417 		413.981 		0
v -47.876 		415.302 		2
v -47.814 		415.136 		2
v -47.684 		414.807 		2
v -47.548 		414.481 		2
v -47.477 		414.319 		2
v -47.367 		414.078 		2
v -47.213 		413.76 		2
v -47.1802 		413.696 		2
v -17.472 		413.875 		0
v -17.528 		413.771 		0
v -37.3983 		410.9306 		0.0095
v -37.888 		410.4731 		1.6261
v -37.8829 		410.4772 		1.63
v -37.8826 		410.4775 		1.643
v -37.8821 		410.478 		1.667
v -17.5714 		413.696 		0
v -37.888 		410.4731 		1.7463
v -37.7162 		410.6211 		1.549
v -38.6866 		409.9306 		1.1064
v -38.6683 		409.9406 		1.1269
v -38.663 		409.9435 		1.1844
v -38.6648 		409.9425 		1.1904
v -38.7206 		409.9119 		1.1698
v -17.774 		413.369 		0
v -38.5578 		410.0042 		1.902
v -38.5747 		409.994 		1.6489
v -38.4461 		410.0713 		1.6364
v -38.4672 		410.0581 		1.9848
v -37.9506 		410.4239 		1.5858
v -37.9413 		410.4312 		1.5858
v -37.8996 		410.4635 		1.9014
v -37.9036 		410.4602 		1.9625
v -17.587 		413.669 		0
v -17.6101 		413.6298 		0
v -38.0902 		410.3146 		1.667
v -38.0877 		410.3163 		1.5858
v -38.0689 		410.3305 		1.941
v -17.6614 		413.5446 		0
v -23.085 		439.399 		0.081
v -17.647 		413.567 		0
v -23.222 		439.345 		0.123
v -23.291 		439.321 		0.457
v -23.222 		439.345 		0.373
v -38.4459 		410.0714 		1.6364
v -38.4479 		410.0703 		1.7211
v -38.4621 		410.0613 		1.9392
v -38.6979 		409.9242 		1.2998
v -38.7209 		409.9115 		1.3091
v -38.7238 		409.91 		1.25
v -38.7272 		409.9082 		1.1821
v -38.718 		409.913 		1.25
v -23.223 		439.343 		0.094
v -23.085 		439.397 		0.063
v -38.7213 		409.9113 		1.3093
v -23.292 		439.32 		0.344
v -39.0536 		409.7456 		0
v -39.0537 		409.7456 		0
v -23.154 		439.369 		0.344
v -75.826 		397.127 		2
v -23.153 		439.37 		0.457
v -77.897 		400.832 		2
v -79.647 		404.699 		2
v -81.062 		408.701 		2
v -48.083 		415.887 		2
v 4.357 		390.308 		2
v 1.417 		387.244 		2
v -45.0157 		410.7862 		2
v -44.994 		410.767 		2
v -44.8215 		410.624 		2
v -14.461 		390.866 		2
v -44.032 		410.0682 		2
v -43.9287 		410.0092 		2
v -43.4525 		409.7695 		2
v -43.39 		409.7427 		2
v -43.2475 		409.6839 		2
v -43.132 		409.639 		2
v -43.0196 		409.6 		2
v -43.86 		409.97 		2
v -43.8226 		409.95 		2
v -39.0537 		409.7456 		0
v -39.0537 		409.7456 		0
v -39.0549 		409.745 		0
v -39.0538 		409.7456 		0
v -39.1805 		409.6918 		0
v -39.1874 		409.6889 		0
v -39.2046 		409.6816 		0
v -39.2046 		409.6816 		0
v -43.302 		409.705 		2
v -43.4624 		409.7737 		2
v -39.2048 		409.6815 		0
v -43.47 		409.777 		2
v -43.8038 		409.9399 		2
v -43.748 		409.91 		2
v -44.7047 		410.5272 		2
v -44.5739 		410.4277 		2
v -44.5686 		410.4239 		2
v -44.2016 		410.1724 		2
v -44.079 		410.095 		2
v -44.7046 		410.5272 		2
v -44.4286 		410.3228 		2
v -44.3648 		410.2783 		2
v -44.293 		410.23 		2
v -44.2862 		410.2257 		2
v -44.4564 		410.3429 		2
v -44.397 		410.3 		2
v -29.0451 		416.7442 		0
v -29.045 		416.744 		0
v -28.95 		416.522 		0
v -28.95 		416.5219 		0.0022
v -28.9503 		416.5227 		0.006
v -28.9501 		416.5222 		0
v -44.602 		410.448 		2
v -29.424 		417.7189 		0
v -29.4239 		417.7188 		0.0017
v -29.424 		417.719 		0.0002
v -29.424 		417.719 		0
v -44.6044 		410.4499 		2
v -29.424 		417.719 		0
v -29.313 		417.417 		0
v -44.702 		410.525 		2
v -29.168 		417.042 		0
v -28.95 		416.522 		0
v -39.2055 		409.6812 		0
v -39.2061 		409.681 		0
v -39.2084 		409.6801 		0
v -47.092 		413.524 		2
v -46.965 		413.291 		2
v -46.789 		412.984 		2
v -39.3335 		409.6307 		0
v -46.651 		412.756 		2
v -39.3417 		409.6274 		0
v -46.52 		412.553 		2
v -39.3573 		409.6212 		0
v -46.3896 		412.3593 		2
v -46.267 		412.186 		2
v -46.154 		412.032 		2
v -45.998 		411.83 		2
v -45.8491 		411.648 		2
v -29.4241 		417.7192 		0.006
v -29.424 		417.7191 		0.0011
v -46.378 		412.342 		2
v -26.624 		413.0155 		1.2666
v -26.5828 		412.9736 		1.1734
v -26.5494 		412.9397 		1.2811
v -26.5479 		412.9382 		1.3736
v -23.223 		439.343 		0.281
v -26.548 		412.9383 		1.3825
v -26.5733 		412.9636 		1.1752
v -26.561 		412.951 		1.2058
v -26.5497 		412.9398 		1.3951
v -26.5742 		412.9634 		1.5729
v -39.3598 		409.6203 		0
v -39.4157 		409.6 		0
v -26.5485 		412.9387 		1.3864
v -39.358 		409.621 		0
v -39.3576 		409.6212 		0
v -45.056 		410.8252 		1.565
v -44.9633 		410.7411 		1.3131
v -44.9555 		410.734 		1.4142
v -44.9714 		410.7476 		1.656
v -26.3327 		412.7419 		1.6938
v -26.3301 		412.7397 		1.6357
v -26.2563 		412.6763 		1.5063
v -26.2513 		412.672 		1.5129
v -44.9498 		410.7288 		1.4882
v -26.3202 		412.7311 		1.4245
v -26.465 		412.8613 		1.4564
v -26.3494 		412.7563 		1.6645
v -44.3459 		410.266 		1.7754
v -44.4508 		410.3387 		1.9006
v -26.4049 		412.8067 		1.3592
v -26.3549 		412.761 		1.4079
v -26.3494 		412.7563 		1.6592
v -44.4463 		410.3353 		1.8201
v -44.3512 		410.2696 		1.76
v -26.4662 		412.8623 		1.4282
v -45.2161 		410.9705 		2
v -45.0907 		410.8568 		2
v -25.3306 		412.0069 		1.5985
v -45.089 		410.851 		2
v -25.3299 		412.0064 		1.5837
v -25.2075 		411.9357 		1.4137
v -25.2074 		411.9357 		1.4451
v -25.0344 		411.8411 		1.1607
v -25.0413 		411.8446 		1.2177
v -25.056 		411.8524 		1.1972
v -25.0803 		411.8654 		1.1633
v -25.0808 		411.8656 		1.1288
v -25.0391 		411.8438 		1.024
v -25.0177 		411.8325 		1.024
v -23.466 		439.273 		1.289
v -25.3329 		412.0083 		1.6432
v -25.5399 		412.1373 		1.9429
v -25.5255 		412.1281 		1.8966
v -25.5403 		412.1375 		1.8463
v -25.0081 		411.8277 		0.9463
v -25.8721 		412.3687 		1.024
v -25.8409 		412.3456 		0.9498
v -25.8613 		412.3602 		1.3233
v -25.8675 		412.3647 		1.3282
v -25.869 		412.366 		1.25
v -25.8734 		412.3696 		1.0271
v -23.467 		439.271 		0.967
v -39.633 		409.527 		1.1456
v -39.6574 		409.5197 		1.334
v -39.7171 		409.5016 		1.334
v -39.7282 		409.4982 		1.1456
v -26.1434 		412.5804 		1.0379
v -26.0327 		412.4923 		1.027
v -26.138 		412.5761 		1.3016
v -39.6603 		409.5187 		1.3418
v -39.7041 		409.5054 		1.371
v -26.0403 		412.4979 		1.25
v -39.681 		409.512 		1.25
v -26.0467 		412.5028 		1.3273
v -26.0581 		412.5117 		1.3873
v -26.0959 		412.5421 		1.3468
v -39.6727 		409.5146 		1.4595
v -25.8462 		412.3491 		1.25
v -25.8474 		412.3499 		1.3123
v -25.8535 		412.3544 		1.3172
v -25.7069 		412.2505 		1.6362
v -25.709 		412.252 		1.667
v -39.6764 		409.5133 		1.4945
v -25.7997 		412.316 		1.667
v -25.8025 		412.3179 		1.6362
v -25.7232 		412.2618 		1.7675
v -25.7842 		412.3049 		1.7675
v -25.856 		412.356 		1.25
v -26.056 		412.51 		1.25
v -39.6669 		409.5154 		0
v -39.6669 		409.5154 		0
v -25.8286 		412.3365 		0.9205
v -25.8341 		412.3405 		1.024
v -39.5877 		409.5407 		0
v -39.6289 		409.5275 		0
v -39.6669 		409.5154 		0
v -26.0588 		412.5123 		1.3911
v -39.5117 		409.5651 		0
v -39.5122 		409.5649 		0
v -39.5116 		409.5652 		0
v -39.5559 		409.5509 		0
v -39.5703 		409.5463 		0
v -26.0091 		412.4735 		1.0247
v -26.0151 		412.4782 		1.1023
v -26.0178 		412.4804 		1.0256
v -26.0159 		412.4789 		1.1072
v -25.8908 		412.3825 		1.0685
v -26.1741 		412.6058 		1.6144
v -26.2032 		412.6307 		1.9216
v -26.9599 		413.3584 		1.9462
v -26.9411 		413.338 		1.9834
v -1.772 		384.44 		2
v -5.187 		381.917 		2
v -8.804 		379.691 		2
v -26.6689 		413.0549 		0
v -26.6688 		413.0548 		0.0009
v -26.6686 		413.0546 		0.003
v -26.6696 		413.0556 		0
v -26.947 		413.344 		0
v -12.597 		377.781 		2
v -26.9464 		413.3434 		0
v -26.9329 		413.3291 		0
v -26.9415 		413.3384 		0.0156
v -26.9622 		413.361 		0
v -26.669 		413.055 		0
v -26.948 		413.345 		0
v -45.3375 		411.0888 		2
v -45.274 		411.025 		2
v -45.836 		411.632 		2
v -45.67 		411.439 		2
v -45.541 		411.298 		2
v -45.453 		411.205 		2
v -18.86 		388.697 		2
v -26.9411 		413.338 		0.017
v -23.505 		387.12 		2
v -28.316 		386.163 		2
v -26.9622 		413.361 		1.7881
v -16.539 		376.198 		2
v -39.824 		409.471 		2
v -39.6514 		409.5211 		2
v 54.001 		417.592 		5
v -39.5195 		409.5645 		2
v -24.5833 		411.6267 		0
v -24.5833 		411.6267 		0
v -24.5843 		411.6271 		0
v -24.5843 		411.6271 		0
v -39.512 		409.567 		2
v -24.5847 		411.6273 		0
v -24.5852 		411.6275 		0
v -24.5852 		411.6275 		0
v -24.5853 		411.6276 		0
v -24.5853 		411.6276 		0
v -39.667 		409.516 		2
v -39.936 		409.4428 		2
v -24.5853 		411.6276 		0
v -24.5852 		411.6276 		0
v -24.5853 		411.6276 		0
v -24.5853 		411.6276 		0
v -24.5852 		411.6275 		0
v -24.5852 		411.6275 		0
v -24.5852 		411.6275 		0
v -24.5852 		411.6276 		0
v -24.5853 		411.6276 		0
v -24.5853 		411.6276 		0
v -20.601 		374.955 		2
v -24.753 		374.061 		2
v -28.967 		373.522 		2
v -38.106 		386.163 		2
v -33.211 		385.842 		2
v -42.917 		387.12 		2
v -47.562 		388.697 		2
v 35 		467.842 		4
v 35 		447.842 		4
v 37 		427.543 		16.502
v 36 		429.093 		16.502
v -33.211 		373.342 		2
v -37.455 		373.522 		2
v -41.669 		374.061 		2
v -45.821 		374.955 		2
v -51.961 		390.866 		2
v -49.883 		376.198 		2
v -53.825 		377.781 		2
v -57.618 		379.691 		2
v -61.235 		381.917 		2
v -64.65 		384.44 		2
v -67.839 		387.244 		2
v -70.778 		390.308 		2
v 36.8806 		428.0165 		8.7692
v 36.8782 		428.0159 		9.001
v 36.8932 		428.0221 		8.7515
v 37 		427.543 		9.0069
v -40.8431 		409.3011 		2
v -40.819 		409.3025 		2
v -40.743 		409.3084 		2
v -40.628 		409.319 		2
v -40.465 		409.339 		2
v -40.304 		409.365 		2
v -39.9886 		409.4298 		2
v 36.996 		428.045 		9.0069
v 36.891 		428.0217 		9.0069
v -39.983 		409.431 		2
v 36.517 		427.672 		9.001
v 36.5793 		427.7793 		8.3623
v 36.5731 		427.7687 		9.001
v 36.5937 		427.8123 		8.4976
v 36.811 		428.001 		9.001
v 36.7333 		427.9512 		9.001
v 36.733 		427.951 		8.9772
v 36.5115 		427.6302 		9.001
v -40.791 		409.304 		2
v -40.96 		409.2948 		2
v -32.792 		401.581 		2
v -32.906 		401.419 		2
v -32.906 		401.421 		2
v -32.792 		401.583 		2
v -33.036 		401.245 		2
v 36.7098 		427.9408 		9.004
v 36.7098 		427.9408 		9.004
v 36.714 		427.9426 		9.004
v -33.156 		401.089 		2
v -33.295 		400.919 		2
v -33.425 		400.768 		2
v 36.59 		427.8067 		9.0069
v 36.5054 		427.6167 		9.0069
v 36.643 		427.898 		9.0069
v -33.56 		400.617 		2
v 36.7098 		427.9408 		9.0069
v -33.696 		400.472 		2
v 36.496 		427.545 		9.0069
v 35 		430.342 		5
v 36.9073 		428.0224 		5
v 36.895 		428.0197 		5
v 36.594 		427.8047 		5
v -33.696 		400.474 		2
v -33.56 		400.619 		2
v -33.425 		400.77 		2
v -33.295 		400.921 		2
v -33.156 		401.092 		2
v -33.036 		401.247 		2
v -27.2518 		413.696 		0
v -27.256 		413.701 		0
v -27.588 		414.126 		0
v -28.078 		414.852 		0
v -28.378 		415.364 		0
v -28.532 		415.649 		0
v -28.58 		415.744 		0
v -28.672 		415.9261 		0
v -33.839 		400.327 		2
v -33.992 		400.179 		2
v -34.138 		400.045 		2
v -29.4241 		417.7192 		0
v -29.313 		417.4171 		0
v -34.286 		399.914 		2
v -28.678 		415.938 		0
v -28.817 		416.229 		0
v -34.444 		399.781 		2
v -29.256 		417.267 		0
v -34.612 		399.645 		2
v -34.772 		399.522 		2
v -34.772 		399.524 		2
v -34.612 		399.647 		2
v -34.444 		399.783 		2
v -34.286 		399.916 		2
v -34.138 		400.047 		2
v -33.992 		400.182 		2
v -33.839 		400.33 		2
v -34.941 		399.397 		2
v -34.941 		399.4 		2
v -26.251 		412.672 		0
v -26.349 		412.756 		0
v -35.102 		399.284 		2
v -26.4315 		412.8313 		0
v -26.624 		413.0126 		0
v -35.269 		399.171 		2
v -26.377 		412.78 		0
v -35.453 		399.053 		2
v -35.62 		398.949 		2
v -24.9059 		411.7757 		0
v -24.9067 		411.7761 		0
v -35.796 		398.846 		2
v -24.6301 		411.648 		0
v -24.7245 		411.6898 		0
v -24.8691 		411.7579 		0
v -25.42 		412.061 		0
v -35.796 		398.848 		2
v -25.532 		412.132 		0
v -35.62 		398.952 		2
v -25.6 		412.1784 		0
v -35.453 		399.055 		2
v -35.269 		399.173 		2
v -35.102 		399.286 		2
v -35.969 		398.748 		2
v -24.77 		411.71 		0
v -24.952 		411.798 		0
v -25.13 		411.893 		0
v -25.1426 		411.9001 		0
v -36.148 		398.652 		2
v -36.344 		398.551 		2
v -36.516 		398.467 		2
v -25.2693 		411.9714 		0
v -36.705 		398.379 		2
v -25.306 		411.992 		0
v -36.515 		398.469 		2
v -35.969 		398.751 		2
v -26.2399 		412.6625 		0
v -26.2184 		412.6441 		0
v -25.6825 		412.2346 		0
v -25.752 		412.282 		0
v -25.9071 		412.3965 		0
v -26.174 		412.606 		0
v -26.0325 		412.4931 		0
v -25.9155 		412.4027 		0
v -25.9491 		412.4276 		0
v -25.966 		412.44 		0
v -8.466 		408.665 		0.001
v -26.763 		413.15 		0
v -27.082 		413.496 		0
v -8.526 		408.429 		0.001
v -8.586 		408.204 		0.001
v -8.649 		407.98 		0.001
v -8.718 		407.752 		0.001
v -24.585 		411.628 		0
v -16.409 		399.865 		0
v -16.641 		399.782 		0
v -16.859 		399.708 		0
v -17.081 		399.635 		0
v -17.316 		399.562 		0
v -17.555 		399.492 		0
v -17.774 		399.432 		0
v -18.008 		399.371 		0
v -18.251 		399.311 		0
v -8.789 		407.527 		0.001
v -8.867 		407.293 		0.001
v -8.947 		407.065 		0.001
v -18.465 		399.262 		0
v -9.029 		406.845 		0.001
v -9.115 		406.625 		0.001
v -41.984 		409.3494 		2
v -41.9729 		409.3476 		2
v -41.6953 		409.3122 		2
v -18.7 		399.212 		0
v -41.523 		409.299 		2
v -41.34 		409.291 		2
v -41.0006 		409.2938 		2
v -41.706 		409.313 		2
v -41.8911 		409.3345 		2
v -41.8837 		409.3335 		2
v -18.936 		399.165 		0
v -40.974 		409.294 		2
v -9.209 		406.397 		0.001
v -9.301 		406.185 		0.001
v -9.406 		405.955 		0.001
v -41.888 		409.334 		2
v -9.503 		405.753 		0.001
v -9.607 		405.547 		0.001
v -19.168 		399.123 		0
v -43.008 		409.596 		2
v -42.9771 		409.5853 		2
v -42.8198 		409.535 		2
v -42.785 		409.524 		2
v -42.7291 		409.5082 		2
v -42.5617 		409.4626 		2
v -42.4719 		409.4403 		2
v -42.25 		409.392 		2
v -19.411 		399.083 		0
v -42.4279 		409.4296 		2
v -9.718 		405.336 		0.001
v -9.834 		405.127 		0.001
v -19.657 		399.047 		0
v -9.954 		404.92 		0.001
v -10.087 		404.703 		0.001
v -10.213 		404.509 		0.001
v -42.608 		409.474 		2
v -19.88 		399.017 		0
v -10.349 		404.308 		0.001
v -10.479 		404.125 		0.001
v -20.127 		398.989 		0
v -42.43 		409.43 		2
v -10.625 		403.931 		0.001
v -10.774 		403.74 		0.001
v -10.925 		403.558 		0.001
v -42.959 		409.579 		2
v -11.079 		403.38 		0.001
v -20.351 		398.968 		0
v -11.238 		403.204 		0.001
v -20.593 		398.948 		0
v -11.401 		403.032 		0.001
v -20.834 		398.933 		0
v -21.086 		398.923 		0
v -39.8149 		409.4729 		0
v -39.8238 		409.4703 		0
v -39.8239 		409.4703 		0
v -39.6677 		409.5151 		0
v -39.6684 		409.5149 		0
v -21.318 		398.917 		0
v -39.7117 		409.5025 		0
v -39.7577 		409.4893 		0
v -11.571 		402.86 		0.001
v -11.752 		402.685 		0.001
v -16.41 		399.868 		0.001
v -21.548 		398.915 		0
v -16.642 		399.784 		0.001
v -11.917 		402.532 		0.001
v -16.86 		399.71 		0.001
v -21.787 		398.918 		0
v -22.022 		398.926 		0
v -12.103 		402.366 		0.001
v -17.082 		399.637 		0.001
v -12.276 		402.219 		0.001
v -17.317 		399.565 		0.001
v -22.272 		398.938 		0
v -22.507 		398.955 		0
v -22.741 		398.977 		0
v -12.474 		402.056 		0.001
v -22.989 		399.005 		0
v -12.658 		401.911 		0.001
v -23.223 		399.036 		0
v -12.841 		401.773 		0.001
v -23.459 		399.073 		0
v -13.039 		401.63 		0.001
v -23.69 		399.115 		0
v -23.923 		399.161 		0
v -24.382 		399.27 		0
v -24.153 		399.213 		0
v -39.8239 		409.4703 		0
v -28.575 		401.47 		0
v -17.556 		399.495 		0.001
v -13.23 		401.496 		0.001
v -30.438 		403.639 		0
v -17.775 		399.434 		0.001
v -30.561 		403.837 		0
v -30.683 		404.042 		0
v -30.438 		403.641 		0
v -30.562 		403.839 		0
v -30.683 		404.044 		0
v -31.1302 		404.8935 		0
v -31.1925 		405.0305 		0
v -31.2292 		405.1103 		0
v -13.429 		401.362 		0.001
v -31.279 		404.9158 		0
v -31.2789 		404.9162 		0
v -13.633 		401.23 		0.001
v -31.336 		404.708 		0
v -31.392 		404.517 		0
v -31.23 		405.112 		0
v -31.279 		404.918 		0
v -31.336 		404.71 		0
v -31.392 		404.519 		0
v -31.0285 		404.685 		0
v -31.028 		404.686 		0
v -31.13 		404.895 		0
v -13.828 		401.109 		0.001
v -30.808 		404.263 		0
v -31.451 		404.327 		0
v -14.039 		400.983 		0.001
v -14.249 		400.862 		0.001
v -31.516 		404.133 		0
v -31.583 		403.944 		0
v -31.655 		403.75 		0
v -31.729 		403.563 		0
v -31.452 		404.329 		0
v -31.516 		404.135 		0
v -31.583 		403.946 		0
v -31.655 		403.752 		0
v -39.5106 		409.5655 		0
v -31.729 		403.565 		0
v -39.5116 		409.5652 		0
v -30.9157 		404.4635 		0
v -30.915 		404.462 		0
v -30.808 		404.265 		0
v -30.915 		404.464 		0
v -29.586 		402.488 		0
v -14.446 		400.753 		0.001
v -14.674 		400.632 		0.001
v -14.871 		400.532 		0.001
v -18.009 		399.373 		0.001
v -18.252 		399.313 		0.001
v -39.8249 		409.47 		0
v -39.8498 		409.4636 		0
v -39.936 		409.4414 		0
v -64.892 		413.011 		2
v -57.344 		414.9091 		2
v -40.5968 		409.3229 		1.4815
v -40.5899 		409.3237 		1.4793
v -40.5873 		409.324 		1.4946
v -57.344 		419.8771 		2
v -40.6012 		409.3224 		1.536
v -40.6013 		409.3224 		1.516
v -40.5894 		409.3237 		1.5215
v -40.5918 		409.3234 		1.536
v -40.601 		409.3223 		1.5903
v -40.595 		409.323 		1.5
v -49.1573 		419.84 		2
v -49.515 		421.485 		2
v -49.385 		420.862 		2
v -49.256 		420.27 		2
v -40.6018 		409.3223 		1.5148
v -40.6027 		409.3222 		1.4834
v -39.9826 		409.4294 		0
v -39.9827 		409.4294 		0
v -40.1426 		409.3941 		0
v -40.1428 		409.394 		0
v -40.1428 		409.394 		0
v -39.9841 		409.429 		0
v -39.9834 		409.4291 		0
v -39.9976 		409.426 		0
v -40.0405 		409.4166 		0
v -15.085 		400.428 		0.001
v -15.299 		400.327 		0.001
v -40.1431 		409.394 		0
v -40.3036 		409.3631 		0
v -40.3036 		409.3631 		0
v -40.143 		409.394 		0
v -40.3043 		409.363 		0
v -40.448 		409.3408 		0
v -40.3041 		409.363 		0
v -40.3039 		409.363 		0
v -40.4648 		409.3382 		0
v -40.4648 		409.3382 		0
v -15.526 		400.225 		0.001
v -40.603 		409.3212 		0
v -40.6278 		409.3181 		0
v -40.6278 		409.3181 		0
v -40.6279 		409.3181 		0
v -40.5658 		409.3257 		0
v -40.4664 		409.338 		0
v -40.466 		409.338 		0
v -40.6279 		409.3181 		0
v -40.6278 		409.3181 		0
v -40.6289 		409.318 		0
v -40.6575 		409.3154 		0
v -40.7908 		409.3031 		0
v -40.7909 		409.3031 		0
v -40.7909 		409.3031 		0
v -53.597 		409.118 		2
v -40.7909 		409.3031 		0
v -40.7909 		409.3031 		0
v -40.7909 		409.3031 		0
v -40.8963 		409.2967 		0
v -40.7914 		409.3031 		0
v -40.792 		409.303 		0
v -40.8191 		409.3014 		0
v -40.8602 		409.2989 		0
v -15.736 		400.134 		0.001
v -15.966 		400.039 		0.001
v -16.186 		399.952 		0.001
v -31.104 		423.8549 		0.006
v -31.121 		423.936 		0.006
v -31.004 		423.3979 		0.006
v -30.8654 		422.7917 		0.006
v -30.6689 		421.9816 		0.0007
v -30.6449 		421.888 		0.0007
v -31.3598 		425.1268 		0.006
v -31.2 		424.3119 		0.006
v -31.4162 		425.4349 		0.006
v -18.466 		399.264 		0.001
v -32.792 		401.583 		0.001
v -32.906 		401.421 		0.001
v -30.0931 		419.84 		1.2665
v -30.0931 		419.84 		0.9478
v -30.093 		419.84 		0.006
v -29.9901 		419.4835 		0.006
v -30.0316 		419.6265 		1.9604
v -29.7993 		418.8482 		1.9606
v -29.8324 		418.9563 		1.4055
v -29.9705 		419.4204 		1.667
v -29.9926 		419.4942 		1.5041
v -29.6026 		418.2375 		0.7996
v -29.7805 		418.7885 		1.4237
v -30.5141 		421.3772 		0.0007
v -30.5139 		421.3767 		0.0013
v -30.134 		419.9822 		0.0003
v -30.1337 		419.981 		0.006
v -18.701 		399.214 		0.001
v -18.937 		399.167 		0.001
v -29.6582 		418.4055 		1.9943
v -29.6579 		418.4048 		1.9943
v -17.0975 		414.72 		1.6585
v -17.1958 		414.4614 		1.2494
v -17.1373 		414.6153 		1.4645
v -33.036 		401.247 		0.001
v -33.156 		401.092 		0.001
v -33.295 		400.921 		0.001
v -33.425 		400.77 		0.001
v -33.56 		400.619 		0.001
v -33.696 		400.474 		0.001
v -19.169 		399.125 		0.001
v -33.839 		400.33 		0.001
v -33.992 		400.182 		0.001
v -34.138 		400.047 		0.001
v -34.286 		399.916 		0.001
v -34.444 		399.783 		0.001
v -34.612 		399.647 		0.001
v -34.772 		399.524 		0.001
v -34.941 		399.4 		0.001
v -35.102 		399.286 		0.001
v -35.269 		399.173 		0.001
v -19.412 		399.085 		0.001
v -35.453 		399.055 		0.001
v -35.62 		398.952 		0.001
v -35.796 		398.848 		0.001
v -19.658 		399.049 		0.001
v -19.881 		399.02 		0.001
v -35.969 		398.751 		0.001
v -36.147 		398.654 		0.001
v -36.344 		398.553 		0.001
v -36.515 		398.469 		0.001
v -20.128 		398.992 		0.001
v -20.352 		398.97 		0.001
v -20.594 		398.951 		0.001
v -20.835 		398.936 		0.001
v -21.087 		398.925 		0.001
v -21.319 		398.919 		0.001
v -21.549 		398.918 		0.001
v -21.788 		398.921 		0.001
v -22.023 		398.928 		0.001
v -22.273 		398.941 		0.001
v -22.508 		398.958 		0.001
v -22.742 		398.979 		0.001
v -22.99 		399.007 		0.001
v -23.223 		399.039 		0.001
v -23.459 		399.075 		0.001
v -23.691 		399.117 		0.001
v -23.924 		399.164 		0.001
v -24.383 		399.272 		0.001
v -24.154 		399.215 		0.001
v -28.576 		401.472 		0.001
v -31.1925 		405.0305 		0.4166
v -31.2292 		405.1103 		0.6616
v -31.2547 		405.0141 		1.9929
v -31.2594 		404.9955 		1.7336
v -31.23 		405.112 		0.667
v -31.23 		405.112 		1.333
v -31.2133 		405.0776 		0.8184
v -31.1382 		404.9232 		0.6259
v -31.2217 		405.0949 		0.8224
v -31.2171 		405.0848 		0.6244
v -31.2292 		405.1103 		0.6643
v -31.1204 		404.8866 		1.565
v -31.2292 		405.1103 		1.3357
v -31.2292 		405.1103 		1.3347
v -31.1204 		404.8866 		0.5802
v -31.2217 		405.0949 		0.6494
v -31.2292 		405.1103 		0.6653
v -31.2292 		405.1103 		1.3384
v -31.2292 		405.1103 		1.7824
v -31.2292 		405.1103 		1.7806
v -31.2292 		405.1103 		1.7721
# 7118 vertices

g group_0_2829873

usemtl color_2829873
s 0

f 37 	40 	21
f 37 	21 	19
f 48 	50 	51
f 48 	51 	52
f 50 	55 	51
f 128 	129 	40
f 128 	40 	37
f 137 	139 	129
f 137 	129 	128
f 153 	154 	139
f 153 	139 	137
f 174 	107 	154
f 174 	154 	153
f 189 	186 	185
f 184 	183 	189
f 185 	184 	189
f 4907 	201 	200
f 215 	211 	6785
f 202 	6785 	209
f 209 	6785 	211
f 286 	6785 	287
f 215 	6785 	286
f 339 	347 	334
f 546 	351 	390
f 311 	351 	567
f 567 	579 	332
f 567 	332 	311
f 635 	332 	782
f 362 	6788 	406
f 455 	445 	443
f 455 	443 	460
f 461 	653 	460
f 448 	546 	390
f 6789 	452 	446
f 6789 	446 	406
f 347 	339 	484
f 287 	6785 	373
f 359 	357 	6785
f 491 	347 	492
f 484 	492 	347
f 494 	495 	491
f 494 	491 	492
f 373 	6785 	357
f 503 	504 	495
f 503 	495 	494
f 503 	19 	504
f 21 	504 	19
f 351 	552 	567
f 510 	1238 	511
f 527 	1238 	510
f 511 	1238 	512
f 526 	1238 	527
f 28 	531 	521
f 521 	32 	28
f 518 	517 	6790
f 516 	656 	509
f 505 	509 	500
f 505 	500 	499
f 505 	499 	502
f 531 	537 	448
f 531 	448 	521
f 278 	617 	279
f 537 	546 	448
f 512 	1238 	513
f 280 	279 	627
f 617 	627 	279
f 627 	529 	280
f 546 	552 	351
f 602 	617 	278
f 627 	638 	529
f 500 	509 	656
f 656 	516 	541
f 541 	540 	656
f 656 	540 	515
f 638 	644 	554
f 638 	554 	529
f 6790 	517 	534
f 644 	655 	570
f 644 	570 	554
f 655 	695 	570
f 652 	649 	657
f 455 	460 	653
f 666 	1387 	659
f 543 	542 	6789
f 452 	6789 	538
f 653 	461 	666
f 1278 	3206 	673
f 948 	3206 	952
f 663 	665 	3206
f 665 	675 	3206
f 675 	673 	3206
f 695 	664 	570
f 695 	704 	676
f 695 	676 	664
f 704 	714 	674
f 704 	674 	676
f 714 	729 	689
f 714 	689 	674
f 749 	461 	760
f 736 	461 	738
f 461 	748 	739
f 721 	743 	724
f 743 	742 	461
f 741 	751 	461
f 751 	750 	461
f 750 	760 	461
f 748 	461 	749
f 579 	782 	332
f 724 	743 	461
f 742 	741 	461
f 739 	738 	461
f 782 	792 	677
f 782 	677 	635
f 903 	758 	766
f 792 	800 	719
f 792 	719 	677
f 804 	461 	799
f 910 	766 	773
f 736 	799 	461
f 800 	808 	722
f 800 	722 	719
f 783 	917 	910
f 783 	910 	773
f 808 	818 	737
f 808 	737 	722
f 818 	1012 	737
f 845 	461 	804
f 832 	461 	845
f 831 	461 	832
f 830 	461 	831
f 852 	461 	861
f 837 	461 	828
f 852 	814 	461
f 813 	461 	814
f 837 	861 	461
f 849 	461 	830
f 849 	828 	461
f 884 	883 	461
f 883 	896 	461
f 896 	894 	461
f 892 	966 	461
f 903 	766 	905
f 766 	910 	905
f 917 	491 	910
f 917 	927 	491
f 927 	917 	925
f 783 	925 	917
f 890 	889 	461
f 889 	885 	461
f 885 	884 	461
f 899 	890 	461
f 813 	899 	461
f 668 	663 	3206
f 949 	3206 	948
f 668 	3206 	950
f 925 	960 	961
f 925 	961 	927
f 960 	968 	969
f 960 	969 	961
f 968 	972 	974
f 968 	974 	969
f 972 	982 	983
f 972 	983 	974
f 927 	961 	491
f 961 	969 	491
f 969 	974 	491
f 983 	491 	974
f 988 	991 	461
f 992 	758 	903
f 992 	903 	993
f 1389 	461 	964
f 991 	964 	461
f 1043 	921 	978
f 987 	988 	461
f 966 	987 	461
f 1005 	1006 	1065
f 1012 	967 	737
f 1005 	1014 	1015
f 1005 	1015 	1006
f 1012 	1019 	956
f 1012 	956 	967
f 1014 	1020 	1021
f 1014 	1021 	1015
f 452 	538 	456
f 538 	6789 	542
f 964 	1018 	1389
f 1389 	1018 	1022
f 1019 	1024 	957
f 1019 	957 	956
f 1065 	1006 	491
f 1056 	7097 	1006
f 1021 	1036 	1015
f 894 	892 	461
f 549 	544 	6789
f 1024 	1032 	978
f 1024 	978 	957
f 1020 	1033 	1036
f 1020 	1036 	1021
f 1033 	1039 	1040
f 1033 	1040 	1036
f 549 	6789 	641
f 1032 	1043 	978
f 6789 	642 	641
f 1039 	1048 	1049
f 1039 	1049 	1040
f 642 	6789 	536
f 1048 	1055 	1056
f 1048 	1056 	1049
f 544 	543 	6789
f 1044 	1047 	1389
f 1047 	1050 	1389
f 1050 	1041 	1389
f 952 	3206 	955
f 1006 	1015 	1036
f 1036 	1040 	1006
f 1040 	1049 	1006
f 1056 	1006 	1049
f 1045 	1044 	1389
f 1022 	1045 	1389
f 955 	3206 	954
f 1062 	983 	1061
f 982 	1061 	983
f 954 	3206 	959
f 959 	3206 	1058
f 1058 	3206 	1060
f 1061 	1064 	1065
f 1061 	1065 	1062
f 1064 	1005 	1065
f 491 	983 	1062
f 491 	1062 	1065
f 1070 	1120 	1389
f 1093 	1071 	1389
f 1120 	1118 	1389
f 1121 	1122 	1389
f 6790 	6791 	1105
f 1118 	1116 	1389
f 1122 	1219 	1389
f 1529 	1435 	6791
f 1116 	1121 	1389
f 1126 	1125 	6791
f 1073 	1070 	1389
f 1106 	6791 	1125
f 1133 	1334 	1134
f 1131 	1334 	1133
f 1110 	1114 	6790
f 1114 	524 	6790
f 518 	6790 	524
f 1113 	1111 	6790
f 1067 	1238 	1072
f 1154 	1072 	1238
f 1156 	1154 	1238
f 1158 	1156 	1238
f 1196 	1390 	1159
f 1161 	1173 	1162
f 1160 	1173 	1161
f 1131 	1130 	1334
f 1135 	1134 	1334
f 1129 	1334 	1130
f 1169 	1238 	1170
f 1175 	1238 	1163
f 1180 	1179 	1334
f 1181 	1158 	1238
f 1178 	1334 	1179
f 1129 	1180 	1334
f 1168 	1238 	1183
f 1183 	1238 	1169
f 1170 	1238 	526
f 1165 	1238 	1166
f 1163 	1238 	1164
f 1175 	1181 	1238
f 1164 	1238 	1165
f 1167 	1238 	1168
f 1166 	1238 	1167
f 513 	1238 	514
f 1178 	1190 	1334
f 1190 	1191 	1334
f 1201 	1134 	1135
f 1140 	1390 	1141
f 1216 	1238 	1209
f 1077 	1153 	921
f 1200 	1238 	1198
f 1211 	1238 	1200
f 1210 	1238 	1211
f 1067 	1066 	1238
f 1198 	1238 	1066
f 1101 	1113 	6790
f 1111 	1110 	6790
f 1390 	1389 	1219
f 1103 	1102 	6790
f 1210 	1209 	1238
f 1238 	1216 	1206
f 1224 	1238 	1205
f 1205 	1238 	1206
f 1228 	1238 	1224
f 1226 	1238 	1228
f 1214 	1238 	1226
f 1105 	1103 	6790
f 1102 	1101 	6790
f 1213 	1238 	1214
f 1221 	1238 	1213
f 1222 	1238 	1221
f 1060 	1238 	1222
f 656 	514 	1238
f 950 	3206 	949
f 515 	514 	656
f 5887 	5901 	1318
f 1249 	1248 	1288
f 1275 	1334 	1276
f 1191 	1276 	1334
f 1264 	1263 	5838
f 5838 	5861 	1264
f 1274 	1334 	1275
f 5864 	5832 	1284
f 5870 	5869 	1284
f 5871 	5870 	1284
f 1271 	1273 	483
f 500 	656 	1277
f 1304 	483 	1297
f 1279 	483 	1304
f 1273 	1295 	483
f 1295 	1297 	483
f 1301 	1305 	1302
f 1284 	1283 	483
f 1283 	1271 	483
f 483 	5848 	1284
f 1135 	1308 	1307
f 5869 	5872 	1284
f 5874 	5871 	1284
f 5848 	5874 	1284
f 1307 	1201 	1135
f 5872 	5856 	1284
f 5856 	5864 	1284
f 1305 	1300 	3480
f 1321 	3480 	1300
f 5839 	5838 	1293
f 1293 	1294 	5839
f 5832 	5839 	1294
f 1294 	1285 	5832
f 1285 	1284 	5832
f 1309 	1308 	1135
f 1263 	1293 	5838
f 1291 	1292 	5861
f 1292 	1264 	5861
f 1249 	1288 	5902
f 1323 	3480 	1321
f 5861 	5857 	1291
f 1279 	1278 	483
f 673 	483 	1278
f 1324 	1317 	1316
f 1324 	1316 	1320
f 1314 	1313 	1324
f 1315 	1314 	1319
f 1314 	1324 	1319
f 1320 	1319 	1324
f 460 	1392 	461
f 1391 	461 	1392
f 1325 	3223 	1326
f 1327 	1326 	3223
f 1329 	1327 	3223
f 1330 	1329 	3223
f 1238 	1060 	3206
f 1392 	460 	1399
f 443 	1399 	460
f 1274 	1277 	1334
f 1159 	1390 	1140
f 1215 	1141 	1390
f 1219 	1215 	1390
f 647 	1410 	659
f 659 	1422 	666
f 653 	666 	1423
f 1071 	1073 	1389
f 1365 	1390 	1196
f 921 	1043 	1077
f 1464 	1306 	1467
f 1366 	1467 	1306
f 1153 	1077 	1230
f 1089 	1230 	1077
f 1230 	1089 	1363
f 1097 	1363 	1089
f 1041 	1093 	1389
f 1108 	1240 	1363
f 1108 	1363 	1097
f 656 	1334 	1277
f 1390 	1365 	1380
f 1117 	1234 	1240
f 1117 	1240 	1108
f 2231 	1234 	2121
f 1394 	6447 	1360
f 1343 	1254 	1322
f 1254 	1253 	1322
f 1398 	1343 	1322
f 1401 	1344 	1322
f 1344 	1398 	1322
f 5882 	5881 	1402
f 5883 	5882 	1402
f 1402 	1401 	5883
f 1322 	5883 	1401
f 5881 	5880 	1348
f 1348 	1402 	5881
f 1377 	1376 	978
f 1413 	6436 	1414
f 6442 	6722 	1360
f 6447 	6442 	1360
f 1395 	6173 	1394
f 1410 	1422 	659
f 653 	1423 	1407
f 1306 	461 	1391
f 1420 	6436 	1413
f 1366 	1306 	1391
f 666 	1422 	1423
f 1387 	666 	1388
f 1386 	659 	1387
f 1414 	6440 	1415
f 1385 	659 	1386
f 1384 	659 	1385
f 2252 	2251 	659
f 2250 	2249 	659
f 1416 	6725 	1417
f 1415 	6440 	1416
f 1417 	6724 	1424
f 1388 	666 	1389
f 461 	1389 	666
f 1425 	6716 	1427
f 1424 	6724 	1425
f 1365 	1076 	1419
f 1365 	1419 	1381
f 1365 	1381 	1380
f 1438 	1429 	6714
f 1126 	6791 	1432
f 6714 	6044 	1439
f 6715 	6714 	1429
f 1429 	1427 	6715
f 1306 	1428 	1426
f 132 	647 	1447
f 649 	647 	132
f 659 	1447 	647
f 6789 	406 	6788
f 1441 	1437 	1153
f 1448 	1428 	1306
f 1439 	1438 	6714
f 6044 	6108 	1439
f 1464 	1461 	1306
f 1448 	1306 	1457
f 1457 	1306 	1458
f 1458 	1306 	1461
f 6108 	6112 	1440
f 1440 	1439 	6108
f 1374 	1153 	1436
f 6112 	6094 	1453
f 1453 	1452 	6112
f 1452 	1440 	6112
f 1433 	1431 	1153
f 1456 	1453 	6094
f 1437 	1436 	1153
f 1441 	1153 	1442
f 1431 	1442 	1153
f 6094 	6713 	1456
f 6117 	6127 	1460
f 6089 	6117 	1466
f 1466 	1456 	6089
f 1460 	1465 	6117
f 6713 	6089 	1456
f 461 	1306 	1508
f 1509 	1508 	1306
f 1446 	1433 	1153
f 1459 	1460 	6127
f 1465 	1466 	6117
f 1478 	1306 	1479
f 1487 	1610 	1488
f 1495 	1306 	706
f 1610 	1487 	1486
f 1450 	1462 	6127
f 1462 	1459 	6127
f 1479 	1306 	1426
f 1480 	1306 	1478
f 1306 	1480 	706
f 534 	6789 	6790
f 1446 	1153 	1496
f 534 	536 	6789
f 1106 	1105 	6791
f 1509 	1306 	1510
f 1510 	1306 	718
f 718 	1306 	1495
f 1485 	6712 	1511
f 6712 	6072 	1511
f 1529 	6791 	1530
f 1560 	1495 	1520
f 706 	1520 	1495
f 1527 	2283 	1513
f 1513 	1523 	1527
f 1523 	1524 	1527
f 1525 	1526 	1524
f 1527 	1524 	1526
f 1495 	1560 	1519
f 1495 	1519 	718
f 1518 	1511 	6136
f 1515 	1518 	6136
f 1432 	6791 	1435
f 1493 	1499 	1153
f 724 	461 	1508
f 1517 	1516 	6915
f 1521 	1517 	6915
f 1532 	1522 	6915
f 1522 	1521 	6915
f 1499 	1498 	1153
f 1497 	1153 	1498
f 1497 	1496 	1153
f 1502 	6915 	1503
f 1501 	6915 	1502
f 1503 	6915 	1535
f 1550 	1549 	1563
f 1588 	1576 	6915
f 1551 	6915 	1557
f 1551 	1535 	6915
f 1546 	1565 	1547
f 6791 	1562 	1561
f 6791 	1561 	1530
f 1565 	1567 	1547
f 1540 	1544 	921
f 1571 	1570 	760
f 978 	921 	1544
f 1543 	1542 	1565
f 1563 	1555 	1554
f 1557 	6915 	1583
f 1553 	1552 	1563
f 978 	1544 	1377
f 1586 	1563 	1587
f 1552 	1587 	1563
f 1563 	1586 	1550
f 1572 	1571 	760
f 1590 	1574 	6915
f 1575 	6915 	1576
f 750 	1572 	760
f 1568 	1567 	1565
f 1573 	1583 	6915
f 1575 	1590 	6915
f 1574 	1573 	6915
f 749 	760 	1569
f 1570 	1569 	760
f 1582 	2599 	1601
f 1539 	1538 	1537
f 1537 	804 	1539
f 1559 	1539 	804
f 1548 	1565 	1541
f 1542 	1541 	1565
f 1607 	1605 	1610
f 1577 	6915 	1580
f 1548 	1568 	1565
f 1608 	1607 	1610
f 1554 	1553 	1563
f 1598 	1580 	6915
f 1594 	1593 	1596
f 1594 	1596 	1612
f 1599 	1598 	6915
f 6915 	1577 	1588
f 1563 	1556 	1555
f 1610 	1605 	1489
f 1489 	1488 	1610
f 1608 	1610 	1602
f 1603 	1602 	1610
f 1612 	1592 	1591
f 1563 	1549 	1615
f 1563 	1615 	1617
f 1563 	1617 	1556
f 1625 	1620 	1592
f 1625 	1592 	1612
f 1664 	804 	1536
f 1596 	1625 	1612
f 1595 	1594 	1612
f 1494 	1493 	1153
f 1628 	6915 	1626
f 1486 	1603 	1610
f 1591 	1595 	1612
f 1606 	1599 	6915
f 1637 	1638 	1636
f 1635 	1636 	1638
f 1638 	1601 	1635
f 1634 	1635 	1601
f 1584 	2602 	1582
f 1641 	2603 	1584
f 1778 	2614 	1644
f 1648 	1643 	1642
f 1630 	6915 	1613
f 1565 	1546 	1633
f 1565 	1633 	1632
f 1647 	6915 	1628
f 1646 	1639 	6915
f 1639 	1606 	6915
f 1629 	1153 	1623
f 1629 	1494 	1153
f 1642 	1640 	1648
f 1632 	1543 	1565
f 1656 	1614 	6915
f 1630 	1626 	6915
f 1647 	1646 	6915
f 1614 	1613 	6915
f 6804 	1653 	1652
f 1624 	1623 	1153
f 1671 	1669 	6915
f 804 	799 	1559
f 1668 	6915 	1669
f 1687 	1686 	1699
f 1698 	1153 	1694
f 1684 	1671 	6915
f 1657 	6915 	1668
f 2199 	1679 	1678
f 1657 	1656 	6915
f 1710 	1693 	6915
f 1693 	1684 	6915
f 1692 	1690 	804
f 1662 	1661 	1699
f 1537 	1536 	804
f 1688 	1153 	1689
f 1695 	1694 	1153
f 1624 	1153 	1698
f 804 	1664 	1692
f 1723 	1699 	1720
f 1661 	1720 	1699
f 1722 	1699 	1723
f 1695 	1153 	1688
f 1699 	1722 	1687
f 1674 	1666 	1703
f 1665 	1703 	1666
f 1677 	2199 	1675
f 1711 	1725 	6915
f 1725 	1710 	6915
f 1712 	1711 	6915
f 1713 	1712 	6916
f 6915 	6916 	1712
f 1730 	1076 	1729
f 1716 	279 	1717
f 663 	1752 	665
f 1153 	1743 	1689
f 1743 	1153 	1749
f 814 	852 	1748
f 1753 	1748 	852
f 1756 	665 	1752
f 1736 	1735 	1153
f 1737 	852 	1739
f 1732 	1739 	852
f 2597 	2596 	1761
f 1760 	2640 	1727
f 1727 	2639 	1726
f 1644 	2604 	1641
f 1601 	2598 	1761
f 1762 	1601 	1761
f 1763 	1601 	1762
f 1634 	1601 	1763
f 1726 	2638 	1759
f 1751 	1718 	1746
f 1754 	1718 	1751
f 1755 	1718 	1754
f 280 	1746 	1718
f 280 	1718 	1717
f 1733 	1703 	1665
f 1749 	1153 	1750
f 1703 	1672 	1670
f 1750 	1153 	1734
f 2244 	2235 	1764
f 2239 	2272 	2235
f 1683 	1682 	1699
f 1686 	1683 	1699
f 1738 	1736 	1153
f 1734 	1153 	1735
f 1447 	2339 	1527
f 1513 	2281 	1512
f 1512 	2607 	1778
f 1773 	1153 	1774
f 1779 	1776 	1153
f 1738 	1153 	1776
f 1779 	1153 	1773
f 1813 	665 	1756
f 1788 	3506 	1789
f 1787 	3506 	1788
f 1789 	3506 	1790
f 1790 	3506 	1827
f 1781 	1757 	1829
f 1830 	1832 	1829
f 1831 	1832 	1830
f 1781 	1829 	1832
f 1827 	3506 	1791
f 1791 	3506 	1792
f 1729 	1813 	1730
f 1652 	1659 	6804
f 1659 	1660 	6804
f 1805 	1153 	1806
f 1806 	1153 	1811
f 1805 	1810 	1153
f 1153 	1817 	1812
f 1811 	1153 	1812
f 1655 	1654 	6804
f 1653 	6804 	1654
f 1838 	1837 	1153
f 1837 	1841 	1153
f 1774 	1153 	1841
f 1884 	2164 	1883
f 6791 	6802 	1857
f 1858 	1857 	6802
f 1153 	1869 	1838
f 1869 	1153 	1870
f 1793 	1792 	3223
f 1794 	1793 	3223
f 1795 	1794 	3223
f 1883 	2168 	1882
f 1882 	2168 	1881
f 1853 	2163 	1884
f 1797 	1795 	3223
f 1799 	3223 	1800
f 1866 	1865 	1153
f 1799 	1798 	3223
f 1801 	1800 	3223
f 3223 	1325 	1801
f 1873 	6802 	1874
f 1871 	1870 	1153
f 1867 	1866 	1153
f 1858 	6802 	1873
f 1865 	1871 	1153
f 3948 	3806 	1975
f 3806 	3807 	1897
f 1846 	1844 	6791
f 1153 	1904 	1903
f 1153 	1903 	1867
f 1846 	6791 	1851
f 2097 	2098 	1922
f 2096 	2097 	1922
f 1881 	2096 	1880
f 2098 	2100 	1922
f 1904 	1153 	1905
f 1880 	2096 	1923
f 1923 	2096 	1922
f 1855 	2187 	1854
f 1848 	6791 	1844
f 1924 	1911 	3947
f 1913 	1924 	3947
f 1857 	1851 	6791
f 1914 	1913 	3947
f 1941 	1933 	3947
f 1933 	1914 	3947
f 1153 	1940 	1932
f 1153 	1932 	1931
f 1931 	1935 	1153
f 1905 	1153 	1935
f 1945 	1946 	1947
f 1945 	1947 	1948
f 2100 	2056 	1921
f 1921 	1922 	2100
f 1934 	1941 	3947
f 1916 	1934 	3947
f 1916 	3947 	1917
f 1927 	1940 	1153
f 1928 	1927 	1153
f 1943 	3947 	1944
f 1929 	1928 	1153
f 1944 	3947 	1952
f 1953 	1952 	3947
f 1929 	1153 	1960
f 1813 	1729 	673
f 1958 	1153 	1810
f 1961 	1153 	1958
f 1961 	1960 	1153
f 1977 	1948 	2025
f 1978 	1948 	1977
f 1979 	1948 	1978
f 1854 	2187 	1853
f 1980 	1948 	1979
f 1981 	1948 	1980
f 1945 	1948 	1981
f 1822 	1826 	3947
f 1823 	1822 	3947
f 1819 	1153 	1826
f 1953 	3947 	1959
f 1874 	6802 	1987
f 1985 	1959 	3947
f 1988 	1985 	3947
f 1989 	1988 	3947
f 1971 	1989 	3947
f 1976 	1972 	3947
f 1972 	1971 	3947
f 1976 	3947 	1973
f 3947 	3948 	1973
f 1897 	1975 	3806
f 1975 	1974 	3948
f 1974 	1973 	3948
f 1987 	6802 	1982
f 1817 	1153 	1819
f 2023 	1948 	2021
f 2024 	1948 	2023
f 1699 	1963 	1962
f 2017 	849 	1967
f 830 	1967 	849
f 2004 	3595 	2006
f 2006 	3599 	2007
f 2007 	3601 	2008
f 2009 	3584 	2010
f 1562 	6791 	1848
f 2014 	2013 	3506
f 2011 	3506 	2013
f 1798 	1797 	3223
f 2015 	3506 	1787
f 2014 	3506 	2015
f 3223 	1792 	3506
f 1984 	1983 	6803
f 1949 	1919 	2020
f 2025 	1948 	2024
f 2021 	1948 	2020
f 1948 	1949 	2020
f 1890 	1896 	3808
f 1896 	1897 	3807
f 3807 	3808 	1896
f 3808 	3809 	1890
f 3809 	3810 	1891
f 1891 	1890 	3809
f 2011 	2010 	3506
f 2008 	3583 	2009
f 2003 	3595 	2004
f 3506 	2010 	3584
f 2062 	3594 	2003
f 2060 	3593 	2061
f 3583 	2008 	3582
f 1955 	1663 	1699
f 1663 	1662 	1699
f 1714 	6934 	1716
f 1962 	1955 	1699
f 845 	804 	2028
f 1690 	2028 	804
f 2057 	2019 	1919
f 2056 	2057 	1919
f 1919 	1920 	2056
f 2019 	2020 	1919
f 3947 	1826 	1153
f 2188 	1853 	2187
f 861 	1703 	852
f 2163 	1853 	2189
f 828 	849 	1968
f 1968 	849 	1703
f 1703 	861 	1968
f 837 	1968 	861
f 1703 	1733 	852
f 1733 	1732 	852
f 1737 	1753 	852
f 1770 	849 	1769
f 1703 	849 	1770
f 1951 	1769 	849
f 1770 	1957 	1703
f 1703 	1957 	1672
f 1234 	1117 	2121
f 1682 	1963 	1699
f 2017 	1951 	849
f 2170 	1881 	2168
f 2095 	1881 	2170
f 1920 	1921 	2056
f 2096 	1881 	2095
f 1076 	673 	1729
f 1153 	1230 	5541
f 5541 	3947 	1153
f 1813 	673 	675
f 675 	665 	1813
f 1764 	1752 	663
f 2189 	1853 	2188
f 2167 	1883 	2164
f 2168 	1883 	2167
f 2164 	1884 	2163
f 2197 	2199 	1678
f 2174 	2173 	896
f 2177 	2174 	896
f 2207 	2153 	2210
f 2184 	2210 	2153
f 2214 	966 	2213
f 2184 	2213 	2210
f 2153 	2207 	2216
f 2674 	2216 	2207
f 2219 	2216 	2674
f 892 	2210 	966
f 2674 	2207 	2391
f 2186 	3289 	2203
f 2203 	3287 	2240
f 2187 	3185 	2186
f 2240 	3286 	2238
f 896 	2302 	2207
f 2210 	896 	2207
f 2210 	892 	894
f 2210 	894 	896
f 2199 	2197 	2196
f 2199 	2196 	2195
f 2176 	2175 	2179
f 2175 	2177 	2179
f 896 	2179 	2177
f 883 	2179 	896
f 1676 	1675 	2199
f 2264 	659 	2255
f 2259 	2261 	2265
f 2254 	659 	2264
f 2253 	659 	2254
f 1744 	2199 	1745
f 2266 	1745 	2199
f 2195 	2266 	2199
f 2199 	1744 	1676
f 2121 	1162 	2231
f 1384 	2255 	659
f 2268 	2261 	2259
f 2252 	659 	2253
f 2250 	659 	2251
f 2248 	659 	2249
f 2272 	2271 	1764
f 1162 	2121 	1161
f 2246 	1447 	2247
f 2247 	1447 	2248
f 2271 	2272 	2265
f 2277 	1679 	2199
f 1764 	2235 	2272
f 2279 	2278 	1703
f 1677 	2277 	2199
f 1703 	2278 	1674
f 1670 	2279 	1703
f 2133 	1173 	1160
f 2293 	1447 	2294
f 2292 	1447 	2293
f 2290 	1447 	2292
f 2289 	1447 	2290
f 2288 	1447 	2289
f 2294 	1447 	2246
f 2274 	2276 	6804
f 2287 	1447 	2288
f 2284 	1527 	2285
f 2339 	1447 	2287
f 2285 	1527 	2339
f 2283 	1527 	2284
f 2281 	1513 	2283
f 659 	2248 	1447
f 2280 	1512 	2281
f 2302 	2301 	2391
f 2391 	2207 	2302
f 2314 	2302 	896
f 2301 	2300 	2391
f 6803 	2347 	2346
f 6803 	2346 	1984
f 2173 	2314 	896
f 2300 	2394 	2391
f 2310 	2309 	2391
f 3624 	3366 	2391
f 2239 	2395 	2272
f 2362 	2361 	2354
f 668 	2272 	2395
f 2395 	2244 	668
f 2347 	6803 	2354
f 2402 	2385 	5507
f 2389 	2388 	5511
f 2372 	5454 	2373
f 2362 	2354 	6803
f 2224 	2221 	2272
f 2360 	2354 	2361
f 2265 	2272 	2221
f 2373 	5449 	2405
f 2265 	2227 	2259
f 2226 	2259 	2227
f 5472 	5511 	2388
f 2221 	2227 	2265
f 2388 	2403 	5472
f 5473 	5472 	2403
f 2403 	2402 	5473
f 5507 	5473 	2402
f 5474 	5507 	2385
f 2385 	2384 	5474
f 1419 	5476 	2401
f 2410 	2224 	2272
f 2397 	2674 	2398
f 2309 	2398 	2391
f 2259 	2226 	2411
f 2442 	2441 	2458
f 2461 	2455 	2454
f 6804 	2275 	2274
f 2436 	2435 	2461
f 2455 	2461 	2452
f 2435 	2452 	2461
f 2442 	2458 	2394
f 2391 	2394 	2458
f 1660 	2413 	6804
f 2275 	6804 	2448
f 2217 	2475 	2218
f 2391 	2479 	3624
f 2391 	2458 	2479
f 2437 	2436 	2461
f 2413 	2448 	6804
f 6804 	2503 	2512
f 6804 	2512 	1655
f 2516 	2525 	2781
f 2518 	2475 	2525
f 2516 	2518 	2525
f 2475 	2518 	2218
f 6804 	2540 	2504
f 2503 	6804 	2504
f 6806 	2559 	2556
f 1173 	2133 	2530
f 2571 	2545 	2569
f 2531 	2674 	2532
f 2571 	2536 	2545
f 2544 	2569 	2545
f 2416 	5485 	2417
f 2719 	2530 	2142
f 2418 	5485 	2415
f 2577 	5485 	2418
f 2417 	5485 	2577
f 2415 	5485 	2428
f 2581 	2533 	2534
f 2475 	2533 	2581
f 2544 	2578 	2569
f 2582 	5485 	2580
f 2475 	2581 	2525
f 2428 	5485 	2583
f 2585 	5485 	2582
f 2584 	5485 	2585
f 2586 	5485 	2584
f 2583 	5485 	2586
f 2427 	5485 	2416
f 2425 	5485 	2579
f 2574 	5489 	2575
f 2579 	5485 	2427
f 2572 	5500 	2574
f 2570 	5418 	2572
f 2575 	5402 	2424
f 2200 	2781 	2201
f 2405 	5505 	2570
f 2424 	5484 	2425
f 5476 	5474 	2384
f 2201 	2268 	2202
f 2259 	2209 	2202
f 2259 	2202 	2268
f 2200 	2594 	2781
f 2833 	2605 	2259
f 2209 	2259 	2605
f 2533 	2191 	2190
f 2534 	2533 	2613
f 2614 	1778 	2607
f 2533 	4283 	2613
f 2606 	1644 	2614
f 2604 	1644 	2606
f 2603 	1641 	2604
f 2602 	1584 	2603
f 2601 	1582 	2602
f 2607 	1512 	2280
f 1760 	1761 	2596
f 2599 	1582 	2601
f 2597 	1761 	2598
f 2598 	1601 	2599
f 2623 	1760 	2624
f 2622 	1760 	2623
f 2624 	1760 	2596
f 2620 	1760 	2621
f 2619 	1760 	2620
f 2629 	1760 	2619
f 2621 	1760 	2622
f 2133 	2142 	2530
f 6806 	2556 	2555
f 6806 	2555 	2541
f 2642 	1760 	2646
f 2641 	1760 	2642
f 2646 	1760 	2629
f 2560 	2559 	6807
f 2640 	1760 	2641
f 2667 	1759 	2637
f 2542 	2539 	2571
f 2538 	2571 	2539
f 2542 	2571 	2652
f 2639 	1727 	2640
f 2638 	1726 	2639
f 2637 	1759 	2638
f 2210 	2213 	966
f 2571 	966 	2654
f 2654 	966 	2214
f 2653 	7057 	2655
f 2654 	2652 	2571
f 2656 	2655 	7057
f 2661 	2657 	7057
f 2636 	1757 	2666
f 2657 	2656 	7057
f 2666 	1758 	2667
f 2635 	1757 	2636
f 2685 	1757 	2686
f 1759 	2667 	1758
f 2669 	2674 	2531
f 2571 	2674 	2669
f 2571 	2669 	2537
f 2537 	2536 	2571
f 2576 	2532 	2674
f 2571 	2668 	2674
f 2272 	2679 	2410
f 2630 	2410 	2679
f 2670 	2674 	2668
f 2219 	2674 	2670
f 2662 	7057 	2675
f 186 	1856 	2677
f 189 	1856 	186
f 2677 	1856 	2683
f 2678 	1856 	183
f 2681 	1856 	2682
f 2688 	1757 	2635
f 2694 	1757 	2692
f 2259 	2690 	2679
f 2687 	1757 	2694
f 2411 	2693 	2259
f 2630 	2679 	2631
f 2690 	2631 	2679
f 2692 	1757 	2688
f 2690 	2259 	2693
f 2702 	1757 	2685
f 2683 	1856 	2701
f 2686 	1757 	2687
f 2701 	1828 	2702
f 2259 	2679 	2819
f 2538 	2668 	2571
f 5968 	2530 	4344
f 2522 	2521 	2587
f 2528 	2704 	2529
f 2522 	2587 	2551
f 964 	2551 	2587
f 2679 	950 	949
f 2704 	2528 	2552
f 2704 	2552 	964
f 2244 	1764 	663
f 2551 	964 	2552
f 2530 	4596 	4603
f 2530 	4603 	4744
f 2244 	663 	668
f 950 	2679 	2272
f 2710 	2709 	2587
f 2710 	2587 	2521
f 2272 	668 	950
f 2711 	3438 	2709
f 2587 	2709 	3438
f 2713 	3438 	2711
f 2529 	2704 	2713
f 3438 	2713 	2704
f 2704 	2527 	2524
f 2523 	2569 	2524
f 2571 	2569 	2523
f 2704 	2524 	2569
f 2844 	3152 	2142
f 2571 	2523 	2546
f 2546 	2549 	2571
f 2550 	2571 	2549
f 3521 	4804 	3419
f 2659 	2663 	2747
f 2747 	1823 	3947
f 2475 	2717 	2716
f 2663 	2651 	2747
f 2651 	1823 	2747
f 2747 	3947 	1910
f 183 	1856 	189
f 2682 	1856 	2678
f 1758 	2666 	1757
f 2061 	3594 	2062
f 1943 	1917 	3947
f 1910 	3947 	1911
f 2475 	2716 	2533
f 2762 	1856 	2681
f 2761 	1856 	2762
f 988 	987 	2571
f 2796 	1856 	2761
f 2794 	1856 	2796
f 2571 	987 	966
f 2717 	2475 	2739
f 2717 	2739 	2740
f 2717 	2740 	2737
f 2717 	2737 	2738
f 2704 	2736 	2527
f 2217 	2739 	2475
f 2781 	2717 	2770
f 2738 	2770 	2717
f 2775 	2781 	2770
f 2736 	2704 	2745
f 988 	2745 	2704
f 2745 	988 	2750
f 2520 	2516 	2781
f 2775 	2520 	2781
f 2268 	2781 	2590
f 988 	2571 	2750
f 2550 	2741 	2571
f 2750 	2571 	2741
f 2268 	2201 	2781
f 2793 	1856 	2803
f 2803 	1856 	2794
f 2792 	1856 	2793
f 2704 	964 	991
f 2832 	1856 	2790
f 2790 	1856 	2791
f 2791 	1856 	2792
f 2704 	991 	988
f 2831 	2187 	2832
f 2837 	2187 	2831
f 2509 	2840 	2502
f 2587 	2840 	2509
f 2514 	2502 	2840
f 2509 	2519 	2587
f 2810 	2809 	2819
f 2719 	2142 	3152
f 2809 	2815 	2819
f 2815 	2830 	2819
f 2259 	2819 	2830
f 2830 	2833 	2259
f 955 	2717 	2819
f 2594 	2868 	2781
f 2781 	2868 	2870
f 2810 	2819 	2870
f 2781 	2870 	2819
f 2717 	2781 	2819
f 954 	2717 	955
f 2590 	2781 	2525
f 2533 	2716 	2615
f 2191 	2533 	2615
f 1018 	964 	2587
f 2616 	2615 	2716
f 2519 	2849 	2587
f 2847 	3089 	2852
f 2855 	2852 	3089
f 2587 	2849 	2856
f 2587 	2856 	2865
f 2587 	2865 	1022
f 1018 	2587 	1022
f 2887 	2888 	3091
f 2616 	2716 	2886
f 2888 	2890 	3091
f 2890 	2886 	3091
f 2587 	2506 	2840
f 2505 	2840 	2506
f 2517 	2506 	2587
f 2517 	2587 	2707
f 2587 	3438 	2707
f 2917 	2187 	2837
f 2920 	2187 	2921
f 2921 	2187 	2917
f 2978 	2187 	2962
f 2962 	2187 	2920
f 2980 	2187 	2978
f 2850 	2857 	3419
f 2836 	2187 	2960
f 2960 	2187 	2980
f 2835 	2187 	2836
f 2943 	6820 	2944
f 6807 	2878 	2879
f 6807 	2879 	2560
f 2998 	2187 	2835
f 2997 	2187 	2998
f 2878 	6807 	2880
f 2819 	2679 	948
f 2881 	2880 	6807
f 2913 	2840 	2914
f 2505 	2914 	2840
f 2679 	949 	948
f 952 	2819 	948
f 959 	2716 	2717
f 3026 	7057 	3027
f 2675 	7057 	2676
f 3024 	2187 	3031
f 3032 	2187 	3106
f 3106 	2187 	2997
f 2676 	7057 	3026
f 3023 	2187 	3024
f 3034 	7057 	3035
f 3027 	7057 	3028
f 1757 	2702 	1828
f 3031 	2187 	3032
f 3037 	7057 	3034
f 3028 	7057 	3037
f 3159 	2187 	3155
f 3124 	2187 	3023
f 7057 	3144 	3035
f 3135 	2187 	3137
f 3137 	2187 	3159
f 3145 	3144 	7057
f 2886 	2716 	3091
f 3134 	2187 	3135
f 1828 	2701 	1856
f 3155 	2187 	3124
f 1828 	1829 	1757
f 955 	2819 	952
f 3181 	3180 	1238
f 4237 	1238 	3180
f 4237 	3180 	4236
f 2717 	954 	959
f 2716 	959 	1058
f 3190 	2187 	3203
f 3201 	3199 	3188
f 3187 	2187 	3255
f 1331 	1330 	3188
f 2530 	4811 	4562
f 3195 	1331 	3188
f 2514 	2840 	3066
f 3089 	3066 	2840
f 3198 	3195 	3188
f 3089 	3077 	3066
f 3204 	3202 	3188
f 3202 	3201 	3188
f 3199 	3198 	3188
f 3223 	3188 	1330
f 3191 	2187 	3192
f 3228 	2187 	3191
f 3506 	3179 	3223
f 3179 	3506 	3178
f 3174 	3178 	3175
f 3206 	3188 	1238
f 3204 	3188 	3206
f 3188 	3182 	1238
f 3181 	1238 	3182
f 2846 	3089 	2847
f 3089 	2846 	3077
f 1060 	3091 	1058
f 3091 	2716 	1058
f 1222 	3091 	1060
f 1022 	2865 	2855
f 1983 	1982 	6802
f 3203 	2187 	3228
f 3192 	2187 	3134
f 2855 	3089 	1022
f 1983 	6802 	6803
f 1050 	3237 	1041
f 1041 	3232 	3089
f 3257 	2187 	3189
f 3256 	2187 	3257
f 3186 	2187 	3187
f 3255 	2187 	3256
f 1022 	3089 	3231
f 3231 	3089 	3232
f 3231 	3233 	1022
f 1045 	1022 	3233
f 3232 	1041 	3237
f 3185 	2187 	3186
f 3189 	2187 	3190
f 2840 	3068 	3067
f 2840 	3067 	3089
f 3071 	3798 	3073
f 3073 	3798 	3089
f 3067 	3073 	3089
f 3289 	2186 	3185
f 3282 	3748 	3283
f 5115 	3265 	3300
f 3264 	3300 	3265
f 3068 	2840 	3293
f 3294 	3293 	2840
f 6804 	2276 	2362
f 2840 	3474 	3294
f 3296 	3294 	3474
f 3300 	3304 	3307
f 3287 	2203 	3289
f 3285 	2238 	3286
f 3286 	2240 	3287
f 3300 	3307 	3291
f 2559 	6806 	6807
f 3295 	4291 	3300
f 3291 	3295 	3300
f 3292 	3291 	3307
f 3313 	2236 	3311
f 5115 	3300 	4291
f 3283 	3749 	3310
f 2662 	2661 	7057
f 3311 	2237 	3285
f 3310 	3750 	3313
f 1856 	2832 	2187
f 2882 	6820 	2943
f 2187 	1855 	1856
f 3304 	3316 	3319
f 3304 	3261 	3316
f 3260 	3316 	3261
f 3262 	3261 	3304
f 3267 	3262 	3304
f 3300 	3274 	3267
f 3300 	3267 	3304
f 3349 	7057 	3350
f 3175 	3178 	4001
f 3350 	7057 	3353
f 2530 	4746 	4726
f 3324 	7057 	3325
f 3328 	7057 	3324
f 3353 	7057 	3354
f 3354 	7057 	3328
f 2569 	2578 	3332
f 2569 	3332 	3379
f 3152 	3419 	4804
f 3348 	7057 	3349
f 3359 	2674 	3361
f 3361 	2674 	3371
f 3371 	3379 	3332
f 2844 	2850 	3152
f 3347 	3346 	3380
f 3346 	3374 	3383
f 3325 	7057 	3333
f 3374 	3572 	3383
f 3380 	3346 	3383
f 3360 	3423 	3385
f 3382 	1154 	3365
f 3253 	1154 	3254
f 3382 	3254 	1154
f 2530 	4744 	4746
f 3396 	7057 	3392
f 3147 	7057 	3388
f 3146 	7057 	3147
f 3397 	3385 	3300
f 3362 	3385 	3397
f 3388 	7057 	3396
f 3399 	3397 	3300
f 3264 	3399 	3300
f 3253 	1072 	1154
f 3392 	7057 	3393
f 3355 	3385 	3356
f 3316 	3356 	3385
f 3316 	3381 	3372
f 3356 	3316 	3372
f 3146 	3145 	7057
f 3260 	3381 	3316
f 3355 	3363 	3385
f 3300 	3385 	3398
f 3363 	3398 	3385
f 3398 	3401 	3300
f 3300 	3401 	3403
f 3404 	3403 	3401
f 3403 	3274 	3300
f 2530 	4804 	4811
f 3316 	3357 	3251
f 3316 	3251 	3250
f 3358 	3357 	3385
f 3316 	3385 	3357
f 3393 	7057 	3414
f 2719 	3152 	4804
f 3419 	3152 	2850
f 3344 	3747 	3282
f 3618 	3390 	3380
f 3390 	3347 	3380
f 3413 	3412 	7057
f 3412 	3414 	7057
f 3394 	3390 	3618
f 3420 	1158 	3421
f 3784 	3421 	1158
f 3422 	1158 	3420
f 3358 	3385 	3422
f 1158 	3422 	3385
f 3413 	7057 	3410
f 3410 	7057 	3411
f 3368 	3366 	3379
f 3362 	3360 	3385
f 3336 	4105 	3424
f 1154 	3385 	3423
f 3423 	3367 	1154
f 2310 	2391 	3366
f 3411 	7057 	3348
f 3367 	3365 	1154
f 3334 	4103 	3335
f 3335 	4104 	3336
f 3385 	1154 	1156
f 2576 	2674 	3359
f 3379 	3371 	2674
f 3385 	1156 	1158
f 3343 	3746 	3344
f 3339 	3764 	3431
f 2391 	2398 	2674
f 3379 	2674 	3368
f 3368 	2674 	2397
f 3316 	3476 	3319
f 3784 	1158 	1181
f 3433 	3766 	3343
f 3338 	3772 	3339
f 3431 	3765 	3433
f 3429 	3436 	7057
f 3626 	3634 	3379
f 3380 	2569 	3379
f 3435 	7057 	3436
f 3424 	4106 	3338
f 3432 	3427 	7057
f 3426 	3430 	7057
f 3430 	3429 	7057
f 3383 	3438 	2704
f 3380 	3383 	2569
f 2231 	3831 	1234
f 2704 	2569 	3383
f 3731 	3448 	7057
f 3432 	7057 	3448
f 3470 	4142 	3452
f 3450 	4146 	3451
f 3451 	4147 	3470
f 2712 	2707 	3438
f 3449 	4102 	3334
f 3461 	3477 	3462
f 3780 	3462 	3477
f 3460 	4168 	3450
f 3447 	3446 	3478
f 3452 	4143 	3449
f 1305 	3480 	1302
f 3475 	1302 	3480
f 3456 	3455 	3477
f 3459 	4168 	3460
f 3482 	3469 	3465
f 3482 	3465 	3464
f 3442 	3441 	3478
f 3467 	3466 	3482
f 3466 	3639 	3482
f 3458 	4168 	3459
f 3437 	3476 	3439
f 3440 	3439 	3476
f 3438 	3383 	3581
f 3581 	3502 	3438
f 3502 	2840 	3479
f 2913 	3479 	2840
f 3479 	3483 	3502
f 3502 	3483 	3438
f 3483 	3001 	3438
f 2712 	3438 	3001
f 3555 	4804 	3522
f 3707 	4804 	3555
f 3522 	4804 	3521
f 3419 	2857 	3521
f 3529 	4168 	3516
f 3299 	3296 	3474
f 3522 	3521 	2867
f 2857 	2867 	3521
f 2840 	3502 	3474
f 2873 	3555 	2867
f 3516 	4168 	3517
f 3531 	4168 	3513
f 3513 	4168 	3515
f 3515 	4168 	3529
f 2530 	4595 	4596
f 3492 	4168 	3493
f 3491 	4168 	3492
f 3525 	5485 	3491
f 3541 	5485 	3525
f 3528 	3493 	4168
f 4595 	2530 	4562
f 3524 	5485 	3541
f 3523 	5485 	3524
f 2530 	2719 	4804
f 3544 	5485 	3547
f 3543 	5485 	3544
f 3548 	5485 	3545
f 3522 	2867 	3555
f 2873 	3627 	3555
f 3553 	5485 	3554
f 3554 	5485 	3523
f 3552 	5485 	3553
f 3558 	5485 	3552
f 3557 	5485 	3558
f 3545 	5485 	3557
f 3547 	5485 	3548
f 2580 	5485 	3543
f 3576 	3575 	4168
f 3569 	4168 	3570
f 3333 	7057 	3471
f 3472 	3471 	7057
f 3454 	3453 	3477
f 3453 	3463 	3477
f 3780 	3477 	3463
f 3584 	2009 	3583
f 4001 	3178 	3506
f 3581 	3383 	3572
f 3590 	3591 	2059
f 3591 	3592 	2059
f 2060 	2059 	3592
f 3593 	2060 	3592
f 3594 	2061 	3593
f 3595 	2003 	3594
f 3596 	2006 	3595
f 3599 	2006 	3596
f 3601 	2007 	3599
f 3582 	2008 	3601
f 3575 	3606 	4168
f 3569 	3576 	4168
f 4168 	3606 	3574
f 3577 	4168 	3574
f 3567 	4168 	3577
f 3566 	4168 	3567
f 3564 	4168 	3566
f 3455 	3586 	3477
f 3586 	3610 	3477
f 3589 	3587 	3477
f 3394 	3618 	3572
f 3597 	3619 	3598
f 3607 	3598 	3619
f 3610 	3589 	3477
f 3581 	3572 	3618
f 3476 	3621 	3319
f 3379 	3624 	3626
f 3476 	3619 	3621
f 3579 	3619 	3580
f 3578 	3619 	3579
f 3585 	3580 	3476
f 3437 	3585 	3476
f 3619 	3476 	3580
f 3613 	4168 	3614
f 3477 	3587 	3454
f 3366 	3624 	3379
f 3607 	3619 	3578
f 3446 	3444 	3478
f 3443 	3478 	3444
f 3630 	4168 	3615
f 3634 	3618 	3380
f 3646 	4168 	3651
f 3646 	3644 	4168
f 3380 	3379 	3634
f 3707 	3555 	3627
f 3656 	4168 	3644
f 3655 	3485 	3659
f 3484 	3659 	3485
f 3643 	3642 	3661
f 3643 	3661 	3649
f 3655 	3659 	3653
f 3654 	3653 	3659
f 3629 	3711 	3627
f 3636 	3635 	3478
f 3660 	4168 	3656
f 3620 	4168 	3612
f 3661 	3647 	3645
f 3661 	3645 	3650
f 3658 	5800 	3474
f 3635 	3657 	3478
f 3665 	4168 	3660
f 3664 	4168 	3665
f 3670 	4168 	3664
f 3666 	4168 	3663
f 3623 	4168 	3662
f 3666 	3662 	4168
f 3670 	3663 	4168
f 4168 	3623 	3622
f 3622 	3678 	4168
f 3675 	3674 	4168
f 3637 	3442 	3478
f 3672 	3673 	3689
f 3673 	5800 	3658
f 3677 	4168 	3678
f 3658 	3502 	3581
f 3682 	4168 	3676
f 3676 	4168 	3677
f 3688 	4168 	3674
f 3675 	4168 	3682
f 3689 	3658 	3581
f 3690 	4168 	3687
f 3690 	3570 	4168
f 3688 	3687 	4168
f 3473 	3472 	7057
f 3581 	3691 	3689
f 3473 	7057 	3468
f 3618 	3691 	3581
f 3468 	7057 	3435
f 3698 	4168 	3564
f 3658 	3689 	3673
f 3699 	4168 	3698
f 3632 	3712 	3629
f 3700 	4168 	3699
f 3695 	4168 	3700
f 3694 	4168 	3695
f 3696 	4168 	3694
f 3427 	3426 	7057
f 3518 	4168 	3519
f 3520 	3519 	4168
f 3696 	3520 	4168
f 3518 	3517 	4168
f 3532 	4168 	3531
f 3527 	3528 	4168
f 3532 	3527 	4168
f 3502 	3658 	3474
f 3616 	4168 	3617
f 3707 	3711 	4804
f 3705 	3704 	3203
f 3190 	3203 	3704
f 3617 	4168 	3458
f 3615 	4168 	3616
f 3614 	4168 	3630
f 3612 	4168 	3613
f 3651 	4168 	3620
f 4146 	3450 	4168
f 3191 	3708 	3228
f 3707 	3627 	3711
f 3708 	3710 	3228
f 3706 	3703 	3228
f 3702 	3228 	3703
f 3712 	4804 	3711
f 3710 	3706 	3228
f 3203 	3228 	3705
f 3702 	3705 	3228
f 2238 	3285 	2237
f 3711 	3629 	3712
f 4168 	4393 	4167
f 3714 	7057 	3715
f 3766 	3433 	3765
f 3715 	7057 	3716
f 2530 	4338 	4344
f 7057 	3717 	3716
f 3712 	3752 	4804
f 3749 	3283 	3748
f 3750 	3310 	3749
f 2236 	3313 	3750
f 3748 	3282 	3747
f 3641 	3482 	3639
f 3753 	4804 	3752
f 3657 	3637 	3478
f 3443 	3636 	3478
f 3650 	3649 	3661
f 3441 	3445 	3478
f 3752 	3712 	3638
f 3632 	3638 	3712
f 3477 	3457 	3456
f 3464 	3467 	3482
f 3638 	3648 	3753
f 3638 	3753 	3752
f 3648 	3826 	3753
f 3477 	3461 	3762
f 3758 	3447 	3478
f 3747 	3344 	3746
f 2237 	3311 	2236
f 3746 	3343 	3766
f 3758 	3478 	3755
f 3445 	3755 	3478
f 3477 	3762 	3759
f 3477 	3759 	3457
f 3775 	3774 	3778
f 3774 	3779 	3778
f 3760 	3739 	3776
f 1070 	3737 	3736
f 1070 	3736 	3739
f 1070 	3739 	3760
f 3771 	3784 	3769
f 3316 	3769 	3784
f 3250 	3769 	3316
f 3744 	3776 	3739
f 3754 	3776 	3744
f 3771 	3421 	3784
f 3778 	1175 	3775
f 1163 	3775 	1175
f 1175 	3778 	3784
f 2530 	5968 	5969
f 3476 	3784 	3778
f 1181 	1175 	3784
f 3787 	1093 	3788
f 1093 	3776 	3788
f 3316 	3784 	3476
f 1070 	1073 	3791
f 1070 	3791 	3737
f 3787 	1071 	1093
f 3773 	3440 	3778
f 3476 	3778 	3440
f 3779 	3773 	3778
f 3798 	3776 	3089
f 3832 	2231 	1162
f 3810 	3811 	2068
f 3811 	3812 	2070
f 2070 	2068 	3811
f 2071 	2070 	3812
f 3812 	3813 	2071
f 2059 	2071 	3813
f 3588 	3590 	2059
f 3813 	3588 	2059
f 3832 	3834 	3831
f 3829 	3831 	3834
f 3754 	3788 	3776
f 3843 	1421 	1410
f 133 	1410 	1421
f 1423 	1391 	1407
f 1391 	1392 	1407
f 1399 	1407 	1392
f 3833 	1407 	1399
f 1093 	1041 	3776
f 3089 	3776 	1041
f 4301 	4300 	1422
f 3854 	3849 	3848
f 3842 	3885 	3835
f 3839 	3856 	3840
f 3841 	3840 	3856
f 3853 	3855 	1467
f 1391 	4067 	1366
f 1467 	1366 	3850
f 3853 	1467 	3850
f 3842 	3919 	3885
f 3845 	3919 	3842
f 3859 	3861 	3860
f 3847 	3919 	3845
f 3864 	4328 	3865
f 3861 	3865 	4328
f 3735 	3733 	7057
f 3733 	3732 	7057
f 3859 	3865 	3861
f 3732 	3731 	7057
f 3866 	4328 	3862
f 3861 	4328 	3866
f 3863 	3862 	4328
f 3866 	3868 	3861
f 3857 	3861 	3858
f 3738 	3735 	7057
f 3726 	3729 	7057
f 3729 	3738 	7057
f 7057 	3727 	3726
f 3885 	3919 	4804
f 3919 	3920 	4804
f 3765 	3431 	3764
f 3882 	3884 	7057
f 3887 	3886 	3727
f 3885 	4804 	3890
f 3888 	3890 	4804
f 3753 	3888 	4804
f 3727 	7057 	3887
f 3883 	3882 	7057
f 3753 	3826 	3888
f 3826 	3835 	3890
f 3826 	3890 	3888
f 3835 	3885 	3890
f 3920 	4118 	4804
f 7057 	3908 	3911
f 3911 	3915 	7057
f 3915 	3914 	7057
f 7057 	3914 	3883
f 3847 	3920 	3919
f 2068 	1891 	3810
f 3952 	3717 	7057
f 3943 	3942 	7057
f 3942 	3949 	7057
f 3949 	3961 	7057
f 3961 	3957 	7057
f 3956 	3952 	7057
f 3957 	3956 	7057
f 3945 	3943 	7057
f 1363 	5541 	1230
f 1363 	1240 	5541
f 3993 	3945 	7057
f 3986 	3993 	7057
f 5541 	1240 	5510
f 3988 	3986 	7057
f 3989 	3988 	7057
f 4108 	4010 	4016
f 7057 	4018 	4019
f 4019 	3989 	7057
f 4038 	4037 	4041
f 4039 	4038 	4041
f 4037 	4036 	4041
f 4042 	3763 	5801
f 4050 	4049 	3313
f 3311 	4050 	3313
f 3313 	4049 	3310
f 4040 	4039 	4041
f 3776 	3798 	3756
f 3850 	1366 	4066
f 4046 	1391 	4047
f 3760 	3767 	1070
f 4045 	1391 	4046
f 4067 	1391 	4045
f 4047 	1391 	4069
f 4066 	1366 	4067
f 3760 	3756 	5787
f 4070 	1391 	4073
f 4074 	4073 	1391
f 4070 	4069 	1391
f 4081 	3760 	4076
f 4077 	4076 	5787
f 4074 	1391 	4075
f 5787 	4076 	3760
f 4085 	4084 	1391
f 4084 	4075 	1391
f 4091 	3871 	3870
f 3880 	4091 	3940
f 3870 	3940 	4091
f 4091 	3856 	4093
f 3760 	4090 	3767
f 4090 	4089 	3767
f 4105 	3336 	4104
f 4104 	3335 	4103
f 4106 	3424 	4105
f 4081 	4090 	3760
f 3873 	3879 	4091
f 4091 	4093 	3873
f 3874 	3873 	4093
f 4100 	1391 	4101
f 3875 	3856 	3876
f 3876 	4091 	3878
f 3856 	4091 	3876
f 2441 	1391 	2458
f 3856 	3875 	3841
f 4804 	4108 	4109
f 2461 	1391 	2437
f 3720 	3719 	4042
f 3719 	3763 	4042
f 3767 	3763 	3723
f 3719 	3723 	3763
f 4097 	1391 	4098
f 2441 	4101 	1391
f 4099 	1391 	4100
f 4098 	1391 	4099
f 2479 	2458 	1391
f 4108 	4016 	4109
f 4097 	2437 	1391
f 2454 	1391 	2461
f 4096 	4095 	1391
f 4085 	1391 	4094
f 4094 	1391 	4095
f 2454 	4096 	1391
f 4119 	4121 	4804
f 4122 	4804 	4121
f 4118 	4119 	4804
f 4108 	4804 	4122
f 4123 	3861 	4124
f 3857 	4124 	3861
f 4118 	3920 	4129
f 3847 	4129 	3920
f 4129 	4138 	4119
f 4129 	4119 	4118
f 4138 	4141 	4121
f 4138 	4121 	4119
f 4103 	3334 	4102
f 4102 	3449 	4143
f 1121 	4125 	3767
f 4131 	3861 	4132
f 4091 	4132 	3861
f 3772 	3338 	4106
f 4142 	3470 	4147
f 4143 	3452 	4142
f 3634 	3626 	1391
f 1121 	1116 	4115
f 1121 	4115 	4117
f 4132 	4091 	3880
f 4141 	4148 	4122
f 4141 	4122 	4121
f 3861 	4131 	3858
f 4010 	4108 	4148
f 4148 	4108 	4122
f 3624 	1391 	3626
f 1391 	3624 	2479
f 4128 	1070 	4125
f 1120 	1070 	4128
f 3767 	4125 	1070
f 4147 	3451 	4146
f 4167 	4391 	4166
f 3764 	3339 	3772
f 4091 	3861 	4133
f 4134 	4133 	3861
f 3720 	4042 	4110
f 4133 	4137 	4091
f 4137 	4136 	4091
f 4136 	3878 	4091
f 3723 	4144 	3767
f 4159 	4110 	4042
f 3618 	3634 	1391
f 3689 	3691 	1391
f 3691 	3618 	1391
f 4116 	4111 	4159
f 4111 	4110 	4159
f 3672 	3689 	1423
f 1391 	1423 	3689
f 4218 	4219 	4297
f 4246 	4161 	4164
f 1121 	4117 	4126
f 4125 	1121 	4126
f 4159 	1122 	1121
f 4041 	4036 	4053
f 4054 	4053 	4036
f 4144 	4163 	3767
f 4056 	4041 	4053
f 4060 	4041 	4056
f 4116 	4159 	4163
f 4041 	4060 	4040
f 1121 	3767 	4163
f 4151 	4273 	4016
f 4163 	4159 	1121
f 4153 	4275 	4151
f 4156 	4276 	4275
f 4156 	4275 	4153
f 3756 	3760 	3776
f 4161 	4245 	4156
f 3474 	3798 	3299
f 3071 	3299 	3798
f 4182 	4181 	7057
f 4174 	4173 	7057
f 4173 	4182 	7057
f 4191 	4370 	4190
f 4190 	4371 	4189
f 4165 	4470 	4191
f 4166 	4469 	4165
f 4189 	4372 	4188
f 4246 	4164 	4172
f 4176 	4174 	7057
f 3868 	4134 	3861
f 1423 	4297 	4219
f 4219 	3672 	1423
f 3815 	3854 	3814
f 3819 	3854 	3815
f 3848 	3814 	3854
f 3814 	3848 	3820
f 4246 	4247 	4804
f 4245 	4246 	4804
f 4249 	3871 	4091
f 3879 	4249 	4091
f 3848 	4222 	3820
f 4246 	4245 	4161
f 4216 	4218 	4297
f 4172 	4247 	4246
f 4253 	4252 	4267
f 4222 	3848 	4264
f 4250 	4216 	4297
f 3848 	4267 	4252
f 4252 	4264 	3848
f 3819 	3818 	3854
f 3818 	3825 	3854
f 4109 	4273 	4804
f 4273 	4275 	4804
f 4275 	4276 	4804
f 4276 	4245 	4804
f 2190 	3800 	2533
f 4273 	4151 	4275
f 3801 	3848 	3802
f 3848 	3849 	2613
f 4024 	7057 	4279
f 4276 	4156 	4245
f 4109 	4016 	4273
f 3800 	4283 	2533
f 3848 	2613 	4283
f 3848 	4283 	3802
f 4297 	4290 	4243
f 4244 	4250 	4297
f 3801 	4288 	3848
f 4042 	4286 	4159
f 4302 	4311 	4304
f 5510 	1240 	1234
f 4311 	4314 	4304
f 4274 	4272 	7057
f 4308 	4306 	4311
f 4281 	7057 	4272
f 4279 	7057 	4280
f 4336 	1196 	1159
f 4187 	153 	4343
f 4343 	137 	4342
f 4188 	174 	4187
f 4342 	128 	4341
f 4018 	7057 	4024
f 4281 	4280 	7057
f 4612 	4479 	1196
f 4479 	4437 	1196
f 4318 	4278 	4282
f 7057 	4355 	4354
f 4354 	4274 	7057
f 4360 	4361 	37
f 4361 	4340 	37
f 4340 	4341 	37
f 4359 	4360 	37
f 4356 	4355 	7057
f 4419 	4405 	4168
f 4372 	4189 	4371
f 4348 	4352 	7057
f 4352 	4351 	7057
f 4351 	4350 	7057
f 4350 	4356 	7057
f 174 	4188 	4372
f 4363 	1033 	339
f 982 	37 	1061
f 19 	1064 	37
f 4349 	4348 	7057
f 4368 	4367 	7057
f 4367 	4369 	7057
f 153 	4187 	174
f 4181 	4368 	7057
f 4337 	4535 	4338
f 4539 	4338 	4535
f 4176 	7057 	4385
f 4539 	4552 	4338
f 4381 	7057 	4378
f 4380 	7057 	4381
f 1162 	1173 	5991
f 4419 	5805 	4374
f 4374 	5805 	4375
f 4385 	7057 	4386
f 4386 	7057 	4380
f 4378 	7057 	4379
f 4375 	5805 	4384
f 4518 	4535 	4334
f 4408 	4411 	4168
f 4411 	4399 	4168
f 4399 	4393 	4168
f 4391 	4167 	4393
f 4405 	4408 	4168
f 4470 	4165 	4469
f 4469 	4166 	4391
f 483 	4310 	5854
f 4298 	4297 	1423
f 4291 	5110 	5115
f 4328 	3856 	4312
f 3839 	4312 	3856
f 4432 	4299 	1423
f 4312 	4317 	4328
f 1423 	1422 	4300
f 4303 	4301 	1422
f 4300 	4432 	1423
f 4299 	4298 	1423
f 4243 	4244 	4297
f 4290 	4309 	4243
f 4309 	483 	4243
f 4310 	483 	4309
f 673 	4243 	483
f 4321 	4319 	4328
f 3864 	4321 	4328
f 4317 	3863 	4328
f 1422 	1410 	4436
f 133 	4436 	1410
f 1365 	4440 	4437
f 4306 	4305 	4311
f 4414 	7057 	4415
f 4318 	4282 	4437
f 4305 	4314 	4311
f 4415 	7057 	4416
f 4316 	4315 	4328
f 4316 	4328 	4319
f 4337 	4334 	4535
f 1365 	1196 	4440
f 1196 	4437 	4440
f 4442 	4448 	7057
f 4379 	7057 	4448
f 4328 	4458 	4459
f 4461 	4462 	4715
f 4718 	4715 	4464
f 3856 	4328 	4459
f 4371 	4190 	4370
f 4370 	4191 	4470
f 4441 	4458 	4443
f 4453 	4443 	4458
f 4449 	4458 	4451
f 4453 	4458 	4449
f 4458 	4328 	4451
f 4315 	4451 	4328
f 3884 	3887 	7057
f 4484 	1215 	4481
f 4481 	4286 	4479
f 4481 	1215 	1219
f 4510 	5757 	4509
f 4509 	5755 	4508
f 4508 	5755 	4505
f 4511 	5759 	4510
f 4515 	5762 	4513
f 4513 	5761 	4511
f 4444 	4442 	7057
f 4527 	3433 	4528
f 37 	4341 	128
f 128 	4342 	137
f 137 	4343 	153
f 4540 	3433 	4526
f 4527 	4526 	3433
f 4344 	4338 	4552
f 3343 	4528 	3433
f 3431 	3433 	4541
f 4540 	4541 	3433
f 4286 	4481 	1219
f 2530 	4337 	4338
f 1122 	4159 	1219
f 4573 	5109 	4563
f 4334 	4337 	2530
f 4572 	5109 	4573
f 492 	1064 	494
f 494 	1064 	503
f 503 	1064 	19
f 484 	1033 	492
f 339 	1033 	484
f 1219 	4159 	4286
f 4278 	4318 	4479
f 4481 	4479 	4611
f 4612 	4611 	4479
f 4612 	1196 	4618
f 4611 	4484 	4481
f 1196 	4336 	4618
f 4616 	7057 	4621
f 4318 	4437 	4479
f 4595 	4562 	4707
f 4601 	4599 	7057
f 4599 	4606 	7057
f 4609 	7057 	4606
f 5935 	5934 	4787
f 5935 	4788 	5936
f 4786 	4787 	5934
f 5936 	4788 	5961
f 5961 	4790 	5956
f 5956 	4791 	5957
f 5957 	4791 	5948
f 5948 	4791 	5940
f 4479 	4286 	4278
f 4707 	4596 	4595
f 4601 	7057 	4616
f 638 	627 	4715
f 644 	638 	4715
f 627 	617 	4715
f 617 	602 	4715
f 4460 	4461 	4715
f 602 	4460 	4715
f 4621 	7057 	4622
f 4707 	4715 	4596
f 4603 	4596 	4718
f 4586 	7057 	4587
f 4593 	7057 	4586
f 4603 	4718 	4781
f 2530 	5969 	1173
f 4627 	7057 	4628
f 3832 	1162 	5991
f 695 	655 	4715
f 960 	925 	37
f 4696 	3091 	4506
f 4562 	4861 	4701
f 4592 	7057 	4593
f 4702 	4501 	4500
f 4702 	4500 	4506
f 4702 	4506 	1222
f 4562 	4701 	4707
f 4282 	1365 	4437
f 4596 	4715 	4718
f 773 	37 	783
f 783 	37 	925
f 766 	37 	773
f 758 	992 	37
f 766 	758 	37
f 4416 	7057 	4711
f 2530 	4726 	4334
f 4746 	4744 	4781
f 4781 	4744 	4603
f 960 	37 	968
f 968 	37 	972
f 972 	37 	982
f 4753 	7057 	4756
f 4762 	4756 	7057
f 4746 	4781 	4784
f 4762 	7057 	4768
f 4358 	4359 	37
f 992 	4358 	37
f 4769 	4768 	7057
f 4788 	5935 	4787
f 4789 	5961 	4788
f 4790 	5961 	4789
f 4791 	5956 	4790
f 4792 	5941 	4791
f 4793 	6326 	4792
f 4794 	6338 	4793
f 4784 	4796 	4726
f 4784 	4726 	4746
f 4334 	4796 	4518
f 4796 	4334 	4726
f 5940 	4791 	5941
f 4641 	4642 	5910
f 4546 	4641 	5908
f 5908 	5907 	4545
f 1014 	492 	1020
f 1064 	492 	1005
f 1005 	492 	1014
f 4769 	7057 	4770
f 4805 	6369 	4795
f 4795 	6339 	4794
f 5934 	5933 	4786
f 4770 	7057 	4774
f 4861 	4811 	4804
f 4811 	4861 	4562
f 4247 	4172 	4804
f 4845 	4804 	4172
f 7057 	4843 	4587
f 4845 	4861 	4804
f 4363 	1055 	1033
f 1055 	1048 	1033
f 1020 	492 	1033
f 1039 	1033 	1048
f 4846 	4843 	7057
f 4849 	7057 	4850
f 4846 	7057 	4849
f 3180 	4875 	4236
f 1061 	37 	1064
f 4885 	4878 	3182
f 4885 	3182 	3188
f 4885 	3223 	4887
f 3223 	4885 	3188
f 4820 	7057 	4821
f 4825 	7057 	4820
f 4838 	7057 	4839
f 4830 	7057 	4825
f 4902 	4897 	4896
f 4907 	200 	4906
f 4906 	200 	4905
f 3204 	3206 	4896
f 4902 	4896 	3206
f 4887 	3223 	3179
f 4887 	3179 	4871
f 4837 	7057 	4838
f 4821 	7057 	4753
f 1238 	4237 	6201
f 4839 	7057 	4830
f 2404 	5518 	2372
f 4850 	7057 	4837
f 4267 	4868 	4702
f 4868 	4501 	4702
f 3091 	4696 	4267
f 4868 	4267 	4696
f 4949 	3588 	5399
f 4958 	4956 	4965
f 4963 	4965 	4952
f 4953 	4952 	4965
f 4955 	4965 	4956
f 4949 	3590 	3588
f 4975 	4953 	4965
f 4955 	4975 	4965
f 3590 	4993 	3591
f 3591 	5014 	5016
f 3591 	5016 	3592
f 5031 	4311 	4659
f 5031 	4659 	4658
f 5031 	4658 	4664
f 3861 	5031 	4670
f 4959 	4958 	4965
f 4959 	4965 	4963
f 4659 	4311 	4682
f 4302 	4682 	4311
f 4690 	4688 	4670
f 3861 	4670 	4688
f 5031 	4669 	4668
f 4994 	4808 	5051
f 3593 	5016 	5045
f 5016 	3593 	3592
f 4808 	4807 	5051
f 1135 	5357 	1309
f 3861 	5060 	5031
f 3756 	5051 	4807
f 4669 	5031 	5060
f 3756 	4807 	4815
f 4817 	3756 	4815
f 5060 	3861 	4692
f 4664 	4670 	5031
f 5092 	3594 	5045
f 5821 	5795 	5051
f 4688 	3860 	3861
f 5031 	4661 	4660
f 5031 	4660 	4311
f 5075 	5357 	1323
f 5073 	5357 	5075
f 1317 	5357 	5073
f 1324 	5357 	1317
f 4660 	4684 	4311
f 5076 	5357 	1313
f 5054 	1309 	5357
f 5081 	5357 	5087
f 5031 	5108 	4661
f 5105 	5109 	5100
f 5105 	4941 	5109
f 5102 	5100 	5109
f 1313 	5357 	1324
f 3659 	3484 	5357
f 4940 	5109 	4941
f 3595 	3594 	5116
f 5081 	5054 	5357
f 5087 	5357 	5076
f 4571 	5103 	5109
f 4571 	5109 	4572
f 3595 	5116 	5145
f 1756 	1752 	4902
f 1813 	1756 	4902
f 3756 	3798 	5051
f 5821 	5051 	5800
f 3596 	5145 	3599
f 1764 	2271 	4902
f 1752 	1764 	4902
f 4735 	4731 	5787
f 5787 	4731 	4724
f 5787 	4724 	4077
f 2590 	2525 	4885
f 4702 	4492 	4491
f 4702 	4491 	5185
f 2265 	2261 	4902
f 4491 	4671 	5185
f 4001 	5289 	6056
f 2268 	2590 	4902
f 3599 	5192 	3601
f 4702 	5191 	4492
f 4089 	4735 	3767
f 5192 	5200 	3601
f 3767 	5825 	3763
f 4878 	4885 	5357
f 2525 	2581 	4885
f 2581 	2534 	4885
f 2534 	5357 	4885
f 2271 	2265 	4902
f 3798 	3474 	5051
f 5051 	3474 	5800
f 2613 	5357 	2534
f 2261 	2268 	4902
f 4885 	4902 	2590
f 5121 	5102 	5109
f 5103 	5121 	5109
f 4564 	4563 	4567
f 4940 	4567 	5109
f 4567 	4563 	5109
f 3601 	5200 	3582
f 4628 	7057 	4592
f 4622 	7057 	4627
f 4609 	4711 	7057
f 5031 	4668 	1216
f 4774 	7057 	4775
f 3304 	3319 	5357
f 1206 	1216 	4668
f 5031 	1216 	5108
f 1209 	5108 	1216
f 4311 	4684 	4683
f 4311 	4683 	4308
f 3480 	5357 	3475
f 5259 	3583 	3582
f 4702 	1222 	1221
f 5253 	5252 	5268
f 3470 	3452 	5261
f 4681 	4227 	5185
f 4226 	5185 	4227
f 5271 	5258 	5257
f 5260 	3451 	3470
f 5245 	3475 	5357
f 1323 	5357 	3480
f 5264 	5258 	5271
f 5268 	5252 	5250
f 5268 	5250 	5249
f 5255 	5254 	5271
f 5254 	5263 	5271
f 3469 	3482 	5357
f 5246 	3469 	5357
f 5263 	5264 	5271
f 5284 	5357 	3597
f 5257 	5256 	5271
f 5288 	5270 	5275
f 5185 	5288 	5275
f 5261 	5260 	3470
f 3506 	5289 	4001
f 3319 	3621 	5357
f 5276 	5288 	5279
f 5270 	5288 	5276
f 5256 	5290 	5271
f 3619 	5357 	3621
f 4681 	5185 	5285
f 5275 	5285 	5185
f 5255 	5271 	5290
f 3619 	3597 	5357
f 5279 	3861 	5287
f 5286 	5279 	5287
f 5248 	5268 	5249
f 3584 	5289 	3506
f 5281 	5280 	5288
f 5248 	5291 	5268
f 5280 	4694 	5288
f 5253 	5268 	5251
f 5247 	5251 	5268
f 4692 	5288 	4694
f 5291 	5247 	5268
f 5259 	5289 	3583
f 5288 	3861 	5279
f 3584 	3583 	5289
f 5287 	3861 	4123
f 5294 	5293 	5357
f 5278 	5289 	5259
f 4692 	3861 	5288
f 5293 	5295 	5357
f 5295 	3654 	5357
f 3654 	3659 	5357
f 3484 	5245 	5357
f 5278 	5259 	5297
f 3647 	3661 	5357
f 5185 	5273 	5288
f 5272 	5288 	5273
f 5301 	5292 	5357
f 4671 	5273 	5185
f 3661 	3642 	5357
f 3642 	5294 	5357
f 5299 	5298 	7057
f 5298 	5304 	7057
f 5272 	5309 	5288
f 5303 	7057 	5304
f 5312 	6056 	5289
f 5288 	1228 	5281
f 7057 	5305 	5299
f 5284 	5282 	5357
f 5282 	5246 	5357
f 3482 	3641 	5357
f 3641 	5301 	5357
f 5292 	3647 	5357
f 5307 	5312 	5308
f 1224 	5281 	1228
f 5289 	5278 	5312
f 1226 	1228 	5309
f 5288 	5309 	1228
f 5278 	5308 	5312
f 4267 	4702 	4494
f 4267 	4494 	4253
f 5259 	3582 	5200
f 4775 	7057 	5303
f 3599 	5145 	5192
f 4259 	4494 	5185
f 4226 	4260 	5185
f 4259 	5185 	4260
f 3596 	3595 	5145
f 5185 	4494 	4702
f 3594 	5092 	5116
f 4702 	1221 	5191
f 1213 	5191 	1221
f 3594 	3593 	5045
f 3591 	4993 	5014
f 3590 	4949 	4993
f 3588 	3813 	5399
f 1222 	4506 	3091
f 3848 	5321 	3091
f 2887 	3091 	2889
f 3874 	4093 	5357
f 5334 	5305 	7057
f 5314 	5357 	3825
f 3874 	5357 	5325
f 3856 	5357 	4093
f 5318 	5357 	5314
f 3807 	3806 	5335
f 4267 	3848 	3091
f 3854 	5357 	3849
f 4288 	5321 	3848
f 2889 	3091 	5321
f 5335 	5344 	3807
f 3808 	5354 	3809
f 3809 	5354 	5361
f 5357 	1135 	1334
f 3809 	5361 	3810
f 4458 	5357 	4459
f 1334 	1238 	5357
f 3307 	5357 	3292
f 5361 	5366 	3811
f 5361 	3811 	3810
f 4441 	5360 	5357
f 5360 	5359 	5357
f 5359 	5231 	5357
f 3292 	5357 	5231
f 1238 	1334 	656
f 5357 	1238 	6201
f 5357 	3856 	4459
f 4441 	5357 	4458
f 3307 	3304 	5357
f 5318 	5325 	5357
f 3825 	5357 	3854
f 3849 	5357 	2613
f 3812 	5366 	5373
f 5373 	3813 	3812
f 6956 	4878 	5357
f 3813 	5373 	5399
f 3812 	3811 	5366
f 5354 	3808 	5344
f 3808 	3807 	5344
f 4875 	6956 	5357
f 5417 	3834 	5419
f 5419 	3834 	3832
f 5428 	3829 	5430
f 5432 	3829 	5417
f 3834 	5417 	3829
f 5823 	5430 	5432
f 3829 	5428 	3831
f 5428 	5430 	5443
f 5417 	5419 	5432
f 5484 	2424 	5402
f 5402 	2575 	5489
f 5393 	2572 	5433
f 5433 	2572 	5436
f 5449 	2373 	5452
f 5505 	2405 	5449
f 2368 	2389 	5511
f 1234 	3831 	5510
f 5511 	5512 	2368
f 2369 	2368 	5512
f 2409 	2369 	5512
f 5512 	5518 	2409
f 2404 	2409 	5518
f 5453 	2373 	5454
f 5454 	2372 	5518
f 5504 	2373 	5453
f 5452 	2373 	5504
f 5501 	2570 	5505
f 5418 	2570 	5501
f 5436 	2572 	5418
f 5500 	2572 	5393
f 5489 	2574 	5500
f 3829 	5432 	5430
f 5485 	2425 	5484
f 5425 	4168 	5411
f 4168 	3491 	5485
f 5485 	5411 	4168
f 2401 	5476 	2384
f 3831 	5428 	5443
f 5476 	1419 	1076
f 5823 	5443 	5430
f 1287 	1253 	5371
f 1287 	5371 	5485
f 5419 	5819 	5432
f 5485 	5371 	5409
f 5534 	5533 	4887
f 5484 	1318 	5485
f 5532 	5531 	4887
f 5402 	1249 	5484
f 4902 	5476 	1076
f 1249 	5402 	5489
f 5565 	4168 	5566
f 5585 	4168 	5568
f 5570 	4168 	5572
f 5574 	4168 	5576
f 5600 	4168 	5574
f 5604 	4168 	5578
f 5604 	5576 	4168
f 5425 	5578 	4168
f 5600 	5572 	4168
f 5568 	4168 	5570
f 5585 	5566 	4168
f 4168 	5565 	5588
f 4168 	5588 	5584
f 5584 	5642 	4168
f 5635 	5633 	4168
f 5632 	5631 	4168
f 5621 	4168 	5622
f 5828 	3831 	5443
f 5510 	3831 	5830
f 5638 	4168 	5642
f 5637 	4168 	5638
f 1288 	1248 	5384
f 1288 	5384 	5489
f 5489 	5384 	5401
f 5489 	5401 	1249
f 5635 	4168 	5637
f 1247 	1288 	5386
f 5500 	5386 	1288
f 5632 	4168 	5633
f 1289 	1246 	5397
f 1289 	5397 	5500
f 5622 	4168 	5631
f 5500 	5397 	5386
f 5619 	4168 	5620
f 5620 	4168 	5621
f 5393 	5392 	5500
f 1289 	5500 	5392
f 3831 	5828 	5830
f 1257 	5418 	5501
f 5653 	4168 	5619
f 5684 	4168 	5653
f 5681 	4168 	5684
f 5688 	4168 	5686
f 5483 	1267 	1290
f 1290 	5505 	5483
f 1266 	5503 	1291
f 5505 	1291 	5503
f 5503 	5483 	5505
f 5449 	5487 	5505
f 1291 	5505 	5487
f 5499 	5452 	5504
f 5680 	4168 	5681
f 5486 	1264 	1292
f 1293 	1263 	5488
f 5488 	5486 	5504
f 5855 	3947 	5541
f 5687 	4168 	5680
f 5686 	4168 	5687
f 5518 	1294 	1293
f 5678 	4168 	5679
f 5526 	5512 	5527
f 649 	132 	657
f 5673 	4168 	5674
f 5683 	5674 	4168
f 5677 	5683 	4168
f 5678 	5677 	4168
f 5688 	5679 	4168
f 1285 	1294 	5529
f 5512 	5529 	1294
f 5529 	5512 	5526
f 1295 	1273 	5513
f 1295 	5513 	5511
f 5520 	5522 	5513
f 5511 	5513 	5522
f 1297 	1295 	5511
f 5715 	4168 	5716
f 5722 	4168 	5715
f 5713 	4168 	5714
f 5720 	4168 	5719
f 5672 	5719 	4168
f 5673 	5672 	4168
f 5711 	4419 	5712
f 1297 	5523 	1304
f 5507 	1304 	5523
f 1422 	5723 	4303
f 5507 	5474 	5525
f 1304 	5507 	5525
f 1304 	5525 	1279
f 5724 	5723 	1422
f 5717 	4168 	5718
f 5720 	5718 	4168
f 5725 	5724 	1422
f 5472 	5523 	5511
f 1297 	5511 	5523
f 5727 	5726 	1422
f 5726 	5725 	1422
f 5721 	4168 	5717
f 5728 	5727 	1422
f 5473 	5507 	5524
f 5716 	4168 	5721
f 5523 	5524 	5507
f 5730 	5729 	1422
f 5729 	5728 	1422
f 1422 	4436 	5730
f 4800 	5905 	4515
f 5751 	4436 	5752
f 4505 	5754 	4436
f 5733 	5731 	4436
f 5731 	5730 	4436
f 5714 	4168 	5722
f 5760 	4168 	5713
f 5745 	4419 	5760
f 5744 	4419 	5745
f 5764 	4419 	5744
f 5753 	4436 	5754
f 5747 	5735 	4436
f 5746 	4419 	5743
f 5735 	5733 	4436
f 5743 	4419 	5764
f 5712 	4419 	5746
f 5747 	4436 	5748
f 5748 	4436 	5749
f 5789 	4419 	5767
f 5749 	4436 	5750
f 5750 	4436 	5751
f 5771 	4419 	5769
f 5768 	4419 	5771
f 5767 	4419 	5768
f 5769 	4419 	5711
f 5798 	4419 	5793
f 5777 	4419 	5788
f 4168 	5760 	4419
f 5778 	4419 	5779
f 5786 	4419 	5778
f 5781 	4419 	5777
f 5793 	4419 	5789
f 5091 	5051 	5795
f 5796 	5795 	5821
f 4994 	5051 	5091
f 5791 	4419 	5781
f 5785 	4419 	5786
f 5788 	4419 	5798
f 5796 	5821 	5765
f 5797 	4419 	5785
f 5791 	5779 	4419
f 5808 	4419 	5799
f 5799 	4419 	5783
f 5783 	4419 	5784
f 5797 	5784 	4419
f 5512 	5511 	5521
f 5522 	5521 	5511
f 5521 	5527 	5512
f 5805 	4419 	5806
f 6244 	4464 	5802
f 1294 	5518 	5512
f 1293 	5488 	5518
f 5454 	5518 	5488
f 5453 	5488 	5504
f 5486 	1292 	5487
f 1291 	5487 	1292
f 5765 	5787 	4817
f 3756 	4817 	5787
f 5419 	3832 	5819
f 5486 	5499 	5504
f 5765 	5821 	5787
f 5501 	5505 	1290
f 1257 	5501 	1290
f 1289 	5392 	1245
f 1288 	5489 	5500
f 1318 	5484 	1249
f 1287 	5485 	1318
f 5752 	4436 	5753
f 5754 	4505 	5755
f 5485 	5413 	5411
f 5755 	4509 	5757
f 5757 	4510 	5759
f 5759 	4511 	5761
f 1278 	5476 	4902
f 5761 	4513 	5762
f 5787 	4219 	5825
f 1278 	4902 	3206
f 5510 	5830 	5842
f 5541 	5842 	5855
f 1246 	1289 	5902
f 3947 	5855 	5865
f 5894 	5903 	1244
f 5892 	5902 	1244
f 5893 	5892 	1244
f 5903 	5893 	1244
f 5809 	4419 	5810
f 5827 	5801 	3763
f 5834 	5894 	1267
f 1257 	1290 	5894
f 5868 	4419 	5809
f 1255 	1257 	5894
f 5806 	4419 	5811
f 5868 	5811 	4419
f 4042 	5801 	5932
f 1267 	1266 	5857
f 5835 	5834 	1267
f 5857 	5835 	1267
f 5812 	4419 	5814
f 5812 	5810 	4419
f 5849 	5848 	483
f 1266 	1291 	5857
f 5854 	5849 	483
f 5825 	4735 	5787
f 5808 	5814 	4419
f 4735 	5825 	3767
f 1356 	1420 	5642
f 1356 	5642 	5584
f 5827 	3763 	5825
f 1356 	5588 	1360
f 1396 	1349 	5896
f 1395 	1396 	5896
f 5895 	5883 	1322
f 5880 	5896 	1348
f 1349 	1348 	5896
f 5884 	5899 	1322
f 5899 	5895 	1322
f 5885 	1322 	5886
f 1287 	1318 	5886
f 1253 	1287 	5886
f 5878 	5566 	5585
f 1360 	5878 	5585
f 1318 	1249 	5888
f 5888 	5887 	1318
f 1360 	5588 	5878
f 5565 	5878 	5588
f 1290 	1267 	5894
f 1244 	1255 	5894
f 1289 	1245 	5902
f 1245 	1244 	5902
f 1247 	1246 	5902
f 1288 	1247 	5902
f 5902 	5888 	1249
f 5585 	1394 	1360
f 5568 	5851 	5585
f 5851 	1395 	5585
f 1395 	5875 	5570
f 5851 	5875 	1395
f 5330 	5334 	7057
f 5763 	4515 	5905
f 5328 	5332 	7057
f 5906 	5905 	4800
f 1396 	1395 	5873
f 5570 	5873 	1395
f 5332 	5331 	7057
f 5331 	5330 	7057
f 5572 	5600 	5852
f 1396 	5852 	5600
f 4800 	4545 	5907
f 5907 	5906 	4800
f 5852 	1396 	5873
f 5762 	4515 	5763
f 4545 	4546 	5908
f 5909 	5908 	4641
f 5600 	5574 	1401
f 5574 	5859 	1401
f 5862 	1401 	5859
f 4642 	4643 	5910
f 5910 	5909 	4641
f 5576 	5604 	5862
f 1401 	5862 	5604
f 5323 	5328 	7057
f 1343 	1398 	5866
f 5485 	5866 	1398
f 5324 	5323 	7057
f 5866 	5485 	5409
f 5604 	5578 	5863
f 5485 	1398 	5867
f 5863 	5867 	1398
f 4643 	4644 	5911
f 5911 	5910 	4643
f 5413 	5485 	5867
f 5912 	5911 	4644
f 4644 	4645 	5912
f 5604 	5863 	1401
f 1344 	1401 	5863
f 1344 	5863 	1398
f 5600 	1401 	1402
f 5927 	7057 	5928
f 5931 	7057 	5927
f 5324 	7057 	5929
f 5921 	5914 	4646
f 5913 	5912 	4645
f 1396 	5600 	5853
f 5600 	1402 	5853
f 1348 	5853 	1402
f 4645 	4646 	5914
f 5914 	5913 	4645
f 5931 	5930 	7057
f 1396 	5853 	1349
f 1394 	5585 	1395
f 5930 	5929 	7057
f 1356 	5584 	5588
f 4648 	4649 	5924
f 5924 	5923 	4648
f 5962 	6387 	5920
f 1420 	5954 	5952
f 5920 	4278 	5962
f 3948 	5865 	5335
f 3948 	5335 	3806
f 3948 	3947 	5865
f 4286 	4042 	5932
f 5960 	1420 	5952
f 5642 	1420 	5960
f 5642 	5960 	5638
f 5541 	5510 	5842
f 5964 	5963 	7057
f 5443 	5823 	5828
f 5823 	5432 	5819
f 1413 	5954 	1420
f 5920 	4282 	4278
f 3832 	5702 	5819
f 5944 	5653 	5619
f 5949 	7057 	5950
f 5964 	7057 	5949
f 4344 	4552 	5968
f 5951 	7057 	5977
f 5977 	7057 	5978
f 5991 	1173 	5969
f 6026 	6030 	5968
f 7057 	6003 	5928
f 5994 	7057 	5996
f 6004 	7057 	5994
f 3832 	3831 	2231
f 5996 	7057 	5998
f 6003 	7057 	6004
f 5963 	5998 	7057
f 5968 	4552 	6026
f 6029 	6009 	6008
f 5969 	5968 	6030
f 5674 	5683 	6000
f 6001 	6000 	5683
f 5991 	5969 	6032
f 6030 	6032 	5969
f 5991 	6032 	5702
f 5702 	3832 	5991
f 5653 	5944 	6016
f 6015 	6017 	6016
f 5653 	6016 	6017
f 6017 	6020 	5653
f 6021 	5684 	6020
f 5653 	6020 	5684
f 6051 	6050 	6053
f 6056 	4866 	4001
f 3175 	4001 	4866
f 6037 	6051 	1456
f 6053 	1456 	6051
f 6022 	5681 	5684
f 6021 	6019 	5684
f 6022 	5684 	6019
f 6018 	6100 	6019
f 6046 	1453 	6053
f 1456 	6053 	1453
f 6053 	6050 	6047
f 6053 	6047 	6046
f 6012 	5985 	6029
f 5985 	5982 	6029
f 5981 	6029 	5982
f 6102 	6101 	3541
f 6091 	6085 	6029
f 6012 	6029 	6085
f 6085 	6091 	6090
f 6108 	3528 	3527
f 6008 	6013 	6029
f 6091 	6029 	6086
f 6013 	6086 	6029
f 6092 	6091 	6086
f 6018 	6096 	6100
f 6022 	6019 	6100
f 6096 	6104 	6100
f 6095 	6094 	6112
f 6095 	6112 	3527
f 6089 	6087 	6117
f 3532 	6117 	6087
f 5980 	6029 	5981
f 3531 	6127 	6117
f 1466 	6128 	1456
f 6127 	3529 	6129
f 6038 	1456 	6128
f 1456 	6038 	6037
f 6129 	6063 	6062
f 6063 	6129 	6080
f 3529 	6080 	6129
f 5987 	6148 	5988
f 6124 	5988 	6148
f 6125 	6124 	6148
f 3516 	6080 	3529
f 6125 	6148 	6126
f 5989 	6126 	6148
f 6071 	6070 	6136
f 6009 	6029 	5975
f 5980 	5983 	6029
f 6076 	6136 	6077
f 6070 	6077 	6136
f 5975 	6029 	5983
f 5993 	5992 	6033
f 6076 	6079 	6136
f 6072 	6071 	6136
f 6129 	6062 	6065
f 1473 	1485 	6141
f 6137 	6148 	5987
f 3513 	6061 	3531
f 6127 	3531 	6061
f 6138 	5990 	6148
f 5989 	6148 	5990
f 3515 	3529 	6061
f 6127 	6061 	3529
f 6148 	6140 	6139
f 5992 	6142 	6033
f 3532 	3531 	6117
f 3527 	3532 	6054
f 6055 	6054 	3532
f 6087 	6055 	3532
f 6141 	1485 	6156
f 6148 	6153 	6152
f 6137 	6153 	6148
f 6054 	6095 	3527
f 6152 	6154 	6148
f 6154 	6140 	6148
f 3527 	6112 	6108
f 6142 	6156 	6033
f 6139 	6138 	6148
f 5973 	5972 	5683
f 6043 	3528 	6108
f 6044 	6043 	6108
f 6033 	5997 	5995
f 3493 	3528 	6040
f 6043 	6040 	3528
f 5683 	5972 	6002
f 6001 	5683 	6002
f 3525 	6102 	3541
f 6101 	3524 	3541
f 6033 	6156 	1485
f 6239 	6170 	1485
f 6165 	1485 	6167
f 6167 	1485 	6170
f 6176 	6179 	1485
f 6165 	6176 	1485
f 6033 	1485 	6179
f 6033 	6179 	5997
f 6181 	6170 	6239
f 5683 	5974 	5973
f 5995 	5993 	6033
f 6200 	4236 	4875
f 5677 	5999 	5683
f 6201 	4237 	4236
f 6201 	4236 	6200
f 5999 	5974 	5683
f 5962 	4286 	5932
f 5932 	6387 	5962
f 5962 	4278 	4286
f 6238 	6237 	6239
f 6220 	6219 	6242
f 5721 	5717 	6225
f 5721 	6225 	6224
f 5813 	4384 	5805
f 5804 	4464 	5813
f 5803 	4464 	5804
f 6232 	5718 	5720
f 5722 	5715 	6212
f 5722 	6212 	6211
f 5802 	4464 	5803
f 5716 	5721 	6222
f 6223 	6222 	5721
f 5714 	5722 	6213
f 6214 	6213 	5722
f 5817 	4464 	5818
f 5720 	5719 	6227
f 5720 	6227 	6226
f 6230 	6229 	6239
f 6239 	6229 	6238
f 6207 	6206 	5771
f 6207 	5771 	6210
f 5818 	4464 	6244
f 6249 	4464 	5817
f 5816 	4464 	6249
f 6236 	6239 	6237
f 6181 	6239 	6236
f 6234 	6226 	6228
f 6239 	6231 	6230
f 6233 	5720 	6234
f 6226 	6234 	5720
f 6239 	1485 	1511
f 6260 	6259 	1511
f 6259 	6263 	1511
f 6263 	6264 	1511
f 6231 	6239 	6264
f 1511 	6264 	6239
f 6261 	6260 	1511
f 6242 	6219 	6218
f 6233 	6232 	5720
f 6242 	6218 	6217
f 1511 	1518 	6261
f 6242 	6221 	6220
f 5721 	6224 	6223
f 6266 	6221 	6242
f 6217 	6266 	6242
f 6214 	5722 	6215
f 6211 	6215 	5722
f 5764 	5744 	6268
f 6267 	5743 	5764
f 6268 	6267 	5764
f 5771 	6206 	6209
f 6272 	5821 	5800
f 5768 	5771 	6271
f 5771 	5769 	6210
f 6209 	6269 	5771
f 6269 	6289 	5771
f 6272 	4219 	5787
f 5787 	5821 	6272
f 6271 	5771 	6288
f 6289 	6288 	5771
f 6280 	6290 	6281
f 6283 	6281 	6290
f 6286 	5779 	5791
f 5791 	5781 	6287
f 5785 	6277 	5797
f 6290 	6284 	6283
f 4216 	5801 	5827
f 6291 	5797 	6292
f 6277 	6292 	5797
f 6290 	6294 	6293
f 6290 	6293 	6284
f 5827 	5825 	4218
f 5797 	6275 	6274
f 5784 	5797 	6274
f 6280 	6282 	6290
f 6285 	6290 	6282
f 4216 	5827 	4218
f 6287 	6286 	5791
f 6285 	6295 	6290
f 6279 	6278 	6290
f 5825 	4219 	4218
f 6278 	6294 	6290
f 5797 	6273 	6276
f 3672 	4219 	6272
f 6291 	6273 	5797
f 6301 	1606 	6302
f 6303 	6302 	1606
f 6300 	1599 	1606
f 6298 	1606 	6299
f 6300 	1606 	6298
f 6301 	6299 	1606
f 6307 	4464 	6308
f 6305 	4464 	6306
f 6290 	6295 	6296
f 6297 	6296 	6295
f 6304 	4464 	6305
f 6279 	6290 	6296
f 6308 	4464 	5815
f 5815 	4464 	5816
f 6309 	4464 	6307
f 6310 	6303 	1606
f 6306 	4464 	6309
f 6316 	4464 	6304
f 6314 	6311 	1639
f 6315 	6314 	1639
f 1606 	1639 	6311
f 6311 	6310 	1606
f 1639 	6313 	6312
f 5922 	5921 	4646
f 4646 	4648 	5923
f 5923 	5922 	4646
f 5925 	5924 	4649
f 5941 	4792 	6326
f 4649 	4786 	5933
f 5933 	5925 	4649
f 6312 	6315 	1639
f 6326 	4793 	6329
f 6340 	6313 	1646
f 1639 	1646 	6313
f 6329 	4793 	6318
f 6318 	4793 	6319
f 5942 	4795 	5943
f 6319 	4793 	6338
f 5814 	6346 	6342
f 6344 	6343 	6346
f 6343 	6342 	6346
f 6363 	4795 	6369
f 6339 	4795 	5942
f 6338 	4794 	6339
f 6334 	6333 	5312
f 6347 	6275 	5797
f 6276 	6347 	5797
f 6333 	6332 	5312
f 6341 	5812 	6342
f 6332 	6331 	5312
f 4887 	5312 	6331
f 4904 	6369 	4805
f 6330 	4887 	6331
f 6327 	4887 	6330
f 6367 	4904 	200
f 6353 	6367 	200
f 6272 	5800 	3672
f 5800 	3673 	3672
f 5943 	4795 	6345
f 6346 	5814 	6360
f 6361 	6360 	5814
f 4905 	200 	4904
f 6365 	6364 	5812
f 6362 	4795 	6363
f 6345 	4795 	6362
f 6366 	5812 	6364
f 6369 	4904 	6367
f 5812 	6366 	5810
f 5804 	5813 	6354
f 6355 	6354 	5813
f 5808 	6361 	5814
f 6357 	5813 	5805
f 6373 	5813 	6374
f 6375 	6374 	5813
f 6357 	6375 	5813
f 6377 	6376 	6380
f 6365 	5812 	6358
f 6359 	6358 	5812
f 5814 	6342 	5812
f 6359 	5812 	6341
f 6356 	6355 	5813
f 6373 	6356 	5813
f 6352 	6349 	6348
f 6381 	4244 	4243
f 6379 	6380 	6352
f 6349 	6352 	6380
f 4250 	4244 	6382
f 6379 	6378 	6380
f 6380 	6378 	6383
f 6380 	6383 	6377
f 6349 	6380 	6350
f 6380 	6376 	6351
f 6351 	6350 	6380
f 4250 	6382 	5801
f 6387 	5801 	6382
f 6393 	4887 	6327
f 6325 	4887 	6393
f 6324 	6323 	4887
f 6323 	6322 	4887
f 6322 	6321 	4887
f 6321 	6320 	4887
f 6320 	5535 	4887
f 5535 	5534 	4887
f 5533 	5532 	4887
f 6397 	5366 	6398
f 6509 	6506 	4949
f 6602 	5014 	6597
f 529 	6385 	280
f 6402 	5702 	6403
f 6400 	5842 	6401
f 6404 	5702 	6405
f 6387 	5932 	5801
f 4250 	5801 	4216
f 6417 	5702 	6404
f 6403 	5702 	6417
f 6418 	5702 	6402
f 6420 	5702 	6418
f 6422 	5823 	6420
f 6408 	5830 	6421
f 6407 	5830 	6408
f 6401 	5842 	6407
f 6421 	5830 	6422
f 6427 	5842 	6400
f 676 	6411 	6412
f 6424 	5344 	6425
f 6411 	676 	6413
f 6398 	5366 	6423
f 6415 	6414 	676
f 6414 	6413 	676
f 6426 	5865 	6427
f 6410 	664 	6412
f 6434 	5335 	6430
f 6432 	5865 	6426
f 6431 	5865 	6432
f 6430 	5335 	6431
f 676 	6412 	664
f 6429 	5344 	6434
f 6433 	5344 	6429
f 6425 	5344 	6433
f 6441 	5344 	6424
f 6175 	2580 	3543
f 6443 	6447 	6177
f 6182 	3545 	3557
f 6182 	3557 	6448
f 3557 	3558 	6450
f 6449 	5344 	6446
f 6446 	5344 	6441
f 6436 	6450 	3558
f 6451 	6440 	6439
f 6423 	5344 	6428
f 6428 	5344 	6449
f 6438 	6437 	6451
f 6451 	6439 	6438
f 3552 	6436 	3558
f 6192 	3557 	6450
f 6193 	6192 	6450
f 6192 	6187 	3557
f 6448 	3557 	6187
f 6448 	6187 	6186
f 6183 	6182 	6448
f 6447 	6443 	6442
f 6452 	674 	6453
f 6419 	674 	6452
f 6453 	674 	6454
f 6173 	5896 	6174
f 6445 	6444 	6447
f 6465 	5145 	6466
f 6464 	5200 	6465
f 2580 	6175 	6468
f 6468 	6178 	6447
f 6470 	5200 	6464
f 6178 	6177 	6447
f 6469 	6468 	6447
f 6458 	674 	6460
f 6463 	5259 	6470
f 6444 	6469 	6447
f 6456 	5312 	6457
f 6459 	5312 	6461
f 6458 	6454 	674
f 674 	6462 	6460
f 5920 	6387 	6475
f 3698 	6478 	3699
f 6478 	3698 	6480
f 6479 	6478 	6480
f 6935 	6482 	674
f 6481 	6484 	674
f 6484 	6485 	674
f 6474 	6473 	6478
f 6479 	6483 	6478
f 6474 	6478 	6483
f 6387 	4244 	6381
f 3564 	6480 	3698
f 674 	6485 	6462
f 6477 	6471 	3699
f 5920 	6475 	6384
f 6381 	6384 	6475
f 6471 	6477 	6472
f 6509 	6396 	6489
f 6494 	6488 	6489
f 6509 	6488 	6487
f 3570 	3690 	6490
f 6491 	6490 	3690
f 6475 	6387 	6381
f 6509 	6489 	6488
f 6495 	3690 	6492
f 6487 	6486 	6509
f 4243 	6384 	6381
f 6434 	6430 	6498
f 6434 	6498 	6504
f 6387 	6382 	4244
f 3606 	3575 	6497
f 3606 	6497 	6502
f 3606 	6502 	6501
f 6434 	6504 	6503
f 6501 	6500 	6505
f 6501 	6505 	3606
f 6429 	6434 	6499
f 6503 	6499 	6434
f 6483 	6476 	6474
f 3606 	6505 	6496
f 3606 	6496 	3574
f 6486 	6506 	6509
f 6511 	3620 	6512
f 3612 	6512 	3620
f 6514 	6517 	6515
f 6516 	6515 	6517
f 6510 	6508 	3620
f 1746 	280 	6385
f 6514 	6513 	6517
f 6518 	6517 	6513
f 6518 	6513 	6519
f 6511 	6510 	3620
f 6386 	6385 	554
f 529 	554 	6385
f 3651 	3620 	6521
f 6508 	6521 	3620
f 3670 	3664 	6523
f 3670 	6523 	6524
f 5920 	6532 	4282
f 3663 	3670 	6522
f 6524 	6522 	3670
f 6519 	6525 	6518
f 4243 	6532 	6384
f 6534 	6533 	6543
f 6534 	6543 	6540
f 5920 	6384 	6532
f 6543 	6547 	6540
f 6543 	6533 	6536
f 6541 	6543 	6535
f 6536 	6535 	6543
f 6553 	6547 	6543
f 6541 	6553 	6543
f 6556 	6552 	6551
f 6529 	6528 	6558
f 6549 	6558 	6550
f 6528 	6550 	6558
f 6555 	6554 	6557
f 6545 	6544 	6559
f 6548 	6558 	6549
f 4243 	673 	1076
f 6551 	6555 	6557
f 6551 	6557 	6556
f 4243 	1076 	6532
f 6532 	1076 	4282
f 6558 	6563 	6562
f 6548 	6563 	6558
f 6527 	6526 	6558
f 1076 	1365 	4282
f 6531 	6577 	6558
f 6527 	6558 	6562
f 4310 	4309 	1419
f 6558 	6526 	6531
f 4290 	1381 	1419
f 4290 	1419 	4309
f 6546 	6559 	6539
f 6537 	6539 	6559
f 6559 	6546 	6567
f 6559 	6567 	6545
f 6558 	6530 	6529
f 4436 	132 	1447
f 6544 	6542 	6559
f 4436 	133 	132
f 4436 	1447 	1527
f 4436 	1527 	4505
f 1527 	1526 	4508
f 1527 	4508 	4505
f 6573 	6559 	6574
f 6576 	6574 	6559
f 6558 	6577 	6530
f 1526 	1525 	4509
f 1526 	4509 	4508
f 6542 	6576 	6559
f 6573 	6575 	6559
f 6566 	448 	6560
f 6575 	6538 	6559
f 6538 	6537 	6559
f 6495 	6491 	3690
f 4509 	1524 	4510
f 6578 	3690 	6579
f 3687 	6579 	3690
f 6493 	6492 	3690
f 6578 	6493 	3690
f 4510 	1523 	4511
f 6477 	3699 	6478
f 4513 	1523 	1513
f 6471 	6581 	3699
f 3700 	3699 	6581
f 1513 	1512 	4513
f 4513 	1512 	4515
f 6587 	6586 	6595
f 6455 	5312 	6456
f 6336 	6335 	5312
f 6337 	5312 	6455
f 6596 	6593 	6592
f 6466 	5116 	6467
f 4993 	4949 	6598
f 6598 	6597 	4993
f 6506 	6598 	4949
f 3700 	6593 	6596
f 5014 	4993 	6597
f 6593 	3700 	6604
f 6601 	5016 	6602
f 6594 	6607 	6596
f 3700 	6596 	6607
f 6599 	5092 	6600
f 6588 	6587 	6595
f 6396 	5373 	6397
f 6600 	5016 	6601
f 6467 	5092 	6599
f 5312 	5307 	6461
f 6457 	5312 	6459
f 4384 	5813 	4389
f 6604 	3700 	6581
f 4388 	4389 	5813
f 6586 	6585 	6595
f 6580 	3695 	3700
f 3700 	6607 	6580
f 6614 	7057 	6615
f 5978 	7057 	6614
f 6610 	4464 	6612
f 6612 	4464 	6617
f 6617 	4464 	6316
f 6621 	6625 	6622
f 6623 	4464 	6610
f 6625 	6633 	6622
f 1778 	4515 	1512
f 1778 	4800 	4515
f 4513 	4511 	1523
f 1524 	1523 	4510
f 4509 	1525 	1524
f 6609 	4464 	6623
f 6668 	4464 	6671
f 6667 	4464 	6668
f 6671 	4464 	6624
f 6624 	4464 	6609
f 4796 	4784 	6666
f 6663 	6662 	4535
f 4388 	5813 	4464
f 4552 	4539 	6681
f 6681 	6819 	4552
f 6026 	4552 	6819
f 6819 	6814 	6026
f 6032 	6030 	6810
f 5702 	6032 	6815
f 714 	704 	4715
f 704 	695 	4715
f 655 	644 	4715
f 4462 	4463 	4715
f 4463 	4464 	4715
f 4546 	4545 	1641
f 1644 	1641 	4545
f 4546 	1584 	4641
f 1584 	1582 	4641
f 4641 	1582 	4642
f 1582 	1601 	4643
f 1582 	4643 	4642
f 1601 	1638 	4644
f 5951 	5950 	7057
f 6618 	6615 	7057
f 1638 	1637 	4645
f 1638 	4645 	4644
f 1637 	1636 	4646
f 1637 	4646 	4645
f 1636 	1635 	4648
f 1636 	4648 	4646
f 1635 	1634 	4649
f 1635 	4649 	4648
f 1634 	4786 	4649
f 1601 	4644 	4643
f 1641 	1584 	4546
f 1634 	1763 	4786
f 4786 	1762 	4787
f 1762 	1761 	4787
f 4789 	1761 	1760
f 4790 	1727 	4791
f 390 	6560 	448
f 1727 	1726 	4792
f 4791 	1727 	4792
f 1726 	4793 	4792
f 6569 	6568 	448
f 6570 	448 	6568
f 4793 	1759 	1758
f 4793 	1758 	4794
f 6571 	6569 	448
f 1758 	1757 	4795
f 1758 	4795 	4794
f 1757 	4805 	4795
f 6706 	6707 	4715
f 6707 	6708 	4715
f 6708 	6709 	4715
f 6685 	729 	4715
f 6709 	6684 	4715
f 1726 	1759 	4793
f 4790 	1760 	1727
f 4790 	4789 	1760
f 4789 	4788 	1761
f 4788 	4787 	1761
f 6715 	1427 	6716
f 4786 	1763 	1762
f 6065 	1485 	6129
f 6072 	6136 	1511
f 6065 	6712 	1485
f 4800 	1644 	4545
f 1644 	4800 	1778
f 6079 	6915 	6136
f 1516 	1515 	6136
f 1485 	1473 	6129
f 1757 	1781 	4805
f 1473 	1472 	6129
f 6127 	6129 	1474
f 1475 	1474 	6129
f 1476 	1471 	6127
f 1474 	1476 	6127
f 6717 	6716 	1425
f 6785 	202 	201
f 6717 	1425 	6724
f 6724 	1417 	6725
f 6437 	1416 	6451
f 6725 	1416 	6437
f 36 	34 	4715
f 36 	4715 	6773
f 6773 	4715 	28
f 28 	4715 	531
f 6704 	6705 	4715
f 6736 	6704 	4715
f 6440 	1414 	6436
f 6451 	1416 	6440
f 1420 	1356 	6450
f 6450 	6436 	1420
f 6186 	6727 	1356
f 6727 	6193 	1356
f 6193 	6450 	1356
f 6448 	6186 	1356
f 5901 	5886 	1318
f 1322 	1253 	5886
f 5885 	5884 	1322
f 6173 	1395 	5896
f 6721 	1394 	6173
f 6445 	1394 	6721
f 6447 	1394 	6445
f 6183 	6448 	1356
f 6722 	6183 	1356
f 1356 	1360 	6722
f 6774 	6755 	4715
f 34 	6774 	4715
f 6735 	4715 	6734
f 6705 	6706 	4715
f 6745 	6915 	6742
f 6759 	4715 	6757
f 6760 	4715 	6759
f 6761 	4715 	6760
f 6903 	6904 	6622
f 6905 	6940 	6622
f 6807 	6820 	2881
f 6940 	6941 	6622
f 6941 	6920 	6622
f 6920 	6921 	6622
f 6921 	6907 	6622
f 6730 	4715 	6738
f 6731 	4715 	6730
f 6732 	4715 	6731
f 6755 	6757 	4715
f 6738 	4715 	6761
f 6734 	4715 	6733
f 6752 	6751 	6907
f 6907 	6908 	6752
f 729 	714 	4715
f 6908 	6915 	6752
f 6763 	6752 	6915
f 6753 	6763 	6915
f 6748 	6753 	6915
f 4805 	1781 	4904
f 1832 	4904 	1781
f 6749 	6748 	6915
f 4905 	4904 	1831
f 1832 	1831 	4904
f 4905 	1830 	4906
f 1831 	1830 	4905
f 6764 	6749 	6915
f 1830 	4907 	4906
f 6765 	6764 	6915
f 6766 	6765 	6915
f 1830 	1829 	4907
f 6772 	6770 	6915
f 6733 	4715 	6732
f 782 	579 	567
f 6770 	6766 	6915
f 6780 	6781 	6915
f 6784 	6783 	6915
f 6776 	6780 	6915
f 1829 	1828 	6785
f 1829 	6785 	4907
f 6745 	6740 	6915
f 6739 	6915 	6740
f 6785 	201 	4907
f 3714 	3908 	7057
f 6592 	6786 	6915
f 6596 	6592 	6915
f 1828 	1856 	6788
f 6785 	1828 	6788
f 6595 	6915 	6588
f 7057 	4369 	4349
f 1856 	1855 	6789
f 1856 	6789 	6788
f 6588 	6915 	6786
f 6743 	6915 	6585
f 6742 	6915 	6743
f 6595 	6585 	6915
f 1855 	1854 	6790
f 1855 	6790 	6789
f 6594 	6596 	6915
f 6787 	6594 	6915
f 6739 	6775 	6915
f 6710 	6787 	6915
f 1451 	1450 	6127
f 1471 	1451 	6127
f 1472 	1475 	6129
f 6079 	6711 	6915
f 6915 	1516 	6136
f 6710 	6915 	6711
f 6790 	1854 	1853
f 1853 	6791 	6790
f 6751 	6622 	6907
f 6904 	6905 	6622
f 6792 	6622 	6751
f 808 	800 	4715
f 800 	792 	4715
f 792 	782 	4715
f 567 	4715 	782
f 818 	808 	4715
f 107 	6903 	6622
f 546 	4715 	552
f 1533 	1532 	6915
f 6775 	6776 	6915
f 1501 	1533 	6915
f 1024 	1019 	4715
f 1019 	1012 	4715
f 1012 	818 	4715
f 4715 	4707 	1024
f 1032 	1024 	4707
f 6788 	362 	6785
f 359 	6785 	362
f 1853 	1884 	6791
f 6802 	6791 	1884
f 1884 	1883 	6803
f 1884 	6803 	6802
f 1883 	1882 	6804
f 1883 	6804 	6803
f 6804 	1882 	6806
f 1881 	6806 	1882
f 4707 	4701 	1077
f 552 	4715 	567
f 1077 	1043 	4707
f 1043 	1032 	4707
f 4701 	4861 	1077
f 1089 	1077 	4861
f 6807 	6806 	1880
f 1881 	1880 	6806
f 6823 	5702 	6817
f 6803 	6804 	2362
f 6804 	6806 	2540
f 6813 	6812 	6030
f 6030 	6026 	6814
f 6814 	6813 	6030
f 1880 	1923 	6807
f 6820 	6807 	1923
f 1923 	1922 	6821
f 1923 	6821 	6820
f 6810 	6815 	6032
f 6812 	6810 	6030
f 1922 	1921 	6822
f 1922 	6822 	6821
f 1921 	1920 	6824
f 1921 	6824 	6822
f 1920 	1919 	6825
f 1920 	6825 	6824
f 1919 	6837 	6825
f 6816 	5702 	6823
f 6824 	6825 	6822
f 6821 	6822 	6825
f 6820 	6821 	6825
f 6837 	6820 	6825
f 6817 	5702 	6815
f 2882 	2881 	6820
f 6838 	6820 	6837
f 6870 	6872 	6820
f 6806 	2541 	2540
f 6834 	5702 	6808
f 6836 	5702 	6834
f 1919 	1949 	6837
f 1949 	1948 	6838
f 1949 	6838 	6837
f 1948 	1947 	6840
f 1948 	6840 	6838
f 1947 	1946 	6841
f 1947 	6841 	6840
f 6808 	5702 	6809
f 6809 	5702 	6816
f 1946 	1945 	6842
f 1946 	6842 	6841
f 1945 	1981 	6842
f 6840 	6841 	6820
f 6840 	6820 	6838
f 6842 	6820 	6841
f 1981 	6845 	6842
f 6830 	5702 	6831
f 6843 	5702 	6832
f 1981 	1980 	6846
f 1981 	6846 	6845
f 1980 	1979 	6849
f 1980 	6849 	6846
f 6848 	5702 	6836
f 1979 	1978 	6850
f 1979 	6850 	6849
f 3749 	6872 	3750
f 1978 	1977 	6851
f 1978 	6851 	6850
f 6833 	5702 	6848
f 6832 	5702 	6833
f 1977 	2025 	6851
f 6831 	5702 	6843
f 6874 	6872 	3748
f 6851 	6853 	6820
f 6842 	6845 	6820
f 6845 	6846 	6820
f 6846 	6849 	6820
f 6849 	6850 	6820
f 6851 	6820 	6850
f 2025 	6853 	6851
f 6829 	5702 	6830
f 6852 	5702 	6829
f 3748 	6878 	6874
f 3747 	6878 	3748
f 6828 	5702 	6852
f 2025 	2024 	6855
f 2025 	6855 	6853
f 3746 	6878 	3747
f 2024 	2023 	6857
f 2024 	6857 	6855
f 6566 	6565 	448
f 6406 	6405 	5702
f 6564 	448 	6565
f 6572 	6571 	448
f 6564 	6572 	448
f 5830 	6407 	5842
f 6827 	5702 	6828
f 6406 	5702 	6827
f 6509 	5399 	6396
f 2023 	2021 	6868
f 2023 	6868 	6857
f 531 	4715 	537
f 6684 	6685 	4715
f 6667 	6666 	4784
f 5361 	6423 	5366
f 537 	4715 	546
f 2021 	2020 	6869
f 2021 	6869 	6868
f 6870 	3750 	6872
f 2020 	2019 	6873
f 2020 	6873 	6869
f 3749 	3748 	6872
f 6855 	6820 	6853
f 6869 	6820 	6868
f 6873 	6820 	6869
f 6880 	6820 	6878
f 1097 	1089 	4861
f 4861 	4845 	1097
f 4172 	4164 	1097
f 4845 	4172 	1097
f 1117 	1108 	4161
f 6877 	6873 	2057
f 2019 	2057 	6873
f 2057 	2056 	6879
f 2057 	6879 	6877
f 3746 	6880 	6878
f 2056 	2100 	6879
f 6877 	6820 	6873
f 6879 	6820 	6877
f 6900 	6820 	6897
f 6855 	6857 	6820
f 6884 	6820 	6879
f 6886 	6888 	6820
f 2100 	6884 	6879
f 2100 	2098 	6886
f 2100 	6886 	6884
f 2857 	4010 	2867
f 1108 	1097 	4161
f 4164 	4161 	1097
f 2098 	2097 	6888
f 2098 	6888 	6886
f 2097 	2096 	6890
f 2097 	6890 	6888
f 6900 	3766 	3765
f 351 	6862 	6861
f 6874 	6878 	6820
f 6880 	3746 	3766
f 3632 	3629 	4010
f 3629 	3627 	4010
f 3627 	2873 	4010
f 2873 	2867 	4010
f 3638 	3632 	4010
f 3648 	3638 	4010
f 6969 	6950 	351
f 3764 	6946 	3765
f 6895 	6862 	351
f 6916 	6917 	1713
f 6897 	6880 	3766
f 2096 	2095 	6898
f 2096 	6898 	6890
f 6900 	6897 	3766
f 6857 	6868 	6820
f 6886 	6820 	6884
f 6890 	6820 	6888
f 6898 	6820 	6890
f 2170 	6898 	2095
f 6909 	6820 	6898
f 2653 	2944 	6820
f 6925 	6926 	6820
f 6909 	6912 	6820
f 6758 	6756 	6915
f 6777 	6758 	6915
f 6754 	6772 	6915
f 6756 	6754 	6915
f 6909 	6898 	2170
f 3842 	4148 	3845
f 3835 	4148 	3842
f 3826 	4148 	3835
f 4138 	4129 	3845
f 6866 	390 	6867
f 4784 	4781 	6667
f 2133 	1160 	4151
f 2170 	2168 	6912
f 2170 	6912 	6909
f 6897 	6820 	6880
f 6946 	6820 	6900
f 6900 	3765 	6946
f 6867 	390 	6860
f 3772 	6947 	3764
f 6872 	6874 	6820
f 6946 	6947 	6820
f 6918 	6931 	1713
f 6932 	1714 	6931
f 4010 	4148 	3826
f 3826 	3648 	4010
f 4016 	4010 	2857
f 2857 	2850 	4151
f 6917 	6918 	1713
f 390 	6864 	6863
f 6863 	6561 	390
f 6560 	390 	6561
f 6864 	390 	6866
f 6782 	6779 	6915
f 6783 	6782 	6915
f 6781 	6784 	6915
f 2168 	2167 	6922
f 2168 	6922 	6912
f 6416 	674 	6419
f 2164 	6925 	2167
f 2167 	6925 	6922
f 4138 	3845 	4141
f 3847 	3845 	4129
f 4148 	4141 	3845
f 2164 	2163 	6926
f 2164 	6926 	6925
f 2163 	2189 	6926
f 6912 	6922 	6820
f 6925 	6820 	6922
f 554 	6409 	6386
f 1713 	6931 	1714
f 6933 	1714 	6932
f 6933 	6934 	1714
f 6936 	1716 	6934
f 6936 	278 	1716
f 279 	1716 	278
f 280 	1717 	279
f 6779 	6778 	6915
f 6778 	6777 	6915
f 6978 	6945 	2186
f 6943 	6926 	2189
f 6481 	674 	6482
f 2188 	6944 	2189
f 2142 	2133 	4151
f 2850 	2844 	4151
f 4151 	4016 	2857
f 2844 	2142 	4151
f 6944 	2188 	6945
f 2187 	6945 	2188
f 6664 	6680 	4796
f 2187 	2186 	6945
f 674 	521 	6935
f 6944 	6943 	2189
f 6665 	6664 	4796
f 6666 	6665 	4796
f 6946 	3764 	6947
f 3772 	4106 	6947
f 7026 	6820 	6947
f 4161 	4156 	1117
f 2121 	1117 	4151
f 1161 	2121 	4151
f 4153 	4151 	1117
f 6735 	6736 	4715
f 4464 	6667 	4781
f 4718 	4464 	4781
f 4156 	4153 	1117
f 1160 	1161 	4151
f 6949 	6948 	351
f 6895 	351 	6948
f 6954 	6962 	6955
f 6959 	6955 	6962
f 6959 	6962 	6960
f 6961 	6960 	6962
f 6961 	6962 	6957
f 6958 	6957 	6962
f 4902 	4885 	4897
f 6964 	4897 	4885
f 6962 	6968 	6967
f 6962 	6967 	6958
f 6966 	4885 	6963
f 6963 	4885 	5530
f 6954 	6953 	6962
f 5531 	5530 	4885
f 6953 	6968 	6962
f 6965 	4885 	6966
f 6325 	6324 	4887
f 4885 	4887 	5531
f 4885 	6965 	6964
f 6951 	4866 	6952
f 4871 	6952 	5312
f 5307 	7005 	6463
f 6337 	6336 	5312
f 6949 	351 	6950
f 1730 	1813 	4902
f 1076 	1730 	4902
f 6201 	4875 	5357
f 4866 	6056 	6952
f 6971 	6977 	311
f 6978 	2186 	6979
f 6943 	6944 	6820
f 6979 	6820 	6978
f 6945 	6820 	6944
f 6978 	6820 	6945
f 6943 	6820 	6926
f 6979 	6990 	6820
f 6990 	7014 	6820
f 6972 	6971 	311
f 6979 	2186 	2203
f 6976 	311 	6977
f 6976 	6974 	311
f 2203 	2240 	6979
f 6970 	311 	6975
f 6974 	6975 	311
f 6990 	6979 	2240
f 7026 	7044 	6820
f 311 	332 	6972
f 6973 	6972 	332
f 6056 	5312 	6952
f 2237 	2236 	7016
f 3750 	6870 	2236
f 6980 	6983 	332
f 332 	6981 	6980
f 6973 	332 	6983
f 6990 	2240 	2238
f 6981 	635 	6982
f 7015 	7014 	2237
f 635 	6985 	6984
f 635 	6984 	6986
f 6986 	6987 	635
f 6987 	6982 	635
f 6988 	635 	6989
f 6995 	677 	6991
f 6996 	677 	6995
f 677 	6996 	6997
f 677 	6997 	6989
f 6994 	737 	6998
f 6992 	6991 	677
f 6999 	6992 	677
f 677 	719 	6999
f 7006 	7002 	737
f 6998 	737 	7000
f 7000 	737 	7001
f 7001 	737 	7002
f 4887 	4871 	5312
f 7008 	7004 	978
f 6335 	6334 	5312
f 7009 	978 	1376
f 5116 	6466 	5145
f 5145 	6465 	5192
f 5297 	5259 	6463
f 5192 	6465 	5200
f 5259 	5200 	6470
f 7005 	5297 	6463
f 5092 	6467 	5116
f 5045 	6600 	5092
f 5016 	6600 	5045
f 6461 	5307 	6463
f 5014 	6602 	5016
f 7013 	978 	7009
f 7011 	7010 	978
f 7008 	978 	7010
f 7011 	978 	7012
f 7012 	978 	7013
f 921 	1153 	1373
f 7004 	957 	978
f 6861 	390 	351
f 5335 	6434 	5344
f 5865 	6431 	5335
f 5354 	6423 	5361
f 5344 	6423 	5354
f 5855 	6427 	5865
f 5842 	6427 	5855
f 676 	674 	6415
f 6990 	2238 	7014
f 7014 	7015 	6820
f 2238 	2237 	7014
f 2237 	7016 	7015
f 7016 	2236 	6870
f 7015 	7016 	6820
f 7016 	6870 	6820
f 448 	6570 	6937
f 4414 	4444 	7057
f 5366 	6397 	5373
f 5373 	6396 	5399
f 4949 	5399 	6509
f 5828 	6422 	5830
f 5828 	5823 	6422
f 5819 	6420 	5823
f 5702 	6420 	5819
f 6662 	6681 	4539
f 956 	957 	7003
f 967 	956 	7007
f 6680 	6663 	4518
f 4535 	4518 	6663
f 4518 	4796 	6680
f 4539 	4535 	6662
f 2401 	4310 	1419
f 5854 	4310 	2401
f 7025 	2402 	5874
f 7025 	2385 	2402
f 5856 	5872 	7024
f 7024 	5872 	2388
f 7020 	2404 	2372
f 5857 	2405 	2570
f 7022 	7021 	2570
f 5835 	5857 	7021
f 2570 	7021 	5857
f 5857 	5861 	2405
f 5838 	2373 	2405
f 5838 	2405 	5861
f 2404 	7020 	7019
f 7017 	5832 	5864
f 2409 	2404 	7019
f 2409 	7019 	7017
f 7017 	5864 	7018
f 7017 	2369 	2409
f 664 	6410 	6409
f 5864 	5856 	7018
f 7024 	7018 	5856
f 570 	664 	6409
f 5871 	2402 	7023
f 7023 	2402 	2403
f 6416 	6415 	674
f 6947 	4106 	7026
f 7023 	5870 	5871
f 7044 	7026 	4105
f 5869 	7023 	5872
f 5872 	7023 	2403
f 6409 	554 	570
f 2403 	2388 	5872
f 7027 	674 	689
f 7028 	674 	7027
f 674 	7028 	7051
f 5874 	2402 	5871
f 5848 	7025 	5874
f 7027 	689 	6685
f 729 	6685 	689
f 5854 	2401 	2384
f 5854 	2384 	5849
f 4106 	4105 	7026
f 6685 	6684 	7028
f 6685 	7028 	7027
f 7051 	7028 	6684
f 7045 	4105 	4104
f 6937 	6935 	521
f 4103 	7045 	4104
f 521 	448 	6937
f 351 	311 	6969
f 6988 	6985 	635
f 2572 	5903 	2570
f 6820 	7044 	7045
f 6994 	6993 	722
f 2572 	2574 	5902
f 2575 	5902 	2574
f 2579 	2427 	7033
f 2417 	2577 	7035
f 2577 	5895 	7035
f 7037 	7035 	5895
f 7044 	4105 	7045
f 7037 	7036 	7035
f 722 	737 	6994
f 7039 	5895 	2577
f 7039 	5883 	5895
f 7039 	2577 	7034
f 2418 	7034 	2577
f 2582 	6174 	5896
f 737 	967 	7006
f 7007 	7006 	967
f 6174 	2582 	6468
f 2580 	6468 	2582
f 2582 	5896 	7038
f 5880 	7038 	5896
f 7046 	2583 	2586
f 7047 	7046 	2586
f 6201 	6200 	4875
f 7038 	2585 	2582
f 2584 	7047 	2586
f 2579 	7033 	7032
f 5899 	7032 	5895
f 7003 	7007 	956
f 7037 	5895 	7032
f 7031 	2579 	7032
f 5884 	7032 	5899
f 7043 	5886 	5901
f 2579 	7031 	7043
f 6970 	6969 	311
f 2425 	2579 	7030
f 2424 	7029 	2575
f 7029 	7043 	2575
f 2575 	7043 	5901
f 7043 	7030 	2579
f 5888 	5902 	7042
f 2575 	7042 	5902
f 6861 	6860 	390
f 2575 	5901 	7042
f 5887 	7042 	5901
f 2572 	5902 	7041
f 5892 	7041 	5902
f 5903 	2572 	7041
f 5903 	7041 	5893
f 5903 	7040 	2570
f 2570 	7040 	7022
f 5894 	7040 	5903
f 332 	635 	6981
f 7050 	2629 	7048
f 2619 	7048 	2629
f 677 	6989 	635
f 7049 	2646 	7050
f 7050 	2646 	2629
f 6993 	719 	722
f 2646 	7049 	48
f 2646 	48 	52
f 2646 	52 	2642
f 1374 	1373 	1153
f 7004 	7003 	957
f 6993 	6999 	719
f 1373 	1540 	921
f 7054 	674 	7053
f 7052 	7053 	674
f 7055 	674 	7054
f 7051 	7052 	674
f 6684 	6709 	7051
f 6709 	6708 	7052
f 6709 	7052 	7051
f 6708 	6707 	7053
f 6708 	7053 	7052
f 6707 	6706 	7054
f 6707 	7054 	7053
f 6706 	6705 	7055
f 6706 	7055 	7054
f 6705 	6704 	7056
f 6705 	7056 	7055
f 7058 	674 	7056
f 6704 	6736 	7056
f 7063 	6732 	6731
f 6731 	6730 	7063
f 7056 	6736 	7058
f 7058 	6736 	6735
f 7060 	6735 	6734
f 7060 	6734 	6733
f 7057 	7045 	4103
f 7061 	6733 	6732
f 4102 	7068 	7057
f 6730 	7064 	7063
f 7060 	7061 	674
f 7055 	7056 	674
f 7058 	7059 	674
f 7060 	674 	7059
f 7058 	6735 	7059
f 7057 	491 	6618
f 6735 	7060 	7059
f 7060 	6733 	7061
f 7064 	674 	7063
f 7063 	674 	7062
f 7065 	674 	7064
f 7062 	674 	7061
f 7063 	7062 	6732
f 2653 	6820 	7057
f 132 	133 	657
f 1421 	657 	133
f 7061 	6732 	7062
f 7057 	7068 	491
f 7066 	674 	7065
f 7045 	7057 	6820
f 7065 	7064 	6738
f 6730 	6738 	7064
f 7065 	6738 	6761
f 6760 	7067 	6761
f 7070 	6759 	6757
f 7070 	6757 	6755
f 7066 	7065 	6761
f 6761 	7067 	7066
f 7067 	6760 	6759
f 7057 	4103 	4102
f 7072 	4102 	4143
f 4143 	4142 	7072
f 7066 	7067 	674
f 7067 	7069 	674
f 7069 	7067 	6759
f 7071 	674 	7070
f 7069 	7070 	674
f 4142 	7073 	7072
f 7070 	7069 	6759
f 6755 	7071 	7070
f 7073 	4142 	4147
f 7068 	4102 	7072
f 7073 	4147 	7078
f 7068 	7072 	491
f 7073 	491 	7072
f 7078 	491 	7073
f 7076 	7077 	674
f 32 	674 	7077
f 7075 	7076 	674
f 521 	674 	32
f 7074 	7075 	674
f 7071 	7074 	674
f 6755 	6774 	7071
f 7074 	7071 	6774
f 7075 	34 	36
f 7075 	7074 	34
f 6774 	34 	7074
f 36 	7076 	7075
f 36 	6773 	7077
f 36 	7077 	7076
f 6773 	28 	32
f 6773 	32 	7077
f 7078 	4147 	7079
f 4146 	7079 	4147
f 4146 	4168 	7079
f 7079 	491 	7078
f 7079 	7080 	491
f 7082 	7083 	491
f 7083 	4166 	4165
f 7080 	7079 	4168
f 7080 	4168 	7081
f 4167 	7081 	4168
f 7081 	4167 	4166
f 7082 	491 	7081
f 7080 	7081 	491
f 4166 	7082 	7081
f 7083 	7082 	4166
f 7083 	7084 	491
f 7084 	7085 	491
f 7083 	4165 	7084
f 4191 	7084 	4165
f 7085 	4191 	4190
f 4189 	7085 	4190
f 7088 	4188 	4187
f 4191 	7085 	7084
f 7085 	7086 	491
f 7086 	7085 	4189
f 4188 	7087 	4189
f 7086 	4189 	7087
f 4188 	7088 	7087
f 4187 	4343 	7088
f 7087 	491 	7086
f 7088 	491 	7087
f 7088 	7089 	491
f 905 	910 	491
f 7092 	7093 	491
f 7094 	7096 	491
f 993 	903 	491
f 4340 	7092 	4341
f 7092 	4340 	7093
f 7090 	7091 	491
f 4343 	7089 	7088
f 4343 	4342 	7090
f 4343 	7090 	7089
f 7090 	491 	7089
f 4342 	4341 	7090
f 7091 	7090 	4341
f 7092 	7091 	4341
f 7092 	491 	7091
f 4340 	4361 	7093
f 7093 	4361 	4360
f 7096 	4360 	4359
f 4358 	7095 	4359
f 7096 	4359 	7095
f 992 	993 	4358
f 7093 	4360 	7094
f 4360 	7096 	7094
f 7094 	491 	7093
f 7096 	7095 	491
f 7095 	993 	491
f 7095 	4358 	993
f 903 	905 	491
f 6633 	154 	6622
f 107 	6622 	154
f 40 	6628 	6627
f 6629 	495 	6630
f 40 	6627 	21
f 6632 	21 	6627
f 6634 	139 	6633
f 504 	21 	6630
f 1055 	7097 	1056
f 7097 	1055 	4363
f 339 	334 	7097
f 4363 	339 	7097
f 7097 	334 	1006
f 334 	347 	1006
f 491 	1006 	347
f 6619 	6618 	491
f 504 	6630 	495
f 6629 	6619 	491
f 495 	6629 	491
f 6632 	6630 	21
f 107 	4372 	6903
f 174 	4372 	107
f 4372 	6904 	6903
f 6904 	4372 	4371
f 6904 	4371 	6905
f 4370 	6905 	4371
f 4370 	6940 	6905
f 129 	6628 	40
f 154 	6633 	139
f 6628 	129 	6634
f 139 	6634 	129
f 6916 	7102 	7103
f 6915 	7102 	6916
f 7100 	7101 	4419
f 4389 	6916 	7103
f 4389 	6917 	6916
f 7101 	4384 	4389
f 4389 	7103 	7101
f 4388 	6918 	4389
f 6917 	4389 	6918
f 4464 	6931 	4388
f 6921 	7098 	6907
f 7102 	6915 	7099
f 6908 	7099 	6915
f 7106 	7113 	7104
f 7103 	7102 	7114
f 7114 	7111 	7103
f 7107 	7098 	6920
f 6921 	6920 	7098
f 7099 	7108 	7102
f 7105 	7104 	7113
f 7112 	7105 	7113
f 7112 	4469 	7109
f 6920 	6941 	7107
f 7108 	7114 	7102
f 7109 	4469 	4391
f 7111 	7110 	7103
f 7103 	4419 	7101
f 7110 	7115 	7103
f 4374 	7100 	4419
f 4405 	4419 	7116
f 7116 	4419 	7117
f 7117 	4419 	7118
f 4419 	7103 	7118
f 7115 	7118 	7103
f 6918 	4388 	6931
f 6931 	4463 	6932
f 4464 	4463 	6931
f 6933 	6932 	4462
f 4463 	4462 	6932
f 4462 	4461 	6934
f 4462 	6934 	6933
f 6936 	6934 	4460
f 4461 	4460 	6934
f 4460 	278 	6936
f 278 	4460 	602
f 6940 	4370 	4470
f 6941 	6940 	4469
f 6940 	4470 	4469
f 6941 	4469 	7112
f 6941 	7112 	7113
f 7113 	7107 	6941
# 4430 faces

g group_0_15277357

usemtl color_15277357
s 0

f 3 	5 	11
f 6 	5 	3
f 10 	11 	5
f 15 	131 	20
f 24 	131 	26
f 6688 	220 	6687
f 131 	10 	31
f 22 	6687 	226
f 35 	33 	10
f 39 	35 	10
f 44 	10 	45
f 41 	10 	44
f 46 	10 	53
f 45 	10 	46
f 54 	10 	56
f 53 	10 	54
f 61 	62 	59
f 59 	62 	6672
f 56 	10 	57
f 58 	5 	63
f 65 	203 	61
f 59 	65 	61
f 67 	66 	120
f 203 	65 	208
f 120 	131 	73
f 66 	86 	120
f 86 	85 	120
f 84 	120 	85
f 89 	6 	91
f 93 	91 	6
f 5 	98 	96
f 108 	6 	109
f 109 	6 	111
f 108 	106 	6
f 106 	105 	6
f 104 	5 	105
f 6 	105 	5
f 5 	104 	103
f 103 	101 	5
f 5 	101 	99
f 99 	98 	5
f 96 	63 	5
f 84 	83 	120
f 81 	79 	120
f 6 	120 	79
f 83 	81 	120
f 6 	79 	78
f 78 	76 	6
f 6 	76 	77
f 77 	93 	6
f 89 	111 	6
f 4086 	119 	131
f 33 	31 	10
f 31 	26 	131
f 24 	20 	131
f 131 	15 	12
f 74 	73 	131
f 70 	120 	73
f 70 	67 	120
f 75 	74 	131
f 12 	75 	131
f 119 	118 	131
f 4251 	131 	118
f 120 	4112 	131
f 58 	57 	5
f 41 	39 	10
f 5 	57 	10
f 135 	134 	2
f 136 	135 	2
f 140 	2 	141
f 143 	141 	2
f 145 	143 	2
f 146 	145 	2
f 156 	2 	158
f 159 	131 	160
f 162 	131 	163
f 163 	131 	164
f 168 	224 	171
f 175 	224 	177
f 178 	177 	224
f 182 	224 	187
f 2 	134 	192
f 199 	197 	224
f 164 	131 	205
f 205 	131 	207
f 2827 	208 	6694
f 6675 	190 	220
f 225 	220 	190
f 220 	6693 	6675
f 223 	4860 	197
f 222 	4860 	223
f 225 	226 	220
f 217 	216 	4277
f 4284 	4277 	216
f 216 	214 	4284
f 131 	4284 	214
f 214 	213 	131
f 131 	213 	210
f 210 	207 	131
f 180 	178 	224
f 182 	180 	224
f 175 	173 	224
f 173 	171 	224
f 195 	224 	168
f 195 	193 	224
f 224 	193 	194
f 194 	199 	224
f 469 	4888 	227
f 4886 	4903 	227
f 140 	138 	2
f 2 	138 	136
f 192 	191 	2
f 2 	191 	188
f 188 	187 	2
f 2 	187 	224
f 162 	160 	131
f 159 	158 	131
f 2 	156 	152
f 148 	2 	150
f 152 	150 	2
f 148 	146 	2
f 131 	158 	2
f 2 	10 	131
f 234 	1 	233
f 235 	1 	234
f 229 	1 	236
f 236 	1 	235
f 238 	632 	237
f 239 	631 	238
f 241 	629 	239
f 65 	6694 	208
f 250 	1 	248
f 1 	583 	248
f 256 	257 	5043
f 257 	259 	5043
f 260 	5040 	259
f 262 	5040 	260
f 263 	5040 	262
f 266 	5040 	263
f 267 	5040 	266
f 268 	632 	267
f 237 	632 	268
f 271 	274 	270
f 232 	270 	274
f 277 	274 	275
f 271 	275 	274
f 281 	274 	277
f 283 	274 	281
f 291 	292 	314
f 292 	294 	314
f 313 	314 	294
f 294 	296 	313
f 297 	299 	5052
f 301 	5049 	300
f 304 	253 	5044
f 5043 	5044 	253
f 253 	256 	5043
f 274 	330 	306
f 308 	274 	307
f 305 	11 	309
f 274 	283 	314
f 285 	288 	314
f 315 	274 	314
f 318 	274 	317
f 315 	317 	274
f 319 	274 	318
f 323 	324 	322
f 321 	322 	324
f 326 	274 	320
f 329 	274 	326
f 330 	274 	329
f 344 	310 	5063
f 5061 	5063 	310
f 310 	312 	5061
f 482 	5061 	312
f 480 	482 	312
f 312 	297 	480
f 288 	291 	314
f 349 	352 	348
f 353 	352 	350
f 349 	350 	352
f 355 	352 	354
f 360 	352 	355
f 364 	426 	360
f 353 	354 	352
f 366 	426 	364
f 367 	426 	366
f 375 	475 	374
f 381 	5074 	380
f 335 	336 	5072
f 338 	340 	5065
f 341 	343 	5063
f 395 	352 	394
f 397 	11 	395
f 398 	11 	397
f 394 	352 	393
f 399 	11 	398
f 405 	11 	404
f 411 	11 	410
f 413 	11 	411
f 453 	11 	420
f 415 	11 	414
f 424 	368 	423
f 429 	352 	427
f 426 	427 	352
f 429 	388 	352
f 440 	475 	439
f 444 	368 	440
f 423 	368 	444
f 438 	439 	475
f 450 	475 	449
f 431 	475 	450
f 457 	3 	454
f 471 	3 	470
f 3 	471 	447
f 415 	420 	11
f 454 	3 	453
f 459 	3 	457
f 464 	3 	462
f 459 	462 	3
f 466 	3 	465
f 467 	3 	466
f 470 	3 	467
f 11 	453 	3
f 464 	465 	3
f 447 	449 	3
f 475 	3 	449
f 432 	475 	431
f 433 	475 	432
f 434 	475 	433
f 436 	475 	434
f 438 	475 	436
f 425 	368 	424
f 426 	368 	425
f 352 	360 	426
f 389 	352 	388
f 392 	352 	389
f 393 	352 	392
f 475 	440 	368
f 368 	426 	367
f 399 	400 	11
f 475 	368 	371
f 475 	371 	374
f 475 	375 	376
f 379 	475 	376
f 380 	475 	379
f 382 	383 	5074
f 5072 	5074 	386
f 352 	395 	11
f 11 	400 	402
f 402 	404 	11
f 405 	410 	11
f 413 	414 	11
f 319 	320 	274
f 306 	307 	274
f 309 	274 	308
f 5052 	480 	297
f 285 	314 	283
f 312 	313 	296
f 296 	297 	312
f 5049 	5052 	299
f 300 	5049 	299
f 302 	5049 	301
f 5040 	632 	5037
f 487 	323 	322
f 322 	321 	487
f 487 	530 	327
f 321 	324 	694
f 487 	321 	530
f 530 	508 	327
f 522 	327 	508
f 651 	327 	522
f 785 	508 	525
f 779 	785 	525
f 324 	323 	533
f 535 	713 	545
f 4947 	4997 	475
f 545 	560 	535
f 547 	713 	551
f 487 	551 	323
f 533 	323 	551
f 340 	341 	5065
f 343 	344 	5063
f 303 	5046 	302
f 5040 	5043 	259
f 5065 	5066 	338
f 5063 	5065 	341
f 336 	338 	5066
f 333 	335 	5072
f 386 	333 	5072
f 4997 	4999 	475
f 557 	545 	547
f 551 	557 	547
f 560 	545 	564
f 557 	564 	545
f 559 	1 	558
f 557 	551 	564
f 487 	564 	551
f 563 	1 	562
f 568 	1 	566
f 487 	327 	564
f 573 	1 	571
f 575 	4814 	561
f 713 	535 	710
f 1 	578 	582
f 588 	589 	247
f 245 	247 	589
f 589 	622 	245
f 560 	717 	535
f 710 	535 	717
f 244 	245 	622
f 624 	244 	622
f 247 	248 	588
f 547 	545 	713
f 593 	693 	592
f 596 	693 	593
f 597 	693 	596
f 599 	693 	597
f 693 	599 	600
f 604 	693 	601
f 717 	560 	608
f 717 	608 	605
f 564 	327 	560
f 608 	560 	327
f 605 	608 	327
f 614 	693 	621
f 629 	241 	628
f 628 	241 	626
f 631 	239 	629
f 632 	238 	631
f 634 	5150 	633
f 693 	5097 	620
f 636 	5097 	634
f 639 	620 	5097
f 637 	5097 	636
f 645 	327 	651
f 6093 	3331 	605
f 2927 	2967 	3331
f 117 	6700 	914
f 785 	522 	508
f 522 	785 	651
f 684 	685 	683
f 681 	683 	685
f 681 	685 	686
f 683 	688 	684
f 687 	684 	688
f 242 	244 	626
f 633 	5037 	632
f 624 	626 	244
f 242 	626 	241
f 5040 	267 	632
f 583 	584 	248
f 681 	690 	683
f 690 	691 	683
f 688 	683 	691
f 639 	5097 	637
f 621 	693 	620
f 615 	693 	614
f 616 	592 	693
f 615 	616 	693
f 600 	601 	693
f 606 	693 	604
f 609 	1 	606
f 611 	1 	609
f 612 	1 	611
f 612 	558 	1
f 559 	562 	1
f 563 	566 	1
f 568 	571 	1
f 574 	1 	573
f 693 	606 	1
f 688 	691 	694
f 688 	694 	324
f 1 	574 	576
f 1 	576 	577
f 577 	578 	1
f 587 	588 	248
f 582 	583 	1
f 584 	585 	248
f 585 	587 	248
f 252 	1 	251
f 250 	251 	1
f 252 	233 	1
f 694 	530 	321
f 690 	2971 	691
f 229 	230 	1
f 232 	274 	230
f 1 	230 	274
f 11 	1 	274
f 11 	274 	309
f 11 	305 	346
f 348 	352 	346
f 11 	346 	352
f 11 	10 	2
f 11 	2 	1
f 688 	324 	687
f 533 	687 	324
f 697 	230 	229
f 697 	229 	698
f 699 	232 	230
f 699 	230 	697
f 765 	270 	232
f 765 	232 	699
f 687 	533 	713
f 684 	687 	713
f 551 	713 	533
f 703 	233 	740
f 705 	234 	233
f 705 	233 	703
f 708 	235 	234
f 708 	234 	705
f 709 	236 	235
f 709 	235 	708
f 236 	709 	698
f 236 	698 	229
f 237 	764 	711
f 712 	713 	710
f 237 	711 	715
f 237 	715 	238
f 238 	715 	720
f 238 	720 	239
f 239 	720 	726
f 239 	726 	241
f 710 	717 	712
f 241 	726 	727
f 241 	727 	242
f 242 	727 	728
f 242 	728 	244
f 244 	728 	730
f 244 	730 	245
f 713 	712 	731
f 713 	731 	867
f 245 	730 	732
f 245 	732 	247
f 247 	732 	733
f 247 	733 	248
f 248 	733 	734
f 248 	734 	250
f 250 	734 	735
f 250 	735 	251
f 740 	252 	251
f 740 	251 	735
f 2969 	717 	2967
f 605 	2967 	717
f 740 	233 	252
f 717 	2969 	731
f 717 	731 	712
f 253 	744 	745
f 253 	745 	256
f 713 	867 	684
f 256 	745 	746
f 256 	746 	257
f 752 	259 	257
f 752 	257 	746
f 686 	690 	681
f 753 	260 	259
f 753 	259 	752
f 754 	262 	260
f 754 	260 	753
f 755 	756 	757
f 759 	263 	262
f 759 	262 	754
f 761 	266 	263
f 761 	263 	759
f 763 	267 	266
f 763 	266 	761
f 764 	268 	267
f 764 	267 	763
f 764 	237 	268
f 767 	271 	270
f 767 	270 	765
f 271 	767 	275
f 769 	275 	767
f 770 	277 	275
f 770 	275 	769
f 771 	281 	277
f 771 	277 	770
f 772 	283 	281
f 772 	281 	771
f 2971 	530 	691
f 694 	691 	530
f 775 	285 	283
f 775 	283 	772
f 777 	288 	285
f 777 	285 	775
f 530 	2971 	525
f 875 	525 	2971
f 778 	291 	288
f 778 	288 	777
f 525 	876 	779
f 780 	292 	291
f 780 	291 	778
f 781 	294 	292
f 781 	292 	780
f 756 	779 	757
f 784 	296 	294
f 784 	294 	781
f 786 	297 	296
f 786 	296 	784
f 2964 	651 	785
f 788 	299 	297
f 788 	297 	786
f 530 	525 	508
f 299 	788 	300
f 789 	300 	788
f 779 	756 	785
f 785 	756 	755
f 790 	301 	300
f 790 	300 	789
f 301 	790 	791
f 301 	791 	302
f 793 	303 	302
f 793 	302 	791
f 155 	918 	901
f 794 	304 	303
f 794 	303 	793
f 744 	253 	304
f 744 	304 	794
f 797 	306 	822
f 798 	307 	306
f 798 	306 	797
f 801 	308 	307
f 801 	307 	798
f 802 	309 	308
f 802 	308 	801
f 309 	802 	796
f 309 	796 	305
f 310 	841 	805
f 310 	805 	806
f 310 	806 	312
f 2965 	2964 	785
f 312 	806 	807
f 312 	807 	313
f 313 	807 	809
f 313 	809 	314
f 314 	809 	810
f 314 	810 	315
f 315 	810 	812
f 315 	812 	317
f 2964 	2961 	651
f 645 	651 	2961
f 317 	812 	815
f 317 	815 	318
f 318 	815 	816
f 318 	816 	319
f 817 	320 	816
f 319 	816 	320
f 320 	817 	819
f 320 	819 	326
f 326 	819 	820
f 326 	820 	329
f 822 	330 	329
f 822 	329 	820
f 822 	306 	330
f 825 	335 	333
f 825 	333 	824
f 827 	336 	335
f 827 	335 	825
f 829 	338 	336
f 829 	336 	827
f 833 	340 	338
f 833 	338 	829
f 838 	341 	340
f 838 	340 	833
f 839 	343 	341
f 839 	341 	838
f 867 	869 	684
f 841 	344 	343
f 841 	343 	839
f 841 	310 	344
f 305 	796 	346
f 843 	346 	796
f 844 	348 	346
f 844 	346 	843
f 846 	349 	348
f 846 	348 	844
f 848 	350 	349
f 848 	349 	846
f 848 	353 	350
f 851 	353 	848
f 854 	354 	353
f 854 	353 	851
f 731 	855 	867
f 856 	355 	354
f 856 	354 	854
f 857 	360 	355
f 857 	355 	856
f 859 	364 	360
f 859 	360 	857
f 860 	366 	364
f 860 	364 	859
f 2969 	855 	731
f 862 	367 	366
f 862 	366 	860
f 864 	368 	367
f 864 	367 	862
f 865 	371 	368
f 865 	368 	864
f 868 	374 	371
f 868 	371 	865
f 685 	684 	869
f 870 	375 	374
f 870 	374 	868
f 871 	376 	375
f 871 	375 	870
f 685 	869 	686
f 2971 	686 	869
f 871 	379 	376
f 872 	379 	871
f 755 	888 	785
f 873 	380 	379
f 873 	379 	872
f 380 	873 	874
f 380 	874 	381
f 875 	876 	525
f 877 	382 	381
f 877 	381 	874
f 690 	686 	2971
f 878 	383 	382
f 878 	382 	877
f 881 	385 	383
f 881 	383 	878
f 886 	386 	385
f 886 	385 	881
f 824 	333 	386
f 824 	386 	886
f 893 	757 	876
f 897 	4990 	891
f 755 	757 	888
f 887 	888 	757
f 2965 	785 	888
f 757 	779 	876
f 757 	893 	887
f 882 	4990 	897
f 924 	926 	923
f 922 	923 	926
f 930 	261 	929
f 928 	929 	261
f 5050 	3504 	933
f 933 	3504 	934
f 93 	450 	449
f 5002 	962 	971
f 935 	994 	3514
f 6643 	3533 	994
f 934 	6643 	994
f 1001 	997 	1004
f 995 	1007 	999
f 995 	999 	996
f 388 	429 	12
f 388 	12 	389
f 389 	20 	392
f 24 	393 	20
f 392 	20 	393
f 394 	393 	24
f 1010 	1027 	1028
f 1029 	1030 	1031
f 1034 	1035 	1027
f 1010 	1034 	1027
f 1030 	1027 	1035
f 1031 	1030 	1035
f 1034 	934 	994
f 1034 	994 	1035
f 1028 	1007 	995
f 933 	1010 	995
f 1028 	995 	1010
f 1031 	935 	1001
f 1031 	1001 	1029
f 934 	1034 	933
f 1010 	933 	1034
f 935 	1031 	1035
f 935 	1035 	994
f 1027 	999 	1007
f 1027 	1007 	1028
f 1001 	1004 	1030
f 1001 	1030 	1029
f 1030 	997 	1027
f 1004 	997 	1030
f 999 	1027 	997
f 1100 	1053 	1057
f 35 	398 	397
f 399 	398 	35
f 44 	402 	400
f 45 	404 	402
f 45 	402 	44
f 405 	404 	45
f 1057 	1054 	1100
f 1054 	1127 	1046
f 1090 	1085 	1046
f 1085 	1054 	1046
f 1092 	1046 	1095
f 926 	1338 	1046
f 1092 	1090 	1046
f 1104 	1053 	1100
f 1107 	1053 	1104
f 1109 	1357 	1053
f 1051 	1053 	1357
f 1107 	1109 	1053
f 1090 	1104 	1085
f 1092 	1104 	1090
f 1054 	1085 	1100
f 1100 	1085 	1104
f 1092 	1107 	1104
f 1107 	1092 	1095
f 1107 	1095 	1109
f 1095 	1338 	1109
f 53 	410 	405
f 411 	410 	53
f 56 	413 	411
f 414 	413 	56
f 58 	415 	414
f 420 	415 	58
f 425 	73 	426
f 426 	73 	427
f 77 	432 	431
f 432 	78 	433
f 433 	78 	434
f 83 	438 	436
f 4870 	1136 	1143
f 438 	83 	439
f 439 	85 	440
f 440 	85 	444
f 431 	450 	77
f 93 	77 	450
f 104 	464 	462
f 465 	464 	104
f 1127 	1124 	1046
f 1057 	1053 	1172
f 1057 	1127 	1054
f 1127 	1172 	1171
f 1127 	1171 	1124
f 1172 	1127 	1057
f 1187 	5346 	1124
f 1053 	5347 	1171
f 1172 	1053 	1171
f 1171 	1197 	1124
f 4970 	1176 	1184
f 1185 	5346 	1187
f 4970 	1184 	1193
f 482 	480 	118
f 715 	775 	720
f 720 	775 	726
f 711 	777 	715
f 740 	735 	775
f 732 	730 	775
f 726 	775 	727
f 728 	775 	730
f 727 	775 	728
f 745 	744 	711
f 711 	764 	745
f 763 	761 	745
f 764 	763 	745
f 761 	759 	745
f 746 	745 	759
f 754 	753 	759
f 752 	759 	753
f 746 	759 	752
f 1187 	1197 	1185
f 1124 	1197 	1187
f 711 	788 	786
f 711 	786 	784
f 711 	784 	781
f 711 	781 	780
f 711 	780 	778
f 711 	778 	777
f 775 	715 	777
f 891 	4973 	1202
f 793 	711 	794
f 791 	711 	793
f 790 	711 	791
f 789 	711 	790
f 788 	711 	789
f 744 	794 	711
f 1185 	1195 	1192
f 1185 	1192 	1218
f 1197 	1195 	1185
f 806 	805 	807
f 809 	807 	805
f 810 	809 	805
f 797 	822 	805
f 816 	815 	805
f 812 	805 	815
f 810 	805 	812
f 838 	877 	839
f 839 	877 	841
f 824 	886 	838
f 833 	825 	838
f 829 	827 	833
f 825 	833 	827
f 824 	838 	825
f 1218 	5346 	1185
f 1217 	1231 	5346
f 1197 	1171 	5347
f 1223 	1235 	1217
f 1192 	1217 	1218
f 1229 	4687 	1220
f 1217 	1192 	1223
f 1231 	1242 	5346
f 870 	868 	841
f 868 	865 	841
f 865 	864 	841
f 864 	862 	841
f 862 	860 	841
f 860 	859 	841
f 859 	857 	841
f 805 	841 	857
f 857 	856 	805
f 1192 	1195 	5347
f 1235 	1223 	5347
f 877 	838 	878
f 881 	878 	838
f 886 	881 	838
f 874 	841 	877
f 873 	872 	841
f 872 	871 	841
f 871 	870 	841
f 874 	873 	841
f 703 	775 	705
f 740 	775 	703
f 705 	775 	708
f 697 	698 	775
f 698 	709 	775
f 708 	775 	709
f 699 	697 	775
f 733 	732 	775
f 735 	734 	775
f 733 	775 	734
f 1233 	1231 	1235
f 1231 	1217 	1235
f 5528 	5346 	1242
f 1233 	1272 	1242
f 1231 	1233 	1242
f 1260 	5528 	1242
f 1233 	5347 	1272
f 1269 	1258 	1259
f 1260 	1272 	1259
f 1260 	1242 	1272
f 1259 	1270 	1269
f 1272 	1270 	1259
f 1303 	5528 	1258
f 5528 	1260 	1259
f 1270 	1272 	5675
f 5347 	5675 	1272
f 1269 	1312 	1258
f 1296 	5528 	1299
f 1299 	5528 	1303
f 1259 	1258 	5528
f 1311 	5675 	1310
f 1269 	5675 	1312
f 1310 	1296 	1299
f 1303 	1312 	1299
f 1299 	1311 	1310
f 1312 	1311 	1299
f 1303 	1258 	1312
f 1332 	1328 	1860
f 1338 	926 	1339
f 1341 	926 	1342
f 1328 	1342 	926
f 926 	1341 	1340
f 1340 	1339 	926
f 1095 	1046 	1338
f 1362 	1051 	1361
f 1362 	1332 	1051
f 1860 	1861 	1051
f 767 	765 	775
f 699 	775 	765
f 1359 	1051 	1358
f 1359 	1361 	1051
f 1332 	1860 	1051
f 1357 	1358 	1051
f 775 	772 	771
f 775 	771 	770
f 775 	770 	769
f 775 	769 	767
f 844 	843 	805
f 798 	805 	801
f 801 	805 	802
f 1339 	1358 	1338
f 1340 	1359 	1358
f 1340 	1358 	1339
f 797 	805 	798
f 820 	805 	822
f 820 	819 	805
f 819 	817 	805
f 816 	805 	817
f 1359 	1340 	1361
f 1341 	1361 	1340
f 1342 	1361 	1341
f 846 	844 	805
f 796 	805 	843
f 802 	805 	796
f 1357 	1109 	1338
f 856 	854 	805
f 854 	851 	805
f 851 	848 	805
f 848 	846 	805
f 1357 	1338 	1358
f 12 	15 	389
f 389 	15 	20
f 26 	394 	24
f 26 	31 	394
f 395 	394 	31
f 33 	397 	395
f 33 	395 	31
f 397 	33 	35
f 39 	399 	35
f 41 	400 	39
f 399 	39 	400
f 400 	41 	44
f 46 	405 	45
f 405 	46 	53
f 54 	411 	53
f 4728 	1367 	1369
f 411 	54 	56
f 57 	414 	56
f 414 	57 	58
f 420 	58 	63
f 96 	453 	63
f 423 	66 	67
f 423 	67 	424
f 424 	67 	70
f 424 	70 	425
f 425 	70 	73
f 73 	74 	427
f 75 	429 	74
f 427 	74 	429
f 429 	75 	12
f 432 	77 	76
f 432 	76 	78
f 78 	79 	434
f 81 	436 	79
f 434 	79 	436
f 1342 	1362 	1361
f 436 	81 	83
f 1362 	1342 	1328
f 1362 	1328 	1332
f 439 	83 	84
f 439 	84 	85
f 444 	85 	86
f 66 	423 	86
f 444 	86 	423
f 447 	89 	91
f 447 	91 	449
f 449 	91 	93
f 1382 	1378 	1886
f 63 	453 	420
f 453 	96 	454
f 98 	454 	96
f 457 	454 	99
f 98 	99 	454
f 457 	99 	459
f 101 	459 	99
f 103 	462 	459
f 103 	459 	101
f 462 	103 	104
f 105 	465 	104
f 465 	105 	466
f 106 	466 	105
f 1382 	1397 	1378
f 1393 	1378 	1397
f 108 	467 	466
f 108 	466 	106
f 470 	467 	109
f 108 	109 	467
f 111 	471 	109
f 470 	109 	471
f 89 	447 	111
f 471 	111 	447
f 119 	482 	118
f 150 	577 	148
f 577 	150 	152
f 159 	584 	158
f 160 	584 	159
f 162 	587 	160
f 587 	162 	588
f 163 	588 	162
f 588 	163 	164
f 1397 	1382 	117
f 1408 	1404 	1418
f 1405 	1418 	1404
f 1393 	1397 	1405
f 1418 	1405 	1397
f 1455 	6661 	1404
f 1397 	117 	1418
f 1463 	1455 	1408
f 1404 	1408 	1455
f 606 	604 	187
f 611 	188 	191
f 611 	191 	192
f 1470 	6661 	1455
f 194 	614 	199
f 171 	593 	168
f 1408 	117 	1463
f 1777 	6645 	1775
f 1463 	117 	1777
f 600 	599 	178
f 180 	601 	178
f 182 	604 	180
f 182 	187 	604
f 1785 	1782 	1775
f 606 	187 	188
f 1775 	1469 	1470
f 1775 	1470 	1777
f 1455 	1463 	1470
f 1777 	1470 	1463
f 611 	192 	612
f 1469 	1775 	1782
f 614 	194 	193
f 1809 	6644 	1782
f 6661 	1470 	1469
f 199 	621 	197
f 1785 	1818 	1782
f 621 	199 	614
f 1807 	1802 	6644
f 6645 	1818 	1785
f 1807 	1816 	1802
f 1814 	1802 	1816
f 1816 	1807 	1809
f 1816 	1809 	1818
f 1809 	1782 	1818
f 213 	628 	210
f 214 	629 	628
f 214 	628 	213
f 629 	214 	216
f 217 	632 	216
f 632 	217 	218
f 222 	223 	639
f 639 	223 	197
f 612 	192 	558
f 558 	134 	135
f 558 	135 	559
f 136 	562 	135
f 559 	135 	562
f 562 	136 	138
f 562 	138 	563
f 1835 	1834 	1802
f 1835 	1802 	1814
f 563 	138 	566
f 140 	566 	138
f 1328 	926 	1849
f 141 	568 	566
f 141 	566 	140
f 568 	141 	571
f 143 	571 	141
f 1850 	1849 	926
f 145 	573 	571
f 145 	571 	143
f 926 	6644 	1850
f 573 	145 	574
f 146 	574 	145
f 574 	146 	148
f 574 	148 	576
f 1834 	1850 	6644
f 577 	576 	148
f 1802 	1834 	6644
f 1807 	6644 	1809
f 152 	578 	577
f 578 	152 	156
f 1835 	6645 	1861
f 582 	578 	156
f 582 	156 	583
f 158 	583 	156
f 584 	583 	158
f 160 	585 	584
f 587 	585 	160
f 1814 	6645 	1835
f 1818 	6645 	1816
f 164 	589 	588
f 1328 	1849 	1860
f 205 	589 	164
f 1860 	1849 	1850
f 616 	195 	592
f 592 	168 	593
f 593 	171 	173
f 593 	173 	596
f 1860 	1850 	1861
f 175 	597 	173
f 596 	173 	597
f 1861 	1850 	1834
f 1861 	1834 	1835
f 177 	599 	175
f 597 	175 	599
f 177 	178 	599
f 600 	178 	601
f 601 	180 	604
f 1876 	1889 	5528
f 606 	188 	609
f 1877 	1875 	5528
f 1878 	5528 	1879
f 1296 	1879 	5528
f 6661 	1886 	1378
f 1887 	1886 	6661
f 1889 	1888 	6661
f 1888 	1887 	6661
f 1405 	6661 	1393
f 1878 	1877 	5528
f 1875 	1876 	5528
f 6661 	5528 	1889
f 1405 	1404 	6661
f 1310 	5675 	1899
f 1312 	5675 	1311
f 1912 	1918 	117
f 1909 	1912 	117
f 1918 	1892 	117
f 1908 	1909 	117
f 5675 	117 	1892
f 1382 	1908 	117
f 1894 	5675 	1892
f 1898 	5675 	1895
f 1899 	5675 	1898
f 1878 	1898 	1877
f 1898 	1878 	1879
f 1310 	1899 	1296
f 1888 	1912 	1887
f 1912 	1888 	1918
f 1889 	1918 	1888
f 1876 	1918 	1889
f 1875 	1894 	1892
f 1875 	1892 	1876
f 1894 	1875 	1895
f 1877 	1895 	1875
f 1898 	1895 	1877
f 1879 	1899 	1898
f 1879 	1296 	1899
f 1908 	1382 	1886
f 1908 	1886 	1909
f 1887 	1909 	1886
f 1912 	1909 	1887
f 1876 	1892 	1918
f 6661 	6669 	5528
f 5615 	5528 	6669
f 2151 	1965 	1970
f 609 	188 	611
f 134 	558 	192
f 615 	614 	193
f 615 	193 	195
f 615 	195 	616
f 168 	592 	195
f 621 	620 	197
f 589 	205 	622
f 207 	624 	622
f 207 	622 	205
f 210 	626 	207
f 624 	207 	626
f 628 	626 	210
f 216 	631 	629
f 632 	631 	216
f 218 	633 	632
f 633 	218 	634
f 219 	634 	218
f 221 	636 	219
f 634 	219 	636
f 222 	637 	221
f 636 	221 	637
f 637 	222 	639
f 639 	197 	620
f 2 	1999 	1
f 2000 	1 	1999
f 2002 	2001 	2082
f 2082 	2005 	2002
f 2005 	2082 	2012
f 2016 	2082 	2018
f 2022 	2082 	2026
f 2029 	2027 	2082
f 2031 	2082 	2032
f 4423 	4339 	2032
f 4339 	4313 	2032
f 2033 	2032 	4313
f 2034 	2033 	4307
f 2043 	2042 	1999
f 2044 	2043 	1999
f 2045 	2044 	1999
f 2046 	1999 	2047
f 2045 	1999 	2046
f 2048 	2047 	1999
f 1999 	2051 	2049
f 2049 	2048 	1999
f 2082 	2001 	2053
f 1999 	2042 	2058
f 2080 	1999 	2063
f 2039 	2038 	474
f 2075 	2080 	2077
f 2078 	2080 	2079
f 2075 	2074 	2080
f 2074 	2073 	2080
f 2072 	2080 	2073
f 2080 	2072 	2069
f 2080 	2069 	2067
f 2066 	2080 	2067
f 2065 	2080 	2066
f 485 	478 	2035
f 2058 	2054 	1999
f 2054 	2055 	1999
f 2055 	2064 	1999
f 2064 	2063 	1999
f 2063 	2079 	2080
f 2078 	2077 	2080
f 2027 	2026 	2082
f 2022 	2018 	2082
f 2016 	2012 	2082
f 2052 	1999 	2053
f 2052 	2051 	1999
f 4307 	485 	2034
f 4313 	4307 	2033
f 4514 	4423 	2032
f 2082 	4514 	2032
f 2031 	2029 	2082
f 2082 	2053 	1999
f 4656 	4654 	2082
f 224 	197 	4860
f 221 	4860 	222
f 2082 	2 	224
f 1999 	2 	2082
f 2114 	2116 	2412
f 2113 	2114 	2412
f 2102 	1 	2101
f 2099 	2101 	1
f 2103 	693 	2102
f 2105 	693 	2103
f 2109 	693 	2108
f 2111 	693 	2110
f 5142 	2412 	2116
f 2116 	2117 	5142
f 2120 	2122 	5141
f 5140 	5141 	2123
f 2132 	2382 	2131
f 2130 	2131 	2382
f 2134 	2382 	2132
f 2135 	2382 	2134
f 2137 	2382 	2135
f 2139 	2382 	2138
f 2141 	2382 	2140
f 2094 	2000 	2143
f 2141 	2143 	2382
f 2154 	1965 	2151
f 2156 	1965 	2154
f 1965 	2156 	2159
f 2626 	2154 	2151
f 2154 	2626 	2156
f 2282 	4916 	2147
f 2286 	2291 	4915
f 2382 	4915 	2291
f 2296 	2382 	2295
f 2144 	4705 	2126
f 2147 	4916 	2146
f 2146 	4705 	2144
f 2295 	2382 	2291
f 2297 	2382 	2296
f 2126 	4705 	2125
f 2125 	4705 	2124
f 2299 	2382 	2298
f 2303 	2382 	2299
f 2304 	2382 	2303
f 2382 	2304 	2306
f 2308 	2382 	2307
f 2313 	2382 	2311
f 2318 	2319 	4894
f 2322 	2323 	4889
f 2381 	4889 	2323
f 2321 	2322 	4891
f 4889 	4891 	2322
f 2328 	2381 	2326
f 2329 	2381 	2328
f 2325 	2381 	2323
f 2331 	2000 	2330
f 2332 	2000 	2331
f 2334 	2000 	2332
f 2335 	2000 	2334
f 2000 	2335 	2336
f 2338 	2000 	2337
f 2298 	2382 	2342
f 2345 	2330 	2000
f 2350 	2000 	2349
f 2343 	2000 	2350
f 2363 	2381 	2359
f 2366 	2381 	2365
f 2364 	2365 	2381
f 2349 	2000 	2376
f 2371 	2376 	2000
f 1970 	1965 	2377
f 2352 	2355 	2381
f 2381 	2355 	2357
f 2381 	2357 	2359
f 2364 	2381 	2363
f 2000 	2381 	2367
f 2371 	2000 	2367
f 2344 	2000 	2343
f 2344 	2345 	2000
f 2336 	2337 	2000
f 2340 	2341 	2000
f 2366 	2367 	2381
f 2172 	2632 	2377
f 2633 	2377 	2632
f 2382 	2000 	2341
f 2341 	2342 	2382
f 2307 	2382 	2306
f 2311 	2382 	2308
f 2316 	2317 	4894
f 2338 	2340 	2000
f 2319 	2320 	4894
f 4891 	4894 	2321
f 2325 	2326 	2381
f 2329 	2352 	2381
f 2128 	2382 	2297
f 2130 	2382 	2128
f 2138 	2382 	2137
f 2140 	2382 	2139
f 2286 	4916 	2282
f 4916 	2286 	4915
f 2377 	1965 	2172
f 2099 	2000 	2094
f 2382 	2143 	2000
f 2106 	693 	2105
f 2107 	693 	2106
f 2108 	693 	2107
f 2110 	693 	2109
f 1965 	5353 	2172
f 2393 	2172 	5353
f 2647 	2393 	2392
f 2393 	2647 	2172
f 2396 	2644 	2390
f 2400 	5353 	2399
f 2396 	5353 	2400
f 2408 	2673 	2399
f 2399 	6066 	2408
f 6066 	2420 	2406
f 2406 	2671 	2407
f 2672 	2407 	2671
f 2408 	2407 	2672
f 2407 	6066 	2406
f 2408 	6066 	2407
f 5130 	2090 	5127
f 5132 	693 	5130
f 5132 	5113 	693
f 2090 	693 	2112
f 2117 	2118 	5142
f 2118 	2119 	5142
f 5141 	5142 	2119
f 2119 	2120 	5141
f 2122 	2123 	5141
f 2123 	2124 	5140
f 2419 	6066 	2414
f 2090 	5130 	693
f 2112 	693 	2111
f 1 	2102 	693
f 2000 	2099 	1
f 2000 	1999 	2080
f 2422 	2091 	2090
f 2422 	2090 	2423
f 2422 	2113 	2091
f 2094 	2492 	2426
f 2094 	2426 	2429
f 2094 	2429 	2099
f 2099 	2429 	2431
f 2099 	2431 	2101
f 2101 	2431 	2432
f 2101 	2432 	2102
f 2684 	2419 	2414
f 2102 	2432 	2434
f 2102 	2434 	2103
f 2420 	2419 	2684
f 2103 	2434 	2438
f 2103 	2438 	2105
f 2105 	2438 	2440
f 2105 	2440 	2106
f 2106 	2440 	2443
f 2106 	2443 	2107
f 2446 	2108 	2107
f 2446 	2107 	2443
f 2447 	2109 	2108
f 2447 	2108 	2446
f 2449 	2110 	2109
f 2449 	2109 	2447
f 2450 	2111 	2110
f 2450 	2110 	2449
f 2466 	2691 	2445
f 2453 	2112 	2111
f 2453 	2111 	2450
f 2112 	2453 	2423
f 2112 	2423 	2090
f 2588 	2445 	2691
f 2456 	2113 	2422
f 2460 	2114 	2113
f 2460 	2113 	2456
f 2462 	2116 	2114
f 2462 	2114 	2460
f 2465 	2117 	2116
f 2465 	2116 	2462
f 2467 	2118 	2117
f 2467 	2117 	2465
f 2445 	2588 	261
f 2468 	2119 	2118
f 2468 	2118 	2467
f 2466 	2445 	261
f 2469 	2120 	2119
f 2469 	2119 	2468
f 2470 	2122 	2120
f 2470 	2120 	2469
f 2459 	261 	2457
f 2463 	261 	2459
f 2464 	261 	2463
f 2464 	2466 	261
f 261 	1965 	2457
f 2159 	2457 	1965
f 2471 	2123 	2122
f 2471 	2122 	2470
f 2472 	2124 	2123
f 2472 	2123 	2471
f 2473 	2125 	2124
f 2473 	2124 	2472
f 2159 	2696 	2457
f 2474 	2126 	2125
f 2474 	2125 	2473
f 2457 	2696 	2459
f 2474 	2144 	2126
f 2128 	2515 	2476
f 2128 	2476 	2477
f 2128 	2477 	2130
f 2478 	2131 	2130
f 2478 	2130 	2477
f 2480 	2132 	2131
f 2480 	2131 	2478
f 2481 	2134 	2132
f 2481 	2132 	2480
f 2485 	2135 	2134
f 2485 	2134 	2481
f 2487 	2137 	2135
f 2487 	2135 	2485
f 2488 	2138 	2137
f 2488 	2137 	2487
f 2489 	2139 	2138
f 2489 	2138 	2488
f 2490 	2140 	2139
f 2490 	2139 	2489
f 2491 	2141 	2140
f 2491 	2140 	2490
f 2492 	2143 	2141
f 2492 	2141 	2491
f 2492 	2094 	2143
f 2494 	2144 	2474
f 2495 	2146 	2144
f 2495 	2144 	2494
f 2499 	2147 	2146
f 2499 	2146 	2495
f 2500 	2282 	2147
f 2500 	2147 	2499
f 2493 	2705 	2486
f 2501 	2286 	2282
f 2501 	2282 	2500
f 2507 	2291 	2286
f 2507 	2286 	2501
f 2510 	2295 	2291
f 2510 	2291 	2507
f 2513 	2296 	2295
f 2513 	2295 	2510
f 2515 	2297 	2296
f 2515 	2296 	2513
f 2515 	2128 	2297
f 2508 	2706 	2511
f 2493 	2511 	2705
f 2708 	2705 	2511
f 327 	2508 	2511
f 2508 	327 	2548
f 2547 	2548 	327
f 2543 	2547 	327
f 2511 	2493 	327
f 2543 	2721 	2547
f 2547 	2721 	2548
f 2548 	2715 	2508
f 327 	254 	2558
f 2558 	2543 	327
f 2557 	2743 	2558
f 2564 	254 	2561
f 2558 	254 	2557
f 2332 	2044 	2045
f 2743 	2557 	2564
f 2573 	2561 	254
f 2052 	2341 	2340
f 2344 	2343 	2054
f 2054 	2345 	2344
f 2589 	2843 	2573
f 2746 	2561 	2573
f 2589 	261 	2588
f 254 	2589 	2573
f 2589 	254 	261
f 2564 	2557 	254
f 2593 	6066 	2592
f 2595 	6066 	2593
f 2016 	2306 	2304
f 2414 	6066 	2600
f 2018 	2307 	2306
f 2018 	2306 	2016
f 2308 	2307 	2018
f 2610 	327 	2609
f 2609 	327 	2608
f 2026 	2311 	2308
f 2313 	2311 	2026
f 2611 	327 	2610
f 2591 	6066 	2611
f 2420 	6066 	2419
f 2032 	2318 	2317
f 2592 	6066 	2591
f 2600 	6066 	2595
f 2319 	2318 	2032
f 2486 	327 	2493
f 2608 	327 	2486
f 2035 	2321 	2320
f 2860 	2592 	2591
f 2321 	2035 	2322
f 2036 	2322 	2035
f 2593 	2592 	2860
f 2323 	2322 	2036
f 2038 	2325 	2323
f 2039 	2326 	2325
f 2039 	2325 	2038
f 2328 	2326 	2039
f 2872 	2609 	2608
f 2872 	2608 	2871
f 2610 	2609 	2872
f 2332 	2045 	2334
f 2334 	2045 	2335
f 605 	6115 	6093
f 327 	6066 	605
f 2618 	1970 	2633
f 1970 	2377 	2633
f 1970 	2618 	2625
f 2625 	2618 	1966
f 2626 	2625 	1966
f 2627 	1966 	2628
f 264 	2696 	1966
f 2626 	1966 	2627
f 1970 	2625 	2151
f 2626 	2151 	2625
f 2627 	2156 	2626
f 2628 	2159 	2156
f 2628 	2156 	2627
f 2647 	5355 	2632
f 2618 	2633 	1966
f 2633 	2632 	1966
f 2632 	2172 	2647
f 2645 	5355 	2647
f 2390 	2644 	2392
f 2645 	2392 	2644
f 2647 	2392 	2645
f 2644 	5355 	2645
f 2648 	2396 	2400
f 2648 	2400 	2664
f 2648 	2644 	2396
f 2665 	5355 	2664
f 2400 	2399 	2665
f 2664 	2400 	2665
f 2335 	2047 	2336
f 2336 	2047 	2337
f 2052 	2342 	2341
f 2672 	6611 	2673
f 2689 	6611 	2671
f 2665 	2673 	5355
f 2350 	2349 	2063
f 2406 	2420 	2671
f 2067 	2357 	2355
f 2673 	2408 	2672
f 2359 	2357 	2067
f 2665 	2399 	2673
f 2074 	2365 	2364
f 2366 	2365 	2074
f 2077 	2367 	2366
f 2367 	2077 	2371
f 2689 	2671 	2420
f 2063 	2349 	2376
f 2492 	2423 	2426
f 2422 	2423 	2492
f 2429 	2426 	2423
f 2429 	2423 	2453
f 2429 	2453 	2450
f 2429 	2450 	2449
f 2429 	2449 	2447
f 2429 	2447 	2446
f 2429 	2446 	2443
f 2429 	2443 	2440
f 2429 	2440 	2438
f 2429 	2438 	2434
f 2432 	2431 	2434
f 2429 	2434 	2431
f 2684 	6611 	2689
f 2422 	2492 	2456
f 2460 	2456 	2492
f 2474 	2473 	2492
f 2473 	2472 	2492
f 2472 	2471 	2492
f 2471 	2470 	2492
f 2470 	2469 	2492
f 2469 	2468 	2492
f 2468 	2467 	2492
f 2467 	2465 	2492
f 2462 	2492 	2465
f 2460 	2492 	2462
f 2414 	2600 	2680
f 2489 	2488 	2490
f 2491 	2490 	2488
f 2492 	2491 	2488
f 2492 	2488 	2487
f 2492 	2487 	2485
f 2492 	2485 	2481
f 2492 	2481 	2480
f 2492 	2480 	2478
f 2492 	2478 	2477
f 2476 	2492 	2477
f 2515 	2492 	2476
f 2684 	2414 	2680
f 2689 	2420 	2684
f 2492 	2515 	2513
f 2492 	2513 	2510
f 2492 	2510 	2507
f 2492 	2507 	2501
f 2492 	2501 	2500
f 2492 	2500 	2499
f 2492 	2499 	2495
f 2492 	2495 	2494
f 2492 	2494 	2474
f 2298 	2001 	2002
f 2298 	2002 	2299
f 2299 	2002 	2005
f 2299 	2005 	2303
f 2012 	2304 	2005
f 2303 	2005 	2304
f 2304 	2012 	2016
f 2691 	2466 	2700
f 2022 	2308 	2018
f 2628 	1966 	2696
f 2308 	2022 	2026
f 2027 	2313 	2026
f 2313 	2027 	2316
f 2029 	2316 	2027
f 2316 	2029 	2031
f 2316 	2031 	2317
f 2699 	264 	2700
f 2317 	2031 	2032
f 2319 	2032 	2033
f 2034 	2320 	2033
f 2691 	2700 	264
f 2698 	264 	2699
f 264 	2698 	2697
f 264 	2697 	2696
f 2319 	2033 	2320
f 265 	2843 	264
f 2320 	2034 	2035
f 2628 	2696 	2159
f 2037 	2323 	2036
f 2697 	2459 	2696
f 2323 	2037 	2038
f 2459 	2697 	2463
f 2698 	2463 	2697
f 2328 	2039 	2040
f 2699 	2464 	2463
f 2699 	2463 	2698
f 2328 	2040 	2329
f 2041 	2329 	2040
f 2464 	2699 	2466
f 2700 	2466 	2699
f 2065 	2329 	2041
f 2331 	2330 	2043
f 2042 	2043 	2330
f 2332 	2331 	2044
f 2043 	2044 	2331
f 2703 	2486 	2705
f 2703 	2608 	2486
f 2335 	2045 	2046
f 2335 	2046 	2047
f 2705 	914 	2703
f 2337 	2047 	2048
f 2338 	2337 	2049
f 2048 	2049 	2337
f 2051 	2340 	2049
f 2338 	2049 	2340
f 2340 	2051 	2052
f 2052 	2053 	2342
f 2298 	2342 	2001
f 2053 	2001 	2342
f 2343 	2055 	2054
f 2058 	2345 	2054
f 2708 	2706 	914
f 2042 	2330 	2058
f 2058 	2330 	2345
f 2376 	2079 	2063
f 2350 	2063 	2064
f 2343 	2350 	2055
f 2064 	2055 	2350
f 2708 	2511 	2706
f 2065 	2352 	2329
f 2355 	2352 	2066
f 2065 	2066 	2352
f 2355 	2066 	2067
f 2069 	2359 	2067
f 2359 	2069 	2363
f 2072 	2363 	2069
f 2073 	2364 	2363
f 2073 	2363 	2072
f 2364 	2073 	2074
f 2706 	2715 	914
f 2075 	2366 	2074
f 2366 	2075 	2077
f 2077 	2078 	2371
f 2079 	2376 	2078
f 2371 	2078 	2376
f 2706 	2508 	2715
f 2412 	2084 	4706
f 2726 	2725 	2992
f 2764 	2763 	2992
f 265 	914 	2721
f 2722 	2720 	2992
f 2724 	2723 	2992
f 2725 	2724 	2992
f 2715 	2721 	914
f 2729 	2727 	2992
f 2726 	2992 	2727
f 2992 	2995 	2729
f 2730 	2729 	2995
f 2732 	2731 	575
f 2995 	575 	2731
f 2705 	2708 	914
f 2718 	265 	2721
f 2543 	2718 	2721
f 2715 	2548 	2721
f 2543 	2558 	2718
f 2749 	265 	2743
f 2718 	2744 	265
f 2743 	265 	2744
f 2744 	2558 	2743
f 2744 	2718 	2558
f 2748 	265 	2749
f 2746 	2573 	2843
f 2748 	2561 	2746
f 2561 	2748 	2564
f 2749 	2564 	2748
f 2735 	550 	2751
f 575 	561 	2733
f 2751 	550 	2752
f 2752 	2795 	2753
f 2754 	2795 	2755
f 2080 	2923 	2774
f 2923 	2799 	2774
f 2800 	2801 	2774
f 2802 	2804 	2774
f 2774 	2773 	2080
f 2772 	2080 	2773
f 2776 	2797 	2777
f 2778 	2777 	2797
f 2757 	2795 	2779
f 2783 	2795 	2784
f 2785 	2784 	2797
f 2787 	2797 	2788
f 2788 	2797 	2789
f 2787 	2786 	2797
f 2786 	2785 	2797
f 2782 	2795 	2783
f 2780 	2795 	2782
f 2779 	2795 	2780
f 2756 	2795 	2757
f 2797 	2784 	2795
f 2799 	2800 	2774
f 2772 	2771 	2080
f 2768 	2797 	2769
f 2767 	2797 	2768
f 2771 	2769 	2080
f 2765 	2797 	2767
f 2080 	2769 	2797
f 2797 	2765 	2766
f 2766 	2778 	2797
f 2776 	2789 	2797
f 2756 	2755 	2795
f 2754 	2753 	2795
f 2731 	2730 	2995
f 2723 	2722 	2992
f 2758 	2774 	2804
f 2817 	2994 	2758
f 2759 	2758 	2994
f 2994 	2992 	2759
f 2808 	2994 	2806
f 2806 	2994 	2805
f 2811 	2994 	2808
f 2813 	2994 	2812
f 2812 	2994 	2811
f 2805 	2994 	2814
f 2818 	2994 	2817
f 2760 	2759 	2992
f 2816 	2994 	2821
f 2821 	2994 	2818
f 2814 	2994 	2816
f 2824 	2996 	2823
f 2828 	3183 	2825
f 2826 	3196 	2828
f 2825 	3183 	2824
f 2749 	2743 	2564
f 2691 	264 	2841
f 264 	2843 	2841
f 265 	2746 	2843
f 2748 	2746 	265
f 2691 	2841 	2588
f 2843 	2589 	2841
f 2588 	2841 	2589
f 2861 	6611 	2860
f 2862 	2860 	6611
f 2863 	2862 	6611
f 2866 	6611 	2680
f 2680 	6611 	2684
f 2703 	914 	2871
f 2871 	914 	2872
f 2874 	914 	2876
f 2866 	2863 	6611
f 2876 	914 	2861
f 6611 	2861 	914
f 2872 	914 	2874
f 2860 	2591 	2861
f 2862 	2593 	2860
f 2863 	2595 	2593
f 2863 	2593 	2862
f 2595 	2863 	2600
f 2866 	2600 	2863
f 2680 	2600 	2866
f 2871 	2608 	2703
f 2874 	2610 	2872
f 2610 	2874 	2611
f 2876 	2611 	2874
f 2611 	2876 	2591
f 2861 	2591 	2876
f 901 	6317 	914
f 1966 	2891 	928
f 1966 	928 	264
f 2893 	1053 	1051
f 2893 	1051 	924
f 2895 	922 	926
f 2895 	926 	1046
f 1965 	261 	930
f 1965 	930 	2896
f 2897 	929 	928
f 2897 	928 	2891
f 2898 	923 	922
f 2898 	922 	2895
f 2898 	2893 	924
f 2898 	924 	923
f 2897 	2896 	930
f 2897 	930 	929
f 2904 	3504 	2902
f 2906 	3504 	2904
f 2900 	2902 	3504
f 2908 	3504 	2906
f 2909 	3504 	2908
f 2910 	3504 	2909
f 2912 	3003 	2911
f 3504 	2910 	3003
f 2916 	3003 	2912
f 2804 	2817 	2758
f 2801 	2802 	2774
f 2938 	2919 	2080
f 2930 	2080 	2928
f 2931 	3003 	2929
f 2932 	2080 	2930
f 2933 	3003 	2931
f 2925 	2929 	3003
f 2934 	2080 	2932
f 2935 	3003 	2933
f 2936 	3003 	2935
f 2940 	3003 	2939
f 2942 	2080 	2934
f 2947 	2941 	2080
f 2942 	2946 	2080
f 2950 	2080 	2949
f 2899 	3504 	3149
f 3143 	3148 	3504
f 2928 	2080 	2950
f 2927 	2949 	2080
f 3141 	3142 	3504
f 2937 	2080 	2941
f 2938 	2080 	2937
f 2919 	2923 	2080
f 2956 	3000 	2955
f 2957 	3000 	2956
f 2958 	3000 	2957
f 3150 	3151 	2899
f 3149 	3150 	2899
f 3153 	3154 	2951
f 3526 	3139 	3504
f 3151 	3153 	2953
f 2967 	2080 	2969
f 2969 	227 	2972
f 2976 	2979 	3000
f 2975 	176 	2965
f 2964 	2965 	161
f 2954 	3000 	2979
f 2975 	2971 	176
f 2972 	227 	2971
f 2080 	227 	2969
f 3003 	2981 	3000
f 2946 	2947 	2080
f 2989 	3000 	2988
f 2829 	2961 	2984
f 2986 	2984 	2961
f 176 	161 	2965
f 2733 	2732 	575
f 2973 	3000 	2993
f 2720 	2764 	2992
f 2763 	2760 	2992
f 2983 	3000 	2982
f 2985 	3000 	2983
f 2987 	3000 	2985
f 2988 	3000 	2987
f 2990 	3000 	2989
f 3000 	2990 	2991
f 2982 	3000 	2981
f 2813 	2996 	2994
f 2991 	2993 	3000
f 2954 	2955 	3000
f 3148 	3149 	3504
f 2973 	2976 	3000
f 2813 	2823 	2996
f 2984 	3200 	2829
f 2827 	2829 	3200
f 2827 	3196 	2826
f 3142 	3143 	3504
f 2899 	2900 	3504
f 2927 	2080 	2967
f 469 	227 	2080
f 2911 	3003 	2910
f 3003 	2916 	2918
f 3003 	2918 	2922
f 3003 	2922 	2925
f 2936 	2939 	3003
f 2981 	3003 	2940
f 2734 	561 	2735
f 2795 	821 	6
f 3002 	6 	821
f 3006 	3076 	918
f 3005 	3006 	918
f 575 	2995 	3007
f 3021 	2381 	3015
f 3007 	2995 	3022
f 2996 	3041 	2995
f 3022 	2995 	3025
f 3025 	2995 	3030
f 3038 	918 	3021
f 3014 	3015 	2381
f 3030 	2995 	3041
f 3040 	918 	3038
f 3050 	3051 	3172
f 2000 	3172 	3053
f 3051 	3053 	3172
f 3054 	3059 	3052
f 3055 	3065 	3054
f 3056 	3074 	3055
f 3057 	3074 	3056
f 3058 	2000 	3053
f 3060 	2000 	3058
f 3020 	3052 	3059
f 3061 	2000 	3060
f 3059 	3054 	3065
f 3062 	2000 	3061
f 3064 	2000 	3063
f 3070 	2381 	3069
f 3065 	3055 	3074
f 3556 	918 	3076
f 3079 	3556 	3078
f 3214 	3074 	3057
f 3076 	3078 	3556
f 3084 	3556 	3080
f 3086 	3556 	3084
f 3087 	3556 	3086
f 3080 	3556 	3079
f 3059 	1369 	3020
f 3088 	3090 	3556
f 3090 	3093 	3556
f 3102 	3172 	3101
f 3103 	3172 	3102
f 3104 	3172 	3103
f 3099 	3101 	3172
f 3044 	3172 	3104
f 3045 	3050 	3172
f 3108 	3530 	3107
f 3110 	3530 	3109
f 3105 	3526 	3118
f 3123 	3172 	3122
f 3121 	3122 	3172
f 3125 	3172 	3123
f 3126 	3172 	3125
f 3130 	3172 	3129
f 3127 	3172 	3126
f 3129 	3172 	3128
f 3132 	3172 	3131
f 3141 	3504 	3140
f 2952 	2953 	3153
f 3140 	3504 	3139
f 3154 	3156 	2948
f 2945 	2948 	3156
f 3156 	3157 	2945
f 2968 	2945 	3157
f 3157 	3160 	2968
f 3162 	3000 	3161
f 3163 	3000 	3162
f 3164 	3000 	3163
f 3119 	3000 	3168
f 3168 	3000 	3167
f 2966 	2968 	3160
f 2963 	2966 	3160
f 2959 	2963 	3160
f 2958 	2959 	3160
f 3000 	2958 	3160
f 3161 	3000 	3160
f 3166 	3000 	3164
f 2948 	2951 	3154
f 3093 	3095 	3556
f 3172 	3556 	3095
f 3096 	3172 	3095
f 3097 	3172 	3096
f 3098 	3099 	3172
f 3097 	3098 	3172
f 3087 	3088 	3556
f 3130 	3131 	3172
f 3172 	3132 	3107
f 3109 	3530 	3108
f 3111 	3112 	3530
f 3112 	3113 	3530
f 3113 	3115 	3530
f 3116 	3526 	3115
f 3117 	3118 	3526
f 3526 	3530 	3115
f 3045 	3172 	3044
f 3062 	3063 	2000
f 3069 	2381 	3064
f 3072 	2381 	3070
f 3041 	2996 	3171
f 2996 	2824 	3183
f 3183 	3171 	2996
f 3166 	3167 	3000
f 3120 	3172 	3119
f 3121 	3172 	3120
f 3000 	3119 	3172
f 3127 	3128 	3172
f 3075 	2381 	3072
f 3008 	2381 	3075
f 3009 	2381 	3008
f 3010 	3011 	2381
f 3012 	2381 	3011
f 3014 	2381 	3012
f 3009 	3010 	2381
f 3042 	3004 	918
f 2000 	3064 	2381
f 3177 	3197 	3173
f 3184 	3173 	3197
f 3183 	2828 	3196
f 3197 	3194 	3184
f 3193 	3184 	3194
f 3194 	3207 	3193
f 3196 	2827 	3200
f 3205 	3193 	3207
f 3214 	3057 	3217
f 3221 	3222 	3215
f 3219 	3227 	3218
f 3227 	3214 	3218
f 3220 	3227 	3219
f 3217 	3218 	3214
f 3216 	3215 	3222
f 3234 	3227 	3224
f 3220 	3224 	3227
f 3235 	3236 	3230
f 3229 	3230 	3236
f 3234 	3225 	3226
f 3224 	3225 	3234
f 3244 	3245 	3210
f 3209 	3210 	3245
f 3248 	3247 	3246
f 3248 	3246 	3249
f 167 	226 	3263
f 167 	3263 	170
f 203 	3252 	190
f 3252 	203 	208
f 3252 	225 	190
f 2986 	2961 	161
f 3263 	226 	225
f 2961 	2964 	161
f 3177 	3173 	3269
f 3266 	3269 	3173
f 3269 	3266 	3270
f 3275 	4810 	3277
f 3276 	3277 	198
f 3275 	3278 	4810
f 3279 	4810 	3278
f 3271 	4819 	3279
f 3226 	198 	3234
f 3284 	3341 	3288
f 3272 	4819 	3271
f 3226 	3276 	198
f 3302 	3297 	3298
f 3301 	3297 	3302
f 3306 	3305 	3303
f 3303 	3308 	3306
f 3327 	3306 	3308
f 3314 	3315 	3312
f 3309 	3312 	3315
f 3308 	3317 	3327
f 3318 	3320 	3321
f 3318 	3321 	3317
f 3327 	3317 	3321
f 3329 	3330 	3331
f 3342 	3288 	3341
f 855 	3345 	867
f 867 	3345 	869
f 893 	876 	3364
f 875 	3364 	876
f 893 	3364 	888
f 893 	888 	887
f 3376 	918 	3375
f 176 	2971 	227
f 474 	469 	2080
f 2080 	2065 	474
f 2065 	2041 	474
f 858 	2795 	498
f 847 	2795 	858
f 2795 	2752 	550
f 498 	2795 	550
f 550 	2735 	561
f 2734 	2733 	561
f 2953 	2899 	3151
f 2951 	2952 	3153
f 3511 	619 	3510
f 3508 	3509 	603
f 619 	603 	3509
f 3488 	1229 	3487
f 3489 	1229 	3488
f 3509 	3510 	619
f 3136 	3526 	3105
f 3138 	3139 	3526
f 3136 	3138 	3526
f 3116 	3117 	3526
f 3110 	3111 	3530
f 3486 	1220 	3511
f 3172 	3107 	3530
f 913 	6 	3002
f 3556 	3172 	3530
f 821 	2795 	835
f 847 	835 	2795
f 3534 	4835 	3533
f 3537 	3538 	891
f 3526 	3514 	3530
f 897 	891 	3538
f 3538 	3539 	897
f 882 	897 	3539
f 3507 	882 	3540
f 3540 	882 	3539
f 3507 	3508 	882
f 3535 	3536 	1202
f 891 	1202 	3536
f 3533 	4823 	155
f 3536 	3537 	891
f 3504 	3003 	3534
f 603 	882 	3508
f 3533 	155 	3514
f 3530 	3514 	155
f 3004 	3005 	918
f 3040 	3042 	918
f 906 	902 	6
f 906 	6 	913
f 3535 	1202 	3562
f 3561 	1193 	3560
f 2381 	3021 	918
f 2317 	2318 	4894
f 4888 	4889 	2381
f 2313 	2316 	4894
f 4903 	918 	4901
f 931 	6 	947
f 953 	947 	6
f 953 	6 	962
f 962 	6 	971
f 155 	3375 	918
f 6 	902 	971
f 2320 	2321 	4894
f 4886 	4888 	2381
f 4903 	4886 	918
f 918 	4886 	2381
f 3573 	998 	3571
f 3000 	3172 	2797
f 2000 	2080 	3172
f 2080 	2797 	3172
f 2904 	2902 	2724
f 3571 	998 	3679
f 986 	4772 	998
f 3573 	4268 	998
f 3681 	4329 	1136
f 2900 	2722 	2902
f 2723 	2724 	2902
f 2904 	2724 	2906
f 2729 	2910 	2909
f 2911 	2910 	2729
f 2912 	2732 	2916
f 2918 	2916 	2732
f 2734 	2922 	2918
f 2925 	2922 	2734
f 2929 	2751 	2931
f 2752 	2931 	2751
f 2931 	2752 	2933
f 2753 	2933 	2752
f 2935 	2933 	2753
f 2757 	2940 	2939
f 2981 	2940 	2757
f 2948 	2760 	2951
f 2951 	2760 	2952
f 2720 	2899 	2953
f 2766 	2955 	2954
f 2956 	2768 	2957
f 2769 	2958 	2768
f 2957 	2768 	2958
f 2958 	2769 	2959
f 2963 	2773 	2966
f 2966 	2773 	2968
f 2976 	2778 	2979
f 2766 	2954 	2778
f 2979 	2778 	2954
f 2784 	2987 	2985
f 2988 	2987 	2784
f 2722 	2900 	2720
f 2899 	2720 	2900
f 2723 	2902 	2722
f 2724 	2725 	2906
f 2725 	2726 	2906
f 2908 	2906 	2726
f 2727 	2909 	2908
f 2727 	2908 	2726
f 2909 	2727 	2729
f 2730 	2911 	2729
f 2730 	2731 	2911
f 2912 	2911 	2731
f 2912 	2731 	2732
f 2733 	2918 	2732
f 3741 	1176 	3740
f 3740 	1176 	4032
f 3559 	1184 	3742
f 2918 	2733 	2734
f 2735 	2925 	2734
f 3741 	3742 	1176
f 2751 	2929 	2925
f 1184 	1176 	3742
f 2735 	2751 	2925
f 2754 	2935 	2753
f 2935 	2754 	2936
f 2755 	2936 	2754
f 2756 	2939 	2936
f 2756 	2936 	2755
f 1193 	1184 	3560
f 3561 	3562 	1193
f 3559 	3560 	1184
f 1202 	1193 	3562
f 3486 	3487 	1220
f 3490 	1236 	3489
f 3490 	3781 	1236
f 3016 	3017 	1367
f 619 	3511 	1220
f 1220 	3487 	1229
f 1229 	3489 	1236
f 1367 	1241 	3016
f 3782 	1241 	3781
f 1236 	3781 	1241
f 3783 	3016 	1241
f 3018 	1367 	3017
f 3782 	3783 	1241
f 3019 	1369 	3018
f 1367 	3018 	1369
f 3019 	3020 	1369
f 2939 	2756 	2757
f 2779 	2981 	2757
f 2945 	2758 	2759
f 2945 	2759 	2948
f 2948 	2759 	2760
f 2952 	2760 	2763
f 2764 	2953 	2763
f 2952 	2763 	2953
f 2953 	2764 	2720
f 2955 	2766 	2765
f 2767 	2956 	2765
f 2955 	2765 	2956
f 2956 	2767 	2768
f 2769 	2771 	2959
f 2963 	2959 	2772
f 2771 	2772 	2959
f 2963 	2772 	2773
f 2968 	2773 	2774
f 2758 	2945 	2774
f 2968 	2774 	2945
f 2976 	2973 	2777
f 2776 	2777 	2973
f 2976 	2777 	2778
f 2982 	2981 	2780
f 2779 	2780 	2981
f 2982 	2780 	2983
f 2782 	2983 	2780
f 2783 	2985 	2983
f 2783 	2983 	2782
f 2985 	2783 	2784
f 2785 	2988 	2784
f 2988 	2785 	2989
f 2786 	2989 	2785
f 2989 	2786 	2990
f 2787 	2990 	2786
f 2991 	2990 	2788
f 2787 	2788 	2990
f 2789 	2993 	2788
f 2991 	2788 	2993
f 2973 	2993 	2776
f 2789 	2776 	2993
f 3889 	3005 	3004
f 3889 	3004 	3891
f 3892 	3006 	3005
f 3892 	3005 	3889
f 3008 	3893 	3894
f 3008 	3894 	3009
f 3009 	3894 	3895
f 3009 	3895 	3010
f 3896 	3011 	3895
f 3010 	3895 	3011
f 3011 	3896 	3898
f 3011 	3898 	3012
f 3012 	3898 	3899
f 3012 	3899 	3014
f 3901 	3015 	3014
f 3901 	3014 	3899
f 3902 	3021 	3015
f 3902 	3015 	3901
f 3903 	3038 	3021
f 3903 	3021 	3902
f 3904 	3040 	3038
f 3904 	3038 	3903
f 3905 	3042 	3040
f 3905 	3040 	3904
f 3042 	3905 	3891
f 3042 	3891 	3004
f 3044 	3960 	3906
f 3044 	3906 	3907
f 3044 	3907 	3045
f 3045 	3907 	3909
f 3045 	3909 	3050
f 3910 	3051 	3050
f 3910 	3050 	3909
f 3912 	3053 	3051
f 3912 	3051 	3910
f 3913 	3058 	3053
f 3913 	3053 	3912
f 3916 	3060 	3058
f 3916 	3058 	3913
f 3917 	3061 	3060
f 3917 	3060 	3916
f 3918 	3062 	3061
f 3918 	3061 	3917
f 3921 	3063 	3062
f 3921 	3062 	3918
f 3922 	3064 	3063
f 3922 	3063 	3921
f 3923 	3069 	3064
f 3923 	3064 	3922
f 3924 	3070 	3069
f 3924 	3069 	3923
f 3925 	3072 	3070
f 3925 	3070 	3924
f 3072 	3925 	3926
f 3072 	3926 	3075
f 3893 	3008 	3075
f 3893 	3075 	3926
f 3006 	3892 	3076
f 3927 	3076 	3892
f 3928 	3078 	3076
f 3928 	3076 	3927
f 3929 	3079 	3078
f 3929 	3078 	3928
f 3930 	3080 	3079
f 3930 	3079 	3929
f 3931 	3084 	3080
f 3931 	3080 	3930
f 3932 	3086 	3084
f 3932 	3084 	3931
f 3933 	3087 	3086
f 3933 	3086 	3932
f 3934 	3088 	3087
f 3934 	3087 	3933
f 3935 	3090 	3088
f 3935 	3088 	3934
f 3935 	3093 	3090
f 3936 	3093 	3935
f 3938 	3095 	3093
f 3938 	3093 	3936
f 3939 	3096 	3095
f 3939 	3095 	3938
f 3946 	3097 	3096
f 3946 	3096 	3939
f 3950 	3098 	3097
f 3950 	3097 	3946
f 3951 	3099 	3098
f 3951 	3098 	3950
f 3953 	3101 	3099
f 3953 	3099 	3951
f 3955 	3102 	3101
f 3955 	3101 	3953
f 3958 	3103 	3102
f 3958 	3102 	3955
f 3960 	3104 	3103
f 3960 	3103 	3958
f 3960 	3044 	3104
f 3107 	3995 	3963
f 3107 	3963 	3964
f 3107 	3964 	3108
f 3108 	3964 	3965
f 3108 	3965 	3109
f 3109 	3965 	3966
f 3109 	3966 	3110
f 3110 	3966 	3967
f 3110 	3967 	3111
f 3111 	3967 	3968
f 3111 	3968 	3112
f 3969 	3113 	3112
f 3969 	3112 	3968
f 3970 	3115 	3113
f 3970 	3113 	3969
f 3972 	3116 	3115
f 3972 	3115 	3970
f 3973 	3117 	3116
f 3973 	3116 	3972
f 3974 	3118 	3117
f 3974 	3117 	3973
f 3118 	3974 	3962
f 3118 	3962 	3105
f 3976 	3120 	3119
f 3976 	3119 	3975
f 3977 	3121 	3120
f 3977 	3120 	3976
f 3978 	3122 	3121
f 3978 	3121 	3977
f 3979 	3123 	3122
f 3979 	3122 	3978
f 3980 	3125 	3123
f 3980 	3123 	3979
f 3982 	3126 	3125
f 3982 	3125 	3980
f 3984 	3127 	3126
f 3984 	3126 	3982
f 998 	4268 	3985
f 3987 	3128 	3127
f 3987 	3127 	3984
f 3990 	3129 	3128
f 3990 	3128 	3987
f 3991 	3130 	3129
f 3991 	3129 	3990
f 3992 	3131 	3130
f 3992 	3130 	3991
f 3131 	3992 	3995
f 3131 	3995 	3132
f 3995 	3107 	3132
f 3105 	3962 	3136
f 3996 	3136 	3962
f 3998 	3138 	3136
f 3998 	3136 	3996
f 3999 	3139 	3138
f 3999 	3138 	3998
f 4000 	3140 	3139
f 4000 	3139 	3999
f 4002 	3141 	3140
f 4002 	3140 	4000
f 4003 	3142 	3141
f 4003 	3141 	4002
f 4004 	3143 	3142
f 4004 	3142 	4003
f 4005 	3148 	3143
f 4005 	3143 	4004
f 4007 	3149 	3148
f 4005 	4007 	3148
f 4008 	3150 	3149
f 4008 	3149 	4007
f 4009 	3151 	3150
f 4009 	3150 	4008
f 4009 	3153 	3151
f 4012 	3153 	4009
f 4014 	3154 	3153
f 4014 	3153 	4012
f 4015 	3156 	3154
f 4015 	3154 	4014
f 4017 	3157 	3156
f 4017 	3156 	4015
f 931 	4013 	6
f 4020 	3160 	3157
f 4020 	3157 	4017
f 4021 	3161 	3160
f 4021 	3160 	4020
f 4022 	3162 	3161
f 4022 	3161 	4021
f 4052 	6 	4013
f 4023 	3163 	3162
f 4023 	3162 	4022
f 4026 	3164 	3163
f 4026 	3163 	4023
f 4027 	3166 	3164
f 4027 	3164 	4026
f 4033 	3167 	3166
f 4033 	3166 	4027
f 4034 	3168 	3167
f 4034 	3167 	4033
f 4030 	4031 	488
f 4032 	488 	4031
f 488 	4032 	1176
f 488 	4082 	4030
f 4029 	4030 	4082
f 4028 	4029 	4082
f 3975 	3119 	3168
f 3975 	3168 	4034
f 2799 	2923 	3173
f 2800 	2799 	3184
f 3173 	3184 	2799
f 2800 	3184 	3193
f 2802 	2801 	3205
f 3193 	3205 	2801
f 2800 	3193 	2801
f 3215 	2806 	3221
f 4048 	4035 	120
f 6 	4052 	120
f 2808 	3229 	2811
f 4048 	120 	4051
f 120 	4052 	4051
f 5623 	2814 	3247
f 2821 	3246 	3247
f 2821 	3247 	2816
f 3209 	3245 	2817
f 4065 	4072 	4064
f 4064 	4071 	4063
f 4068 	4207 	4061
f 2818 	3249 	3246
f 2818 	3246 	2821
f 4061 	4062 	4068
f 4062 	4063 	4068
f 4071 	4068 	4063
f 4071 	4064 	4072
f 2827 	2826 	208
f 6694 	6699 	2827
f 4065 	4028 	4072
f 4082 	4072 	4028
f 3263 	2825 	170
f 2928 	2950 	3284
f 4086 	131 	4112
f 4114 	4112 	120
f 120 	4202 	4114
f 2932 	2930 	3301
f 3297 	3301 	2930
f 6204 	6163 	2932
f 2947 	2946 	3317
f 3318 	3317 	2946
f 3308 	3303 	2941
f 3317 	3308 	2947
f 2941 	2947 	3308
f 2942 	2934 	3315
f 2942 	3320 	3318
f 2942 	3318 	2946
f 2950 	2949 	3329
f 2971 	869 	2972
f 3345 	2972 	869
f 3345 	855 	2972
f 2969 	2972 	855
f 2971 	2975 	875
f 3364 	875 	2975
f 3364 	2975 	2965
f 3364 	2965 	888
f 2994 	2996 	5064
f 997 	5064 	2996
f 996 	999 	2995
f 997 	2996 	999
f 3928 	3927 	3893
f 3893 	3891 	3894
f 3924 	3923 	3925
f 3926 	3925 	3923
f 3926 	3923 	3922
f 3926 	3922 	3921
f 3926 	3921 	3918
f 3926 	3918 	3917
f 3926 	3917 	3916
f 3926 	3916 	3913
f 3926 	3913 	3912
f 3926 	3912 	3910
f 3909 	3907 	3926
f 3907 	3906 	3926
f 3906 	3960 	3926
f 3960 	3958 	3926
f 3910 	3909 	3926
f 3932 	3931 	3893
f 3935 	3934 	3893
f 3934 	3933 	3893
f 3932 	3893 	3933
f 3936 	3935 	3893
f 3958 	3955 	3926
f 3955 	3953 	3926
f 3953 	3951 	3926
f 3893 	3926 	3951
f 3951 	3950 	3893
f 3950 	3946 	3893
f 3946 	3939 	3893
f 3939 	3938 	3893
f 3936 	3893 	3938
f 3995 	3992 	3963
f 3964 	4003 	3965
f 4202 	120 	4035
f 3964 	3963 	3992
f 3964 	3992 	3991
f 3964 	3991 	3990
f 3964 	3990 	3987
f 3964 	3987 	3984
f 3964 	3984 	3982
f 3964 	3982 	3980
f 3964 	3980 	3979
f 3964 	3979 	3978
f 3964 	3978 	3977
f 3964 	3977 	3976
f 3964 	3976 	3975
f 4007 	4005 	3964
f 4009 	4008 	3964
f 4007 	3964 	4008
f 4212 	4213 	4220
f 4207 	4220 	4214
f 4214 	4215 	4207
f 4213 	4214 	4220
f 4215 	4061 	4207
f 4220 	4217 	4212
f 4258 	4210 	4265
f 4210 	4211 	4217
f 4211 	4212 	4217
f 4251 	4248 	131
f 4217 	4265 	4210
f 4265 	4269 	4257
f 4257 	4258 	4265
f 4262 	3985 	4261
f 4268 	4261 	3985
f 3985 	4263 	4269
f 4256 	4269 	4263
f 4256 	4257 	4269
f 4262 	4263 	3985
f 219 	218 	4874
f 4289 	4287 	131
f 4284 	131 	4285
f 4285 	131 	4287
f 4289 	131 	4248
f 2041 	2040 	474
f 2036 	2035 	478
f 2035 	2034 	485
f 2038 	2037 	474
f 2040 	2039 	474
f 4326 	4537 	4325
f 4329 	4330 	1136
f 1143 	1136 	4330
f 4331 	4332 	1143
f 4330 	4331 	1143
f 4332 	4333 	1143
f 4323 	4327 	4333
f 4323 	4324 	4327
f 4012 	4009 	3964
f 3975 	4034 	3964
f 4034 	4033 	3964
f 4033 	4027 	3964
f 4027 	4026 	3964
f 4026 	4023 	3964
f 4023 	4022 	3964
f 4022 	4021 	3964
f 4021 	4020 	3964
f 4020 	4017 	3964
f 4015 	3964 	4017
f 4014 	3964 	4015
f 4012 	3964 	4014
f 3973 	3972 	3974
f 3962 	3974 	3972
f 3972 	3970 	3962
f 3970 	3969 	3962
f 3962 	3969 	3968
f 3962 	3968 	3967
f 3966 	4003 	3967
f 3962 	3967 	3996
f 3996 	3967 	3998
f 4005 	4004 	3964
f 4004 	4003 	3964
f 3966 	3965 	4003
f 4002 	3967 	4003
f 4000 	3967 	4002
f 3999 	3967 	4000
f 3998 	3967 	3999
f 3889 	3893 	3892
f 3889 	3891 	3893
f 3905 	3895 	3891
f 3894 	3891 	3895
f 3895 	3905 	3904
f 3895 	3904 	3903
f 3895 	3903 	3902
f 3895 	3902 	3901
f 3895 	3901 	3899
f 3898 	3896 	3899
f 3895 	3899 	3896
f 3892 	3893 	3927
f 3931 	3930 	3893
f 3930 	3929 	3893
f 3928 	3893 	3929
f 3266 	3173 	2923
f 3209 	2817 	2804
f 3221 	2806 	2805
f 3236 	2811 	3229
f 2805 	2814 	3221
f 5623 	3221 	2814
f 2816 	3247 	2814
f 2824 	170 	2825
f 3252 	2826 	2828
f 3252 	2828 	225
f 3252 	208 	2826
f 2825 	3263 	2828
f 225 	2828 	3263
f 2829 	6699 	2961
f 2919 	2938 	3270
f 3266 	2923 	3270
f 2919 	3270 	2923
f 2937 	3303 	2938
f 3305 	2938 	3303
f 3303 	2937 	2941
f 3309 	3315 	2934
f 3330 	2949 	3331
f 2927 	3331 	2949
f 3330 	3329 	2949
f 3341 	3284 	2950
f 3305 	3270 	2938
f 605 	3331 	2967
f 161 	4901 	2986
f 2986 	3376 	2984
f 3375 	2984 	3376
f 5337 	5062 	2992
f 2992 	2994 	5336
f 2992 	5062 	2995
f 2995 	999 	2996
f 6 	4390 	2795
f 3003 	2795 	4390
f 3 	4390 	6
f 4401 	5027 	4400
f 4402 	5027 	4401
f 4400 	5027 	4398
f 4403 	5025 	4402
f 4407 	5025 	4403
f 4409 	5025 	4407
f 3 	5012 	4413
f 4392 	3 	4413
f 4424 	4390 	4422
f 4421 	3 	4420
f 4425 	4390 	4424
f 4421 	4422 	3
f 4429 	4390 	4428
f 4473 	4477 	3003
f 4478 	3534 	4477
f 4487 	4809 	4486
f 4490 	4809 	4489
f 4498 	3003 	4496
f 478 	474 	2036
f 2037 	2036 	474
f 4504 	3003 	4503
f 4507 	4512 	3003
f 4471 	4473 	3003
f 4514 	2082 	4516
f 4390 	4429 	4431
f 4468 	4495 	4390
f 3003 	4390 	4496
f 4495 	4496 	4390
f 4499 	3003 	4498
f 4502 	3003 	4499
f 4503 	3003 	4502
f 4512 	4471 	3003
f 4431 	4468 	4390
f 4516 	2082 	4569
f 3534 	3003 	4477
f 4482 	3534 	4480
f 4478 	4480 	3534
f 4483 	3534 	4482
f 4483 	4486 	3534
f 4489 	4809 	4487
f 4493 	4691 	4490
f 4504 	4507 	3003
f 4395 	4691 	4493
f 4396 	4691 	4395
f 4397 	4691 	4396
f 4398 	5029 	4397
f 4812 	4813 	4486
f 4813 	4814 	3534
f 4530 	4547 	4529
f 4531 	4547 	4530
f 4532 	4550 	4531
f 4326 	4529 	4537
f 4327 	1143 	4333
f 4325 	4327 	4324
f 4410 	4534 	4409
f 5029 	4398 	5027
f 4327 	4325 	4537
f 5011 	5012 	3
f 4412 	4534 	4410
f 4412 	4413 	4534
f 5012 	5013 	4413
f 3 	4392 	4394
f 4394 	4417 	3
f 3 	4417 	4418
f 4418 	4420 	3
f 4426 	4390 	4425
f 3 	4422 	4390
f 4426 	4428 	4390
f 4533 	4667 	4532
f 4537 	4529 	4547
f 4542 	4394 	4392
f 4542 	4392 	4543
f 4577 	4394 	4542
f 4547 	4531 	4550
f 4395 	4633 	4548
f 4395 	4548 	4549
f 4395 	4549 	4396
f 4396 	4549 	4553
f 4396 	4553 	4397
f 4397 	4553 	4556
f 4397 	4556 	4398
f 4550 	4532 	4667
f 4398 	4556 	4557
f 4398 	4557 	4400
f 4400 	4557 	4561
f 4400 	4561 	4401
f 4401 	4561 	4565
f 4401 	4565 	4402
f 4402 	4565 	4566
f 4402 	4566 	4403
f 4568 	4407 	4403
f 4568 	4403 	4566
f 4570 	4409 	4407
f 4570 	4407 	4568
f 4574 	4410 	4409
f 4574 	4409 	4570
f 4575 	4412 	4410
f 4575 	4410 	4574
f 4576 	4413 	4412
f 4576 	4412 	4575
f 4413 	4576 	4543
f 4413 	4543 	4392
f 4577 	4417 	4394
f 4578 	4418 	4417
f 4578 	4417 	4577
f 4579 	4420 	4418
f 4579 	4418 	4578
f 4580 	4421 	4420
f 4580 	4420 	4579
f 2082 	4654 	4588
f 4583 	4422 	4421
f 4583 	4421 	4580
f 2082 	4588 	4569
f 4584 	4424 	4422
f 4584 	4422 	4583
f 4590 	4425 	4424
f 4590 	4424 	4584
f 4591 	4426 	4425
f 4591 	4425 	4590
f 4594 	4428 	4426
f 4594 	4426 	4591
f 4597 	4429 	4428
f 4597 	4428 	4594
f 4598 	4431 	4429
f 4598 	4429 	4597
f 4600 	4468 	4431
f 4600 	4431 	4598
f 4471 	4608 	4610
f 4471 	4610 	4473
f 4613 	4477 	4473
f 4613 	4473 	4610
f 4615 	4478 	4477
f 4615 	4477 	4613
f 4619 	4480 	4478
f 4619 	4478 	4615
f 4620 	4482 	4480
f 4620 	4480 	4619
f 4625 	4483 	4482
f 4625 	4482 	4620
f 4626 	4486 	4483
f 4626 	4483 	4625
f 4629 	4487 	4486
f 4629 	4486 	4626
f 4631 	4489 	4487
f 4631 	4487 	4629
f 4632 	4490 	4489
f 4632 	4489 	4631
f 4633 	4493 	4490
f 4633 	4490 	4632
f 4633 	4395 	4493
f 4468 	4600 	4495
f 4635 	4495 	4600
f 4636 	4496 	4495
f 4636 	4495 	4635
f 4637 	4498 	4496
f 4637 	4496 	4636
f 4638 	4499 	4498
f 4638 	4498 	4637
f 4639 	4502 	4499
f 4639 	4499 	4638
f 4640 	4503 	4502
f 4640 	4502 	4639
f 4647 	4504 	4503
f 4647 	4503 	4640
f 4650 	4507 	4504
f 4650 	4504 	4647
f 4651 	4512 	4507
f 4651 	4507 	4650
f 4608 	4471 	4512
f 4608 	4512 	4651
f 4633 	4543 	4548
f 4577 	4542 	4633
f 4542 	4543 	4633
f 4549 	4548 	4543
f 4549 	4543 	4576
f 4549 	4576 	4575
f 4574 	4553 	4575
f 4570 	4553 	4574
f 4568 	4553 	4570
f 4566 	4553 	4568
f 4565 	4553 	4566
f 4561 	4553 	4565
f 4557 	4556 	4561
f 4553 	4561 	4556
f 4549 	4575 	4553
f 4578 	4577 	4633
f 4600 	4598 	4633
f 4598 	4597 	4633
f 4597 	4594 	4633
f 4594 	4591 	4633
f 4591 	4590 	4633
f 4590 	4584 	4633
f 4584 	4583 	4633
f 4583 	4580 	4633
f 4579 	4633 	4580
f 4578 	4633 	4579
f 2084 	4656 	2082
f 4632 	4631 	4633
f 4633 	4631 	4629
f 4633 	4629 	4626
f 4633 	4626 	4625
f 4633 	4625 	4620
f 4633 	4620 	4619
f 4633 	4619 	4615
f 4633 	4615 	4613
f 4633 	4613 	4610
f 4608 	4633 	4610
f 4533 	4672 	4667
f 4633 	4608 	4651
f 4633 	4651 	4650
f 4633 	4650 	4647
f 4633 	4647 	4640
f 4633 	4640 	4639
f 4633 	4639 	4638
f 4633 	4638 	4637
f 4633 	4637 	4636
f 4633 	4636 	4635
f 4633 	4635 	4600
f 4534 	5013 	3002
f 4673 	4674 	4679
f 4686 	4679 	4674
f 4675 	4686 	4674
f 4672 	4673 	4667
f 4679 	4667 	4673
f 4816 	4704 	4687
f 4675 	4676 	4686
f 4686 	4676 	4689
f 4809 	4490 	4691
f 2082 	4706 	2084
f 5140 	2124 	4705
f 4714 	4721 	4712
f 155 	4824 	3375
f 4901 	918 	3376
f 4721 	4714 	4720
f 4714 	4716 	4720
f 4719 	4720 	4716
f 4737 	4739 	4828
f 4725 	4734 	4723
f 4723 	4736 	4687
f 4801 	4732 	4728
f 4685 	4687 	4704
f 4729 	4806 	4728
f 4734 	4725 	4733
f 4736 	4723 	4734
f 4816 	4687 	4736
f 4737 	4844 	4729
f 4806 	4801 	4728
f 4721 	4722 	4712
f 224 	4742 	2082
f 4706 	2082 	4742
f 4747 	4742 	224
f 4761 	4776 	4760
f 4759 	4689 	4677
f 4760 	4776 	4759
f 4764 	4776 	4761
f 4677 	4689 	4676
f 986 	4765 	4771
f 4772 	986 	4771
f 3679 	998 	4773
f 4773 	998 	4772
f 4689 	4759 	4776
f 4765 	986 	4764
f 4776 	4764 	986
f 4725 	4728 	4732
f 4733 	4725 	4732
f 4722 	4827 	4712
f 4827 	4828 	4739
f 4831 	4832 	3534
f 4831 	3534 	4802
f 198 	3277 	4810
f 4812 	4486 	4809
f 3534 	4486 	4813
f 4693 	4685 	4704
f 3272 	3273 	4819
f 3681 	1136 	3680
f 4783 	4747 	224
f 4810 	3279 	4819
f 4824 	155 	4823
f 4823 	3533 	4822
f 4818 	4822 	3533
f 4783 	224 	4826
f 4844 	4737 	4829
f 4828 	4829 	4737
f 4739 	4712 	4827
f 3273 	1136 	4819
f 3273 	3680 	1136
f 4833 	224 	4842
f 4826 	224 	4833
f 4835 	3534 	4834
f 4834 	3534 	4832
f 4818 	3533 	4835
f 4806 	4729 	4844
f 3534 	4814 	4802
f 4872 	4869 	4852
f 4852 	4869 	4857
f 4680 	4710 	4678
f 4847 	224 	4860
f 221 	219 	4860
f 4857 	4870 	4862
f 4709 	4710 	4680
f 4842 	224 	4847
f 4277 	4874 	218
f 4869 	4872 	4867
f 4870 	4857 	4869
f 218 	217 	4277
f 4874 	4860 	219
f 4678 	4862 	4870
f 4867 	4872 	4879
f 4873 	4910 	4716
f 4880 	4899 	4864
f 4879 	4880 	4867
f 4864 	4867 	4880
f 4877 	4864 	4899
f 3000 	2795 	3003
f 3000 	2797 	2795
f 4894 	4884 	2382
f 4863 	2382 	4884
f 2382 	2313 	4894
f 4900 	4877 	4899
f 4719 	4716 	4910
f 4909 	4910 	4873
f 4873 	4877 	4909
f 4900 	4909 	4877
f 4913 	2382 	4911
f 5032 	5036 	4912
f 4705 	2146 	4916
f 4862 	4678 	4918
f 4918 	4678 	4710
f 4863 	4911 	2382
f 2382 	4913 	4915
f 4914 	4912 	5036
f 4917 	4914 	5036
f 4922 	5048 	4921
f 4926 	4960 	4925
f 4925 	4960 	4929
f 4928 	4932 	5056
f 4919 	4917 	5036
f 4929 	4921 	5048
f 4923 	4920 	5036
f 4924 	5059 	4922
f 5055 	5056 	4932
f 4920 	4919 	5036
f 4927 	4923 	5036
f 4939 	4935 	5036
f 4942 	4939 	5036
f 4944 	4945 	4967
f 4938 	4967 	4945
f 4946 	4942 	5036
f 4960 	4926 	4954
f 4921 	4929 	4960
f 4926 	5104 	4954
f 4957 	5026 	4961
f 4964 	4961 	5026
f 4943 	4944 	4967
f 4968 	4943 	4967
f 4970 	4976 	4968
f 4971 	4992 	4970
f 4966 	4964 	5026
f 4969 	4966 	5026
f 4973 	5007 	4971
f 4976 	4978 	4968
f 4943 	4968 	4978
f 4972 	4969 	5026
f 5033 	4983 	4693
f 4693 	4983 	4685
f 4974 	4972 	5026
f 4990 	4980 	5019
f 4988 	5022 	4973
f 4976 	4970 	4992
f 4982 	4977 	5026
f 4990 	5020 	4988
f 5018 	5019 	4980
f 4999 	5000 	475
f 4987 	4982 	5026
f 4991 	4987 	5026
f 4977 	4974 	5026
f 3 	475 	5000
f 5011 	3 	5004
f 5000 	5002 	3
f 5002 	5004 	3
f 4996 	4991 	5026
f 5001 	4996 	5026
f 5008 	4971 	5007
f 5013 	4534 	4413
f 5015 	5010 	5023
f 5020 	4990 	5019
f 5021 	4988 	5020
f 5022 	4988 	5021
f 5007 	4973 	5022
f 4992 	4971 	5008
f 4981 	5035 	4980
f 5010 	5006 	5023
f 5025 	4409 	4534
f 5027 	4402 	5025
f 5006 	5001 	5023
f 5026 	5023 	5001
f 4957 	4950 	5026
f 5036 	5026 	4950
f 4948 	4946 	5036
f 4950 	4948 	5036
f 4691 	4397 	5029
f 4912 	4895 	5032
f 4892 	5032 	4895
f 4893 	5032 	4892
f 4931 	4927 	5036
f 4935 	4931 	5036
f 5035 	4981 	5034
f 4981 	4983 	5034
f 5018 	4980 	5035
f 5033 	5034 	4983
f 5039 	3526 	5038
f 3504 	5038 	3526
f 5042 	5039 	5041
f 5038 	5041 	5039
f 5038 	3504 	5041
f 5042 	3514 	3526
f 5042 	3526 	5039
f 303 	304 	5046
f 5036 	5041 	5026
f 5044 	5046 	304
f 5049 	302 	5046
f 5041 	5036 	5042
f 5048 	4922 	5047
f 5066 	5072 	336
f 935 	3514 	5053
f 4924 	4928 	5058
f 5057 	5058 	4928
f 5059 	4924 	5058
f 5047 	4922 	5059
f 5056 	5057 	4928
f 995 	2995 	5062
f 385 	386 	5074
f 383 	385 	5074
f 996 	2995 	995
f 381 	382 	5074
f 5062 	5050 	995
f 997 	1001 	5064
f 5053 	5071 	935
f 5069 	5070 	4934
f 5070 	5055 	4934
f 4932 	4934 	5055
f 4934 	4936 	5069
f 5068 	5069 	4936
f 4936 	4937 	5068
f 5067 	5068 	4937
f 4938 	5083 	4937
f 5050 	933 	995
f 5074 	5078 	475
f 935 	5071 	1001
f 5071 	5064 	1001
f 5078 	5080 	475
f 475 	380 	5074
f 5080 	4947 	475
f 5089 	4893 	5079
f 5067 	4937 	5083
f 4945 	5083 	4938
f 5023 	5050 	5084
f 5082 	5015 	5084
f 5023 	5084 	5015
f 5050 	5062 	5084
f 5086 	5084 	5062
f 5147 	5148 	5088
f 5053 	5089 	5071
f 5090 	5147 	5088
f 5053 	5032 	5089
f 4893 	5089 	5032
f 5095 	5134 	5094
f 5023 	5026 	5050
f 5041 	5050 	5026
f 5041 	3504 	5050
f 3534 	934 	3504
f 5106 	5107 	4951
f 5096 	4951 	5107
f 5107 	5123 	5096
f 4951 	4954 	5106
f 5104 	5106 	4954
f 3514 	5032 	5053
f 3514 	5042 	5032
f 5036 	5032 	5042
f 693 	5120 	5097
f 5117 	693 	5114
f 5113 	5114 	693
f 5119 	693 	5117
f 5119 	5120 	693
f 5134 	5095 	5125
f 5125 	5096 	5123
f 2090 	2091 	5127
f 5136 	5137 	5093
f 5090 	5093 	5137
f 5138 	5090 	5137
f 5147 	5090 	5138
f 5093 	5094 	5136
f 5135 	5136 	5094
f 5134 	5135 	5094
f 5096 	5125 	5095
f 2091 	2113 	2412
f 2412 	5127 	2091
f 5149 	4709 	5085
f 4680 	5085 	4709
f 5148 	5149 	5085
f 5085 	5088 	5148
f 5037 	633 	5150
f 5150 	634 	5097
f 5112 	5283 	5111
f 4685 	4983 	1220
f 619 	1220 	4983
f 4687 	4685 	1220
f 4923 	5118 	5111
f 1236 	4687 	1229
f 4691 	5029 	858
f 5029 	847 	858
f 4691 	858 	4809
f 4693 	5162 	5163
f 5164 	4693 	5163
f 4693 	5164 	5165
f 4693 	5165 	5033
f 5172 	4704 	5171
f 5170 	5171 	4704
f 4704 	5172 	5162
f 4704 	5162 	4693
f 5342 	5341 	5343
f 5177 	4709 	5176
f 5175 	5176 	4709
f 5177 	5178 	4709
f 5180 	4710 	5178
f 5181 	4710 	5180
f 4709 	5178 	4710
f 4710 	5181 	5183
f 4923 	5111 	5283
f 5187 	4719 	5186
f 5189 	4720 	5188
f 4720 	4719 	5188
f 5187 	5188 	4719
f 4721 	4720 	5190
f 5189 	5190 	4720
f 5190 	5194 	4721
f 4722 	4721 	5194
f 5193 	4722 	5194
f 5193 	5195 	4722
f 4827 	4722 	5195
f 4723 	4687 	1236
f 1241 	4725 	1236
f 4725 	4723 	1236
f 4935 	5129 	5124
f 1367 	4728 	1241
f 4725 	1241 	4728
f 4728 	1369 	4729
f 5133 	5129 	4935
f 3059 	4737 	1369
f 5199 	4732 	5198
f 5197 	5198 	4732
f 5202 	4733 	5201
f 4733 	4732 	5201
f 5199 	5201 	4732
f 4733 	5202 	5203
f 5204 	4734 	5203
f 4733 	5203 	4734
f 4734 	5204 	5205
f 4942 	4946 	5144
f 5207 	4736 	5205
f 5208 	4736 	5207
f 4734 	5205 	4736
f 4736 	5208 	5209
f 4736 	5209 	4816
f 4729 	1369 	4737
f 5153 	4950 	5155
f 4737 	3065 	4739
f 5214 	4801 	5213
f 4806 	5212 	4801
f 5213 	4801 	5212
f 4732 	4801 	5197
f 5214 	5197 	4801
f 4806 	5219 	5220
f 5221 	4806 	5220
f 4806 	5221 	5212
f 4809 	858 	498
f 4812 	4809 	550
f 498 	550 	4809
f 4813 	4812 	561
f 550 	561 	4812
f 4813 	561 	4814
f 3007 	4814 	575
f 5209 	5232 	4816
f 5227 	4816 	5232
f 4816 	5227 	5170
f 4816 	5170 	4704
f 5234 	4827 	5233
f 5195 	5233 	4827
f 5236 	4828 	5235
f 4828 	4827 	5235
f 5234 	5235 	4827
f 5238 	4829 	5237
f 4829 	4828 	5237
f 5236 	5237 	4828
f 5238 	5240 	4829
f 4892 	5241 	5079
f 4892 	5079 	4893
f 5089 	5079 	5241
f 4831 	3022 	4832
f 4895 	5243 	5241
f 4895 	5241 	4892
f 5241 	5243 	5089
f 4912 	5262 	5243
f 4912 	5243 	4895
f 4914 	5265 	5262
f 4914 	5262 	4912
f 5265 	5341 	5262
f 4917 	5269 	5265
f 4917 	5265 	4914
f 5269 	5341 	5265
f 4919 	5274 	5269
f 4919 	5269 	4917
f 4920 	5277 	5274
f 4920 	5274 	4919
f 5277 	5341 	5274
f 4920 	5283 	5277
f 4923 	5283 	4920
f 4927 	5118 	4923
f 4931 	5124 	5118
f 4931 	5118 	4927
f 5283 	5341 	5277
f 5124 	4931 	4935
f 4939 	5133 	4935
f 5269 	5274 	5341
f 5341 	5283 	5112
f 5133 	4939 	5144
f 4942 	5144 	4939
f 5146 	5144 	4946
f 5146 	4946 	5152
f 4948 	5152 	4946
f 4948 	4950 	5152
f 5153 	5152 	4950
f 4957 	5155 	4950
f 5157 	5155 	4961
f 4961 	5155 	4957
f 4964 	5215 	4961
f 5157 	4961 	5215
f 4966 	5218 	5215
f 4966 	5215 	4964
f 4969 	5222 	5218
f 4969 	5218 	4966
f 5222 	4969 	5224
f 4972 	5224 	4969
f 4974 	5225 	5224
f 4974 	5224 	4972
f 5225 	4974 	5229
f 4977 	5229 	4974
f 4982 	5310 	5311
f 4982 	5311 	4977
f 5230 	5229 	5311
f 5229 	4977 	5311
f 4987 	5313 	5310
f 4987 	5310 	4982
f 5313 	5326 	5310
f 4991 	5315 	5313
f 4991 	5313 	4987
f 5315 	5316 	5326
f 4996 	5316 	5315
f 4996 	5315 	4991
f 5316 	5317 	5326
f 5001 	5317 	5316
f 5001 	5316 	4996
f 5317 	5319 	5326
f 5006 	5319 	5317
f 5006 	5317 	5001
f 5311 	5310 	5326
f 5084 	5326 	5319
f 5010 	5320 	5319
f 5010 	5319 	5006
f 5320 	5084 	5319
f 5082 	5320 	5010
f 5082 	5010 	5015
f 5082 	5084 	5320
f 5336 	5230 	5326
f 5326 	5084 	5336
f 5313 	5315 	5326
f 5311 	5326 	5230
f 5129 	5224 	5124
f 5124 	5224 	5118
f 5118 	5229 	5111
f 5133 	5218 	5129
f 5144 	5218 	5133
f 5153 	5155 	5152
f 5152 	5157 	5146
f 5157 	5152 	5155
f 5215 	5144 	5157
f 5218 	5144 	5215
f 5146 	5157 	5144
f 5112 	5111 	5230
f 5222 	5129 	5218
f 5224 	5129 	5222
f 5225 	5118 	5224
f 5229 	5118 	5225
f 5230 	5111 	5229
f 5086 	5336 	5084
f 5086 	5062 	5337
f 5086 	5337 	5336
f 5112 	5230 	5343
f 5343 	5230 	5336
f 5337 	2992 	5336
f 5089 	5341 	5342
f 5089 	5342 	5071
f 5262 	5341 	5243
f 5089 	5243 	5341
f 5071 	5342 	5343
f 5071 	5343 	5064
f 5343 	2994 	5064
f 5112 	5343 	5341
f 5336 	2994 	5343
f 5346 	5350 	5347
f 2893 	5346 	1053
f 1046 	5346 	2893
f 5347 	1053 	5346
f 5355 	5347 	5352
f 5350 	5352 	5347
f 5355 	5352 	5353
f 1965 	2891 	5353
f 2891 	1966 	5353
f 5355 	5353 	1966
f 5367 	5365 	5364
f 5367 	5536 	5365
f 5376 	4844 	5240
f 5377 	4844 	5376
f 4829 	5240 	4844
f 4844 	5377 	5219
f 4844 	5219 	4806
f 5382 	4852 	5381
f 5380 	5381 	4852
f 4872 	4852 	5385
f 5382 	5385 	4852
f 4857 	5388 	5389
f 5390 	4857 	5389
f 4857 	5390 	5380
f 4857 	5380 	4852
f 4862 	5394 	5396
f 5398 	4862 	5396
f 4862 	5398 	5388
f 4862 	5388 	4857
f 5372 	5367 	5364
f 4869 	1136 	4870
f 1143 	4678 	4870
f 5404 	4872 	5403
f 5385 	5403 	4872
f 4879 	4872 	5405
f 5404 	5405 	4872
f 198 	4864 	4877
f 4879 	5405 	5406
f 5407 	4879 	5406
f 4879 	5407 	5408
f 5410 	4880 	5408
f 4879 	5408 	4880
f 4880 	5410 	5412
f 4880 	5412 	4899
f 4886 	227 	4888
f 4888 	469 	474
f 4888 	474 	4889
f 5367 	5372 	5536
f 5420 	5536 	5372
f 478 	4891 	474
f 4889 	474 	4891
f 478 	485 	4891
f 4891 	485 	4894
f 485 	4884 	4894
f 5917 	5422 	5414
f 5424 	4899 	5423
f 5412 	5423 	4899
f 5427 	4900 	5426
f 4900 	4899 	5426
f 5424 	5426 	4899
f 5429 	5416 	5422
f 5416 	5414 	5422
f 3376 	2986 	4901
f 5420 	5434 	5536
f 4903 	4901 	176
f 161 	176 	4901
f 176 	227 	4903
f 5427 	5438 	4900
f 4909 	4900 	5438
f 5437 	4909 	5438
f 5434 	5420 	5429
f 5587 	5536 	5434
f 5420 	5416 	5429
f 4909 	5440 	4910
f 5437 	5440 	4909
f 5439 	4910 	5440
f 5439 	5186 	4910
f 4719 	4910 	5186
f 5917 	5919 	5422
f 5422 	5442 	5444
f 5422 	5444 	5429
f 4911 	4423 	4913
f 5434 	5445 	5587
f 5445 	5434 	5444
f 5429 	5444 	5434
f 5451 	4918 	5450
f 4710 	5183 	4918
f 5450 	4918 	5183
f 4918 	5451 	5394
f 4918 	5394 	4862
f 4929 	5463 	4925
f 5464 	4925 	5463
f 5462 	4925 	5464
f 4925 	5462 	5465
f 5466 	4926 	5465
f 4925 	5465 	4926
f 4926 	5466 	5470
f 5478 	4929 	5477
f 5048 	5477 	4929
f 4929 	5478 	5463
f 5479 	5480 	5461
f 4943 	5490 	5491
f 5492 	4943 	5491
f 4943 	5492 	5494
f 5495 	4944 	5494
f 4943 	5494 	4944
f 4944 	5495 	5496
f 5497 	4945 	5496
f 4944 	5496 	4945
f 4945 	5497 	5498
f 5614 	2812 	5548
f 4954 	4951 	998
f 986 	998 	4951
f 3985 	4960 	998
f 4954 	998 	4960
f 4926 	5470 	5506
f 5506 	5626 	4926
f 488 	1176 	4968
f 4967 	488 	4968
f 4968 	1176 	4970
f 1193 	4971 	4970
f 4973 	4971 	1202
f 1193 	1202 	4971
f 4976 	112 	5515
f 5516 	4976 	5515
f 4976 	5516 	5517
f 5519 	4978 	5517
f 4976 	5517 	4978
f 4978 	5519 	5490
f 4978 	5490 	4943
f 882 	603 	4981
f 4981 	4980 	882
f 4983 	4981 	619
f 603 	619 	4981
f 891 	4988 	4973
f 4988 	891 	4990
f 4976 	4992 	112
f 113 	112 	4992
f 882 	4980 	4990
f 116 	4992 	94
f 5008 	95 	4992
f 94 	4992 	95
f 4992 	116 	113
f 4947 	4013 	4997
f 4999 	4997 	931
f 947 	4999 	931
f 5000 	4999 	953
f 947 	953 	4999
f 5002 	953 	962
f 5000 	953 	5002
f 5502 	5459 	5457
f 5002 	971 	5004
f 5460 	5479 	5461
f 902 	5011 	971
f 5514 	5509 	5508
f 87 	5007 	82
f 90 	5007 	87
f 5022 	82 	5007
f 5007 	90 	92
f 100 	5008 	92
f 5007 	92 	5008
f 5008 	100 	95
f 3002 	821 	5025
f 5004 	971 	5011
f 5012 	5011 	906
f 902 	906 	5011
f 5346 	5528 	5350
f 5013 	5012 	913
f 906 	913 	5012
f 913 	3002 	5013
f 5018 	30 	29
f 38 	5019 	29
f 5018 	29 	5019
f 5019 	38 	42
f 47 	5020 	42
f 5019 	42 	5020
f 5020 	47 	49
f 60 	5021 	49
f 5020 	49 	5021
f 5021 	60 	64
f 80 	5022 	64
f 5021 	64 	5022
f 5022 	80 	82
f 5018 	13 	25
f 30 	5018 	25
f 5537 	5772 	5536
f 4534 	3002 	5025
f 5027 	5025 	821
f 835 	5027 	821
f 5029 	5027 	847
f 835 	847 	5027
f 5459 	5502 	5539
f 5540 	5704 	5539
f 5538 	5539 	5502
f 5502 	5705 	5538
f 5543 	5033 	5542
f 5165 	5542 	5033
f 5033 	5543 	5545
f 5546 	5034 	5545
f 5033 	5545 	5034
f 5034 	5546 	9
f 8 	5035 	9
f 5034 	9 	5035
f 5035 	8 	13
f 5035 	13 	5018
f 5479 	5460 	5547
f 5544 	5547 	5460
f 5040 	4284 	5043
f 5548 	5493 	5547
f 4289 	5046 	4287
f 5047 	5551 	5552
f 5553 	5047 	5552
f 5047 	5553 	5555
f 5556 	5048 	5555
f 5047 	5555 	5048
f 5538 	3222 	5554
f 5048 	5556 	5477
f 5557 	5558 	3248
f 3248 	5689 	5557
f 5509 	5514 	5557
f 5559 	5557 	5514
f 5792 	5560 	5559
f 5055 	5562 	5563
f 5564 	5055 	5563
f 5055 	5564 	5569
f 5055 	5569 	5056
f 5625 	5560 	5794
f 5792 	5794 	5560
f 5056 	5569 	5575
f 5577 	5057 	5575
f 5056 	5575 	5057
f 5057 	5577 	5579
f 5580 	5058 	5579
f 5057 	5579 	5058
f 5794 	5610 	5625
f 5058 	5580 	5582
f 5583 	5059 	5582
f 5058 	5582 	5059
f 5059 	5583 	5551
f 5059 	5551 	5047
f 5537 	5536 	5587
f 5554 	5589 	5539
f 5554 	5539 	5538
f 5067 	5590 	5591
f 5592 	5067 	5591
f 5067 	5592 	5594
f 5595 	5068 	5594
f 5067 	5594 	5068
f 5596 	5544 	5589
f 5544 	5540 	5589
f 5539 	5589 	5540
f 5068 	5595 	5597
f 5598 	5069 	5597
f 5068 	5597 	5069
f 5069 	5598 	5599
f 5601 	5070 	5599
f 5069 	5599 	5070
f 5547 	5544 	5596
f 5070 	5601 	5562
f 5070 	5562 	5055
f 5596 	5603 	5547
f 5547 	5603 	5548
f 5557 	5559 	5558
f 5560 	5558 	5559
f 5587 	5445 	5607
f 5609 	5083 	5608
f 4945 	5498 	5083
f 5608 	5083 	5498
f 5610 	5537 	5607
f 5587 	5607 	5537
f 5083 	5609 	5590
f 5083 	5590 	5067
f 5612 	5589 	5611
f 5554 	5611 	5589
f 5613 	5596 	5612
f 5589 	5612 	5596
f 5090 	4667 	5093
f 5617 	5603 	5613
f 5596 	5613 	5603
f 5614 	5548 	5617
f 5603 	5617 	5548
f 5095 	4776 	5096
f 5623 	5611 	5554
f 5624 	5623 	5558
f 5097 	4860 	5150
f 5558 	5560 	5624
f 5625 	5624 	5560
f 5104 	5626 	5627
f 5628 	5104 	5627
f 5104 	5628 	5629
f 5630 	5106 	5629
f 5104 	5629 	5106
f 5106 	5630 	5634
f 5636 	5107 	5634
f 5106 	5634 	5107
f 5107 	5636 	5640
f 5107 	5640 	5123
f 5096 	4776 	4951
f 5104 	4926 	5626
f 5612 	5528 	5613
f 5614 	5617 	5528
f 5611 	5528 	5612
f 5623 	5528 	5611
f 5624 	5528 	5623
f 5625 	5528 	5624
f 5610 	5528 	5625
f 5445 	5528 	5607
f 5445 	5444 	5528
f 5442 	5528 	5444
f 5610 	5607 	5528
f 5615 	5614 	5528
f 5113 	4783 	5114
f 5613 	5528 	5617
f 5114 	4826 	5117
f 4833 	4842 	5117
f 5117 	4842 	5119
f 4860 	5097 	5120
f 5647 	5123 	5646
f 5640 	5646 	5123
f 5649 	5125 	5648
f 5125 	5123 	5648
f 5647 	5648 	5123
f 5134 	5125 	5651
f 5649 	5651 	5125
f 5650 	5414 	5645
f 4706 	5127 	2412
f 5693 	5652 	5364
f 4747 	5132 	5130
f 5113 	5132 	4747
f 5655 	5134 	5654
f 5651 	5654 	5134
f 5693 	3207 	5652
f 3194 	5652 	3207
f 5657 	5135 	5656
f 5135 	5134 	5656
f 5655 	5656 	5134
f 5659 	5136 	5658
f 5136 	5135 	5658
f 5657 	5658 	5135
f 5693 	5364 	5365
f 5661 	5137 	5660
f 5137 	5136 	5660
f 5659 	5660 	5136
f 5661 	5662 	5138
f 5661 	5138 	5137
f 5147 	5138 	5664
f 5663 	5664 	5138
f 5662 	5663 	5138
f 4569 	4588 	4705
f 5364 	5652 	5372
f 5664 	5666 	5147
f 5665 	5147 	5666
f 5147 	5668 	5148
f 5665 	5668 	5147
f 5667 	5148 	5668
f 5148 	5670 	5149
f 5667 	5670 	5148
f 5669 	5149 	5670
f 5669 	5175 	5149
f 4709 	5149 	5175
f 5414 	5416 	5685
f 5420 	5372 	5685
f 5372 	5652 	5685
f 3194 	5685 	5652
f 5420 	5685 	5416
f 5691 	5692 	5690
f 5689 	5690 	5692
f 5365 	5536 	5693
f 5704 	5705 	5457
f 5459 	5704 	5457
f 5707 	5460 	5461
f 3216 	5705 	5704
f 5459 	5539 	5704
f 5540 	3216 	5704
f 3216 	5540 	5708
f 5709 	5708 	5540
f 5540 	5544 	5709
f 5460 	5707 	5544
f 5738 	5707 	5461
f 5544 	3230 	5709
f 5544 	5707 	3230
f 3230 	5707 	3235
f 5738 	5461 	5480
f 5479 	5547 	5480
f 5738 	5480 	5547
f 3235 	5738 	5547
f 3236 	3235 	5493
f 5493 	5548 	2812
f 5705 	5502 	5457
f 3222 	5538 	5705
f 3222 	5623 	5554
f 5508 	5509 	5692
f 5689 	5692 	5509
f 3248 	5558 	5623
f 5509 	5557 	5689
f 5691 	5756 	5692
f 5508 	5692 	5756
f 5508 	5756 	5758
f 2818 	2817 	5756
f 5758 	5756 	2817
f 5756 	5691 	2818
f 5508 	5758 	5766
f 5508 	5766 	5770
f 5508 	5770 	5514
f 3207 	5693 	5536
f 3207 	5536 	5772
f 5537 	5794 	5772
f 2804 	5794 	3209
f 5775 	5776 	5774
f 5770 	5780 	5514
f 5775 	5559 	5780
f 5514 	5780 	5559
f 2817 	5782 	5775
f 2817 	5775 	5758
f 5776 	5782 	5774
f 5775 	5782 	5776
f 5780 	5766 	5775
f 5775 	5766 	5758
f 5766 	5780 	5770
f 5775 	5774 	5773
f 5559 	5775 	5790
f 5559 	5790 	5792
f 5537 	5610 	5794
f 2804 	5772 	5794
f 5773 	3209 	5794
f 5773 	5794 	5775
f 5775 	5794 	5790
f 5790 	5794 	5792
f 2813 	2812 	5615
f 3269 	6270 	3177
f 5414 	3177 	5645
f 3197 	3177 	5685
f 5414 	5685 	3177
f 3556 	3530 	5644
f 5685 	3194 	3197
f 3248 	3249 	5689
f 5690 	5689 	3249
f 2818 	5691 	3249
f 5772 	3205 	3207
f 2802 	3205 	5772
f 5773 	5774 	3209
f 3210 	3209 	5774
f 5772 	2804 	2802
f 5708 	3215 	3216
f 2806 	3215 	5708
f 2806 	5708 	2808
f 5709 	3230 	3229
f 5709 	2808 	5708
f 2808 	5709 	3229
f 5738 	3235 	5707
f 5547 	5493 	3235
f 2811 	3236 	5493
f 2811 	5493 	2812
f 5705 	3216 	3222
f 3222 	3221 	5623
f 3248 	5623 	3247
f 3244 	3210 	5774
f 5774 	5782 	3244
f 3245 	3244 	5782
f 3245 	5782 	2817
f 5690 	3249 	5691
f 5614 	5615 	2812
f 1195 	1197 	5347
f 1223 	1192 	5347
f 1218 	1217 	5346
f 1235 	5347 	1233
f 1269 	1270 	5675
f 1046 	1124 	5346
f 1894 	1895 	5675
f 5352 	5967 	5353
f 5967 	5352 	5904
f 5650 	5897 	5898
f 5414 	5650 	5898
f 5900 	5898 	5897
f 5904 	5350 	5528
f 5442 	5919 	5528
f 5675 	5347 	5355
f 5900 	5916 	5898
f 5414 	5898 	5916
f 5414 	5916 	5917
f 5915 	5917 	5916
f 5442 	5422 	5919
f 5919 	5917 	5918
f 5915 	5918 	5917
f 5918 	5528 	5919
f 5904 	5528 	5918
f 5938 	5947 	5915
f 5938 	5937 	5939
f 5971 	5939 	5937
f 5946 	5947 	5938
f 5946 	5938 	5939
f 5986 	5946 	5976
f 5918 	5915 	5947
f 5986 	5967 	5946
f 5946 	5967 	5947
f 5350 	5904 	5352
f 6066 	5353 	5967
f 5970 	5971 	5965
f 5970 	5965 	5966
f 5939 	5971 	5976
f 5976 	5970 	5979
f 5970 	6068 	5979
f 5976 	5971 	5970
f 6073 	5984 	5979
f 5939 	5976 	5946
f 5976 	5979 	5986
f 5984 	5986 	5979
f 5947 	5967 	5918
f 5904 	5918 	5967
f 5984 	5967 	5986
f 6007 	5965 	6149
f 6006 	6007 	6134
f 6149 	6134 	6007
f 6024 	6025 	6005
f 6024 	6103 	6025
f 6103 	6099 	6034
f 6258 	6034 	6099
f 6005 	6035 	6036
f 3985 	4921 	4960
f 6105 	6041 	6093
f 6041 	6105 	6042
f 6036 	6035 	6107
f 6010 	5966 	6006
f 5965 	6007 	5966
f 6006 	5966 	6007
f 6036 	6024 	6005
f 6027 	6011 	6014
f 5966 	6010 	5970
f 5970 	6010 	6068
f 6188 	6073 	6068
f 931 	4997 	4013
f 6188 	6196 	6073
f 6097 	6074 	6011
f 6073 	5979 	6068
f 4035 	4048 	5072
f 4048 	5074 	5072
f 6097 	6109 	6074
f 5984 	6073 	6083
f 5967 	5984 	6083
f 5967 	6083 	6084
f 6084 	6118 	5967
f 4051 	5078 	5074
f 6036 	6107 	6024
f 4051 	5074 	4048
f 6011 	6027 	6097
f 5080 	5078 	4051
f 4052 	5080 	4051
f 6105 	6107 	6042
f 6103 	6024 	6107
f 5080 	4052 	4947
f 4013 	4947 	4052
f 6075 	6074 	6109
f 6099 	6103 	6111
f 6111 	6109 	6099
f 6099 	6109 	6097
f 6110 	6111 	6103
f 6093 	6113 	6105
f 6107 	6105 	6114
f 6113 	6114 	6105
f 6103 	6107 	6110
f 6114 	6110 	6107
f 6110 	6114 	6120
f 6075 	6109 	6084
f 6118 	6084 	6109
f 6111 	6119 	6118
f 6111 	6118 	6109
f 4934 	4068 	4936
f 4071 	4936 	4068
f 6110 	6120 	6119
f 6110 	6119 	6111
f 6121 	6113 	6115
f 6093 	6115 	6113
f 6122 	6114 	6121
f 6113 	6121 	6114
f 6120 	6114 	6122
f 4936 	4071 	4937
f 6119 	5967 	6118
f 6120 	5967 	6119
f 6122 	5967 	6120
f 6121 	5967 	6122
f 6066 	5967 	6115
f 6121 	6115 	5967
f 4072 	4938 	4937
f 4072 	4937 	4071
f 4082 	4938 	4072
f 6133 	6134 	6132
f 6131 	6132 	6134
f 4082 	488 	4938
f 488 	4967 	4938
f 5061 	482 	4086
f 6151 	5965 	5971
f 6006 	6144 	6145
f 4112 	5063 	5061
f 6147 	6144 	6146
f 6006 	6146 	6144
f 5065 	5063 	4114
f 4112 	5061 	4086
f 6133 	6146 	6134
f 6134 	6146 	6006
f 6149 	6151 	6131
f 6149 	6131 	6134
f 4112 	4114 	5063
f 5066 	5065 	4114
f 6149 	5965 	6151
f 5971 	3327 	6151
f 5066 	4114 	4202
f 3315 	3314 	6147
f 5066 	4202 	5072
f 4035 	5072 	4202
f 6147 	6146 	3315
f 2942 	3315 	6146
f 6146 	6133 	2942
f 6132 	3320 	6133
f 6145 	6158 	6006
f 4068 	4932 	4207
f 6006 	6158 	6160
f 6159 	6160 	6158
f 6010 	6006 	6161
f 6160 	6161 	6006
f 4217 	4928 	4924
f 6014 	6011 	6162
f 6014 	6162 	6163
f 6166 	6171 	6164
f 6068 	6010 	6168
f 6164 	6168 	6010
f 6161 	6164 	6010
f 6168 	6164 	6171
f 6158 	6145 	6171
f 6158 	6171 	6159
f 4220 	4928 	4217
f 6166 	6159 	6171
f 4207 	4932 	4220
f 4928 	4220 	4932
f 6166 	6164 	6160
f 6166 	6160 	6159
f 6160 	6164 	6161
f 6188 	6068 	6185
f 6168 	6185 	6068
f 6191 	6074 	6190
f 6075 	6190 	6074
f 6195 	6185 	6168
f 6195 	6168 	6171
f 6083 	6073 	6196
f 4934 	4932 	4068
f 6185 	6196 	6188
f 6084 	6083 	6196
f 6084 	6196 	6075
f 6190 	6075 	6196
f 2934 	6191 	6196
f 6190 	6196 	6191
f 6185 	6195 	6196
f 2934 	6196 	6195
f 6162 	6011 	6191
f 6074 	6191 	6011
f 6199 	6195 	6171
f 6162 	6191 	6163
f 2934 	6163 	6191
f 6014 	6202 	6203
f 6205 	6202 	6204
f 6202 	6014 	6204
f 5049 	4248 	5052
f 6204 	6014 	6163
f 4251 	5052 	4248
f 118 	480 	4251
f 5052 	4251 	480
f 119 	4086 	482
f 4265 	4217 	4922
f 4217 	4924 	4922
f 4921 	3985 	4269
f 2934 	2932 	6163
f 6199 	3309 	6195
f 4269 	4922 	4921
f 4265 	4922 	4269
f 6245 	6014 	6243
f 6014 	6246 	6247
f 6014 	6247 	6027
f 6203 	6243 	6014
f 6245 	6246 	6014
f 6025 	6248 	6005
f 6025 	6103 	6248
f 6250 	6251 	6252
f 6252 	6097 	6250
f 6247 	6250 	6097
f 6247 	6097 	6027
f 6251 	6245 	6252
f 6243 	6252 	6245
f 6245 	6251 	6246
f 6250 	6246 	6251
f 6247 	6246 	6250
f 6252 	6253 	6254
f 6097 	6252 	6256
f 6257 	6258 	6256
f 6099 	6097 	6258
f 6255 	6256 	6254
f 6256 	6258 	6097
f 6254 	6256 	6252
f 6103 	3288 	6248
f 6103 	6034 	3288
f 6255 	6262 	6256
f 6254 	6262 	6255
f 6256 	6262 	6257
f 6258 	6262 	6034
f 6257 	6262 	6258
f 6254 	6253 	6262
f 6243 	6203 	6252
f 6253 	6252 	3297
f 6252 	6203 	3298
f 6265 	6035 	6005
f 6107 	3342 	6042
f 6035 	6265 	6107
f 6265 	6005 	6248
f 5915 	3270 	5938
f 5897 	5645 	6270
f 5897 	5650 	5645
f 5897 	6270 	5900
f 3305 	5938 	3270
f 5916 	6270 	3269
f 5900 	6270 	5916
f 5916 	3269 	5915
f 3270 	5915 	3269
f 5645 	3177 	6270
f 3320 	6132 	6131
f 3320 	6131 	3321
f 6248 	3288 	3342
f 6034 	3284 	3288
f 2928 	3284 	6034
f 6202 	3302 	6203
f 3298 	3297 	6252
f 6034 	6262 	2928
f 2930 	2928 	6262
f 3297 	2930 	6253
f 6262 	6253 	2930
f 6203 	3302 	3298
f 6205 	3301 	3302
f 6205 	3302 	6202
f 6199 	3312 	3309
f 3312 	6199 	6171
f 6205 	6204 	3301
f 2932 	3301 	6204
f 2934 	6195 	3309
f 3312 	6171 	6145
f 5971 	5937 	3327
f 3306 	3327 	5937
f 3327 	3321 	6151
f 6131 	6151 	3321
f 6144 	3314 	6145
f 3312 	6145 	3314
f 6144 	6147 	3314
f 2942 	6133 	3320
f 6093 	6041 	3331
f 3329 	3331 	6041
f 6041 	6042 	3329
f 6265 	6248 	3342
f 3341 	6042 	3342
f 2950 	3329 	6042
f 3341 	2950 	6042
f 6107 	6265 	3342
f 5937 	5938 	3306
f 3305 	3306 	5938
f 5644 	6317 	3556
f 6317 	5644 	6611
f 4277 	5037 	5150
f 5040 	5037 	4284
f 4277 	4284 	5037
f 4285 	5043 	4284
f 5044 	5043 	4285
f 5044 	4287 	5046
f 4287 	5044 	4285
f 4248 	5046 	4289
f 4248 	5049 	5046
f 4307 	4884 	485
f 4884 	4307 	4863
f 4339 	4911 	4313
f 4313 	4863 	4307
f 4863 	4313 	4911
f 4327 	4678 	1143
f 4537 	4680 	4327
f 4911 	4339 	4423
f 4913 	4423 	4514
f 4915 	4913 	4514
f 4516 	4916 	4514
f 4915 	4514 	4916
f 4916 	4516 	4569
f 4678 	4327 	4680
f 4547 	5085 	4680
f 4537 	4547 	4680
f 4550 	5085 	4547
f 4550 	5088 	5085
f 4667 	5090 	4550
f 5088 	4550 	5090
f 4916 	4569 	4705
f 5140 	4705 	4588
f 5141 	4588 	4654
f 5355 	2673 	6611
f 6611 	914 	6317
f 5355 	6611 	5675
f 5675 	6611 	5644
f 901 	918 	3556
f 6317 	901 	3556
f 2392 	2393 	5353
f 2390 	5353 	2396
f 2390 	2392 	5353
f 6066 	2399 	5353
f 327 	2611 	6066
f 6115 	605 	6066
f 5140 	4588 	5141
f 1966 	2632 	5355
f 4656 	5142 	4654
f 5141 	4654 	5142
f 2664 	5355 	2648
f 5142 	4656 	2084
f 2644 	2648 	5355
f 5142 	2084 	2412
f 4679 	5093 	4667
f 2671 	6611 	2672
f 4686 	5093 	4679
f 5093 	4686 	5094
f 4689 	5094 	4686
f 4689 	5095 	5094
f 5095 	4689 	4776
f 2895 	1046 	2898
f 2893 	2898 	1046
f 2891 	1965 	2897
f 2896 	2897 	1965
f 6642 	3534 	3533
f 6642 	3533 	6643
f 934 	3534 	6642
f 3514 	994 	3533
f 6642 	6643 	934
f 1051 	6645 	6644
f 926 	924 	6644
f 1051 	6644 	924
f 5127 	4706 	5130
f 4742 	5130 	4706
f 254 	6644 	6645
f 6645 	265 	254
f 265 	264 	254
f 928 	254 	264
f 261 	254 	928
f 4747 	5130 	4742
f 5113 	4747 	4783
f 6661 	1782 	6644
f 986 	4951 	4776
f 1469 	1782 	6661
f 1785 	1775 	6645
f 4783 	4826 	5114
f 4833 	5117 	4826
f 1816 	6645 	1814
f 1051 	1861 	6645
f 4847 	5120 	5119
f 4847 	5119 	4842
f 5120 	4847 	4860
f 1393 	6661 	1378
f 4860 	4874 	5150
f 1418 	117 	1408
f 4277 	5150 	4874
f 327 	6661 	254
f 6645 	117 	265
f 6659 	6676 	6658
f 6660 	6670 	6658
f 6644 	254 	6661
f 645 	6699 	327
f 6659 	6658 	6670
f 6697 	6677 	6670
f 6669 	6661 	6670
f 6697 	6670 	6661
f 6674 	6672 	6673
f 6672 	6703 	6673
f 6673 	4 	6675
f 190 	6675 	4
f 6675 	6674 	6673
f 6676 	6677 	6678
f 22 	23 	6678
f 6676 	6678 	23
f 6695 	220 	6688
f 6687 	22 	6678
f 6672 	6679 	59
f 6694 	65 	59
f 6674 	6679 	6672
f 6659 	6677 	6676
f 265 	117 	914
f 6645 	1777 	117
f 6675 	6693 	6674
f 6679 	6674 	6694
f 220 	6695 	6693
f 226 	6687 	220
f 6678 	6689 	6687
f 6678 	6677 	6689
f 6697 	6689 	6677
f 6659 	6670 	6677
f 59 	6679 	6694
f 2829 	2827 	6699
f 645 	2961 	6699
f 6689 	6688 	6687
f 6694 	6674 	6693
f 6697 	6695 	6688
f 6688 	6689 	6697
f 6693 	6695 	6661
f 6697 	6661 	6695
f 6694 	6693 	6661
f 6661 	327 	6699
f 6699 	6694 	6661
f 155 	6700 	3530
f 5644 	3530 	6700
f 6700 	117 	5644
f 901 	914 	6700
f 6700 	155 	901
f 6702 	23 	6701
f 22 	6701 	23
f 226 	167 	22
f 2823 	2813 	5615
f 6676 	23 	6702
f 6701 	22 	167
f 6676 	6702 	6658
f 6702 	6701 	6658
f 5675 	5644 	117
f 6660 	6658 	6701
f 6660 	6701 	167
f 170 	6660 	167
f 5615 	6669 	2823
f 6670 	6660 	2824
f 170 	2824 	6660
f 6670 	2824 	6669
f 2823 	6669 	2824
f 61 	4 	6703
f 61 	6703 	62
f 61 	203 	4
f 6672 	62 	6703
f 190 	4 	203
f 4 	6673 	6703
f 4810 	4819 	4864
f 4810 	4864 	198
f 4867 	4864 	4819
f 4867 	4819 	4869
f 1136 	4869 	4819
f 4802 	4814 	3007
f 4831 	4802 	3022
f 4802 	3007 	3022
f 4832 	3022 	3025
f 3030 	4834 	3025
f 4832 	3025 	4834
f 3030 	3041 	4834
f 4835 	4834 	3041
f 3041 	3171 	4835
f 3065 	4737 	3059
f 4712 	4739 	3074
f 3065 	3074 	4739
f 4712 	3074 	4714
f 3214 	4714 	3074
f 4818 	4835 	3171
f 3183 	4822 	3171
f 4818 	3171 	4822
f 3196 	4823 	3183
f 4823 	4822 	3183
f 4824 	4823 	3200
f 3196 	3200 	4823
f 2984 	4824 	3200
f 2984 	3375 	4824
f 3214 	3227 	4714
f 4716 	4714 	3227
f 3234 	4873 	3227
f 4716 	3227 	4873
f 198 	4877 	3234
f 3234 	4877 	4873
# 4405 faces

g group_0_16448250

usemtl color_16448250
s 0

f 9 	823 	8
f 18 	1094 	17
f 8 	823 	13
f 4476 	7 	27
f 13 	68 	25
f 30 	25 	68
f 68 	69 	29
f 42 	38 	69
f 38 	29 	69
f 72 	60 	49
f 47 	71 	49
f 72 	49 	71
f 47 	42 	71
f 69 	71 	42
f 80 	64 	122
f 72 	122 	64
f 64 	60 	72
f 80 	122 	82
f 87 	82 	123
f 87 	123 	90
f 88 	255 	97
f 92 	124 	100
f 100 	124 	95
f 113 	125 	112
f 124 	125 	95
f 116 	125 	113
f 94 	95 	125
f 115 	255 	121
f 90 	123 	92
f 123 	82 	122
f 124 	92 	123
f 126 	112 	125
f 27 	7 	14
f 27 	14 	43
f 116 	94 	125
f 43 	14 	88
f 43 	88 	130
f 130 	88 	97
f 130 	97 	142
f 157 	102 	4364
f 142 	97 	102
f 142 	102 	157
f 166 	169 	165
f 172 	169 	166
f 166 	179 	172
f 172 	179 	181
f 185 	186 	184
f 183 	184 	186
f 228 	231 	179
f 202 	204 	201
f 200 	201 	204
f 204 	202 	209
f 204 	209 	211
f 204 	211 	215
f 204 	215 	196
f 181 	179 	231
f 121 	255 	127
f 246 	255 	243
f 249 	255 	246
f 249 	272 	255
f 258 	255 	272
f 196 	286 	287
f 290 	115 	284
f 196 	215 	286
f 240 	255 	298
f 240 	243 	255
f 298 	255 	295
f 110 	2222 	114
f 114 	2225 	115
f 6942 	127 	255
f 387 	4560 	316
f 4362 	110 	328
f 114 	342 	110
f 328 	110 	342
f 548 	539 	276
f 325 	4560 	331
f 337 	4560 	345
f 548 	276 	273
f 316 	4560 	325
f 337 	331 	4560
f 356 	357 	359
f 356 	359 	362
f 356 	362 	363
f 345 	4560 	365
f 1091 	1099 	6640
f 2136 	2839 	6640
f 2839 	2848 	6640
f 356 	373 	357
f 365 	4560 	370
f 363 	452 	377
f 370 	4560 	378
f 196 	287 	373
f 196 	373 	356
f 282 	276 	539
f 362 	406 	363
f 406 	446 	363
f 391 	408 	409
f 391 	409 	401
f 416 	1094 	18
f 417 	1075 	416
f 419 	1194 	417
f 421 	1194 	419
f 430 	435 	422
f 422 	435 	428
f 435 	408 	428
f 391 	428 	408
f 418 	4560 	437
f 443 	445 	442
f 437 	4560 	441
f 452 	363 	446
f 538 	377 	452
f 442 	5701 	422
f 452 	456 	538
f 289 	282 	539
f 384 	4560 	458
f 293 	289 	532
f 445 	652 	442
f 384 	378 	4560
f 468 	458 	4560
f 228 	472 	231
f 231 	472 	473
f 255 	115 	290
f 441 	4560 	451
f 295 	255 	290
f 412 	4560 	418
f 396 	4560 	407
f 468 	4560 	396
f 412 	407 	4560
f 477 	473 	476
f 472 	476 	473
f 476 	479 	481
f 476 	481 	477
f 479 	489 	490
f 342 	114 	115
f 342 	115 	486
f 479 	490 	481
f 489 	6394 	490
f 486 	115 	121
f 486 	121 	493
f 501 	499 	500
f 493 	121 	127
f 493 	127 	497
f 505 	502 	499
f 505 	499 	501
f 4476 	497 	127
f 518 	519 	517
f 515 	541 	513
f 514 	515 	513
f 513 	541 	512
f 540 	541 	515
f 1204 	509 	1203
f 523 	1114 	520
f 293 	528 	2348
f 512 	541 	511
f 505 	1203 	509
f 524 	1114 	523
f 523 	519 	524
f 518 	524 	519
f 243 	630 	246
f 630 	249 	246
f 510 	541 	527
f 258 	272 	607
f 258 	594 	6930
f 528 	293 	532
f 534 	517 	536
f 516 	526 	541
f 509 	1204 	516
f 532 	289 	539
f 463 	377 	538
f 463 	538 	542
f 463 	542 	543
f 463 	543 	544
f 607 	272 	249
f 507 	506 	553
f 553 	555 	507
f 269 	556 	273
f 273 	556 	548
f 243 	240 	648
f 565 	569 	553
f 569 	555 	553
f 556 	269 	572
f 569 	565 	581
f 580 	581 	565
f 640 	630 	243
f 594 	258 	607
f 618 	249 	630
f 607 	249 	618
f 625 	613 	623
f 610 	623 	613
f 549 	641 	544
f 463 	544 	641
f 463 	641 	642
f 463 	642 	536
f 463 	536 	517
f 463 	517 	519
f 5700 	442 	643
f 652 	643 	442
f 649 	455 	647
f 4083 	496 	650
f 4080 	4083 	650
f 243 	648 	640
f 649 	652 	445
f 649 	445 	455
f 653 	647 	455
f 654 	646 	653
f 647 	653 	646
f 650 	496 	501
f 657 	643 	652
f 667 	937 	505
f 658 	505 	662
f 662 	505 	661
f 670 	671 	505
f 669 	670 	505
f 295 	692 	298
f 298 	692 	648
f 298 	648 	240
f 290 	284 	707
f 723 	707 	284
f 696 	295 	707
f 290 	707 	295
f 391 	401 	403
f 660 	661 	505
f 671 	672 	505
f 660 	505 	672
f 667 	505 	658
f 692 	295 	696
f 623 	682 	403
f 774 	598 	595
f 682 	16 	1371
f 391 	403 	682
f 678 	682 	1371
f 610 	682 	623
f 716 	718 	1371
f 269 	598 	572
f 702 	678 	1371
f 803 	795 	590
f 724 	725 	721
f 716 	721 	725
f 718 	706 	1371
f 706 	700 	1371
f 700 	701 	1371
f 701 	702 	1371
f 803 	590 	811
f 586 	811 	590
f 749 	750 	1371
f 748 	749 	1371
f 743 	721 	1371
f 721 	716 	1371
f 739 	748 	1371
f 586 	915 	811
f 750 	751 	1371
f 751 	741 	1371
f 741 	742 	1371
f 742 	743 	1371
f 591 	795 	595
f 572 	598 	774
f 787 	595 	795
f 595 	787 	774
f 591 	590 	795
f 736 	738 	1371
f 738 	739 	1371
f 814 	834 	1118
f 899 	813 	1118
f 831 	1118 	830
f 830 	1118 	828
f 837 	1118 	836
f 828 	1118 	837
f 834 	836 	1118
f 823 	840 	842
f 823 	842 	826
f 799 	736 	1371
f 832 	1118 	831
f 850 	853 	840
f 840 	853 	842
f 863 	866 	850
f 853 	850 	866
f 506 	507 	863
f 866 	863 	507
f 1118 	1120 	885
f 884 	885 	1120
f 885 	889 	1118
f 889 	890 	1118
f 883 	884 	1120
f 1115 	1116 	832
f 890 	899 	1118
f 895 	18 	898
f 17 	898 	18
f 898 	17 	900
f 16 	900 	17
f 813 	814 	1118
f 16 	610 	900
f 900 	610 	613
f 316 	325 	762
f 316 	747 	387
f 331 	768 	325
f 747 	316 	762
f 331 	337 	768
f 762 	325 	768
f 904 	72 	909
f 71 	909 	72
f 337 	776 	768
f 69 	916 	909
f 69 	909 	71
f 916 	69 	919
f 68 	919 	69
f 920 	345 	932
f 823 	826 	68
f 919 	68 	826
f 345 	920 	776
f 337 	345 	776
f 932 	345 	365
f 939 	505 	938
f 940 	505 	939
f 937 	938 	505
f 941 	505 	940
f 942 	505 	941
f 943 	505 	942
f 944 	505 	943
f 945 	505 	944
f 946 	505 	945
f 680 	505 	679
f 1203 	505 	680
f 936 	126 	951
f 125 	951 	126
f 845 	799 	1371
f 912 	911 	1016
f 1023 	1016 	911
f 915 	912 	1003
f 124 	958 	951
f 124 	951 	125
f 1016 	1003 	912
f 1120 	1073 	880
f 915 	1003 	811
f 963 	370 	970
f 958 	124 	965
f 123 	965 	124
f 932 	365 	370
f 932 	370 	963
f 970 	370 	378
f 965 	123 	973
f 122 	973 	123
f 979 	384 	1059
f 970 	378 	384
f 970 	384 	979
f 122 	72 	973
f 973 	72 	904
f 977 	975 	984
f 975 	976 	984
f 980 	1044 	985
f 985 	1044 	976
f 880 	883 	1120
f 387 	747 	989
f 989 	6893 	387
f 407 	1000 	396
f 372 	369 	1002
f 1063 	468 	396
f 1063 	396 	1000
f 372 	1002 	990
f 1009 	976 	1008
f 1011 	407 	1017
f 1000 	407 	1011
f 1013 	976 	1009
f 984 	976 	1013
f 369 	6039 	1002
f 1017 	407 	412
f 908 	1025 	911
f 1023 	911 	1025
f 1017 	412 	418
f 1017 	418 	1026
f 1026 	418 	437
f 1026 	437 	1037
f 1025 	908 	1038
f 908 	907 	1038
f 1008 	976 	1045
f 1037 	437 	441
f 1037 	441 	1042
f 1042 	441 	451
f 1042 	451 	1052
f 980 	1047 	1044
f 1045 	976 	1044
f 1059 	458 	468
f 1059 	468 	1063
f 1059 	384 	458
f 1072 	516 	1067
f 1212 	516 	1204
f 1081 	516 	1080
f 1071 	1086 	880
f 879 	880 	1087
f 1080 	516 	1079
f 981 	879 	1087
f 1079 	516 	1072
f 1069 	669 	1075
f 980 	981 	1087
f 1087 	1088 	980
f 1078 	980 	1088
f 1078 	1050 	980
f 1047 	980 	1050
f 1098 	1126 	1096
f 1098 	1101 	1102
f 1103 	1105 	1102
f 1098 	1102 	1105
f 1106 	1098 	1105
f 1125 	1098 	1106
f 1098 	520 	1110
f 1111 	1113 	1110
f 1098 	1110 	1113
f 1098 	1113 	1101
f 1110 	520 	1114
f 1118 	832 	1116
f 1073 	1071 	880
f 1086 	1087 	880
f 1038 	907 	1074
f 421 	496 	1119
f 1151 	1150 	1074
f 1125 	1126 	1098
f 1126 	1432 	1096
f 1128 	1180 	1129
f 1128 	1129 	1130
f 1128 	1130 	1131
f 1128 	1131 	1132
f 1132 	1131 	1133
f 1132 	1133 	1134
f 1115 	832 	1139
f 1139 	832 	1138
f 1137 	832 	1215
f 361 	358 	1142
f 1159 	832 	1155
f 1215 	832 	1141
f 1138 	832 	1137
f 1145 	1146 	832
f 1142 	358 	1148
f 1141 	832 	1140
f 1082 	516 	1081
f 1083 	516 	1082
f 1140 	832 	1159
f 151 	1157 	1152
f 151 	1152 	144
f 1164 	516 	1163
f 1165 	516 	1164
f 1166 	516 	1165
f 1167 	516 	1166
f 1168 	516 	1167
f 1183 	516 	1168
f 1169 	516 	1183
f 526 	516 	1170
f 527 	541 	526
f 511 	541 	510
f 1163 	516 	1174
f 1174 	516 	1083
f 1177 	1178 	1179
f 1177 	1179 	1123
f 1179 	1180 	1128
f 1179 	1128 	1123
f 421 	1182 	496
f 1170 	516 	1169
f 419 	1189 	421
f 1189 	1182 	421
f 1178 	1177 	1190
f 1188 	1190 	1177
f 1190 	1188 	1191
f 1194 	1277 	1186
f 1189 	419 	1199
f 417 	1199 	419
f 1210 	516 	1209
f 1066 	516 	1198
f 1134 	1201 	1309
f 1199 	417 	416
f 1205 	516 	1224
f 1208 	516 	1206
f 1209 	516 	1208
f 1067 	516 	1066
f 946 	679 	505
f 416 	1207 	1199
f 1211 	516 	1210
f 1200 	516 	1211
f 1198 	516 	1200
f 416 	18 	895
f 1213 	516 	1212
f 1226 	516 	1214
f 1146 	1155 	832
f 895 	1207 	416
f 1206 	516 	1205
f 1224 	516 	1227
f 1227 	516 	1226
f 1214 	516 	1213
f 403 	1225 	623
f 623 	1225 	625
f 1225 	403 	1232
f 401 	1232 	403
f 401 	409 	1232
f 1239 	1232 	409
f 4080 	650 	1237
f 1243 	1239 	408
f 409 	408 	1239
f 2007 	2008 	1350
f 2006 	2007 	1351
f 1350 	1351 	2007
f 1349 	1350 	2008
f 2070 	2071 	1411
f 1411 	1412 	2070
f 1412 	1413 	2070
f 1800 	1801 	1255
f 435 	1243 	408
f 1250 	1251 	1794
f 1326 	1327 	1266
f 1266 	1267 	1325
f 1245 	1800 	1244
f 1801 	1325 	1268
f 1268 	1256 	1801
f 1268 	1325 	1267
f 1256 	1257 	1801
f 1257 	1255 	1801
f 1244 	1800 	1255
f 1330 	1331 	1271
f 1274 	1275 	1186
f 1188 	1186 	1275
f 1191 	1188 	1276
f 1275 	1276 	1188
f 1274 	1186 	1277
f 1329 	1330 	1271
f 1284 	1285 	1329
f 1271 	1283 	1329
f 1283 	1284 	1329
f 1285 	1286 	1329
f 1331 	3195 	1271
f 1262 	1263 	1329
f 1263 	1264 	1329
f 1327 	1329 	1264
f 391 	1261 	428
f 1383 	422 	1379
f 1194 	501 	1277
f 500 	1277 	501
f 1301 	1302 	1300
f 1302 	3475 	1321
f 1298 	1321 	3475
f 1301 	1300 	1305
f 1307 	1308 	1201
f 1309 	1201 	1308
f 1315 	1316 	1314
f 1317 	1314 	1316
f 1313 	1314 	1317
f 1316 	1315 	1319
f 1316 	1319 	1320
f 1300 	1302 	1321
f 1323 	1321 	1298
f 1379 	428 	1261
f 428 	1379 	422
f 1286 	1262 	1329
f 1265 	1266 	1327
f 3195 	3198 	1271
f 1273 	1271 	3198
f 3198 	3199 	1273
f 1281 	1282 	3199
f 442 	1400 	443
f 1354 	1355 	2059
f 1352 	1353 	2004
f 2004 	2006 	1352
f 2003 	2004 	1353
f 2062 	2003 	1337
f 1353 	1337 	2003
f 1337 	1335 	2062
f 2061 	2062 	1335
f 1351 	1352 	2006
f 2060 	2061 	1336
f 1335 	1336 	2061
f 1336 	1354 	2060
f 2059 	2060 	1354
f 2071 	2059 	1355
f 1355 	1411 	2071
f 1413 	1414 	2070
f 1409 	646 	654
f 1409 	1410 	647
f 1409 	647 	646
f 1151 	1074 	907
f 650 	501 	1333
f 1084 	1074 	1150
f 1364 	1145 	832
f 1099 	1091 	1149
f 1084 	1150 	1149
f 1149 	1091 	1084
f 496 	4083 	1119
f 1243 	435 	1368
f 1147 	1099 	1149
f 1194 	1333 	501
f 661 	1701 	662
f 1099 	1147 	1112
f 1112 	1147 	1144
f 832 	845 	1371
f 1368 	435 	1370
f 435 	430 	1370
f 1364 	832 	1371
f 1701 	661 	660
f 1374 	1437 	1373
f 1437 	1375 	1373
f 1372 	1373 	1375
f 1372 	2208 	1544
f 1377 	1544 	1376
f 1386 	1387 	1380
f 1390 	1380 	1387
f 1388 	1390 	1387
f 1389 	1390 	1388
f 1385 	1386 	1380
f 1384 	1385 	1380
f 1399 	443 	1400
f 442 	422 	1383
f 1400 	442 	1383
f 657 	1403 	643
f 653 	1407 	654
f 1406 	654 	1407
f 1069 	1068 	669
f 1409 	654 	1406
f 2008 	2009 	1349
f 1891 	2068 	1416
f 1415 	1416 	2070
f 2068 	2070 	1416
f 1403 	657 	1421
f 678 	1426 	1428
f 1429 	1438 	1466
f 1462 	1450 	1429
f 1427 	1429 	1450
f 1428 	1448 	678
f 1430 	1431 	1433
f 1430 	1433 	1434
f 1432 	1435 	1096
f 1528 	1096 	1435
f 1374 	1436 	1437
f 1440 	1453 	1438
f 1439 	1440 	1438
f 1375 	1437 	1441
f 1477 	1481 	5739
f 1375 	1441 	1442
f 1375 	1442 	1431
f 1375 	1431 	1430
f 5739 	1444 	1443
f 1443 	1449 	5739
f 1445 	1434 	1446
f 1433 	1446 	1434
f 1252 	1253 	1793
f 1448 	1457 	678
f 1449 	1477 	5739
f 1424 	1425 	1451
f 1471 	1476 	1424
f 1476 	1474 	1424
f 1506 	1507 	1424
f 1458 	1461 	678
f 1425 	1427 	1450
f 1440 	1452 	1453
f 1454 	1438 	1453
f 1450 	1451 	1425
f 1454 	1466 	1438
f 391 	682 	1261
f 1458 	678 	1457
f 682 	678 	1461
f 1461 	1464 	682
f 1468 	682 	1464
f 1451 	1471 	1424
f 1459 	1429 	1460
f 1465 	1460 	1429
f 1462 	1429 	1459
f 1466 	1465 	1429
f 682 	1468 	1261
f 1468 	1464 	1467
f 1474 	1475 	1424
f 1482 	1483 	1424
f 1483 	1506 	1424
f 1472 	1473 	1424
f 1473 	1482 	1424
f 1475 	1472 	1424
f 1481 	1484 	5739
f 1484 	1490 	5739
f 701 	1478 	1479
f 701 	1479 	702
f 1480 	1478 	701
f 1480 	701 	700
f 702 	1479 	1426
f 702 	1426 	678
f 706 	1480 	700
f 1490 	1491 	5739
f 5740 	5739 	1491
f 1486 	1487 	1488
f 1491 	1492 	5740
f 1622 	1493 	1494
f 1492 	1500 	5740
f 1445 	1496 	1497
f 1445 	1497 	1498
f 1499 	1493 	1498
f 1445 	1498 	1493
f 1445 	1493 	1622
f 1446 	1496 	1445
f 1533 	1501 	1424
f 1503 	1535 	1424
f 1504 	1505 	5740
f 1500 	1504 	5740
f 1507 	1518 	1424
f 1518 	1515 	1424
f 725 	1508 	1509
f 725 	1509 	1510
f 725 	1510 	716
f 716 	1510 	718
f 724 	1508 	725
f 1521 	1522 	1424
f 1515 	1516 	1424
f 1516 	1517 	1424
f 1517 	1521 	1424
f 1520 	706 	1519
f 718 	1519 	706
f 1532 	1533 	1424
f 1522 	1532 	1424
f 1528 	1435 	1529
f 1530 	1528 	1529
f 1501 	1502 	1424
f 1502 	1503 	1424
f 1534 	5740 	1531
f 1558 	5740 	1534
f 1557 	1583 	1424
f 1536 	1537 	1538
f 1558 	1545 	5740
f 1373 	1372 	1540
f 1541 	1542 	1543
f 1540 	1372 	1544
f 1547 	1567 	1541
f 1546 	1547 	1541
f 1550 	1587 	1549
f 1583 	1573 	1424
f 1581 	1578 	5740
f 1553 	1555 	1552
f 1554 	1555 	1553
f 1555 	1556 	1552
f 1587 	1552 	1556
f 1564 	1566 	5740
f 1545 	1564 	5740
f 1539 	1559 	2028
f 1561 	1562 	1528
f 1843 	1528 	1562
f 1560 	1520 	1519
f 1528 	1530 	1561
f 1579 	1589 	5740
f 1589 	1585 	5740
f 1551 	1557 	1424
f 1414 	1415 	2070
f 1568 	1548 	1567
f 1548 	1541 	1567
f 1578 	1579 	5740
f 1569 	1570 	1571
f 1569 	1571 	1572
f 749 	1569 	750
f 1572 	750 	1569
f 1590 	1575 	1424
f 1575 	1576 	1424
f 1588 	1577 	1424
f 1577 	1580 	1424
f 1598 	1599 	1424
f 1599 	1600 	1424
f 1573 	1574 	1424
f 1585 	1604 	5740
f 1574 	1590 	1424
f 1604 	1609 	5742
f 1550 	1586 	1587
f 1580 	1598 	1424
f 5742 	5740 	1604
f 1576 	1588 	1424
f 1592 	1620 	1594
f 1594 	1595 	1592
f 1591 	1592 	1595
f 1627 	1646 	1424
f 1603 	1486 	1602
f 1488 	1602 	1486
f 1631 	1627 	1424
f 1609 	1611 	5742
f 1611 	1616 	5742
f 1607 	1608 	1605
f 1608 	1602 	1605
f 1489 	1605 	1602
f 1489 	1602 	1488
f 1616 	1621 	5742
f 1614 	1416 	1613
f 1615 	1549 	1587
f 1615 	1587 	1617
f 1597 	1631 	1424
f 1617 	1587 	1556
f 1619 	1694 	1618
f 1593 	1594 	1620
f 1622 	1623 	1624
f 1624 	1698 	1619
f 1622 	1624 	1619
f 1625 	1596 	1620
f 1593 	1620 	1596
f 1630 	1416 	1626
f 1626 	1416 	1628
f 1629 	1623 	1494
f 1622 	1494 	1623
f 1417 	1424 	1647
f 1647 	1628 	1417
f 1646 	1647 	1424
f 1613 	1416 	1630
f 1543 	1632 	1633
f 1543 	1633 	1541
f 1541 	1633 	1546
f 1640 	1642 	1643
f 1416 	1417 	1628
f 1640 	1643 	1648
f 1649 	2512 	1645
f 1651 	1652 	1653
f 1673 	5742 	1667
f 1651 	1653 	1654
f 1655 	2512 	1654
f 1651 	1654 	2512
f 1651 	2512 	1649
f 1656 	1416 	1614
f 1657 	1416 	1656
f 1652 	1651 	1659
f 1658 	1659 	1651
f 1659 	1658 	1660
f 1663 	1963 	1662
f 1661 	1662 	1682
f 1650 	1667 	5742
f 5742 	1621 	1650
f 1536 	1538 	1664
f 1535 	1551 	1424
f 1684 	1416 	1671
f 1671 	1416 	1669
f 1669 	1416 	1668
f 1670 	1672 	1666
f 1670 	1666 	1674
f 1668 	1416 	1657
f 1673 	1680 	5742
f 1678 	1679 	1675
f 1677 	1675 	1679
f 1682 	1683 	1661
f 1685 	1696 	5742
f 1686 	1687 	1683
f 1696 	1697 	5742
f 1691 	1694 	1689
f 1692 	1664 	1690
f 1538 	2028 	1664
f 1709 	206 	1707
f 1681 	1685 	5742
f 1680 	1681 	5742
f 1693 	1416 	1684
f 845 	1559 	799
f 1691 	1618 	1694
f 1695 	1689 	1694
f 1688 	1689 	1695
f 1719 	206 	1724
f 1694 	1619 	1698
f 662 	1701 	1700
f 1697 	1706 	5742
f 670 	669 	1705
f 1707 	206 	1706
f 671 	1705 	1704
f 1708 	1704 	1705
f 1724 	206 	1709
f 1725 	1416 	1710
f 1712 	1416 	1711
f 1713 	1416 	1712
f 1714 	1416 	1713
f 1716 	1416 	1714
f 1717 	1416 	1716
f 1718 	1416 	1717
f 1710 	1416 	1693
f 1708 	1705 	1715
f 1721 	660 	1702
f 672 	1702 	660
f 1722 	1723 	1720
f 1661 	1683 	1720
f 1722 	1720 	1687
f 1683 	1687 	1720
f 2220 	658 	1700
f 662 	1700 	658
f 1701 	660 	1721
f 1711 	1416 	1725
f 1705 	669 	1068
f 1068 	1715 	1705
f 1780 	206 	1742
f 1733 	1766 	1732
f 1740 	1734 	1735
f 1740 	1735 	1736
f 1740 	1736 	1738
f 1732 	1766 	1739
f 1739 	1766 	1737
f 1665 	1957 	1733
f 1600 	1597 	1424
f 1740 	1776 	1741
f 1743 	1691 	1689
f 1890 	1891 	1416
f 1745 	2195 	1744
f 1691 	1743 	1749
f 1691 	1749 	1750
f 1691 	1750 	1734
f 1691 	1734 	1740
f 1746 	1747 	1751
f 1737 	1766 	1753
f 1754 	1767 	1755
f 1747 	1767 	1751
f 1751 	1767 	1754
f 1768 	1416 	1767
f 1514 	1765 	5740
f 5740 	1505 	1514
f 1765 	1531 	5740
f 1769 	1766 	1770
f 1741 	1773 	1774
f 1776 	1740 	1738
f 1773 	1741 	1779
f 1779 	1741 	1776
f 1796 	1803 	206
f 1803 	1815 	206
f 1718 	1755 	1416
f 1755 	1767 	1416
f 1772 	1416 	1771
f 1771 	1416 	1768
f 1772 	2092 	1416
f 1742 	206 	1731
f 1728 	206 	1719
f 5742 	1706 	206
f 1731 	206 	1728
f 1786 	1796 	206
f 1786 	206 	1780
f 1815 	1824 	206
f 1251 	1252 	1794
f 1793 	1794 	1252
f 1794 	1795 	1250
f 1248 	1249 	1797
f 1249 	1250 	1797
f 1797 	1798 	1248
f 1798 	1799 	1248
f 1247 	1248 	1799
f 1246 	1247 	1799
f 1799 	1800 	1246
f 1245 	1246 	1800
f 1325 	1326 	1266
f 1264 	1265 	1327
f 1806 	1808 	1805
f 1804 	1805 	1808
f 1805 	1804 	1810
f 1808 	1806 	1811
f 1808 	1811 	1812
f 1808 	1812 	1820
f 1820 	1812 	1817
f 1820 	1817 	1819
f 1821 	1822 	1823
f 1825 	1826 	1822
f 1825 	1822 	1821
f 1795 	1797 	1250
f 1825 	1820 	1826
f 1819 	1826 	1820
f 1926 	1958 	1804
f 1842 	1845 	1784
f 1845 	1859 	1784
f 1840 	1842 	1784
f 1833 	1840 	1784
f 1784 	206 	1824
f 1824 	1833 	1784
f 1836 	1837 	1838
f 1836 	1838 	1839
f 1774 	1841 	1837
f 1836 	1741 	1837
f 1774 	1837 	1741
f 1846 	1847 	1844
f 1843 	1844 	1847
f 1843 	1848 	1844
f 1847 	1846 	1851
f 1847 	1851 	1857
f 1858 	1852 	1857
f 1847 	1857 	1852
f 1859 	1862 	1784
f 1863 	1868 	1784
f 1862 	1863 	1784
f 1868 	1872 	1784
f 1864 	1865 	1866
f 1864 	1866 	1867
f 1838 	1869 	1839
f 1839 	1869 	1870
f 1839 	1870 	1871
f 1839 	1871 	1865
f 1839 	1865 	1864
f 1872 	1885 	1784
f 1937 	1852 	1874
f 1873 	1874 	1852
f 1852 	1858 	1873
f 1885 	1893 	1784
f 1344 	1345 	2015
f 1348 	1349 	2009
f 2009 	2010 	1348
f 1893 	1901 	1784
f 1890 	1416 	1896
f 1783 	1784 	1901
f 1907 	1783 	1901
f 1900 	1931 	1902
f 1907 	1915 	1783
f 1864 	1903 	1904
f 1905 	1906 	1904
f 1864 	1904 	1906
f 1864 	1867 	1903
f 1924 	1913 	1416
f 1914 	1933 	1416
f 1933 	1941 	1416
f 1917 	1943 	1416
f 1943 	1944 	1416
f 1959 	1985 	1416
f 1911 	1924 	1416
f 1910 	1911 	1416
f 671 	1704 	672
f 1913 	1914 	1416
f 670 	1705 	671
f 1925 	1930 	1783
f 1925 	1783 	1915
f 1902 	1927 	1928
f 1929 	1926 	1928
f 1902 	1928 	1926
f 1936 	1939 	1783
f 1932 	1902 	1931
f 1930 	1936 	1783
f 1941 	1934 	1416
f 1916 	1917 	1416
f 1905 	1935 	1906
f 1931 	1900 	1935
f 1900 	1906 	1935
f 1937 	2346 	1938
f 1902 	1932 	1940
f 1902 	1940 	1927
f 1934 	1916 	1416
f 1939 	1942 	1783
f 1944 	1952 	1416
f 1951 	2017 	1766
f 1769 	1951 	1766
f 1950 	1954 	1783
f 1950 	1783 	1942
f 1953 	1959 	1416
f 1952 	1953 	1416
f 1748 	1753 	1766
f 1955 	1963 	1663
f 1702 	672 	1704
f 1956 	1783 	1954
f 1666 	1957 	1665
f 1733 	1957 	1770
f 1733 	1770 	1766
f 1810 	1804 	1958
f 1672 	1957 	1666
f 1926 	1960 	1961
f 1958 	1926 	1961
f 1955 	1962 	1963
f 1682 	1662 	1963
f 1926 	1929 	1960
f 1969 	1986 	361
f 828 	1968 	830
f 1967 	830 	1968
f 1967 	1968 	1766
f 1766 	1968 	836
f 836 	1968 	837
f 1973 	1974 	1416
f 1975 	1416 	1974
f 1975 	1897 	1416
f 1896 	1416 	1897
f 1972 	1976 	1416
f 1985 	1988 	1416
f 1973 	1416 	1976
f 834 	1766 	836
f 1937 	1982 	1983
f 1984 	1937 	1983
f 1783 	1969 	361
f 1988 	1989 	1416
f 1990 	1991 	361
f 1937 	1874 	1987
f 1937 	1987 	1982
f 1971 	1972 	1416
f 1989 	1971 	1416
f 1986 	1990 	361
f 1956 	1964 	1783
f 1964 	1969 	1783
f 1991 	1992 	361
f 1994 	1995 	1997
f 1997 	1998 	1994
f 1788 	1789 	1254
f 1254 	1343 	1788
f 1787 	1788 	1343
f 1343 	1344 	1787
f 1789 	1790 	1254
f 1790 	1827 	1254
f 1827 	1791 	1254
f 1791 	1792 	1254
f 1253 	1254 	1793
f 1792 	1793 	1254
f 1967 	1766 	2017
f 814 	1748 	834
f 1766 	834 	1748
f 1690 	1664 	2028
f 1538 	1539 	2028
f 2028 	1559 	845
f 1996 	2030 	361
f 2030 	2050 	361
f 2050 	2076 	361
f 1562 	1848 	1843
f 1992 	1993 	361
f 1993 	1996 	361
f 1345 	1346 	2014
f 2014 	2015 	1345
f 2015 	1787 	1344
f 2013 	2014 	1346
f 2011 	2013 	1347
f 2010 	2011 	1348
f 1346 	1347 	2013
f 1347 	1348 	2011
f 2081 	2083 	361
f 2076 	2081 	361
f 2086 	2129 	358
f 2083 	2085 	361
f 2089 	1416 	2093
f 2089 	2087 	1416
f 2148 	1416 	2104
f 2092 	2093 	1416
f 2085 	2086 	358
f 358 	361 	2085
f 2129 	2145 	358
f 2145 	2150 	358
f 2104 	1416 	2088
f 2087 	2088 	1416
f 2155 	358 	2150
f 2149 	2157 	1416
f 2148 	2149 	1416
f 1157 	151 	2115
f 2158 	1416 	2157
f 2155 	2161 	358
f 2160 	2165 	1416
f 2309 	2444 	2152
f 2670 	2669 	2219
f 2162 	1416 	2166
f 2166 	1416 	2165
f 2444 	2300 	2152
f 2173 	2174 	2175
f 2176 	2152 	2175
f 2173 	2175 	2152
f 2173 	2152 	2302
f 2171 	2178 	358
f 2161 	2171 	358
f 2174 	2177 	2175
f 2176 	2179 	2152
f 880 	2152 	2179
f 2178 	2180 	358
f 879 	2181 	880
f 2152 	880 	2181
f 2194 	358 	2182
f 2184 	2153 	2181
f 2152 	2181 	2153
f 2192 	1416 	2183
f 2191 	2728 	2190
f 2179 	883 	880
f 1675 	1676 	2196
f 1676 	1744 	2196
f 1675 	2196 	2197
f 1678 	1675 	2197
f 2201 	2516 	2200
f 2180 	2182 	358
f 2204 	2483 	2202
f 2205 	1416 	2192
f 2411 	2226 	2209
f 2206 	2215 	358
f 2204 	2211 	2212
f 2223 	6399 	2215
f 2181 	2213 	2184
f 1112 	1144 	2115
f 2228 	6399 	2223
f 2181 	2214 	2213
f 2496 	2498 	2193
f 2728 	2496 	2193
f 2194 	2206 	358
f 1372 	1416 	2208
f 2216 	2152 	2153
f 2208 	1416 	2205
f 2218 	2518 	2728
f 2217 	2218 	2728
f 3724 	6399 	2228
f 2152 	2216 	2219
f 2185 	1416 	2162
f 2185 	2183 	1416
f 1430 	1416 	1375
f 2220 	2221 	2224
f 2220 	2224 	937
f 2204 	2202 	2227
f 2226 	2227 	2202
f 2225 	114 	2222
f 284 	115 	2225
f 2204 	2227 	2221
f 2204 	2221 	2220
f 2169 	2115 	1144
f 2232 	2234 	4560
f 2230 	2204 	2220
f 2230 	2220 	2233
f 2234 	2241 	4560
f 2235 	2220 	2239
f 937 	2239 	2220
f 2169 	1157 	2115
f 2241 	2242 	4560
f 3730 	6399 	3724
f 2220 	2235 	2244
f 658 	2220 	2244
f 2243 	110 	2242
f 2222 	110 	2243
f 2245 	2220 	1700
f 2385 	2386 	1380
f 2383 	2384 	1380
f 2386 	2387 	2252
f 2384 	2385 	1380
f 1380 	2386 	2252
f 2253 	1380 	2252
f 2254 	1380 	2253
f 2264 	1380 	2254
f 1384 	1380 	2255
f 2220 	2256 	2233
f 2256 	2220 	2245
f 2251 	2252 	2387
f 2204 	2257 	2211
f 6896 	4560 	2242
f 2257 	2204 	2230
f 2202 	2209 	2226
f 2229 	2232 	4560
f 2255 	1380 	2264
f 1745 	2266 	2195
f 2195 	2196 	1744
f 2263 	2229 	4560
f 2262 	2263 	4560
f 2258 	4560 	2270
f 2273 	2274 	2275
f 2273 	2275 	1658
f 1679 	2277 	1677
f 2260 	4560 	2258
f 1674 	2278 	2279
f 1674 	2279 	1670
f 2262 	4560 	2260
f 2368 	2369 	2247
f 2562 	2563 	2288
f 2247 	2248 	2368
f 2389 	2368 	2248
f 2388 	2389 	2249
f 2249 	2250 	2388
f 2380 	2388 	2250
f 2379 	2380 	2250
f 2250 	2251 	2379
f 2378 	2379 	2251
f 2387 	2378 	2251
f 2287 	2288 	2563
f 2270 	4560 	2269
f 2267 	2269 	4560
f 2302 	2152 	2301
f 2300 	2301 	2152
f 2267 	4560 	2305
f 2310 	2444 	2309
f 2315 	4560 	2312
f 2274 	2273 	2276
f 4560 	2315 	2305
f 1152 	2127 	144
f 2327 	2312 	4560
f 2324 	4560 	2333
f 2358 	2333 	4560
f 2248 	2249 	2389
f 2348 	2351 	4697
f 2324 	2327 	4560
f 2347 	1938 	2346
f 1937 	1984 	2346
f 4560 	4697 	2351
f 2353 	2356 	4560
f 2354 	2276 	2347
f 1938 	2347 	2276
f 1938 	2276 	2273
f 2358 	4560 	2356
f 2354 	2360 	2361
f 2354 	2361 	2362
f 2354 	2362 	2276
f 2351 	2353 	4560
f 2288 	2289 	2562
f 2375 	2562 	2289
f 2339 	2287 	2565
f 2565 	2566 	2339
f 2285 	2339 	2566
f 2292 	2293 	2373
f 289 	293 	4697
f 273 	276 	4697
f 282 	289 	4697
f 276 	282 	4697
f 2369 	2370 	2246
f 2246 	2247 	2369
f 2294 	2246 	2370
f 2293 	2294 	2372
f 2370 	2372 	2294
f 2372 	2373 	2293
f 2373 	2374 	2292
f 2290 	2292 	2374
f 2374 	2375 	2290
f 2314 	2173 	2302
f 293 	2348 	4697
f 590 	591 	4697
f 591 	595 	4697
f 595 	598 	4697
f 269 	273 	4697
f 2394 	2300 	2444
f 2239 	937 	2395
f 598 	269 	4697
f 911 	912 	4698
f 915 	586 	4698
f 2398 	2309 	2152
f 586 	590 	4698
f 2289 	2290 	2375
f 1381 	2383 	1380
f 4697 	4698 	590
f 912 	915 	4698
f 908 	911 	4698
f 1150 	1151 	4698
f 2224 	2410 	937
f 2584 	2585 	2284
f 2415 	2428 	2284
f 2428 	2583 	2284
f 2583 	2584 	2284
f 3524 	2280 	3523
f 3544 	3547 	2284
f 2436 	2437 	2435
f 2433 	2435 	2437
f 2394 	2444 	2442
f 2441 	2442 	2444
f 1660 	1658 	2413
f 2413 	1658 	2448
f 2275 	2448 	1658
f 2310 	3366 	2444
f 2451 	2452 	2435
f 2451 	2435 	2433
f 2454 	2455 	2452
f 2454 	2452 	2451
f 2482 	2483 	2484
f 2483 	2516 	2201
f 2201 	2202 	2483
f 2212 	2483 	2204
f 2212 	2484 	2483
f 2496 	2497 	2498
f 1645 	2503 	2504
f 3067 	3068 	2506
f 2506 	2509 	3067
f 2502 	3067 	2509
f 2198 	2193 	2498
f 2503 	1645 	2512
f 2514 	3067 	2502
f 2483 	2482 	2496
f 2497 	2496 	2482
f 2496 	2518 	2483
f 2516 	2483 	2518
f 2517 	2709 	2506
f 2509 	2506 	2710
f 2709 	2710 	2506
f 2520 	2200 	2516
f 2856 	2521 	2522
f 2496 	2728 	2518
f 1645 	2504 	2535
f 2742 	2714 	2527
f 2524 	2527 	2714
f 2714 	2742 	2529
f 2528 	2529 	2742
f 2219 	2669 	2152
f 2576 	2152 	2532
f 2537 	2668 	2536
f 2539 	2549 	2538
f 2540 	2541 	2504
f 2535 	2504 	2541
f 2535 	2541 	2555
f 2546 	2523 	2545
f 2544 	2545 	2523
f 2546 	2538 	2549
f 2545 	2536 	2546
f 2536 	2668 	2546
f 2542 	2550 	2539
f 2549 	2539 	2550
f 2742 	2552 	2528
f 2551 	2552 	2742
f 2553 	2879 	2554
f 2553 	2535 	2555
f 2556 	2559 	2555
f 980 	2654 	981
f 2181 	981 	2654
f 2553 	2555 	2559
f 2560 	2553 	2559
f 2652 	2654 	2750
f 981 	2181 	879
f 2750 	2741 	2652
f 2416 	2417 	2284
f 2284 	2285 	2567
f 2427 	2416 	2284
f 2567 	2568 	2284
f 2568 	2439 	2284
f 2439 	2424 	2284
f 2424 	2425 	2284
f 2425 	2427 	2284
f 2566 	2567 	2285
f 2417 	2418 	2284
f 2418 	2415 	2284
f 2695 	2127 	2526
f 1152 	2526 	2127
f 3491 	2280 	3525
f 3547 	3548 	2284
f 3525 	2280 	3524
f 2411 	2209 	2605
f 2603 	2604 	3497
f 3496 	3497 	2604
f 2604 	2606 	3496
f 3495 	3496 	2606
f 2606 	2614 	3495
f 3494 	3495 	2614
f 2614 	2607 	3494
f 2280 	3493 	2607
f 3803 	3799 	2612
f 2612 	2193 	2198
f 3493 	3494 	2607
f 679 	2728 	2616
f 2615 	2728 	2191
f 943 	942 	2617
f 2619 	2596 	2634
f 2620 	2596 	2619
f 2621 	2624 	2620
f 2622 	2624 	2621
f 2623 	2624 	2622
f 2624 	2596 	2620
f 2597 	3024 	2596
f 1375 	1416 	1372
f 2158 	2160 	1416
f 1445 	1416 	1434
f 1445 	1622 	1416
f 1434 	1416 	1430
f 2728 	946 	2617
f 2410 	2630 	937
f 1618 	1416 	1619
f 2690 	939 	2631
f 1691 	1740 	1416
f 2636 	2667 	2635
f 2638 	2639 	2637
f 2635 	2637 	2639
f 2635 	2639 	2640
f 2635 	2640 	2641
f 2635 	2641 	2642
f 2635 	2642 	2643
f 2634 	2596 	2635
f 2635 	2596 	2688
f 1741 	1416 	1740
f 1622 	1619 	1416
f 1618 	1691 	1416
f 1836 	1416 	1741
f 980 	985 	2654
f 1820 	1825 	2663
f 2651 	2663 	1825
f 2651 	1825 	1821
f 2651 	1821 	1823
f 2214 	2181 	2654
f 1808 	2659 	1416
f 2650 	2653 	2655
f 2650 	2655 	2656
f 2650 	2656 	2657
f 2650 	2657 	2658
f 2660 	2661 	2662
f 2659 	2747 	1416
f 2659 	1820 	2663
f 2660 	2658 	2661
f 2657 	2661 	2658
f 1839 	1416 	1836
f 2637 	2635 	2667
f 2666 	2667 	2636
f 2532 	2152 	2531
f 2531 	2152 	2669
f 2668 	2669 	2670
f 2538 	2546 	2668
f 2668 	2537 	2669
f 2660 	2662 	2675
f 2660 	2675 	2676
f 2676 	3026 	2660
f 2643 	2634 	2635
f 2683 	2596 	2677
f 3491 	3492 	2280
f 2677 	2596 	186
f 2678 	2596 	2682
f 183 	2596 	2678
f 186 	2596 	183
f 2685 	2596 	2702
f 2701 	2596 	2683
f 2687 	2596 	2686
f 2694 	2596 	2687
f 2688 	2596 	2692
f 2692 	2596 	2694
f 2693 	2833 	2690
f 2702 	2596 	2701
f 2686 	2596 	2685
f 667 	2395 	937
f 2707 	2709 	2517
f 2519 	2509 	2710
f 2856 	2849 	2710
f 2709 	2707 	2711
f 2707 	2712 	2711
f 3481 	2711 	2712
f 2395 	667 	2244
f 658 	2244 	667
f 2714 	2711 	3481
f 2856 	2710 	2521
f 2529 	2713 	2714
f 2713 	2711 	2714
f 2136 	2127 	2695
f 2615 	2616 	2728
f 3799 	3800 	2728
f 2193 	3799 	2728
f 1900 	1902 	1416
f 2742 	2527 	2736
f 2738 	2737 	2617
f 2739 	2617 	2740
f 1902 	1926 	1416
f 1804 	1808 	1416
f 2742 	975 	977
f 2736 	2745 	2742
f 1839 	1864 	1416
f 1926 	1804 	1416
f 1820 	2659 	1808
f 2617 	2739 	2728
f 2728 	2739 	2217
f 1864 	1906 	1416
f 1906 	1900 	1416
f 984 	2742 	977
f 2747 	1910 	1416
f 975 	2742 	976
f 976 	2742 	2745
f 976 	2745 	2750
f 976 	2750 	985
f 2750 	2654 	985
f 2542 	2652 	2741
f 2550 	2542 	2741
f 2740 	2617 	2737
f 2770 	2738 	2617
f 1152 	1157 	4699
f 2617 	2868 	2770
f 2775 	2770 	2868
f 2520 	2775 	2594
f 2681 	2596 	2762
f 2682 	2596 	2681
f 3187 	3255 	2597
f 2831 	2596 	2837
f 2792 	2596 	2791
f 2793 	2596 	2792
f 2803 	2596 	2793
f 2794 	2596 	2803
f 2761 	2596 	2796
f 2762 	2596 	2761
f 2868 	2594 	2775
f 2796 	2596 	2794
f 2870 	942 	2810
f 2815 	2809 	940
f 2807 	4699 	2822
f 2822 	4699 	2820
f 2815 	940 	2830
f 2791 	2596 	2790
f 2790 	2596 	2832
f 2693 	2411 	2833
f 2605 	2833 	2411
f 2830 	2690 	2833
f 940 	2690 	2830
f 2820 	4699 	2834
f 2980 	2596 	2960
f 2960 	2596 	2836
f 2834 	4699 	2838
f 2519 	2710 	2849
f 2845 	4700 	2842
f 2842 	4700 	2854
f 2551 	2858 	2865
f 2854 	4700 	2851
f 2522 	2551 	2856
f 2865 	2856 	2551
f 2200 	2520 	2594
f 1008 	2858 	1009
f 2868 	2617 	2870
f 1045 	2858 	1008
f 3231 	2865 	2858
f 2551 	2742 	2858
f 2878 	2554 	2879
f 1013 	2858 	2742
f 1013 	2742 	984
f 2877 	4700 	2875
f 2858 	1013 	1009
f 2649 	2554 	2878
f 2880 	2882 	2878
f 2881 	2882 	2880
f 2649 	2878 	2882
f 2943 	2649 	2882
f 2851 	4700 	2877
f 2553 	2560 	2879
f 2884 	4700 	2883
f 2885 	679 	2886
f 2887 	2885 	2888
f 2889 	5321 	4264
f 2890 	2888 	2885
f 2875 	4700 	2864
f 4856 	4868 	2885
f 2886 	2890 	2885
f 2894 	4779 	2892
f 2903 	4700 	2901
f 2905 	4700 	2903
f 2907 	4700 	2905
f 2885 	1203 	680
f 680 	679 	2885
f 2616 	2886 	679
f 2901 	4700 	2894
f 2883 	4700 	2907
f 2864 	4700 	2884
f 2649 	2943 	2944
f 2649 	2944 	2650
f 2832 	2596 	2831
f 2926 	4779 	2924
f 2924 	4779 	2915
f 2921 	2596 	2920
f 2917 	2596 	2921
f 2978 	2596 	2980
f 2920 	2596 	2962
f 2962 	2596 	2978
f 2892 	4779 	2977
f 2835 	2596 	2998
f 2870 	2617 	942
f 946 	2728 	679
f 2944 	2653 	2650
f 944 	2617 	945
f 2809 	2810 	942
f 941 	2809 	942
f 2617 	944 	943
f 945 	2617 	946
f 941 	940 	2809
f 938 	937 	2630
f 3019 	3049 	3020
f 3018 	3048 	3019
f 3017 	3047 	3018
f 2631 	939 	2630
f 938 	2630 	939
f 939 	2690 	940
f 2136 	2695 	2839
f 3106 	2596 	3032
f 2997 	2596 	3106
f 3031 	2596 	3024
f 3023 	3024 	2597
f 2837 	2596 	2917
f 3029 	2660 	3026
f 3029 	3026 	3027
f 3029 	3027 	3028
f 3032 	2596 	3031
f 3033 	3034 	3035
f 3035 	3144 	3033
f 3036 	3037 	3034
f 3036 	3034 	3033
f 3048 	3018 	3047
f 3049 	3019 	3048
f 3017 	3016 	3047
f 3046 	3047 	3016
f 2999 	990 	3043
f 2505 	2506 	3068
f 3066 	3067 	2514
f 3068 	3293 	2505
f 3066 	3805 	3067
f 3077 	3805 	3066
f 2846 	3805 	3077
f 2852 	3805 	2847
f 3083 	1403 	3082
f 1403 	3083 	3238
f 2855 	3231 	3805
f 3057 	3056 	3208
f 3036 	3029 	3037
f 3028 	3037 	3029
f 3237 	1078 	3232
f 2998 	2596 	2997
f 2836 	2596 	2835
f 3023 	2597 	3124
f 3114 	990 	3133
f 3133 	990 	3158
f 3144 	3145 	3033
f 3389 	3033 	3145
f 3389 	3145 	3146
f 3389 	3146 	3147
f 2839 	2695 	2798
f 3159 	2597 	3137
f 3155 	2597 	3159
f 3124 	2597 	3155
f 3165 	990 	2999
f 3158 	990 	3165
f 3170 	4779 	3169
f 3055 	3213 	3056
f 3114 	3092 	990
f 3094 	4779 	3100
f 3100 	4779 	3092
f 2915 	4779 	3170
f 2970 	4779 	2926
f 3052 	3211 	3054
f 3054 	3212 	3055
f 3169 	4779 	3094
f 3175 	3176 	3174
f 4228 	4233 	3176
f 3174 	3176 	4233
f 3343 	3344 	2597
f 3334 	3335 	2597
f 3612 	3613 	2597
f 3178 	3181 	3179
f 3181 	3178 	3180
f 3182 	3179 	3181
f 3187 	2597 	3186
f 3190 	2597 	3189
f 3191 	2597 	3190
f 3192 	2597 	3191
f 3135 	2597 	3134
f 3134 	2597 	3192
f 3137 	2597 	3135
f 3199 	3201 	1281
f 1280 	1281 	3201
f 3201 	3202 	1280
f 3202 	3204 	1280
f 1279 	1280 	3204
f 1278 	1279 	3204
f 1282 	1273 	3199
f 3020 	3211 	3052
f 3211 	3020 	3049
f 3212 	3054 	3211
f 3213 	3055 	3212
f 3208 	3056 	3213
f 2847 	3805 	2846
f 3232 	3805 	3231
f 4223 	4078 	1237
f 1045 	3233 	2858
f 2858 	3233 	3231
f 2855 	2865 	3231
f 3242 	3238 	3241
f 3243 	4607 	3242
f 3083 	3241 	3238
f 3239 	3997 	3240
f 3226 	3225 	231
f 3224 	231 	3225
f 3220 	181 	3224
f 3219 	3218 	172
f 3251 	3356 	3770
f 3257 	2597 	3256
f 3189 	2597 	3257
f 3256 	2597 	3255
f 3259 	3600 	3258
f 3437 	3439 	3258
f 3258 	3770 	3261
f 3260 	3261 	3770
f 169 	172 	3218
f 3262 	3267 	3258
f 3262 	3258 	3261
f 3217 	169 	3218
f 3280 	3258 	3268
f 3280 	3259 	3258
f 5110 	3264 	3265
f 3268 	3258 	3267
f 181 	3220 	172
f 3219 	172 	3220
f 3208 	149 	3057
f 3217 	3057 	149
f 169 	3217 	149
f 3267 	3274 	3295
f 3274 	3403 	4291
f 3403 	3404 	4291
f 3268 	3281 	3280
f 3310 	2597 	3283
f 3311 	2597 	3310
f 3286 	2597 	3285
f 3287 	2597 	3286
f 3185 	2597 	3289
f 3185 	3186 	2597
f 3289 	2597 	3287
f 3282 	3283 	2597
f 3291 	3292 	3268
f 3290 	3268 	3292
f 3268 	3290 	3281
f 3293 	3294 	2914
f 3296 	4799 	3294
f 3268 	3267 	3291
f 3295 	3291 	3267
f 2914 	2505 	3293
f 3071 	3701 	3299
f 3272 	490 	3273
f 490 	4320 	3273
f 3271 	490 	3272
f 3279 	490 	3271
f 3299 	4799 	3296
f 3278 	481 	3279
f 3277 	477 	3275
f 3285 	2597 	3311
f 3479 	2913 	3294
f 3323 	3324 	3325
f 3323 	3325 	3326
f 3324 	3323 	3328
f 3326 	3325 	3333
f 3326 	3333 	3471
f 2544 	3322 	2578
f 2578 	3322 	3332
f 2523 	3322 	2544
f 3322 	3608 	3332
f 3563 	3332 	3608
f 3322 	3346 	3347
f 3322 	3347 	3608
f 3340 	3348 	3349
f 3340 	3349 	3350
f 3350 	3353 	3340
f 2524 	2714 	2523
f 3322 	2523 	2714
f 3323 	3340 	3353
f 3323 	3353 	3354
f 3323 	3354 	3328
f 3356 	3357 	3355
f 3357 	3358 	3355
f 1081 	3355 	3358
f 3352 	3997 	3351
f 3240 	3997 	3352
f 3359 	3361 	2152
f 3362 	3397 	3355
f 3355 	1081 	3362
f 3360 	3362 	1081
f 3367 	1080 	3365
f 3361 	3371 	3368
f 2397 	2398 	3361
f 3368 	2397 	3361
f 3366 	3368 	3371
f 3357 	3356 	3251
f 3372 	3770 	3356
f 3563 	3568 	3332
f 3370 	3997 	3369
f 3351 	3997 	3370
f 2712 	3001 	3481
f 3322 	3481 	3346
f 3378 	3997 	3377
f 3369 	3997 	3373
f 2798 	2848 	2839
f 3387 	3997 	3386
f 3373 	3997 	3378
f 3381 	3770 	3372
f 3386 	3997 	3402
f 3377 	3997 	3384
f 1079 	1072 	3382
f 3253 	3254 	1072
f 3382 	1072 	3254
f 3381 	3260 	3770
f 3384 	3997 	3387
f 3147 	3388 	3389
f 3402 	3997 	3400
f 3347 	3390 	3608
f 3391 	3392 	3393
f 3393 	3414 	3391
f 3395 	3396 	3392
f 3395 	3392 	3391
f 3395 	3389 	3396
f 3388 	3396 	3389
f 3398 	3363 	3397
f 3363 	3355 	3397
f 3399 	3264 	3398
f 3397 	3399 	3398
f 5110 	4291 	3404
f 3400 	3997 	3405
f 5110 	3398 	3264
f 3404 	3401 	5110
f 3401 	3398 	5110
f 3406 	3994 	3409
f 3406 	3407 	3994
f 3407 	3405 	3994
f 3416 	3994 	3415
f 3409 	3994 	3408
f 2807 	2848 	2798
f 3340 	3337 	3411
f 3410 	3411 	3337
f 3408 	3994 	3416
f 3337 	3412 	3413
f 3337 	3413 	3410
f 3348 	3340 	3411
f 3391 	3414 	3412
f 3391 	3412 	3337
f 3415 	3994 	3418
f 3421 	1174 	3420
f 2807 	2822 	2848
f 3358 	3422 	1081
f 1081 	3422 	1082
f 3336 	3424 	2597
f 3338 	2597 	3424
f 3339 	2597 	3338
f 3282 	2597 	3344
f 3343 	2597 	3431
f 3335 	3336 	2597
f 3360 	1081 	3423
f 1080 	3423 	1081
f 3382 	3365 	1080
f 3423 	1080 	3367
f 1079 	3382 	1080
f 3420 	1083 	3422
f 1082 	3422 	1083
f 2152 	2576 	3359
f 2152 	3361 	2398
f 3425 	3426 	3427
f 3425 	3427 	3428
f 3425 	3434 	3430
f 3425 	3430 	3426
f 3431 	2597 	3339
f 3428 	3427 	3432
f 3434 	3468 	3435
f 3436 	3429 	3435
f 3434 	3435 	3429
f 3429 	3430 	3434
f 3770 	3258 	3439
f 3442 	3636 	3441
f 3444 	3755 	3443
f 3441 	3443 	3445
f 3446 	3447 	3444
f 3452 	2597 	3451
f 3334 	2597 	3449
f 3456 	3457 	3587
f 3454 	3587 	3457
f 3457 	3759 	3454
f 3453 	3461 	3462
f 3453 	3462 	3463
f 3460 	2597 	3459
f 3450 	2597 	3460
f 3450 	3451 	2597
f 3449 	2597 	3452
f 3466 	3467 	3465
f 3464 	3465 	3467
f 3434 	3326 	3471
f 3434 	3471 	3472
f 3473 	3434 	3472
f 3468 	3434 	3473
f 2914 	3294 	2913
f 3483 	3479 	3481
f 3485 	3653 	3484
f 231 	473 	3226
f 3276 	3226 	473
f 181 	231 	3224
f 473 	477 	3276
f 3277 	3276 	477
f 481 	3275 	477
f 490 	3279 	481
f 3001 	3483 	3481
f 3374 	3346 	3481
f 3488 	3487 	507
f 3487 	3486 	507
f 3481 	3322 	2714
f 3418 	3994 	3417
f 3994 	3505 	3503
f 3489 	569 	3490
f 866 	507 	3486
f 3511 	866 	3486
f 555 	569 	3489
f 581 	3490 	569
f 3013 	3782 	581
f 3046 	3783 	3013
f 3517 	3518 	2599
f 3497 	3498 	2603
f 2602 	2603 	3498
f 2601 	2602 	3499
f 3498 	3499 	2602
f 3499 	3500 	2601
f 2599 	2601 	3500
f 3501 	2599 	3500
f 3512 	2599 	3501
f 3513 	2599 	3512
f 3515 	2599 	3513
f 3516 	2599 	3515
f 3517 	2599 	3516
f 3518 	3519 	2599
f 3520 	3696 	2599
f 3696 	3694 	2599
f 2853 	2822 	2859
f 2820 	2859 	2822
f 3492 	3493 	2280
f 2853 	2848 	2822
f 2421 	3543 	2284
f 2430 	2421 	2284
f 2585 	2430 	2284
f 2563 	2565 	2287
f 3510 	853 	3511
f 826 	842 	3509
f 3508 	826 	3509
f 3509 	842 	3510
f 3542 	3479 	3294
f 866 	3511 	853
f 842 	853 	3510
f 507 	555 	3488
f 3489 	3488 	555
f 3540 	919 	3507
f 3508 	3507 	826
f 3539 	916 	3540
f 3538 	916 	3539
f 3546 	3549 	2284
f 3545 	3546 	2284
f 3552 	3553 	2284
f 3551 	3552 	2284
f 613 	1468 	900
f 900 	1468 	898
f 3537 	909 	3538
f 2859 	2820 	2869
f 2834 	2869 	2820
f 3549 	3550 	2284
f 3550 	3551 	2284
f 3553 	3554 	2283
f 2283 	2284 	3553
f 2281 	2283 	3554
f 3554 	3523 	2281
f 2280 	2281 	3523
f 3543 	3544 	2284
f 3548 	3545 	2284
f 3481 	3686 	3685
f 3481 	3542 	3686
f 826 	3507 	919
f 3536 	904 	3537
f 965 	973 	3535
f 916 	3538 	909
f 919 	3540 	916
f 3479 	3542 	3481
f 3562 	965 	3535
f 3561 	3560 	958
f 951 	958 	3560
f 3371 	3568 	3366
f 3565 	3366 	3568
f 3564 	2597 	3697
f 3566 	2597 	3564
f 3567 	2597 	3566
f 3577 	2597 	3567
f 3675 	2597 	3674
f 3519 	3520 	2599
f 3678 	3622 	2597
f 3371 	3332 	3568
f 3536 	3535 	973
f 904 	3536 	973
f 909 	3537 	904
f 3562 	3561 	965
f 958 	965 	3561
f 951 	3560 	3559
f 3559 	3742 	936
f 951 	3559 	936
f 3687 	2597 	3570
f 3565 	2444 	3366
f 3570 	2597 	3569
f 3374 	3481 	3572
f 3576 	2597 	3575
f 3569 	2597 	3576
f 3575 	2597 	3574
f 3574 	2597 	3577
f 3417 	3994 	3503
f 3437 	3258 	3585
f 3455 	3456 	3587
f 3587 	3589 	3455
f 3586 	3455 	3589
f 3600 	3602 	3598
f 3597 	3598 	3602
f 3602 	3600 	3603
f 3603 	3600 	3259
f 3605 	1002 	3604
f 3598 	3607 	3600
f 3607 	3578 	3600
f 3579 	3600 	3578
f 3580 	3600 	3579
f 3609 	3481 	3685
f 3585 	3258 	3600
f 3589 	3610 	3586
f 3611 	3608 	3390
f 3585 	3600 	3580
f 3609 	3611 	3572
f 3481 	3609 	3572
f 3394 	3572 	3611
f 3390 	3394 	3611
f 3662 	3666 	2597
f 3614 	3630 	2597
f 3615 	2597 	3630
f 3613 	3614 	2597
f 3617 	2597 	3616
f 3458 	2597 	3617
f 3623 	3662 	2597
f 3616 	2597 	3615
f 3443 	3441 	3636
f 3635 	3636 	3442
f 3635 	3442 	3637
f 3639 	3466 	3465
f 3469 	3641 	3465
f 3639 	3465 	3641
f 3642 	3643 	3645
f 3642 	3645 	3647
f 3646 	3651 	2597
f 3649 	3650 	3643
f 3645 	3643 	3650
f 3612 	2597 	3651
f 3652 	3653 	3654
f 3655 	3653 	3485
f 3652 	3484 	3653
f 3637 	3657 	3635
f 3646 	2597 	3644
f 3644 	2597 	3656
f 3664 	3665 	2597
f 3665 	3660 	2597
f 3664 	2597 	3663
f 3656 	2597 	3660
f 3663 	2597 	3666
f 3684 	3542 	3668
f 3667 	3684 	3668
f 3682 	2597 	3675
f 3677 	2597 	3676
f 3678 	2597 	3677
f 3622 	3623 	2597
f 3676 	2597 	3682
f 2974 	4779 	2970
f 2977 	4779 	2974
f 3542 	3684 	3683
f 2838 	4699 	2845
f 2798 	4699 	2807
f 2695 	4699 	2798
f 1157 	2169 	4699
f 4698 	4699 	2169
f 3686 	3542 	3683
f 1147 	1149 	4698
f 3674 	2597 	3688
f 3688 	2597 	3687
f 1149 	1150 	4698
f 907 	908 	4698
f 1151 	907 	4698
f 6856 	6854 	4558
f 4335 	5641 	1148
f 2169 	1144 	4698
f 1144 	1147 	4698
f 2598 	2599 	3693
f 2597 	2598 	3693
f 2838 	2845 	3625
f 3692 	3693 	2599
f 3695 	3692 	2599
f 3697 	2597 	3693
f 3694 	3695 	2599
f 2838 	3625 	2869
f 2869 	2834 	2838
f 3458 	3459 	2597
f 3702 	3703 	3704
f 3702 	3704 	3705
f 3703 	3708 	3704
f 3706 	3708 	3703
f 3190 	3704 	3708
f 3190 	3708 	3191
f 3073 	3701 	3071
f 3710 	3708 	3706
f 5182 	3736 	4125
f 2842 	3631 	2845
f 3628 	2845 	3631
f 3736 	5182 	3739
f 3628 	3625 	2845
f 3701 	3805 	3709
f 3713 	3714 	3715
f 3713 	3715 	3716
f 3713 	3716 	3717
f 3713 	3717 	3718
f 4113 	4738 	3720
f 3911 	3908 	3721
f 3722 	3915 	3721
f 3719 	5182 	3723
f 3725 	3726 	3727
f 3728 	3729 	3726
f 3728 	3726 	3725
f 3448 	3731 	3732
f 3448 	3732 	3733
f 3728 	3428 	3733
f 3448 	3733 	3428
f 3448 	3428 	3432
f 3728 	3733 	3735
f 3736 	3737 	4125
f 3737 	3791 	4125
f 3728 	3735 	3738
f 3728 	3738 	3729
f 3739 	4090 	3709
f 4128 	3791 	1073
f 2877 	3640 	2851
f 3633 	2854 	3640
f 2851 	3640 	2854
f 2854 	3631 	2842
f 2854 	3633 	3631
f 4144 	3723 	4125
f 3709 	3788 	3754
f 3709 	3754 	3744
f 3744 	3739 	3709
f 3745 	3751 	6399
f 3757 	3761 	6399
f 3445 	3443 	3755
f 3755 	3444 	3758
f 3447 	3758 	3444
f 3453 	3454 	3759
f 3453 	3759 	3762
f 3461 	3453 	3762
f 1174 	3771 	3770
f 3769 	3770 	3771
f 3734 	6399 	3730
f 3743 	3745 	6399
f 3751 	3757 	6399
f 3761 	3768 	6399
f 6603 	6399 	4043
f 1174 	3770 	1163
f 3773 	3770 	3440
f 3439 	3440 	3770
f 3773 	3779 	3770
f 3774 	3775 	3770
f 1163 	3770 	3775
f 3250 	3251 	3770
f 3769 	3250 	3770
f 3774 	3770 	3779
f 3462 	3780 	3463
f 3771 	1174 	3421
f 1083 	3420 	1174
f 3785 	1002 	3786
f 3604 	1002 	3785
f 3709 	1087 	3788
f 4128 	4125 	3791
f 3789 	3997 	3792
f 3790 	3997 	3789
f 1071 	3787 	1086
f 3792 	3997 	3794
f 1207 	505 	1199
f 1182 	1189 	501
f 3793 	3997 	3795
f 3794 	3997 	3793
f 895 	898 	3853
f 3795 	3997 	3797
f 3797 	3997 	3796
f 2190 	2728 	3800
f 3814 	3820 	4283
f 3820 	4222 	3802
f 1243 	1261 	1239
f 1232 	1239 	1261
f 1225 	1232 	1261
f 1189 	1199 	501
f 1468 	3853 	898
f 625 	1225 	1468
f 1261 	1468 	1225
f 2193 	2612 	3799
f 3796 	3997 	3239
f 3799 	3803 	3804
f 3073 	3805 	3701
f 3818 	3819 	3799
f 3814 	3799 	3815
f 3073 	3067 	3805
f 3815 	3799 	3819
f 3817 	1002 	3816
f 3802 	4283 	3820
f 3801 	3802 	4222
f 3824 	3818 	3799
f 2852 	2855 	3805
f 3818 	3824 	3825
f 3788 	1087 	3787
f 1086 	3787 	1087
f 1261 	1243 	1379
f 1383 	1379 	1368
f 3822 	1002 	3821
f 3816 	1002 	3822
f 1088 	1087 	3805
f 3709 	3805 	1087
f 1368 	1379 	1243
f 1370 	1383 	1368
f 1078 	3237 	1050
f 3824 	3799 	3830
f 1399 	1400 	3833
f 1400 	3082 	1403
f 3232 	1078 	3805
f 1088 	3805 	1078
f 1403 	3843 	1400
f 1383 	3081 	1400
f 3840 	3841 	4455
f 3841 	3875 	4455
f 3836 	990 	3817
f 1370 	3081 	1383
f 3082 	1400 	3081
f 3875 	3876 	4455
f 3827 	3821 	1002
f 3837 	990 	3836
f 3833 	3843 	1410
f 1406 	1407 	1409
f 1410 	1409 	1407
f 3833 	1410 	1407
f 3833 	1400 	3843
f 1421 	3843 	1403
f 3830 	3799 	3804
f 3827 	1002 	3852
f 3852 	1002 	3851
f 1207 	895 	3853
f 1467 	3853 	1468
f 3855 	3853 	1467
f 505 	1207 	3853
f 625 	1468 	613
f 3858 	3859 	3857
f 3857 	3859 	3860
f 2907 	4127 	3846
f 4066 	4067 	505
f 3864 	3865 	3866
f 4075 	505 	4074
f 3866 	3865 	3868
f 3859 	4131 	3865
f 3867 	3851 	1002
f 3871 	4249 	4137
f 3872 	3873 	3874
f 3878 	3879 	3876
f 3879 	3873 	3876
f 3877 	3876 	3873
f 3877 	3873 	3872
f 3869 	3867 	1002
f 3828 	2875 	2864
f 3881 	3882 	3883
f 3881 	3884 	3882
f 3727 	3886 	3887
f 3884 	3881 	3887
f 3727 	3887 	3881
f 3727 	3881 	3725
f 3937 	3900 	1002
f 3897 	3869 	1002
f 2864 	3838 	3828
f 2875 	3828 	2877
f 3823 	3640 	2877
f 2877 	3828 	3823
f 3777 	3937 	1002
f 2883 	2907 	3846
f 2884 	2883 	3844
f 3846 	3844 	2883
f 3908 	3714 	3713
f 3713 	3721 	3908
f 3844 	2864 	2884
f 3883 	3914 	3915
f 3883 	3915 	3722
f 3883 	3722 	3881
f 3911 	3721 	3915
f 3844 	3838 	2864
f 3897 	1002 	3900
f 4137 	3880 	3940
f 3941 	3942 	3943
f 3941 	3943 	3944
f 3944 	3943 	3945
f 3945 	3993 	3944
f 3942 	3941 	3949
f 3777 	1002 	3605
f 3952 	3718 	3717
f 3718 	3952 	3956
f 3957 	3718 	3956
f 3959 	990 	3954
f 3718 	3957 	3961
f 3949 	3941 	3961
f 3718 	3961 	3941
f 3085 	990 	3959
f 3039 	990 	3085
f 3043 	990 	3039
f 1002 	3817 	990
f 3954 	990 	3971
f 3971 	990 	3837
f 3981 	4019 	3983
f 3981 	3944 	3988
f 3989 	3981 	3988
f 3993 	3986 	3944
f 3986 	3988 	3944
f 3994 	3405 	3997
f 3790 	3786 	1002
f 3997 	3790 	1002
f 3680 	4320 	3681
f 3016 	3783 	3046
f 3782 	3013 	3783
f 3781 	581 	3782
f 3490 	581 	3781
f 4032 	4031 	4059
f 4058 	4059 	4031
f 4059 	4025 	3740
f 3742 	3741 	936
f 3571 	4882 	3573
f 4018 	3983 	4019
f 3981 	3989 	4019
f 3983 	4018 	4024
f 4057 	4058 	4030
f 4031 	4030 	4058
f 4030 	4029 	4057
f 4055 	4057 	4029
f 4038 	4039 	4037
f 4039 	4040 	4037
f 4036 	4037 	4040
f 4043 	4044 	6603
f 4044 	4087 	6603
f 4087 	4088 	6603
f 4067 	4045 	505
f 4095 	505 	4094
f 4047 	4069 	505
f 4050 	3311 	4049
f 3310 	4049 	3311
f 4053 	4054 	4056
f 3741 	3740 	4025
f 936 	3741 	4025
f 3740 	4032 	4059
f 4055 	4029 	4028
f 4065 	4206 	4028
f 4045 	4046 	505
f 4070 	505 	4069
f 4046 	4047 	505
f 4073 	505 	4070
f 4074 	505 	4073
f 5216 	4076 	4077
f 4080 	1237 	4079
f 4081 	4076 	3709
f 5216 	3709 	4076
f 2901 	2894 	4006
f 1182 	501 	496
f 4064 	4206 	4065
f 4063 	4205 	4064
f 4094 	505 	4085
f 4085 	505 	4084
f 4084 	505 	4075
f 4092 	4107 	6603
f 4107 	4120 	6603
f 4137 	3940 	3870
f 3870 	3871 	4137
f 3877 	4455 	3876
f 3739 	5182 	4090
f 4081 	3709 	4090
f 2892 	4006 	2894
f 4096 	505 	4095
f 2454 	505 	4096
f 2451 	505 	2454
f 2433 	505 	2451
f 4098 	505 	4097
f 4099 	505 	4098
f 4100 	505 	4099
f 4101 	505 	4100
f 4097 	505 	2437
f 4130 	4139 	6603
f 4120 	4130 	6603
f 4113 	4110 	4111
f 5182 	4125 	3723
f 4011 	4006 	2892
f 4113 	3720 	4110
f 2437 	505 	2433
f 3850 	505 	3853
f 1115 	4113 	4115
f 1115 	4115 	1116
f 3565 	3568 	3669
f 2444 	3565 	3669
f 4117 	4113 	4163
f 4116 	4163 	4113
f 4115 	4113 	4117
f 4111 	4116 	4113
f 4126 	4163 	4125
f 4154 	4157 	6603
f 4127 	2907 	4135
f 4150 	4154 	6603
f 3568 	3563 	3611
f 3608 	3611 	3563
f 3684 	3667 	3568
f 3667 	3669 	3568
f 4128 	1073 	1120
f 4133 	4134 	4132
f 4134 	3868 	4132
f 2903 	4135 	2905
f 3879 	3878 	4136
f 4135 	2907 	2905
f 3685 	3568 	3609
f 4132 	3880 	4133
f 3880 	4137 	4133
f 2901 	4140 	2903
f 3609 	3568 	3611
f 4137 	4249 	4136
f 4135 	2903 	4140
f 3868 	3865 	4132
f 4131 	4132 	3865
f 3858 	4131 	3859
f 4117 	4163 	4126
f 4163 	4144 	4125
f 2901 	4006 	4145
f 4140 	2901 	4145
f 4196 	2444 	3671
f 3686 	3683 	3568
f 3684 	3568 	3683
f 3686 	3568 	3685
f 6605 	6603 	4160
f 4160 	4171 	6605
f 4157 	4160 	6603
f 4171 	4177 	6605
f 4177 	4180 	6605
f 2441 	505 	4101
f 4040 	4060 	4056
f 4040 	4056 	4054
f 4040 	4054 	4036
f 4180 	4183 	6605
f 4183 	4186 	6605
f 4175 	4173 	4174
f 4186 	4194 	6605
f 4175 	4174 	4176
f 4194 	4195 	6605
f 4179 	4181 	4182
f 4179 	4182 	4173
f 4179 	4173 	4175
f 4195 	4199 	6605
f 2915 	4169 	2924
f 6606 	6605 	4345
f 2924 	4162 	2926
f 4199 	4201 	6605
f 4201 	4345 	6605
f 4345 	4346 	6606
f 4170 	2444 	4197
f 4198 	2444 	4209
f 4200 	2444 	4198
f 4232 	2444 	4200
f 4196 	4197 	2444
f 3669 	3671 	2444
f 4205 	4063 	4204
f 4206 	4064 	4205
f 4055 	4028 	4206
f 4063 	4062 	4204
f 4203 	4204 	4062
f 4061 	4203 	4062
f 4213 	4255 	4214
f 4209 	2444 	4208
f 4170 	4208 	2444
f 4162 	2924 	4169
f 2887 	2889 	4264
f 4223 	4230 	4078
f 4230 	4223 	4229
f 4223 	4233 	4229
f 3178 	3174 	3180
f 3180 	3174 	4233
f 4228 	4229 	4233
f 4079 	1237 	4078
f 4235 	1138 	1137
f 4215 	1997 	4061
f 4232 	4231 	2444
f 4238 	4239 	2444
f 4238 	2444 	4231
f 4241 	4242 	2444
f 4240 	4241 	2444
f 4224 	2444 	4242
f 4225 	2444 	4224
f 4239 	4240 	2444
f 505 	2444 	4225
f 4214 	1997 	4215
f 1138 	4235 	1139
f 4212 	4254 	4213
f 3879 	4136 	4249
f 4234 	4193 	4235
f 4235 	4193 	4192
f 2926 	4162 	4158
f 4203 	4061 	1997
f 4211 	4295 	4212
f 4210 	4295 	4211
f 4295 	4210 	4294
f 1998 	4214 	4255
f 1997 	4214 	1998
f 2885 	2887 	4264
f 4234 	1155 	4221
f 1155 	1146 	4221
f 4264 	4252 	2885
f 4226 	4227 	4260
f 4113 	4235 	4192
f 3850 	4066 	505
f 4113 	1115 	4235
f 1139 	4235 	1115
f 2926 	4158 	4155
f 2970 	2926 	4155
f 1145 	4221 	1146
f 4149 	2977 	4152
f 2974 	4152 	2977
f 2977 	4149 	2892
f 4228 	3176 	4266
f 3994 	4266 	3176
f 4270 	4266 	3994
f 3997 	4270 	3994
f 4258 	4294 	4210
f 4257 	4293 	4258
f 4256 	4293 	4257
f 4263 	4292 	4256
f 4255 	4213 	4254
f 4262 	4296 	4263
f 4268 	4882 	4261
f 4261 	4296 	4262
f 4281 	4272 	4271
f 2974 	2970 	4152
f 4280 	4281 	4279
f 4271 	3983 	4279
f 4024 	4279 	3983
f 4271 	4279 	4281
f 4274 	4271 	4272
f 2892 	4149 	4011
f 3800 	3799 	4283
f 4155 	4152 	2970
f 3799 	3814 	4283
f 501 	1199 	505
f 669 	505 	4225
f 2441 	2444 	505
f 3295 	3274 	4291
f 4254 	4212 	4295
f 4294 	4258 	4293
f 4293 	4256 	4292
f 3573 	4882 	4268
f 4292 	4263 	4296
f 4300 	4301 	5832
f 4303 	5838 	4301
f 5723 	5838 	4303
f 5845 	5841 	4300
f 4305 	4306 	4304
f 4306 	4308 	4304
f 4302 	4304 	4308
f 4312 	3839 	4455
f 3839 	3840 	4455
f 4304 	4314 	4305
f 4316 	3862 	4315
f 3863 	4317 	4315
f 4317 	4312 	4451
f 4455 	4451 	4312
f 4319 	4321 	4316
f 4321 	3864 	4316
f 4322 	3681 	4320
f 3680 	3273 	4320
f 3275 	481 	3278
f 4612 	1155 	4234
f 4612 	4618 	1155
f 1155 	4336 	1159
f 4326 	4325 	4525
f 4324 	4525 	4325
f 4523 	4524 	4323
f 4333 	4332 	4523
f 4346 	4347 	6606
f 4522 	4523 	4332
f 4331 	4522 	4332
f 4330 	4522 	4331
f 4329 	4322 	4330
f 4353 	989 	6606
f 4347 	4353 	6606
f 3043 	4467 	2999
f 4184 	4348 	4349
f 4271 	4350 	4351
f 4271 	4351 	4352
f 4271 	4352 	4185
f 4348 	4184 	4352
f 4184 	4185 	4352
f 4271 	4354 	4355
f 4356 	4271 	4355
f 4350 	4271 	4356
f 4271 	4274 	4354
f 4357 	4234 	4221
f 989 	747 	6606
f 4357 	4193 	4234
f 4365 	4497 	4364
f 4178 	4367 	4368
f 4178 	4368 	4179
f 4178 	4184 	4369
f 4178 	4369 	4367
f 4181 	4179 	4368
f 4349 	4369 	4184
f 4393 	4399 	4384
f 4519 	4521 	3039
f 4375 	4384 	4399
f 4376 	4393 	4383
f 4377 	4378 	4379
f 4448 	4404 	4379
f 4376 	4387 	4393
f 4382 	4380 	4381
f 4378 	4377 	4381
f 4382 	4381 	4377
f 4383 	4393 	4384
f 4175 	4176 	4385
f 4175 	4385 	4386
f 4380 	4382 	4386
f 4175 	4386 	4382
f 147 	165 	169
f 149 	147 	169
f 4374 	4375 	4399
f 4411 	4408 	4374
f 4399 	4411 	4374
f 4373 	4374 	4408
f 3043 	3039 	4521
f 4406 	4414 	4415
f 4406 	4415 	4416
f 4406 	4416 	4605
f 4405 	4373 	4408
f 4393 	4387 	4391
f 5832 	5845 	4300
f 4430 	4391 	4387
f 4451 	4315 	4317
f 3866 	4316 	3864
f 3862 	4316 	3866
f 4434 	3238 	4433
f 4366 	4438 	4365
f 4366 	4427 	4435
f 4430 	4435 	4427
f 4427 	4466 	4430
f 4466 	4391 	4430
f 3242 	4465 	3238
f 3043 	4521 	4467
f 4446 	4497 	4438
f 4435 	4438 	4366
f 4439 	3238 	4450
f 4433 	3238 	4439
f 4454 	4497 	4446
f 4406 	4404 	4444
f 4442 	4444 	4404
f 4441 	4443 	4445
f 4449 	4451 	4443
f 4445 	4443 	4451
f 4445 	4451 	4452
f 4442 	4404 	4448
f 4377 	4379 	4404
f 4447 	3238 	4457
f 4449 	4443 	4453
f 4414 	4406 	4444
f 4450 	3238 	4447
f 3039 	3085 	4519
f 4544 	4519 	3085
f 3862 	3863 	4315
f 4451 	4455 	4452
f 4454 	594 	4497
f 4457 	3238 	4456
f 4456 	3238 	4465
f 4472 	3242 	4475
f 618 	630 	4497
f 4475 	3242 	4474
f 4465 	3242 	4472
f 4611 	4235 	4484
f 1215 	4484 	4235
f 1215 	4235 	1137
f 4488 	3242 	4485
f 1212 	4856 	4492
f 4474 	3242 	4488
f 130 	4497 	630
f 4501 	1212 	4500
f 4500 	1212 	4506
f 607 	618 	4497
f 130 	142 	4497
f 4785 	3165 	4467
f 142 	157 	4497
f 4520 	3242 	4517
f 4525 	4324 	4524
f 4324 	4323 	4524
f 4323 	4333 	4523
f 3681 	4322 	4329
f 4522 	4330 	4322
f 4528 	4541 	4527
f 4517 	3242 	4536
f 3343 	3431 	4528
f 4497 	157 	4364
f 4536 	3242 	4538
f 4526 	4527 	4541
f 4540 	4526 	4541
f 4541 	4528 	3431
f 4554 	3242 	4551
f 4555 	3242 	4554
f 4538 	3242 	4555
f 6892 	6891 	4560
f 5099 	4563 	4564
f 4531 	4662 	4532
f 4532 	4662 	4533
f 27 	43 	640
f 640 	648 	27
f 4529 	4326 	4663
f 4530 	4666 	4531
f 4564 	4567 	5099
f 4571 	4572 	4573
f 4573 	4563 	5099
f 4573 	5099 	4571
f 43 	130 	630
f 630 	640 	43
f 4581 	3242 	4604
f 4582 	3242 	4581
f 4551 	3242 	4582
f 4585 	4586 	4587
f 4585 	4587 	4589
f 4623 	4592 	4593
f 4623 	4593 	4586
f 4623 	4586 	4585
f 648 	692 	27
f 4601 	4602 	4599
f 4602 	4605 	4599
f 4606 	4599 	4605
f 3092 	4708 	3100
f 4606 	4605 	4609
f 4604 	3242 	4607
f 4612 	4235 	4611
f 4234 	4235 	4612
f 594 	607 	4497
f 4365 	4438 	4497
f 4617 	4602 	4616
f 4601 	4616 	4602
f 4618 	4336 	1155
f 4607 	3243 	4614
f 4617 	4616 	4621
f 4617 	4621 	4622
f 4617 	4622 	4623
f 4476 	27 	692
f 4623 	4622 	4627
f 4623 	4627 	4628
f 4623 	4628 	4592
f 4624 	3243 	4630
f 4851 	3094 	4695
f 497 	4476 	696
f 4695 	3094 	3100
f 696 	707 	497
f 4653 	3243 	4652
f 1364 	4221 	1145
f 4657 	3243 	4655
f 3243 	4653 	4634
f 4634 	4630 	3243
f 4624 	4614 	3243
f 4659 	4660 	4658
f 4660 	4661 	4658
f 1208 	4658 	4661
f 707 	723 	493
f 4525 	4663 	4326
f 4529 	4665 	4530
f 4665 	4529 	4663
f 4666 	4530 	4665
f 4662 	4531 	4666
f 1206 	4668 	1208
f 493 	497 	707
f 4669 	1208 	4668
f 4664 	4658 	5060
f 4669 	5060 	4658
f 4658 	1208 	4669
f 5285 	5275 	4491
f 692 	696 	4476
f 723 	6682 	486
f 486 	493 	723
f 4260 	4227 	4259
f 4494 	4259 	4681
f 4681 	4259 	4227
f 5285 	4494 	4681
f 4683 	4684 	4682
f 4659 	4682 	4684
f 4659 	4684 	4660
f 4683 	4682 	4302
f 4683 	4302 	4308
f 5060 	4692 	4670
f 4694 	5279 	4692
f 1204 	1203 	4506
f 4696 	4506 	1203
f 4700 	2845 	4699
f 2695 	2526 	4699
f 4779 	2894 	4700
f 2526 	1152 	4699
f 920 	932 	6606
f 3100 	4708 	4703
f 4675 	4757 	4676
f 4674 	4673 	4754
f 4673 	4672 	4754
f 4757 	4853 	4676
f 776 	920 	6606
f 4695 	3100 	4703
f 4908 	4898 	4840
f 4652 	3243 	4657
f 3092 	3114 	4708
f 4609 	4605 	4711
f 4416 	4711 	4605
f 6639 	6606 	932
f 4655 	3243 	4713
f 3114 	4717 	4708
f 4979 	4908 	4840
f 4077 	4724 	5216
f 4731 	5216 	4724
f 4735 	5216 	4731
f 970 	979 	6639
f 4730 	3243 	4740
f 4727 	3243 	4730
f 4713 	3243 	4727
f 4113 	4192 	4738
f 4751 	4743 	212
f 4741 	3243 	4743
f 4740 	3243 	4741
f 4749 	4820 	4748
f 4745 	4753 	4756
f 4758 	4748 	4756
f 4745 	4756 	4748
f 4757 	4675 	4755
f 4754 	4755 	4674
f 4674 	4755 	4675
f 4752 	4754 	4672
f 4533 	4752 	4672
f 4752 	4533 	4662
f 4758 	4756 	4762
f 4758 	4762 	4763
f 3243 	212 	4743
f 4717 	3114 	3133
f 4763 	4762 	4768
f 4763 	4768 	4769
f 4763 	4769 	4770
f 1059 	1063 	6639
f 4763 	4770 	4774
f 4763 	4774 	4775
f 4763 	4775 	5302
f 4767 	4750 	212
f 4750 	4751 	212
f 4803 	4780 	212
f 4766 	4767 	212
f 990 	3092 	4779
f 4773 	4881 	3679
f 3133 	4778 	4717
f 4772 	4881 	4773
f 4771 	4859 	4772
f 3571 	3679 	4882
f 4296 	4261 	4882
f 4765 	4859 	4771
f 768 	776 	6606
f 4764 	4858 	4765
f 4777 	4766 	212
f 4759 	4677 	4854
f 4760 	4855 	4761
f 4782 	3158 	4785
f 3158 	4782 	3133
f 4778 	3133 	4782
f 762 	768 	6606
f 747 	762 	6606
f 4785 	3158 	3165
f 4485 	3242 	4797
f 5349 	3719 	4738
f 6723 	6726 	6639
f 4797 	3242 	4798
f 4798 	3242 	4520
f 3165 	2999 	4467
f 4799 	3299 	3701
f 1017 	6719 	1011
f 3094 	4851 	3169
f 3170 	3169 	4836
f 2915 	3170 	4169
f 4836 	4169 	3170
f 4780 	4777 	212
f 1052 	6692 	1042
f 1042 	6696 	1037
f 1037 	6698 	1026
f 4745 	4748 	4821
f 1026 	6718 	1017
f 4749 	4825 	4820
f 4820 	4821 	4748
f 4830 	4825 	4749
f 4821 	4753 	4745
f 4362 	6691 	1052
f 4836 	3169 	4851
f 4589 	4850 	4838
f 4589 	4838 	4839
f 4589 	4839 	4830
f 4589 	4830 	4749
f 4843 	4589 	4587
f 4848 	4803 	212
f 4876 	4848 	212
f 4841 	5143 	4840
f 4589 	4843 	4846
f 4589 	4846 	4849
f 4589 	4849 	4850
f 4837 	4838 	4850
f 4491 	4492 	4856
f 4855 	4760 	4854
f 4858 	4761 	4855
f 4859 	4765 	4858
f 4881 	4772 	4859
f 4759 	4854 	4760
f 4677 	4676 	4853
f 4853 	4854 	4677
f 4253 	4494 	4252
f 4856 	4252 	4494
f 4868 	4856 	4501
f 4865 	3176 	3175
f 4865 	3175 	4866
f 1212 	4501 	4856
f 4856 	5285 	4491
f 963 	970 	6639
f 979 	1059 	6639
f 1063 	1000 	6639
f 1000 	1011 	6639
f 3182 	4871 	3179
f 4875 	3180 	6198
f 1011 	6720 	6639
f 4871 	3182 	4878
f 4882 	3679 	4881
f 4761 	4858 	4764
f 4883 	4876 	212
f 932 	963 	6639
f 342 	6683 	328
f 6747 	6750 	6638
f 328 	6690 	4362
f 4815 	5216 	4817
f 3204 	4896 	1278
f 4494 	5285 	4856
f 1069 	1075 	1186
f 1094 	416 	1075
f 1069 	1186 	1068
f 1371 	16 	1094
f 4222 	4264 	3801
f 5351 	6197 	1237
f 4223 	1237 	6197
f 4252 	4856 	2885
f 4696 	2885 	4868
f 3239 	5391 	3796
f 1119 	1194 	421
f 4933 	3240 	4930
f 1123 	1128 	2612
f 3240 	4933 	3239
f 5391 	3239 	4933
f 1134 	2612 	1132
f 4940 	4941 	4567
f 1119 	1333 	1194
f 4952 	4953 	4955
f 4952 	4955 	4956
f 4952 	4956 	4958
f 4952 	4958 	4959
f 4930 	3352 	4962
f 3351 	4962 	3352
f 4952 	4959 	4963
f 4898 	4890 	212
f 1708 	1715 	1177
f 4962 	3351 	4985
f 4890 	4883 	212
f 3352 	4930 	3240
f 4953 	4975 	4955
f 1186 	1075 	1194
f 212 	4840 	4898
f 4985 	3370 	4984
f 3369 	4984 	3370
f 1188 	1068 	1186
f 5003 	4984 	3369
f 4979 	4840 	4986
f 3709 	5216 	3701
f 3370 	4985 	3351
f 1075 	417 	1194
f 3830 	3804 	5054
f 4994 	4799 	4808
f 4808 	3701 	4807
f 4994 	5091 	4799
f 3701 	4808 	4799
f 1132 	2612 	1128
f 1309 	2612 	1134
f 4989 	4840 	4995
f 4986 	4840 	4989
f 1177 	1068 	1188
f 2233 	2256 	1177
f 3294 	4799 	3542
f 3373 	5003 	3369
f 4995 	4840 	5005
f 5005 	4840 	5009
f 4998 	3378 	5024
f 3377 	5024 	3378
f 3384 	5030 	3377
f 5024 	3377 	5030
f 3378 	4998 	3373
f 5216 	4815 	3701
f 4815 	4807 	3701
f 1177 	1123 	2612
f 2245 	1700 	1177
f 3373 	4998 	5003
f 5081 	5087 	3830
f 5054 	5081 	3830
f 4670 	4664 	5060
f 4688 	5287 	3860
f 4692 	5279 	4670
f 3387 	3386 	5077
f 5098 	5077 	3386
f 5076 	1313 	3830
f 5075 	3830 	5073
f 5098 	3386 	3402
f 3387 	5077 	3384
f 5030 	3384 	5077
f 5076 	3830 	5087
f 1317 	3830 	1313
f 1317 	5073 	3830
f 5102 	5103 	5100
f 5099 	5100 	5103
f 4571 	5099 	5103
f 5105 	5100 	5099
f 4661 	5108 	1208
f 1208 	5108 	1209
f 3400 	5101 	3402
f 5101 	3400 	5128
f 5105 	5099 	4941
f 4567 	4941 	5099
f 5101 	5098 	3402
f 5102 	5121 	5103
f 5028 	4840 	5122
f 1119 	6135 	1333
f 3405 	5131 	5128
f 3405 	5128 	3400
f 5009 	4840 	5017
f 1708 	1177 	1704
f 3405 	5126 	5131
f 5154 	5151 	4841
f 5017 	4840 	5028
f 5122 	4840 	5139
f 5139 	4840 	5143
f 1700 	1701 	1177
f 1721 	1177 	1701
f 1702 	1177 	1721
f 1704 	1177 	1702
f 1068 	1177 	1715
f 5143 	4841 	5151
f 3406 	5156 	3407
f 3409 	5173 	3406
f 3405 	3407 	5126
f 5431 	5421 	1142
f 4841 	5158 	5154
f 3407 	5156 	5126
f 5158 	4841 	5159
f 5159 	4841 	5160
f 5161 	5160 	4841
f 5167 	5161 	4841
f 2198 	1177 	2612
f 5169 	4841 	5174
f 5173 	3409 	5168
f 5174 	4841 	5179
f 5168 	3409 	3408
f 2498 	2497 	1177
f 2497 	2482 	1177
f 2257 	1177 	2211
f 2230 	1177 	2257
f 2245 	1177 	2256
f 2233 	1177 	2230
f 5156 	3406 	5173
f 3265 	5115 	5110
f 4089 	4090 	5182
f 4735 	4089 	5182
f 4492 	5191 	1212
f 1212 	5191 	1213
f 1204 	4506 	1212
f 3719 	5349 	5182
f 3416 	5166 	3408
f 2212 	1177 	2484
f 5184 	4841 	5196
f 5179 	4841 	5184
f 2482 	2484 	1177
f 2211 	1177 	2212
f 5167 	4841 	5169
f 1148 	5435 	1142
f 5166 	3416 	5244
f 5206 	5196 	1142
f 4841 	1142 	5196
f 3415 	5244 	3416
f 3415 	3418 	5244
f 2198 	2498 	1177
f 5242 	5244 	3418
f 5211 	5210 	1142
f 3994 	6052 	5267
f 5168 	3408 	5166
f 5182 	5216 	4735
f 5217 	5211 	1142
f 5223 	5217 	1142
f 3280 	1298 	3259
f 3824 	3830 	1298
f 1298 	3830 	1323
f 5226 	5223 	1142
f 3292 	1298 	3290
f 3281 	3290 	1298
f 5231 	1298 	3292
f 5210 	5206 	1142
f 3417 	5267 	3418
f 3484 	3469 	5245
f 5246 	1298 	3469
f 5282 	1298 	5246
f 3597 	3602 	1298
f 3475 	3469 	1298
f 3505 	3994 	5267
f 5249 	5250 	5248
f 5250 	5252 	5248
f 5247 	5248 	5251
f 5252 	5253 	5248
f 5251 	5248 	5253
f 5254 	5255 	5256
f 5257 	5258 	5256
f 5258 	5264 	5256
f 5261 	3452 	5260
f 3451 	5260 	3452
f 5254 	5256 	5263
f 5263 	5256 	5264
f 3475 	5245 	3469
f 3469 	3484 	3652
f 5307 	5308 	5266
f 5270 	5272 	5273
f 5270 	5273 	5275
f 3503 	5267 	3417
f 5276 	5280 	5270
f 5280 	5281 	1227
f 5242 	3418 	5278
f 5279 	5280 	5276
f 1224 	1227 	5281
f 3505 	5267 	3503
f 3602 	3603 	1298
f 3597 	1298 	5284
f 3259 	1298 	3603
f 4671 	4491 	5275
f 5273 	4671 	5275
f 5306 	5267 	6052
f 5282 	5284 	1298
f 4123 	3860 	5287
f 5286 	5287 	4690
f 4690 	4670 	5286
f 5279 	5286 	4670
f 5279 	4694 	5280
f 5290 	5256 	5255
f 5291 	5248 	5247
f 5294 	3642 	5293
f 3642 	3647 	3652
f 5292 	3652 	3647
f 3652 	3654 	5295
f 5267 	5278 	3418
f 5242 	5278 	5297
f 5296 	5298 	5299
f 5296 	5299 	5300
f 4690 	5287 	4688
f 4123 	4124 	3860
f 3857 	3860 	4124
f 5293 	3642 	5295
f 3652 	5295 	3642
f 5301 	3641 	5292
f 3469 	3652 	3641
f 5292 	3641 	3652
f 5302 	5303 	5304
f 5302 	5304 	5298
f 5302 	5298 	5296
f 5300 	5299 	5305
f 5302 	4775 	5303
f 5266 	5267 	5306
f 5267 	5266 	5308
f 5308 	5278 	5267
f 5270 	1227 	5272
f 5309 	5272 	1227
f 1226 	5309 	1227
f 5270 	5280 	1227
f 1309 	5054 	2612
f 5075 	1323 	3830
f 3803 	2612 	5054
f 3877 	3872 	1298
f 3825 	1298 	5314
f 3824 	1298 	3825
f 3804 	3803 	5054
f 1203 	2885 	4696
f 4288 	3801 	4264
f 5321 	4288 	4264
f 5322 	5323 	5324
f 3605 	3604 	5329
f 3604 	5340 	5329
f 3874 	5325 	1298
f 5325 	5318 	1298
f 3605 	5329 	3777
f 5327 	5328 	5323
f 5327 	5323 	5322
f 3872 	3874 	1298
f 5314 	1298 	5318
f 5327 	5334 	5331
f 5327 	5331 	5332
f 5327 	5332 	5328
f 5333 	3777 	5329
f 3937 	3777 	5333
f 5300 	5305 	5334
f 5330 	5331 	5334
f 5300 	5334 	5327
f 3785 	5340 	3604
f 5228 	5226 	1142
f 3785 	5339 	5340
f 5339 	3785 	3786
f 5339 	3786 	5345
f 3280 	3281 	1298
f 5359 	1298 	5231
f 5348 	3790 	3789
f 3720 	4738 	3719
f 5348 	5345 	3790
f 3786 	3790 	5345
f 3877 	1298 	4455
f 5348 	3789 	5356
f 5358 	3792 	5363
f 4441 	1298 	5360
f 5358 	5356 	3792
f 3789 	3792 	5356
f 4445 	4452 	1298
f 4455 	1298 	4452
f 4445 	1298 	4441
f 5359 	5360 	1298
f 5363 	3794 	5362
f 3793 	5362 	3794
f 1237 	1333 	5351
f 650 	1333 	1237
f 3795 	5369 	3793
f 5363 	3792 	3794
f 5369 	3795 	5368
f 3797 	5368 	3795
f 5362 	3793 	5369
f 1253 	1252 	5371
f 1252 	5374 	5371
f 5370 	5371 	5374
f 5368 	3797 	5375
f 3796 	5375 	3797
f 1250 	5379 	1251
f 5378 	1251 	5379
f 1247 	5386 	1248
f 5384 	1248 	5386
f 5386 	5387 	5384
f 5383 	5384 	5387
f 5391 	5375 	3796
f 5393 	5395 	5392
f 5395 	5397 	5392
f 1245 	5392 	5397
f 1245 	5397 	1246
f 5395 	5387 	5397
f 5386 	5397 	5387
f 5400 	5401 	5384
f 5400 	5384 	5383
f 1333 	6130 	5351
f 5402 	1249 	5401
f 5402 	5401 	5400
f 5351 	6123 	6116
f 5379 	1250 	5402
f 1249 	5402 	1250
f 5374 	1252 	5378
f 1251 	5378 	1252
f 5411 	5413 	5370
f 5371 	5370 	5413
f 5409 	5371 	5413
f 1256 	5415 	5418
f 1256 	5418 	1257
f 5239 	5228 	1142
f 5395 	5393 	5533
f 5533 	5534 	5395
f 5532 	5533 	5393
f 5393 	5433 	5532
f 5433 	5436 	5531
f 5531 	5532 	5433
f 5530 	5531 	5436
f 5436 	5418 	5530
f 6963 	5530 	5418
f 6964 	6965 	5447
f 5387 	5395 	5534
f 5421 	5338 	1142
f 5415 	5446 	6966
f 6965 	6966 	5446
f 5446 	5447 	6965
f 5447 	5448 	6964
f 6966 	6963 	5415
f 4897 	6964 	5448
f 5449 	4897 	5448
f 5452 	4897 	5449
f 5453 	4897 	5452
f 5454 	4897 	5453
f 5418 	5415 	6963
f 3836 	5698 	3837
f 5441 	1148 	5458
f 5435 	1148 	5441
f 5431 	1142 	5435
f 5338 	5239 	1142
f 5458 	1148 	5467
f 5469 	4897 	5468
f 5455 	4897 	5469
f 5456 	4897 	5455
f 5471 	4897 	5456
f 5472 	4897 	5471
f 5473 	4897 	5472
f 5474 	4897 	5473
f 5476 	4897 	5474
f 5534 	5535 	5387
f 5415 	1256 	1268
f 5415 	1268 	5446
f 5468 	4897 	5482
f 5482 	4897 	5481
f 5481 	4897 	5454
f 1267 	5483 	1268
f 5446 	1268 	5483
f 5446 	5483 	5447
f 1264 	5486 	5487
f 1264 	5487 	1265
f 1263 	1262 	5488
f 1262 	5481 	5488
f 5481 	5454 	5488
f 5452 	5499 	5453
f 5488 	5453 	5499
f 5486 	5488 	5499
f 5449 	5448 	5487
f 5448 	5503 	5487
f 1265 	5487 	5503
f 1265 	5503 	1266
f 5483 	5503 	5448
f 5483 	5448 	5447
f 1278 	4896 	5476
f 5703 	5698 	3836
f 1282 	5471 	5513
f 1282 	5513 	1273
f 5456 	5455 	5513
f 5520 	5513 	5455
f 5706 	3817 	3816
f 5522 	5520 	5521
f 5520 	5455 	5521
f 5469 	5521 	5455
f 5706 	5703 	3817
f 1281 	5523 	1282
f 5471 	1282 	5523
f 5471 	5523 	5472
f 1279 	5525 	1280
f 5524 	1280 	5525
f 5525 	5474 	5524
f 5473 	5524 	5474
f 1280 	5524 	5523
f 1280 	5523 	1281
f 5456 	5513 	5471
f 5526 	5527 	5521
f 5469 	5468 	5521
f 5526 	5521 	5468
f 5526 	5468 	5529
f 3821 	3827 	5824
f 3851 	5829 	3852
f 1285 	5529 	1286
f 5482 	1286 	5529
f 5482 	5529 	5468
f 6322 	6323 	5379
f 5379 	5402 	6322
f 5378 	5379 	6323
f 6323 	6324 	5378
f 6321 	6322 	5402
f 5383 	5387 	5535
f 5400 	5383 	6320
f 1286 	5482 	5481
f 1286 	5481 	1262
f 5703 	3836 	3817
f 5824 	5822 	3821
f 3822 	3821 	5822
f 5467 	1148 	5475
f 5581 	1148 	5586
f 5571 	1148 	5581
f 5475 	1148 	5571
f 5576 	5578 	6332
f 6331 	6332 	5578
f 6393 	6327 	5411
f 5425 	5411 	6327
f 6327 	6330 	5425
f 6330 	6331 	5425
f 5411 	5370 	6393
f 6325 	6393 	5370
f 5370 	5374 	6325
f 6324 	6325 	5374
f 5374 	5378 	6324
f 3851 	5831 	5829
f 5831 	3851 	3867
f 5586 	1148 	5593
f 5593 	1148 	5602
f 5605 	1148 	5606
f 5602 	1148 	5605
f 5606 	1148 	5616
f 5567 	5568 	6337
f 5568 	5570 	6337
f 6336 	6337 	5570
f 6335 	6336 	5570
f 5570 	5572 	6335
f 6334 	6335 	5572
f 5572 	5573 	6334
f 5573 	5574 	6334
f 6333 	6334 	5574
f 5574 	5576 	6333
f 6332 	6333 	5576
f 6456 	6457 	5549
f 5561 	5549 	6457
f 5616 	1148 	5641
f 5826 	3827 	3852
f 5578 	5425 	6331
f 5676 	6398 	5674
f 5677 	5678 	6398
f 5677 	6398 	5676
f 5679 	6398 	5678
f 5674 	6398 	5673
f 5688 	5686 	6398
f 5682 	5618 	6398
f 5240 	5694 	5376
f 5376 	5694 	5377
f 5844 	3869 	3897
f 5221 	5695 	5212
f 5219 	5377 	5694
f 5220 	5219 	5695
f 5843 	5844 	3897
f 5198 	5197 	5697
f 5202 	5201 	5671
f 5687 	5680 	6398
f 5213 	5696 	5214
f 3897 	3900 	5843
f 5860 	5843 	3900
f 5681 	5682 	6398
f 5686 	5687 	6398
f 580 	5203 	5671
f 5697 	5197 	5696
f 5212 	5696 	5213
f 5694 	5695 	5219
f 5696 	5212 	5695
f 5221 	5220 	5695
f 5701 	442 	5700
f 5700 	643 	5699
f 643 	5739 	5699
f 5820 	5706 	3816
f 430 	422 	5701
f 5190 	147 	5194
f 147 	5732 	5194
f 5743 	6398 	5746
f 5715 	6398 	5714
f 5716 	6398 	5715
f 5717 	6398 	5716
f 5718 	6398 	5717
f 5746 	6398 	5712
f 5719 	6398 	5718
f 5672 	6398 	5719
f 5712 	6398 	5711
f 5195 	5734 	5233
f 5233 	5734 	5234
f 6794 	6793 	4335
f 5641 	4335 	5643
f 5710 	5643 	4335
f 5193 	5732 	5195
f 5234 	5734 	5235
f 5235 	5736 	5236
f 5724 	5837 	5723
f 5725 	5834 	5724
f 5726 	5894 	5725
f 5727 	5892 	5726
f 5728 	5889 	5727
f 5729 	5888 	5728
f 5730 	5885 	5729
f 5731 	5884 	5730
f 5733 	5884 	5731
f 5841 	5840 	4300
f 5737 	5237 	5736
f 5736 	5235 	5734
f 5694 	5240 	5737
f 5238 	5737 	5240
f 5237 	5737 	5238
f 5236 	5736 	5237
f 5739 	5741 	5699
f 5740 	5741 	5739
f 1566 	1581 	5740
f 5427 	472 	5438
f 5745 	6398 	5744
f 5744 	6398 	5743
f 5713 	6398 	5760
f 5760 	6398 	5745
f 5714 	6398 	5713
f 5749 	5881 	5748
f 5750 	5879 	5749
f 5751 	6172 	5750
f 5752 	6172 	5751
f 5753 	6172 	5752
f 5754 	6435 	5753
f 5755 	6437 	5754
f 5748 	5883 	5747
f 5757 	6716 	5755
f 5759 	6716 	5757
f 5761 	6716 	5759
f 5762 	6716 	5761
f 179 	166 	5186
f 5187 	5186 	166
f 4817 	5216 	5765
f 6240 	5765 	5216
f 5437 	228 	5440
f 5186 	5439 	179
f 166 	165 	5188
f 5769 	6398 	5768
f 5711 	6398 	5769
f 5439 	5440 	179
f 228 	179 	5440
f 5193 	5194 	5732
f 5734 	5195 	5732
f 5188 	5187 	166
f 5189 	147 	5190
f 165 	147 	5189
f 5189 	5188 	165
f 5768 	6398 	5767
f 5673 	6398 	5672
f 5618 	5619 	6398
f 5777 	6398 	5781
f 5779 	5781 	6398
f 489 	5407 	5406
f 489 	5406 	5405
f 489 	5408 	5407
f 489 	479 	5408
f 5784 	6306 	5783
f 5785 	6306 	5784
f 5786 	6306 	5785
f 5778 	6306 	5786
f 5788 	6398 	5777
f 5788 	5798 	6398
f 5767 	6398 	5789
f 5789 	6398 	5793
f 472 	5426 	476
f 228 	5438 	472
f 5426 	5424 	476
f 5412 	5410 	479
f 5410 	5408 	479
f 479 	476 	5412
f 5423 	5412 	476
f 5437 	5438 	228
f 5426 	472 	5427
f 5424 	5423 	476
f 5796 	5765 	6240
f 580 	565 	5205
f 5207 	5205 	565
f 5091 	5795 	4799
f 5795 	5796 	4799
f 4799 	5796 	6240
f 5793 	6398 	5798
f 565 	553 	5209
f 5209 	5208 	565
f 5208 	5207 	565
f 5172 	506 	5162
f 863 	5162 	506
f 5172 	5171 	506
f 5170 	506 	5171
f 5204 	5203 	580
f 506 	5170 	553
f 5232 	5209 	553
f 5227 	553 	5170
f 5232 	553 	5227
f 17 	1094 	16
f 610 	16 	682
f 5815 	5783 	6308
f 5162 	863 	5163
f 5163 	863 	5164
f 5165 	5164 	863
f 863 	850 	5165
f 5542 	5165 	850
f 5543 	5542 	850
f 5546 	5545 	840
f 823 	9 	840
f 68 	13 	823
f 5546 	840 	9
f 850 	840 	5545
f 5803 	5804 	5783
f 5804 	5805 	5783
f 5806 	5783 	5805
f 5807 	5799 	5809
f 5808 	5799 	5807
f 5799 	5783 	5809
f 5806 	5811 	5783
f 5545 	5543 	850
f 29 	30 	68
f 5810 	5807 	5809
f 5811 	5868 	5783
f 6249 	5817 	5783
f 5818 	6244 	5783
f 6244 	5802 	5783
f 5816 	6249 	5783
f 5822 	5820 	3822
f 5826 	5824 	3827
f 3816 	3822 	5820
f 3852 	5829 	5826
f 4897 	5476 	4896
f 5831 	3867 	5833
f 5835 	5724 	5834
f 5836 	5724 	5835
f 5892 	5727 	5891
f 5837 	5724 	5836
f 5838 	5723 	5837
f 5839 	4301 	5838
f 5832 	4301 	5839
f 5550 	1335 	5878
f 1337 	5878 	1335
f 5844 	5833 	3869
f 3867 	3869 	5833
f 1335 	5550 	5549
f 1335 	5549 	1336
f 5561 	1354 	1336
f 5561 	1336 	5549
f 3900 	3937 	5860
f 5869 	5870 	4300
f 5870 	5846 	4300
f 5840 	5869 	4300
f 4432 	4300 	5846
f 4299 	4432 	5846
f 5846 	5847 	4299
f 5848 	5849 	4299
f 5849 	5850 	4299
f 4298 	4299 	5850
f 5850 	4290 	4298
f 4297 	4298 	4290
f 1352 	5851 	1353
f 5567 	1353 	5851
f 5567 	5851 	5568
f 5735 	5876 	5733
f 1348 	1347 	5853
f 5852 	5853 	1347
f 5572 	5852 	1347
f 5572 	1347 	5573
f 1346 	5859 	1347
f 5859 	5574 	1347
f 5573 	1347 	5574
f 3937 	5858 	5860
f 5333 	5858 	3937
f 1344 	5863 	1345
f 5862 	1345 	5863
f 5863 	5578 	5862
f 5576 	5862 	5578
f 5867 	5863 	5866
f 5863 	1344 	5866
f 1343 	5866 	1344
f 5866 	5409 	5867
f 5413 	5867 	5409
f 5847 	5848 	4299
f 5809 	5783 	5868
f 5859 	1346 	5862
f 1345 	5862 	1346
f 5852 	5873 	5853
f 5873 	1350 	5853
f 1349 	5853 	1350
f 5570 	5875 	5873
f 5875 	1351 	5873
f 1350 	5873 	1351
f 5851 	1352 	5875
f 1351 	5875 	1352
f 5566 	5878 	5567
f 1353 	5567 	5878
f 1353 	5878 	1337
f 5565 	5550 	5878
f 5883 	5876 	5747
f 5883 	5748 	5882
f 5877 	5733 	5876
f 5884 	5733 	5877
f 5882 	5748 	5881
f 5881 	5749 	5880
f 5885 	5730 	5884
f 1354 	5561 	1355
f 5886 	5729 	5885
f 5887 	5729 	5886
f 5888 	5729 	5887
f 5889 	5728 	5888
f 5891 	5727 	5890
f 5890 	5727 	5889
f 5834 	5725 	5894
f 5894 	5726 	5893
f 5893 	5726 	5892
f 5747 	5876 	5735
f 5880 	5749 	5879
f 5763 	6716 	5762
f 4192 	6389 	4738
f 5906 	5907 	6716
f 5908 	6716 	5907
f 5906 	6716 	5905
f 5909 	6716 	5908
f 5910 	6716 	5909
f 5911 	6716 	5910
f 5912 	6716 	5911
f 4357 	6520 	6371
f 4357 	6371 	6372
f 5921 	5922 	6716
f 5921 	6716 	5914
f 5924 	5925 	6716
f 5923 	5924 	6716
f 5925 	5933 	6716
f 5922 	5923 	6716
f 5926 	5927 	5928
f 5322 	5929 	5930
f 5322 	5930 	5931
f 5322 	5931 	5927
f 5322 	5927 	5926
f 5324 	5929 	5322
f 5961 	6716 	5936
f 5936 	6716 	5935
f 5934 	5935 	6716
f 5941 	6326 	6716
f 6345 	6716 	5943
f 5940 	5941 	6716
f 5619 	5618 	5944
f 5948 	6716 	5957
f 5950 	5977 	5949
f 5951 	5977 	5950
f 5958 	5949 	5977
f 5958 	5977 	5945
f 5954 	1413 	5952
f 1412 	5952 	1413
f 5639 	1355 	5561
f 5957 	6716 	5956
f 5940 	6716 	5948
f 5933 	5934 	6716
f 5638 	5960 	5639
f 1355 	5639 	5960
f 1411 	1355 	5960
f 5956 	6716 	5961
f 5959 	6004 	5953
f 5952 	1412 	5960
f 1411 	5960 	1412
f 5958 	5963 	5964
f 5958 	5964 	5949
f 5972 	5973 	5974
f 5945 	5977 	5978
f 5982 	5983 	5981
f 5980 	5981 	5983
f 5985 	5975 	5982
f 5983 	5982 	5975
f 5988 	6124 	6154
f 5990 	6140 	5989
f 5955 	5953 	5996
f 5994 	5996 	5953
f 5995 	5997 	5993
f 6156 	6142 	6179
f 6141 	6156 	6179
f 6179 	6176 	6141
f 6023 	3959 	3954
f 4544 	3085 	3959
f 5958 	5955 	5998
f 5996 	5998 	5955
f 5676 	5999 	5677
f 6000 	6001 	6002
f 5928 	6003 	6004
f 5928 	6004 	5959
f 5928 	5959 	5926
f 6028 	3954 	3971
f 5994 	5953 	6004
f 5676 	5674 	5999
f 5674 	6000 	5999
f 6002 	5999 	6000
f 5974 	5999 	6002
f 5974 	6002 	5972
f 5963 	5958 	5998
f 5975 	6008 	6009
f 6031 	6028 	3971
f 6012 	6085 	6008
f 6008 	5975 	6012
f 5985 	6012 	5975
f 6018 	6019 	6015
f 6019 	6020 	6015
f 6017 	6015 	6020
f 6021 	6020 	6019
f 6100 	5682 	6022
f 5681 	6022 	5682
f 4544 	3959 	6023
f 6016 	5944 	6104
f 5618 	6104 	5944
f 5682 	6100 	5618
f 6023 	3954 	6028
f 3837 	5698 	3971
f 6031 	3971 	5698
f 3997 	1002 	6039
f 3493 	6040 	3494
f 6044 	6045 	6043
f 6040 	6043 	3495
f 3495 	6043 	6045
f 3494 	6040 	3495
f 1453 	6046 	6047
f 1453 	6047 	1454
f 3496 	6048 	6049
f 3496 	6049 	3497
f 6047 	6050 	6051
f 6037 	6038 	1454
f 6051 	6037 	1454
f 6047 	6051 	1454
f 3994 	3176 	6052
f 6055 	3499 	6054
f 3498 	6054 	3499
f 6058 	3501 	6057
f 3500 	6057 	3501
f 4865 	6052 	3176
f 6060 	6061 	6059
f 3512 	6059 	6061
f 3512 	6061 	3513
f 6064 	6065 	6063
f 6062 	6063 	6065
f 4059 	6106 	4025
f 6071 	6072 	6070
f 6069 	6070 	6072
f 6078 	6079 	6077
f 6076 	6077 	6079
f 6069 	6078 	6070
f 6077 	6070 	6078
f 936 	4025 	6067
f 6067 	126 	936
f 6063 	6080 	6081
f 6063 	6081 	6064
f 3515 	6061 	3516
f 6080 	3516 	6061
f 6061 	6060 	6080
f 6081 	6080 	6060
f 4055 	4206 	6157
f 3501 	6058 	3512
f 6059 	3512 	6058
f 6086 	6013 	6085
f 6013 	6008 	6085
f 3499 	6055 	3500
f 6055 	6087 	3500
f 6057 	3500 	6087
f 6057 	6087 	6089
f 6088 	4057 	6082
f 6090 	6091 	6092
f 4057 	4055 	6082
f 6090 	6092 	6086
f 6090 	6086 	6085
f 3498 	3497 	6054
f 6054 	3497 	6095
f 6049 	6095 	3497
f 6094 	6095 	6049
f 6015 	6096 	6018
f 3495 	6045 	6048
f 3495 	6048 	3496
f 6098 	4057 	6088
f 6098 	4058 	4057
f 6101 	6102 	3525
f 6101 	3525 	3524
f 6104 	6096 	6016
f 6015 	6016 	6096
f 6104 	5618 	6100
f 6106 	4059 	4058
f 6106 	4058 	6098
f 6067 	4025 	6106
f 6124 	6125 	6126
f 6116 	6123 	4079
f 6116 	4079 	4078
f 6126 	6154 	6124
f 5989 	6140 	6126
f 6128 	1466 	1454
f 6128 	1454 	6038
f 4080 	4079 	6130
f 6123 	6130 	4079
f 4083 	4080 	6130
f 6135 	4083 	6130
f 6135 	1119 	4083
f 5987 	5988 	6154
f 6139 	6140 	6138
f 5990 	6138 	6140
f 6140 	6154 	6126
f 6142 	5992 	5997
f 5992 	5993 	5997
f 6141 	6176 	1473
f 6150 	4204 	6143
f 4204 	4203 	6143
f 6152 	6153 	6154
f 4204 	6150 	6155
f 6137 	5987 	6154
f 6153 	6137 	6154
f 6155 	4205 	4204
f 5997 	6179 	6142
f 6157 	4206 	4205
f 6157 	4205 	6155
f 6082 	4055 	6157
f 6167 	6263 	6165
f 6235 	6169 	4228
f 6173 	6174 	6172
f 6468 	2421 	6174
f 6172 	6174 	2421
f 2421 	6175 	3543
f 6165 	1483 	6176
f 1482 	6176 	1483
f 1482 	1473 	6176
f 6183 	6184 	6182
f 6184 	3546 	6182
f 3545 	6182 	3546
f 6169 	6180 	4229
f 6169 	4229 	4228
f 6186 	6187 	6184
f 3546 	6184 	6187
f 3546 	6187 	3549
f 4230 	4229 	6189
f 6180 	6189 	4229
f 6193 	6194 	6192
f 6194 	3550 	6192
f 6187 	6192 	3550
f 3549 	6187 	3550
f 4230 	6189 	4078
f 6116 	4078 	6189
f 6198 	4223 	6197
f 6198 	3180 	4233
f 4223 	6198 	4233
f 6206 	6207 	6209
f 6213 	6215 	6212
f 6214 	6215 	6213
f 6211 	6212 	6215
f 5714 	6213 	6212
f 5714 	6212 	5715
f 4255 	4254 	6216
f 6208 	6216 	4254
f 6220 	6221 	6219
f 6218 	6219 	6221
f 6217 	6218 	6221
f 6224 	6225 	6223
f 6222 	6223 	6225
f 6216 	1994 	1998
f 6216 	1998 	4255
f 6222 	6225 	5717
f 6222 	5717 	5716
f 6143 	4203 	1995
f 6226 	6227 	6228
f 1997 	1995 	4203
f 6236 	6237 	6231
f 6234 	6227 	6233
f 6232 	6233 	6227
f 6228 	6227 	6234
f 6227 	5719 	6232
f 5718 	6232 	5719
f 3667 	3668 	3669
f 4799 	3669 	3668
f 4270 	6241 	4266
f 6238 	6229 	6237
f 6229 	6230 	6237
f 6230 	6231 	6237
f 3671 	3669 	6240
f 4228 	4266 	6235
f 6240 	4196 	3671
f 5182 	4208 	4170
f 6241 	3997 	6039
f 3997 	6241 	4270
f 4209 	4208 	5349
f 5802 	5803 	5783
f 5817 	5818 	5783
f 4170 	4197 	5216
f 5182 	4170 	5216
f 6231 	6264 	6236
f 6181 	6236 	6264
f 5349 	4198 	4209
f 4196 	6240 	4197
f 5216 	4197 	6240
f 3542 	4799 	3668
f 6260 	6261 	6259
f 1507 	6259 	6261
f 1506 	6263 	6259
f 1506 	6259 	1507
f 4738 	4200 	5349
f 4198 	5349 	4200
f 6170 	6264 	6167
f 6181 	6264 	6170
f 1483 	6165 	1506
f 6263 	1506 	6165
f 4738 	4232 	4200
f 6263 	6167 	6264
f 4738 	6368 	4232
f 6261 	1518 	1507
f 6221 	6266 	6217
f 6268 	5744 	6267
f 5743 	6267 	5744
f 4799 	6240 	3669
f 6269 	6209 	6207
f 6207 	6210 	6271
f 5768 	6271 	6210
f 5768 	6210 	5769
f 6273 	6292 	6275
f 6273 	6275 	6276
f 5784 	6274 	6277
f 5784 	6277 	5785
f 6278 	6279 	6293
f 6297 	6293 	6279
f 6281 	6284 	6280
f 6283 	6284 	6281
f 6282 	6280 	6284
f 6284 	6293 	6282
f 6282 	6293 	6285
f 6287 	5781 	6286
f 5779 	6286 	5781
f 6289 	6269 	6288
f 6207 	6288 	6269
f 6271 	6288 	6207
f 5182 	5349 	4208
f 6274 	6275 	6292
f 6291 	6292 	6273
f 6274 	6292 	6277
f 6278 	6293 	6294
f 6295 	6285 	6293
f 6279 	6296 	6297
f 6293 	6297 	6295
f 1600 	6298 	6299
f 1600 	6299 	1597
f 1599 	6300 	6298
f 1599 	6298 	1600
f 6301 	6302 	6299
f 6302 	1597 	6299
f 6303 	1597 	6302
f 6306 	5778 	6305
f 6308 	5783 	6307
f 6309 	5783 	6306
f 6307 	5783 	6309
f 5815 	5816 	5783
f 1597 	6310 	6311
f 6310 	1597 	6303
f 6313 	1627 	6312
f 1631 	6312 	1627
f 6315 	6312 	6314
f 1631 	1597 	6312
f 6304 	6305 	5778
f 6314 	6312 	6311
f 1597 	6311 	6312
f 6663 	5778 	6662
f 6834 	6808 	5778
f 6235 	4266 	6241
f 6319 	6716 	6318
f 6329 	6716 	6326
f 6318 	6716 	6329
f 5566 	5567 	6337
f 5565 	5566 	6337
f 6337 	6455 	5565
f 5550 	5565 	6456
f 6455 	6456 	5565
f 5549 	5550 	6456
f 5639 	5561 	6459
f 6459 	6461 	5639
f 5638 	5639 	6461
f 6461 	6463 	5638
f 6463 	6470 	5638
f 6470 	6464 	5638
f 6464 	6465 	5637
f 5637 	5638 	6464
f 4296 	4882 	6328
f 5942 	6716 	6339
f 6339 	6716 	6338
f 6338 	6716 	6319
f 6340 	1646 	1627
f 6340 	1627 	6313
f 6341 	6342 	6343
f 6275 	6347 	6276
f 5913 	5914 	6716
f 5913 	6716 	5912
f 6348 	6349 	6350
f 6351 	6352 	6350
f 6348 	6350 	6352
f 6353 	200 	204
f 6356 	6374 	6355
f 196 	6353 	204
f 5804 	6354 	6357
f 5804 	6357 	5805
f 6341 	6343 	6359
f 6344 	6359 	6343
f 5807 	6360 	6361
f 5807 	6361 	5808
f 6365 	6358 	6364
f 6344 	6364 	6358
f 6358 	6359 	6344
f 6367 	6353 	6716
f 5942 	5943 	6716
f 5810 	6366 	5807
f 6360 	5807 	6366
f 6366 	6364 	6360
f 6346 	6360 	6364
f 6346 	6364 	6344
f 6353 	196 	6716
f 6363 	6369 	6716
f 6368 	6389 	4238
f 6367 	6716 	6369
f 4241 	6370 	6371
f 4241 	6371 	4242
f 6370 	6372 	6371
f 377 	6716 	363
f 4240 	4239 	6370
f 6373 	6374 	6356
f 6354 	6355 	6374
f 463 	6716 	377
f 6368 	4231 	4232
f 6354 	6374 	6375
f 6354 	6375 	6357
f 4231 	6368 	4238
f 6376 	6378 	6351
f 6377 	6378 	6376
f 6378 	6379 	6351
f 6352 	6351 	6379
f 523 	6716 	519
f 356 	363 	6716
f 4242 	6371 	4224
f 4240 	6370 	4241
f 356 	6716 	196
f 519 	6716 	463
f 1096 	6716 	1098
f 1098 	6716 	520
f 6345 	6362 	6716
f 6383 	6378 	6377
f 6362 	6363 	6716
f 520 	6716 	523
f 1528 	6716 	1096
f 1843 	6716 	1528
f 6386 	1747 	6385
f 6409 	1747 	6386
f 1746 	6385 	1747
f 6328 	6388 	4292
f 6328 	4292 	4296
f 1649 	6716 	1651
f 4239 	4238 	6389
f 6389 	6372 	6370
f 6390 	4293 	6388
f 4293 	4292 	6388
f 6389 	6370 	4239
f 1852 	6716 	1847
f 4357 	6372 	6389
f 4192 	4193 	6389
f 4293 	6390 	6391
f 6391 	4294 	4293
f 6457 	6459 	5561
f 6392 	4295 	4294
f 6392 	4294 	6391
f 1843 	1847 	6716
f 1937 	6716 	1852
f 6392 	6208 	4254
f 4295 	6392 	4254
f 1658 	1651 	6716
f 2273 	6716 	1938
f 4320 	490 	6394
f 2273 	1658 	6716
f 6466 	6467 	5635
f 6602 	6597 	5621
f 6808 	6809 	5778
f 6398 	6423 	5778
f 4322 	4320 	6395
f 6394 	6395 	4320
f 1937 	1938 	6716
f 5778 	5779 	6398
f 5679 	5688 	6398
f 5680 	5681 	6398
f 6716 	1649 	1645
f 1148 	6399 	4335
f 358 	6399 	1148
f 2554 	6716 	2553
f 2535 	2553 	6716
f 1645 	2535 	6716
f 6401 	6407 	5778
f 6403 	5778 	6402
f 6417 	5778 	6403
f 6405 	5778 	6404
f 6406 	5778 	6405
f 2658 	6716 	2650
f 2660 	6716 	2658
f 2649 	2650 	6716
f 2660 	3029 	6716
f 2554 	2649 	6716
f 6408 	6421 	5778
f 3033 	3389 	6716
f 3036 	3033 	6716
f 3029 	3036 	6716
f 1747 	6409 	6410
f 6368 	4738 	6389
f 6389 	4193 	4357
f 3340 	6716 	3337
f 6411 	1747 	6412
f 1767 	1747 	6411
f 1767 	6411 	6413
f 6415 	1767 	6414
f 6413 	6414 	1767
f 6416 	6419 	6415
f 6404 	5778 	6417
f 6402 	5778 	6418
f 1767 	6415 	6419
f 6419 	6452 	1767
f 6418 	5778 	6420
f 6421 	6422 	5778
f 6420 	5778 	6422
f 3391 	3337 	6716
f 3326 	6716 	3323
f 3395 	3391 	6716
f 3389 	3395 	6716
f 6453 	6454 	1768
f 3323 	6716 	3340
f 6407 	6408 	5778
f 3428 	6716 	3425
f 4404 	6716 	4377
f 3713 	6716 	3721
f 6428 	5778 	6423
f 6425 	5778 	6424
f 6433 	5778 	6425
f 6427 	5778 	6426
f 6400 	5778 	6427
f 3881 	6716 	3725
f 3721 	6716 	3722
f 3722 	6716 	3881
f 6410 	6412 	1747
f 3941 	6716 	3718
f 6432 	5778 	6431
f 6426 	5778 	6432
f 6430 	6431 	5778
f 6429 	6430 	5778
f 6433 	6429 	5778
f 6436 	3552 	6435
f 3551 	6435 	3552
f 6439 	6440 	6438
f 6437 	6438 	6440
f 3725 	6716 	3728
f 3434 	3425 	6716
f 3550 	6194 	3551
f 6435 	3551 	6194
f 6446 	6441 	5778
f 3728 	6716 	3428
f 6178 	6469 	6177
f 6177 	6469 	6443
f 6442 	6443 	6469
f 6442 	6444 	6445
f 3718 	6716 	3713
f 6424 	5778 	6441
f 6428 	6449 	5778
f 3981 	6716 	3944
f 3944 	6716 	3941
f 3983 	6716 	3981
f 6446 	5778 	6449
f 6481 	6482 	1772
f 1771 	6485 	1772
f 1768 	1767 	6452
f 6453 	1768 	6452
f 1771 	1768 	6454
f 1771 	6454 	6458
f 1771 	6458 	6460
f 6462 	6485 	1771
f 6460 	6462 	1771
f 5635 	5637 	6465
f 6465 	6466 	5635
f 5633 	5635 	6467
f 6467 	6599 	5633
f 5632 	5633 	6599
f 6599 	6600 	5632
f 6600 	6601 	5631
f 5622 	5631 	6601
f 5621 	5622 	6602
f 6601 	6602 	5622
f 4184 	6716 	4185
f 4185 	6716 	4271
f 4178 	6716 	4184
f 6175 	2421 	6468
f 6178 	6468 	6469
f 6444 	6442 	6469
f 5631 	5632 	6600
f 4377 	6716 	4382
f 4602 	6716 	4605
f 4406 	6716 	4404
f 6471 	6472 	6473
f 6471 	6473 	6474
f 6471 	6474 	6476
f 6477 	6478 	6472
f 6473 	6472 	6478
f 4271 	6716 	3983
f 6479 	3693 	6483
f 6481 	1772 	6484
f 6480 	3564 	3697
f 6484 	1772 	6485
f 4382 	6716 	4175
f 4175 	6716 	4179
f 4179 	6716 	4178
f 6486 	6487 	6488
f 6488 	6494 	6486
f 6486 	6494 	6507
f 6507 	6494 	6489
f 6507 	6489 	6396
f 6491 	6578 	6490
f 6492 	6493 	6491
f 6493 	6578 	6491
f 6579 	3570 	6490
f 6492 	6491 	6495
f 3574 	6496 	6497
f 3574 	6497 	3575
f 6429 	6499 	6430
f 6498 	6430 	6499
f 6500 	6501 	6502
f 4605 	6716 	4406
f 6498 	6499 	6503
f 6498 	6503 	6504
f 6502 	6496 	6500
f 6497 	6496 	6502
f 6505 	6500 	6496
f 4758 	6716 	4748
f 6506 	6486 	6507
f 6511 	6512 	6510
f 6508 	6510 	6512
f 4749 	4748 	6716
f 3651 	6521 	3612
f 4224 	6520 	4225
f 6513 	6514 	6515
f 6516 	6517 	6518
f 6520 	4224 	6371
f 6515 	6516 	6513
f 6519 	6513 	6516
f 4589 	6716 	4585
f 3326 	3434 	6716
f 4617 	6716 	4602
f 4585 	6716 	4623
f 4623 	6716 	4617
f 6716 	4763 	5302
f 6716 	4589 	4749
f 4763 	6716 	4758
f 6521 	6508 	6512
f 6512 	3612 	6521
f 5300 	6716 	5296
f 6523 	3664 	6522
f 3663 	6522 	3664
f 6523 	6522 	6524
f 6520 	4357 	4221
f 6518 	6525 	6516
f 6516 	6525 	6519
f 6528 	6529 	6530
f 6526 	6563 	6531
f 6530 	6577 	6548
f 5955 	6716 	5953
f 5958 	6716 	5955
f 5959 	5953 	6716
f 6535 	6536 	6534
f 6533 	6534 	6536
f 6538 	6574 	6537
f 6535 	6534 	6540
f 6535 	6540 	6541
f 6544 	6546 	6542
f 6545 	6546 	6544
f 6539 	6542 	6546
f 6541 	6540 	6547
f 6550 	6530 	6549
f 6548 	6549 	6530
f 6528 	6530 	6550
f 6551 	6552 	6554
f 6551 	6554 	6555
f 6547 	6553 	6541
f 6556 	6557 	6552
f 6554 	6552 	6557
f 2089 	6560 	6561
f 2089 	6561 	2087
f 1075 	4225 	1094
f 6520 	1094 	4225
f 669 	4225 	1075
f 6562 	6563 	6527
f 6526 	6527 	6563
f 6548 	6577 	6563
f 1371 	4221 	1364
f 1094 	6520 	1371
f 4221 	1371 	6520
f 2089 	6564 	6565
f 2089 	6565 	6566
f 2089 	6566 	6560
f 1443 	4433 	1449
f 6567 	6546 	6545
f 6569 	2093 	6568
f 2092 	6568 	2093
f 1444 	4434 	4433
f 1444 	4433 	1443
f 5739 	3238 	4434
f 5739 	4434 	1444
f 6935 	6570 	6482
f 6568 	2092 	6570
f 2093 	6569 	6571
f 2093 	6571 	6572
f 2093 	6572 	6564
f 2093 	6564 	2089
f 6573 	6574 	6575
f 6531 	6563 	6577
f 1449 	4439 	1477
f 1449 	4433 	4439
f 6539 	6537 	6574
f 6574 	6538 	6575
f 6539 	6574 	6576
f 6539 	6576 	6542
f 1477 	4450 	4447
f 1481 	1477 	4447
f 1477 	4439 	4450
f 1484 	4457 	4456
f 6579 	6490 	6578
f 4447 	4457 	1481
f 4457 	1484 	1481
f 3687 	3570 	6579
f 6399 	6603 	4335
f 1484 	4456 	1490
f 3695 	6580 	3692
f 1491 	4465 	1492
f 6395 	6582 	4322
f 6471 	6476 	6581
f 6476 	3693 	6581
f 3692 	6581 	3693
f 1491 	1490 	4465
f 4456 	4465 	1490
f 4322 	6582 	4522
f 3693 	6480 	3697
f 4472 	1492 	4465
f 6476 	6483 	3693
f 6479 	6480 	3693
f 1500 	4475 	4474
f 6582 	6583 	4522
f 4475 	1500 	4472
f 1492 	4472 	1500
f 4522 	6583 	4523
f 1500 	4474 	1504
f 6583 	6584 	4524
f 6583 	4524 	4523
f 1514 	1505 	4485
f 4488 	4485 	1505
f 1505 	1504 	4488
f 4474 	4488 	1504
f 6587 	6588 	6586
f 6585 	6586 	6588
f 4525 	4524 	6590
f 6584 	6590 	4524
f 6592 	6593 	6591
f 6396 	6397 	5619
f 6507 	6396 	5619
f 6598 	6506 	5621
f 6597 	6598 	5621
f 6506 	6507 	5621
f 5620 	5621 	6507
f 5619 	5620 	6507
f 6397 	6398 	5619
f 6607 	6594 	6589
f 4335 	6603 	4558
f 6591 	6604 	6589
f 6593 	6604 	6591
f 6605 	4559 	6603
f 4559 	4558 	6603
f 6605 	6606 	4560
f 6605 	4560 	4559
f 4697 	4560 	6639
f 6606 	6639 	4560
f 6580 	6607 	3692
f 6589 	3692 	6607
f 6589 	6604 	3692
f 6581 	3692 	6604
f 4525 	6590 	4663
f 6608 	4663 	6590
f 6609 	6623 	5778
f 6612 	6617 	5778
f 6612 	5778 	6610
f 6613 	6614 	6615
f 6613 	6615 	6616
f 6613 	5945 	6614
f 5978 	6614 	5945
f 6617 	6316 	5778
f 6316 	6304 	5778
f 6616 	6615 	6618
f 6616 	6618 	6619
f 6620 	6621 	6619
f 6621 	6622 	6619
f 6616 	6619 	6622
f 6610 	5778 	6623
f 6625 	6621 	6620
f 6625 	6620 	6626
f 6625 	6626 	6627
f 6625 	6627 	6628
f 1765 	1514 	4797
f 6630 	6626 	6629
f 6631 	6626 	6630
f 6620 	6629 	6626
f 6631 	6632 	6627
f 6631 	6627 	6626
f 1534 	4520 	4517
f 6633 	6625 	6634
f 1534 	1531 	4520
f 4798 	4520 	1531
f 1545 	1558 	4536
f 6628 	6634 	6625
f 1564 	1545 	4538
f 1545 	4536 	4538
f 6608 	4665 	4663
f 4665 	6608 	6635
f 6635 	6636 	4666
f 6635 	4666 	4665
f 6619 	6629 	6620
f 6636 	6637 	4662
f 6636 	4662 	4666
f 6637 	6646 	4752
f 6637 	4752 	4662
f 6630 	6632 	6631
f 6638 	4698 	4697
f 6638 	4697 	6639
f 6638 	6640 	4699
f 6638 	4699 	4698
f 6640 	6641 	4700
f 6640 	4700 	4699
f 4779 	4700 	6641
f 4752 	6646 	6647
f 4752 	6647 	4754
f 6647 	6648 	4755
f 6647 	4755 	4754
f 6648 	6649 	4757
f 6648 	4757 	4755
f 6649 	6651 	4853
f 6649 	4853 	4757
f 4779 	6641 	6650
f 6650 	372 	990
f 6650 	990 	4779
f 6651 	6652 	4854
f 6651 	4854 	4853
f 6652 	6653 	4855
f 6652 	4855 	4854
f 6653 	6654 	4858
f 6653 	4858 	4855
f 6654 	6655 	4859
f 6654 	4859 	4858
f 4881 	4859 	6655
f 6655 	6656 	4881
f 6656 	4882 	4881
f 6657 	4882 	6656
f 6657 	6328 	4882
f 6666 	6667 	5778
f 6668 	5778 	6667
f 6665 	6666 	5778
f 6680 	6664 	5778
f 6663 	6680 	5778
f 6671 	5778 	6668
f 6671 	6624 	5778
f 6609 	5778 	6624
f 6664 	6665 	5778
f 342 	6682 	6683
f 342 	486 	6682
f 6686 	328 	6683
f 6691 	4362 	6690
f 6692 	1052 	6691
f 6698 	1037 	6696
f 6718 	1026 	6698
f 4517 	4536 	1558
f 1534 	4517 	1558
f 1566 	4555 	4554
f 1566 	4554 	1581
f 1566 	1564 	4538
f 4555 	1566 	4538
f 1579 	1578 	4551
f 1578 	1581 	4551
f 4554 	4551 	1581
f 1579 	4582 	1589
f 1589 	4581 	1585
f 4604 	1585 	4581
f 4582 	1579 	4551
f 4581 	1589 	4582
f 1604 	4607 	1609
f 4607 	1604 	4604
f 1585 	4604 	1604
f 1609 	4614 	1611
f 1609 	4607 	4614
f 1611 	4624 	1616
f 1611 	4614 	4624
f 1616 	4630 	1621
f 1616 	4624 	4630
f 1621 	4630 	4634
f 1650 	4653 	4652
f 1621 	4634 	4653
f 1621 	4653 	1650
f 1650 	4652 	1667
f 1680 	1673 	4655
f 4655 	1673 	4657
f 1673 	1667 	4657
f 4652 	4657 	1667
f 4713 	1681 	1680
f 4713 	1680 	4655
f 1681 	4713 	1685
f 4727 	1685 	4713
f 4730 	4740 	1696
f 1697 	1696 	4740
f 4730 	1696 	4727
f 1685 	4727 	1696
f 4740 	4741 	1697
f 4741 	1706 	1697
f 4751 	1709 	4743
f 1706 	4741 	4743
f 1706 	4743 	1707
f 1724 	4750 	1719
f 1724 	4751 	4750
f 1707 	4743 	1709
f 4751 	1724 	1709
f 6716 	5926 	5959
f 5302 	5296 	6716
f 5300 	5327 	6716
f 5322 	6716 	5327
f 5958 	5945 	6716
f 6613 	6792 	5945
f 4766 	1728 	4767
f 1719 	4767 	1728
f 5322 	5926 	6716
f 4767 	1719 	4750
f 1731 	4777 	1742
f 4777 	1731 	4766
f 1728 	4766 	1731
f 1742 	4777 	4780
f 1742 	4780 	1780
f 6710 	6711 	6079
f 6078 	6072 	6079
f 6069 	6072 	6078
f 6710 	6079 	6072
f 6712 	6787 	6072
f 6065 	6787 	6712
f 6064 	6787 	6065
f 6081 	6060 	6064
f 6060 	6787 	6064
f 6059 	6058 	6060
f 6058 	6787 	6060
f 6057 	6089 	6058
f 6089 	6594 	6058
f 6713 	6594 	6089
f 6094 	6594 	6713
f 6049 	6594 	6094
f 6048 	6594 	6049
f 6045 	6044 	6048
f 6044 	6594 	6048
f 6714 	6594 	6044
f 6715 	6594 	6714
f 6716 	6594 	6715
f 6724 	5755 	6717
f 6717 	5755 	6716
f 4485 	4797 	1514
f 6696 	1042 	6692
f 6686 	6690 	328
f 1765 	4797 	4798
f 1531 	1765 	4798
f 1780 	4780 	4803
f 6719 	1017 	6718
f 6723 	6639 	6720
f 6638 	6639 	6726
f 6172 	5753 	6173
f 6722 	5753 	6183
f 6728 	6638 	6726
f 6729 	6638 	6728
f 6440 	5754 	6437
f 6436 	5754 	6440
f 6435 	5754 	6436
f 6437 	5755 	6725
f 6725 	5755 	6724
f 6194 	5753 	6435
f 6193 	5753 	6194
f 6727 	5753 	6193
f 6186 	5753 	6727
f 6184 	5753 	6186
f 6442 	5753 	6722
f 6183 	5753 	6184
f 6445 	5753 	6442
f 6721 	5753 	6445
f 6173 	5753 	6721
f 5879 	5750 	6172
f 5905 	6716 	5763
f 6720 	1011 	6719
f 6737 	6638 	6729
f 6740 	6716 	6739
f 6758 	6777 	6716
f 6740 	6745 	6716
f 6743 	6716 	6742
f 6743 	6585 	6716
f 6741 	6638 	6737
f 6744 	6638 	6741
f 6746 	6638 	6744
f 6746 	6747 	6638
f 6745 	6742 	6716
f 6762 	6767 	6638
f 6750 	6762 	6638
f 6749 	6764 	6716
f 6716 	6751 	6752
f 6752 	6763 	6716
f 6716 	6753 	6748
f 6748 	6749 	6716
f 6716 	6772 	6754
f 6716 	6754 	6756
f 6758 	6716 	6756
f 6769 	6771 	6638
f 6771 	528 	6638
f 6753 	6716 	6763
f 6768 	6769 	6638
f 6767 	6768 	6638
f 6765 	6716 	6764
f 6765 	6766 	6716
f 6770 	6716 	6766
f 6772 	6716 	6770
f 4840 	212 	1784
f 206 	1784 	212
f 1784 	1783 	4841
f 1784 	4841 	4840
f 539 	548 	6638
f 548 	556 	6638
f 4841 	1783 	1142
f 361 	1142 	1783
f 6775 	6716 	6776
f 1786 	4848 	1796
f 528 	532 	6638
f 532 	539 	6638
f 1780 	4803 	4848
f 1780 	4848 	1786
f 6779 	6716 	6778
f 6782 	6783 	6716
f 6780 	6716 	6781
f 6739 	6716 	6775
f 6779 	6782 	6716
f 556 	572 	6638
f 1796 	4876 	4883
f 787 	795 	6638
f 1796 	4848 	4876
f 6777 	6778 	6716
f 6783 	6784 	6716
f 572 	774 	6638
f 1803 	4883 	4890
f 6776 	6716 	6780
f 774 	787 	6638
f 1796 	4883 	1803
f 1803 	4890 	1815
f 6781 	6716 	6784
f 1815 	4890 	4898
f 1815 	4898 	1824
f 795 	803 	6638
f 6585 	6588 	6716
f 6594 	6716 	6589
f 803 	811 	6638
f 6588 	6786 	6716
f 6786 	6592 	6716
f 6592 	6591 	6716
f 6591 	6589 	6716
f 6787 	6058 	6594
f 6710 	6072 	6787
f 1833 	4908 	1840
f 4908 	1833 	4898
f 1824 	4898 	1833
f 1840 	4979 	1842
f 1840 	4908 	4979
f 1003 	1016 	6638
f 1842 	4986 	1845
f 1842 	4979 	4986
f 1845 	4989 	4995
f 1845 	4986 	4989
f 6622 	6792 	6616
f 6616 	6792 	6613
f 1025 	1038 	6638
f 1038 	1074 	6638
f 6751 	6716 	6792
f 6792 	6716 	5945
f 811 	1003 	6638
f 1016 	1023 	6638
f 1023 	1025 	6638
f 6793 	5710 	4335
f 6640 	6638 	1074
f 6794 	4335 	6795
f 6795 	4335 	6796
f 6798 	6797 	4335
f 1099 	1112 	6640
f 6796 	4335 	6797
f 1112 	2115 	6640
f 6798 	4335 	6799
f 1084 	1091 	6640
f 1074 	1084 	6640
f 2115 	151 	6640
f 1859 	4995 	1862
f 1845 	4995 	1859
f 1862 	5005 	1863
f 1862 	4995 	5005
f 1863 	5009 	1868
f 4335 	6801 	6800
f 6799 	4335 	6800
f 1863 	5005 	5009
f 151 	144 	6640
f 1868 	5017 	5028
f 1868 	5028 	1872
f 144 	2127 	6640
f 1868 	5009 	5017
f 1872 	5028 	1885
f 6805 	6801 	4335
f 6810 	5778 	6815
f 6813 	5778 	6812
f 6814 	5778 	6813
f 6809 	6816 	5778
f 6819 	5778 	6814
f 6681 	5778 	6819
f 4335 	4558 	6805
f 6812 	5778 	6810
f 6816 	6823 	5778
f 6815 	5778 	6817
f 6662 	5778 	6681
f 1885 	5122 	1893
f 1885 	5028 	5122
f 1893 	5139 	1901
f 1893 	5122 	5139
f 1901 	5143 	1907
f 1901 	5139 	5143
f 1907 	5151 	1915
f 1907 	5143 	5151
f 6817 	5778 	6823
f 1915 	5154 	1925
f 1915 	5151 	5154
f 6828 	5778 	6827
f 6852 	5778 	6828
f 6831 	5778 	6830
f 6830 	5778 	6829
f 6843 	5778 	6831
f 6833 	5778 	6832
f 6400 	6401 	5778
f 3724 	6793 	3730
f 6834 	5778 	6836
f 1925 	5158 	1930
f 1925 	5154 	5158
f 6818 	6811 	4558
f 6811 	6805 	4558
f 6826 	6818 	4558
f 1930 	5159 	1936
f 1930 	5158 	5159
f 5161 	1936 	5160
f 1936 	5159 	5160
f 1939 	5161 	5167
f 1936 	5161 	1939
f 6839 	6835 	4558
f 1942 	5167 	1950
f 1939 	5167 	1942
f 6835 	6826 	4558
f 6832 	5778 	6843
f 5174 	1954 	5169
f 1950 	5169 	1954
f 1950 	5167 	5169
f 1954 	5174 	5179
f 6836 	5778 	6848
f 6848 	5778 	6833
f 1954 	5179 	1956
f 3734 	3730 	6794
f 1964 	5184 	5196
f 6794 	3730 	6793
f 5184 	1964 	5179
f 1956 	5179 	1964
f 1964 	5196 	1969
f 1986 	5206 	5210
f 6829 	5778 	6852
f 1969 	5196 	5206
f 1969 	5206 	1986
f 6796 	3743 	3734
f 1990 	5210 	5211
f 6847 	6844 	4558
f 1986 	5210 	1990
f 6854 	6847 	4558
f 6844 	6839 	4558
f 6797 	3745 	3743
f 1991 	5211 	1992
f 1990 	5211 	1991
f 6827 	5778 	6406
f 1992 	5217 	1993
f 6858 	6856 	4558
f 2088 	6860 	6861
f 2088 	6861 	6862
f 2088 	6862 	2104
f 6865 	6859 	4558
f 6864 	2088 	6863
f 2087 	6863 	2088
f 2087 	6561 	6863
f 4558 	4559 	6865
f 1992 	5211 	5217
f 6866 	6867 	6864
f 6867 	6860 	6864
f 6859 	6858 	4558
f 2088 	6864 	6860
f 1993 	5223 	5226
f 6876 	6875 	4559
f 1993 	5217 	5223
f 2127 	2136 	6640
f 1993 	5226 	1996
f 6871 	6865 	4559
f 2848 	2853 	6640
f 5228 	2030 	5226
f 1996 	5226 	2030
f 6795 	3734 	6794
f 2030 	5228 	2050
f 2869 	3625 	6640
f 6795 	6796 	3734
f 2859 	2869 	6640
f 2050 	5228 	5239
f 2853 	2859 	6640
f 6797 	3743 	6796
f 6875 	6871 	4559
f 3625 	3628 	6640
f 3757 	3751 	6799
f 6641 	6640 	3628
f 2076 	5338 	5421
f 6882 	6881 	4559
f 2050 	5239 	5338
f 2050 	5338 	2076
f 6883 	6882 	4559
f 6881 	6876 	4559
f 2076 	5421 	2081
f 6799 	3761 	3757
f 6885 	6883 	4559
f 5431 	2083 	5421
f 2081 	5421 	2083
f 2085 	5435 	5441
f 2085 	5441 	2086
f 6887 	6885 	4559
f 2083 	5431 	5435
f 2083 	5435 	2085
f 3628 	3631 	6641
f 3631 	3633 	6641
f 3640 	3823 	6641
f 3633 	3640 	6641
f 4559 	4560 	6891
f 6889 	6887 	4559
f 387 	6893 	4560
f 3823 	3828 	6641
f 3828 	3838 	6641
f 3838 	3844 	6641
f 6894 	4560 	6893
f 6891 	6889 	4559
f 6948 	2104 	6862
f 6948 	6862 	6895
f 2104 	6948 	2148
f 3846 	4127 	6641
f 4127 	4135 	6641
f 6892 	4560 	6894
f 3745 	6797 	3751
f 6798 	3751 	6797
f 6896 	2242 	110
f 451 	4560 	6896
f 6800 	3761 	6799
f 3751 	6798 	6799
f 255 	6899 	102
f 102 	97 	255
f 6942 	255 	7
f 14 	7 	255
f 255 	258 	6899
f 5458 	2129 	5441
f 2086 	5441 	2129
f 2129 	5458 	2145
f 6910 	6911 	6906
f 6907 	6911 	6908
f 6907 	6906 	6911
f 2145 	5458 	5467
f 4149 	4152 	6650
f 5475 	5571 	2155
f 2150 	5475 	2155
f 4006 	4011 	6650
f 6913 	6919 	6914
f 6919 	6938 	6914
f 6910 	6906 	6913
f 4152 	4155 	6650
f 6919 	6913 	6906
f 3844 	3846 	6641
f 4140 	4145 	6641
f 4135 	4140 	6641
f 6800 	6801 	3761
f 4145 	4006 	6641
f 6650 	6641 	4006
f 5475 	2150 	5467
f 2145 	5467 	2150
f 2155 	5571 	5581
f 6902 	6901 	6928
f 6929 	6928 	6901
f 2161 	5581 	5586
f 2155 	5581 	2161
f 6924 	6914 	6938
f 6928 	6927 	6902
f 6927 	6924 	6923
f 6939 	6923 	6924
f 6930 	6929 	6901
f 6901 	6899 	6930
f 4155 	4158 	6650
f 4158 	4162 	6650
f 6938 	6939 	6924
f 6930 	6899 	258
f 5586 	2171 	2161
f 4011 	4149 	6650
f 6937 	6570 	6935
f 2092 	6482 	6570
f 6482 	2092 	1772
f 6923 	6902 	6927
f 14 	255 	88
f 2178 	2171 	5593
f 5602 	2180 	5593
f 5586 	5593 	2171
f 5602 	5605 	2180
f 2178 	5593 	2180
f 6801 	3768 	3761
f 4708 	4717 	372
f 4703 	4708 	372
f 4695 	4703 	372
f 4782 	4785 	372
f 4467 	372 	4785
f 2148 	6948 	6949
f 6950 	2148 	6949
f 372 	4717 	4778
f 4519 	372 	4521
f 4162 	4169 	6650
f 4836 	4851 	6650
f 4169 	4836 	6650
f 372 	6650 	4851
f 4695 	372 	4851
f 4866 	6951 	4865
f 4871 	6956 	6952
f 6954 	6955 	6953
f 6951 	6952 	4875
f 6951 	4875 	6198
f 6955 	6959 	6958
f 6957 	6958 	6959
f 6957 	6959 	6960
f 4875 	6952 	6956
f 6956 	4871 	4878
f 6960 	6961 	6957
f 5402 	5400 	6321
f 6320 	6321 	5400
f 5535 	6320 	5383
f 6955 	6967 	6953
f 6968 	6953 	6967
f 6958 	6967 	6955
f 2148 	6975 	2149
f 2148 	6950 	6969
f 2148 	6969 	6970
f 6970 	6975 	2148
f 6197 	5351 	6116
f 4985 	4984 	6039
f 4962 	4985 	6039
f 4930 	4962 	6039
f 4984 	5003 	6039
f 4998 	5024 	6039
f 5003 	4998 	6039
f 5024 	5030 	6039
f 2158 	6983 	2160
f 2157 	6971 	6972
f 6973 	6983 	2158
f 6972 	6973 	2158
f 2157 	6972 	2158
f 6974 	2149 	6975
f 5128 	5131 	6039
f 5098 	5101 	6039
f 6974 	6976 	2149
f 2157 	2149 	6976
f 2157 	6976 	6977
f 2157 	6977 	6971
f 5077 	5098 	6039
f 5030 	5077 	6039
f 5605 	2182 	2180
f 5101 	5128 	6039
f 5605 	5606 	2182
f 5606 	2194 	2182
f 2194 	5606 	2206
f 5643 	2228 	2223
f 2166 	6984 	2162
f 2165 	2160 	6980
f 2165 	6980 	6981
f 6982 	2165 	6981
f 6982 	6987 	2165
f 6980 	2160 	6983
f 5156 	5173 	6052
f 6052 	6039 	5131
f 5126 	5156 	6052
f 5131 	5126 	6052
f 2162 	6984 	6985
f 2162 	6985 	2185
f 6984 	2166 	6986
f 5173 	5168 	6052
f 6793 	3724 	2228
f 2166 	2165 	6987
f 2166 	6987 	6986
f 2185 	6996 	2183
f 2206 	5606 	5616
f 2185 	6985 	6988
f 2185 	6988 	6989
f 6989 	6997 	2185
f 5168 	5166 	6052
f 2206 	5616 	2215
f 5641 	2215 	5616
f 5166 	5244 	6052
f 2192 	6991 	6992
f 6992 	6999 	2192
f 2192 	6993 	6994
f 2192 	6995 	6991
f 2183 	6996 	6995
f 2183 	6995 	2192
f 6996 	2185 	6997
f 2192 	6994 	6998
f 6993 	2192 	6999
f 7000 	2192 	6998
f 5244 	5242 	6052
f 5242 	5297 	6052
f 2192 	7000 	7001
f 7002 	2205 	7001
f 7004 	2205 	7003
f 2192 	7001 	2205
f 2205 	7010 	2208
f 5306 	6052 	5266
f 5266 	6052 	5307
f 7005 	5307 	6052
f 5297 	7005 	6052
f 7007 	2205 	7006
f 7002 	7006 	2205
f 2205 	7004 	7008
f 7008 	7010 	2205
f 7007 	7003 	2205
f 1376 	1544 	7013
f 7011 	2208 	7010
f 2208 	7011 	7012
f 2208 	7012 	7013
f 7009 	1376 	7013
f 7013 	1544 	2208
f 5340 	5339 	369
f 5339 	5345 	369
f 6039 	369 	5345
f 5345 	5348 	6039
f 5358 	5363 	6039
f 5348 	5356 	6039
f 5356 	5358 	6039
f 5363 	5362 	6039
f 5368 	5375 	6039
f 5375 	5391 	6039
f 5369 	5368 	6039
f 5362 	5369 	6039
f 6039 	5391 	4933
f 5329 	5340 	369
f 5703 	372 	5698
f 5829 	5831 	369
f 5643 	2223 	2215
f 5820 	5822 	369
f 5822 	5824 	369
f 5643 	2215 	5641
f 5826 	5829 	369
f 5820 	369 	5706
f 5824 	5826 	369
f 5710 	2228 	5643
f 5833 	5844 	369
f 5831 	5833 	369
f 5710 	6793 	2228
f 5844 	5843 	369
f 5832 	7017 	7018
f 5860 	5858 	369
f 2369 	7017 	7019
f 2369 	7019 	2370
f 7020 	2372 	7019
f 2370 	7019 	2372
f 5843 	5860 	369
f 2373 	5838 	5837
f 2373 	5837 	2374
f 5836 	2375 	5837
f 2374 	5837 	2375
f 2562 	7021 	7022
f 5333 	5329 	369
f 5858 	5333 	369
f 5835 	7021 	5836
f 2562 	2375 	7021
f 5836 	7021 	2375
f 2383 	5850 	5849
f 2383 	5849 	2384
f 2386 	5847 	5846
f 2386 	5846 	2387
f 2387 	5846 	7023
f 2387 	7023 	2378
f 5832 	7018 	5845
f 7024 	5845 	7018
f 6028 	6031 	372
f 5841 	2380 	2379
f 5841 	2379 	5840
f 2378 	5840 	2379
f 5845 	7024 	5841
f 2380 	5841 	7024
f 2380 	7024 	2388
f 4778 	4782 	372
f 4467 	4521 	372
f 4519 	4544 	372
f 6023 	372 	4544
f 6023 	6028 	372
f 5703 	5706 	372
f 5840 	2378 	7023
f 5840 	7023 	5869
f 5848 	5847 	7025
f 5847 	2386 	7025
f 2385 	7025 	2386
f 1381 	4290 	2383
f 5850 	2383 	4290
f 6031 	5698 	372
f 4933 	4930 	6039
f 372 	5706 	369
f 6951 	6198 	4865
f 5404 	6394 	5405
f 5403 	6394 	5404
f 5214 	5696 	5197
f 5199 	5697 	5201
f 5697 	5671 	5201
f 5198 	5697 	5199
f 5205 	5204 	580
f 5202 	5671 	5203
f 112 	126 	5515
f 5515 	126 	5516
f 5516 	126 	5517
f 5517 	6067 	5519
f 6682 	723 	2225
f 6067 	5517 	126
f 5491 	5490 	6106
f 5519 	6067 	5490
f 6067 	6106 	5490
f 5494 	5492 	6106
f 5492 	5491 	6106
f 4043 	6805 	4044
f 6106 	6098 	5494
f 5495 	5494 	6098
f 5497 	5496 	6088
f 2222 	6683 	2225
f 5498 	5497 	6088
f 2225 	723 	284
f 6811 	4044 	6805
f 6088 	5496 	6098
f 5495 	6098 	5496
f 6088 	6082 	5498
f 5608 	5498 	6082
f 5870 	7023 	5846
f 4043 	3768 	6801
f 6805 	4043 	6801
f 6683 	2222 	6686
f 6682 	2225 	6683
f 7031 	7032 	7030
f 7032 	7033 	7030
f 2425 	7030 	7033
f 2425 	7033 	2427
f 2418 	2417 	7034
f 7039 	7034 	7035
f 5876 	5883 	7035
f 7035 	7036 	5877
f 7035 	5877 	5876
f 5877 	7036 	7037
f 5877 	7037 	7032
f 5877 	7032 	5884
f 5880 	5879 	7038
f 5879 	2430 	7038
f 2585 	7038 	2430
f 6172 	2421 	5879
f 2430 	5879 	2421
f 2417 	7035 	7034
f 7039 	7035 	5883
f 7022 	7040 	2562
f 7040 	2563 	2562
f 5892 	5891 	7041
f 5891 	2566 	7041
f 2565 	7041 	2566
f 5888 	7042 	5889
f 2568 	5889 	7042
f 2568 	7042 	2439
f 5887 	5886 	7042
f 5886 	7043 	7042
f 2439 	7042 	7043
f 2439 	7043 	7029
f 2439 	7029 	2424
f 7030 	7043 	7031
f 5889 	2568 	2567
f 5889 	2567 	5890
f 5890 	2567 	5891
f 2566 	5891 	2567
f 5894 	5893 	7040
f 5893 	7041 	7040
f 2563 	7040 	7041
f 2563 	7041 	2565
f 5609 	5608 	6082
f 6123 	5351 	6130
f 6135 	6130 	1333
f 5590 	5609 	6082
f 6082 	6157 	5590
f 6157 	6155 	5594
f 5592 	5591 	6157
f 5591 	5590 	6157
f 5599 	5598 	6150
f 6143 	5599 	6150
f 1995 	5562 	6143
f 6155 	6150 	5597
f 5597 	5595 	6155
f 5594 	5592 	6157
f 6811 	6818 	4044
f 5595 	5594 	6155
f 5598 	5597 	6150
f 5599 	6143 	5601
f 5601 	6143 	5562
f 6818 	6826 	4087
f 6116 	6189 	6197
f 6818 	4087 	4044
f 4865 	6198 	6169
f 6235 	4865 	6169
f 6189 	6180 	6197
f 6180 	6169 	6198
f 6198 	6197 	6180
f 2583 	7046 	7047
f 2583 	7047 	2584
f 5562 	1995 	5563
f 5564 	5563 	1995
f 1995 	1994 	5569
f 5569 	5564 	1995
f 4088 	6826 	4092
f 5575 	5569 	1994
f 5577 	6216 	5579
f 5577 	5575 	6216
f 6208 	5582 	5580
f 6216 	6208 	5579
f 5580 	5579 	6208
f 1994 	6216 	5575
f 6208 	6392 	5582
f 5583 	5582 	6392
f 6241 	6052 	6235
f 6235 	6052 	4865
f 6039 	6052 	6241
f 5583 	6392 	5551
f 2619 	2634 	7048
f 5552 	5551 	6391
f 48 	7050 	50
f 7049 	7050 	48
f 7048 	55 	7050
f 5556 	5555 	6390
f 2642 	52 	2643
f 51 	2643 	52
f 5553 	5552 	6391
f 5555 	5553 	6391
f 50 	7050 	55
f 2634 	55 	7048
f 2643 	51 	2634
f 55 	2634 	51
f 5463 	6328 	5464
f 6391 	6390 	5555
f 5477 	5556 	6390
f 5470 	5466 	6657
f 5466 	5465 	6657
f 6328 	6657 	5465
f 5462 	6328 	5465
f 6391 	5551 	6392
f 6390 	6388 	5477
f 5478 	5477 	6388
f 6328 	5463 	6388
f 5478 	6388 	5463
f 5462 	5464 	6328
f 489 	5405 	6394
f 5385 	6395 	6394
f 358 	2215 	6399
f 5178 	6590 	5180
f 5181 	6590 	5183
f 5451 	6584 	5394
f 6696 	2232 	2229
f 4088 	4087 	6826
f 5398 	6583 	5388
f 5396 	5394 	6583
f 2234 	6691 	2241
f 5450 	5183 	6584
f 6690 	2242 	6691
f 2241 	6691 	2242
f 6584 	6583 	5394
f 2242 	6690 	2243
f 6590 	6584 	5183
f 2243 	6686 	2222
f 5385 	6394 	5403
f 5381 	6395 	5382
f 5381 	5380 	6395
f 5382 	6395 	5385
f 5388 	6582 	5389
f 5380 	6582 	6395
f 5389 	6582 	5390
f 6686 	2243 	6690
f 5390 	6582 	5380
f 5398 	5396 	6583
f 6582 	5388 	6583
f 5451 	5450 	6584
f 3768 	4043 	6399
f 3734 	3743 	6399
f 6692 	2234 	2232
f 2234 	6692 	6691
f 6636 	5668 	6637
f 6636 	5667 	5668
f 5665 	6637 	5668
f 5666 	6637 	5665
f 6692 	2232 	6696
f 5670 	5667 	6636
f 6636 	6635 	5670
f 6698 	6696 	2229
f 5181 	5180 	6590
f 5177 	5176 	6608
f 5177 	6608 	5178
f 5176 	5175 	6608
f 6635 	6608 	5175
f 6590 	5178 	6608
f 5669 	5670 	6635
f 5669 	6635 	5175
f 6698 	2229 	6718
f 4139 	4150 	6603
f 4088 	4092 	6603
f 6718 	2263 	2262
f 5651 	6651 	5654
f 5654 	6651 	5655
f 6719 	2262 	6720
f 6718 	2262 	6719
f 5655 	6651 	5656
f 5657 	6649 	5658
f 5657 	5656 	6649
f 6648 	5658 	6649
f 6647 	5660 	6648
f 6646 	5661 	6647
f 5658 	6648 	5659
f 6637 	5664 	6646
f 5659 	6648 	5660
f 5666 	5664 	6637
f 5660 	6647 	5661
f 5663 	6646 	5664
f 5661 	6646 	5662
f 5662 	6646 	5663
f 5506 	5470 	6657
f 6657 	6656 	5626
f 5626 	5506 	6657
f 5628 	6656 	5629
f 5630 	5629 	6655
f 6655 	6654 	5634
f 6718 	2229 	2263
f 5636 	6654 	5640
f 6652 	5648 	6653
f 6651 	5651 	6652
f 6649 	5656 	6651
f 6654 	6653 	5640
f 5636 	5634 	6654
f 5640 	6653 	5646
f 5648 	6652 	5649
f 5646 	6653 	5647
f 5649 	6652 	5651
f 5647 	6653 	5648
f 5627 	5626 	6656
f 6655 	5629 	6656
f 5634 	5630 	6655
f 5628 	5627 	6656
f 580 	5671 	581
f 3013 	581 	5671
f 5671 	3046 	3013
f 6720 	2260 	2258
f 5671 	5697 	3046
f 5697 	5696 	3046
f 3046 	5696 	3047
f 5696 	5695 	3048
f 5696 	3048 	3047
f 6720 	2262 	2260
f 5695 	5694 	3048
f 3048 	5694 	3049
f 5694 	3211 	3049
f 6720 	2258 	6723
f 5701 	5700 	3081
f 3081 	5700 	3082
f 2270 	6723 	2258
f 3083 	3082 	5699
f 5700 	5699 	3082
f 2267 	6729 	2269
f 2270 	2269 	6726
f 6728 	6726 	2269
f 2270 	6726 	6723
f 5699 	3241 	3083
f 6728 	2269 	6729
f 3081 	1370 	5701
f 430 	5701 	1370
f 5739 	643 	3238
f 3238 	643 	1403
f 6729 	2267 	2305
f 5694 	5737 	3211
f 5737 	5736 	3211
f 2315 	6741 	2305
f 3211 	5736 	3212
f 6835 	4092 	6826
f 6737 	6729 	2305
f 3213 	3212 	5734
f 5736 	5734 	3212
f 6737 	2305 	6741
f 5734 	5732 	3208
f 5734 	3208 	3213
f 149 	5732 	147
f 5732 	149 	3208
f 5741 	3241 	5699
f 5741 	5740 	3242
f 5741 	3242 	3241
f 5740 	5742 	3242
f 3243 	3242 	5742
f 206 	3243 	5742
f 3243 	206 	212
f 2312 	6744 	2315
f 6741 	2315 	6744
f 2324 	6747 	6746
f 2327 	2324 	6746
f 2327 	6746 	2312
f 4107 	4092 	6839
f 6746 	6744 	2312
f 2324 	2333 	6747
f 4107 	6839 	4120
f 2333 	6750 	6747
f 6750 	2333 	2358
f 4092 	6835 	6839
f 2348 	528 	6771
f 2348 	6771 	2351
f 4120 	6839 	6844
f 2356 	6767 	2358
f 6762 	2358 	6767
f 6750 	2358 	6762
f 6767 	2356 	2353
f 6767 	2353 	6768
f 6854 	4139 	4130
f 6768 	2353 	2351
f 6768 	2351 	6769
f 6769 	2351 	6771
f 6844 	4130 	4120
f 6847 	4130 	6844
f 6854 	4130 	6847
f 6856 	4150 	4139
f 6856 	4154 	4150
f 4139 	6854 	6856
f 6856 	6858 	4154
f 4154 	6858 	6859
f 6859 	4157 	4154
f 6859 	6865 	4157
f 4160 	4157 	6865
f 4171 	4160 	6871
f 6865 	6871 	4160
f 4171 	6871 	4177
f 6875 	6876 	4177
f 6875 	4177 	6871
f 4180 	4177 	6876
f 6881 	4183 	4180
f 4180 	6876 	6881
f 4194 	4186 	6882
f 6882 	4186 	4183
f 4183 	6881 	6882
f 4195 	6885 	4199
f 6889 	4201 	4199
f 6885 	4195 	4194
f 6883 	4194 	6882
f 4199 	6885 	6887
f 6885 	4194 	6883
f 6889 	4199 	6887
f 4345 	4201 	6891
f 4353 	4347 	6893
f 4353 	6893 	989
f 4347 	6894 	6893
f 4347 	4346 	6892
f 6892 	4346 	6891
f 6889 	6891 	4201
f 4345 	6891 	4346
f 6894 	4347 	6892
f 4362 	6896 	110
f 1052 	451 	6896
f 1052 	6896 	4362
f 6901 	4364 	6899
f 6899 	4364 	102
f 6902 	4365 	6901
f 4364 	6901 	4365
f 6923 	4366 	6902
f 4365 	6902 	4366
f 4427 	4366 	6923
f 7106 	6906 	7098
f 6907 	7098 	6906
f 6908 	6911 	7099
f 4373 	7116 	7100
f 7111 	7114 	6911
f 7117 	7100 	7116
f 4373 	7100 	4374
f 7100 	7117 	7101
f 6914 	4387 	6913
f 4376 	6913 	4387
f 6910 	6913 	4383
f 4383 	7101 	6910
f 6911 	6910 	7101
f 4384 	7101 	4383
f 4376 	4383 	6913
f 6919 	7104 	7105
f 7105 	7112 	6919
f 6919 	6906 	7104
f 7106 	7104 	6906
f 7098 	7107 	7106
f 7099 	6911 	7108
f 6938 	7112 	4466
f 7110 	7111 	6911
f 6919 	7112 	6938
f 7107 	7113 	7106
f 7108 	6911 	7114
f 7118 	7101 	7117
f 6911 	7101 	7118
f 7116 	4373 	4405
f 6911 	7118 	7115
f 7110 	6911 	7115
f 6924 	6927 	4430
f 4438 	6928 	4446
f 4446 	6929 	6930
f 6914 	6924 	4430
f 6914 	4430 	4387
f 4435 	6927 	6928
f 4435 	4430 	6927
f 6929 	4446 	6928
f 4435 	6928 	4438
f 4454 	4446 	6930
f 4454 	6930 	594
f 7112 	7109 	4466
f 4427 	6923 	6939
f 6939 	6938 	4466
f 4391 	4466 	7109
f 4466 	4427 	6939
f 4476 	6942 	7
f 6942 	4476 	127
# 5623 faces

 #end of obj_0

