# Object Export From Tinkercad Server 2015

mtllib obj.mtl

o obj_0
v -47 		-193.5073 		0
v -47 		-193.5073 		6
v -47 		-111.251 		0
v 50.5 		-196.965 		2
v 50.358 		-196.955 		2
v -47 		-111.251 		6
v 50.642 		-196.955 		2
v -36.962 		-113.6 		15
v 147.616 		-196.075 		6
v 147.616 		-196.075 		7
v 147.588 		-196.165 		7
v 147.588 		-196.165 		6
v 147.749 		-195.584 		6
v -47 		-193.5073 		7
v -47 		-111.251 		7
v -37.229 		-113.653 		15
v 147.717 		-195.715 		7
v -37.5 		-113.67 		15
v -39.299 		-112.632 		15
v -39.2937 		-112.64 		15
v -39.419 		-112.388 		15
v -46.372 		-196.773 		7
v -46.282 		-196.992 		7
v -46.192 		-197.196 		7
v -46.102 		-197.388 		7
v -46.012 		-197.569 		7
v -45.922 		-197.74 		7
v -45.832 		-197.903 		7
v -45.742 		-198.058 		7
v -45.652 		-198.206 		7
v -45.562 		-198.348 		7
v -45.472 		-198.485 		7
v -45.382 		-198.616 		7
v -45.292 		-198.743 		7
v 147.717 		-195.715 		6
v -39.507 		-112.131 		15
v -45.202 		-198.865 		7
v -45.112 		-198.983 		7
v -39.56 		-111.864 		15
v -43.312 		-200.732 		7
v -43.222 		-200.797 		7
v -43.132 		-200.86 		7
v -43.042 		-200.922 		7
v -39.578 		-111.593 		15
v -39.56 		-111.322 		15
v -42.952 		-200.982 		7
v -42.862 		-201.04 		7
v -42.772 		-201.097 		7
v -42.682 		-201.153 		7
v -42.592 		-201.207 		7
v -42.502 		-201.26 		7
v -42.412 		-201.311 		7
v -42.232 		-201.409 		7
v -42.052 		-201.503 		7
v -39.507 		-193.871 		14
v -39.419 		-194.128 		14
v -44.992 		-105.79 		6
v -39.507 		-111.055 		15
v -45.056 		-105.87 		6
v -44.918 		-105.7 		6
v -39.419 		-110.798 		15
v -44.482 		-199.711 		7
v -44.392 		-199.803 		7
v -44.302 		-199.892 		7
v -44.842 		-105.61 		6
v -44.212 		-199.979 		7
v -44.122 		-200.064 		7
v -44.032 		-200.146 		7
v -43.942 		-200.226 		7
v -43.852 		-200.305 		7
v -43.672 		-200.455 		7
v -43.582 		-200.527 		7
v -43.492 		-200.597 		7
v -43.402 		-200.665 		7
v -44.764 		-105.52 		6
v -39.3177 		-110.592 		15
v -43.485 		-198.713 		7
v -43.305 		-198.895 		7
v -43.395 		-198.805 		7
v -44.7213 		-105.472 		6
v -43.215 		-198.982 		7
v -39.299 		-110.554 		14
v -39.299 		-110.554 		15
v -43.125 		-199.066 		7
v -44.248 		-104.98 		6
v -44.34 		-105.07 		6
v -39.3177 		-110.592 		14
v -43.035 		-199.149 		7
v -44.684 		-105.43 		6
v -39.148 		-110.328 		14
v -39.148 		-110.328 		15
v -38.969 		-110.124 		14
v -44.601 		-105.34 		6
v -38.969 		-110.124 		15
v -45.022 		-199.097 		7
v -44.932 		-199.208 		7
v -44.842 		-199.314 		7
v -44.752 		-199.418 		7
v -44.662 		-199.519 		7
v -44.572 		-199.616 		7
v -44.517 		-105.25 		6
v -38.765 		-109.945 		14
v -38.765 		-109.945 		15
v -44.43 		-105.16 		6
v -42.405 		-199.668 		7
v -42.495 		-199.599 		7
v 147.693 		-195.805 		6
v 147.693 		-195.805 		7
v 147.668 		-195.895 		7
v 147.668 		-195.895 		6
v -39.56 		-193.604 		14
v -38.539 		-109.794 		14
v -38.539 		-109.794 		15
v -42.585 		-199.529 		7
v -42.945 		-199.229 		7
v -44.153 		-104.89 		6
v -42.855 		-199.307 		7
v -38.295 		-109.674 		14
v -44.056 		-104.8 		6
v -42.765 		-199.383 		7
v -38.295 		-109.674 		15
v -42.675 		-199.457 		7
v -43.955 		-104.71 		6
v -38.038 		-109.586 		14
v -42.315 		-199.734 		7
v -38.038 		-109.586 		15
v -42.225 		-199.799 		7
v -43.852 		-104.62 		6
v -42.135 		-199.862 		7
v -43.745 		-104.53 		6
v -42.045 		-199.924 		7
v -37.771 		-109.533 		14
v -37.771 		-109.533 		15
v 138.229 		-195.393 		14
v 138.5 		-195.41 		14
v -43.6448 		-104.448 		6
v -44.925 		-196.742 		7
v -44.835 		-196.905 		7
v 137.962 		-195.34 		14
v -43.635 		-104.44 		6
v -44.745 		-197.06 		7
v -37.5 		-109.515 		14
v -44.655 		-197.209 		7
v -37.5 		-109.515 		15
v 137.705 		-195.252 		14
v -43.154 		-104.08 		6
v -43.28 		-104.17 		6
v -44.565 		-197.351 		7
v -43.022 		-103.99 		6
v -44.475 		-197.487 		7
v -37.229 		-109.533 		14
v -37.229 		-109.533 		15
v 137.461 		-195.132 		14
v -44.385 		-197.619 		7
v -43.008 		-103.9807 		6
v 147.559 		-196.255 		6
v 147.529 		-196.345 		6
v 50.783 		-196.927 		2
v -36.962 		-109.586 		14
v 137.235 		-194.981 		14
v -36.962 		-109.586 		15
v -43.52 		-104.35 		6
v -44.205 		-197.867 		7
v -44.295 		-197.745 		7
v 137.031 		-194.802 		14
v 147.467 		-196.525 		6
v -44.115 		-197.985 		7
v -36.864 		-109.6196 		14
v 147.559 		-196.255 		7
v 147.529 		-196.345 		7
v -36.864 		-109.6196 		15
v -43.402 		-104.26 		6
v 147.456 		-196.5541 		6
v 136.852 		-194.598 		14
v -44.025 		-198.1 		7
v -40.96 		-108.7284 		14
v 147.802 		-195.355 		6
v -41.07 		-108.854 		14
v -41.07 		-108.854 		15
v -40.96 		-108.7284 		15
v 147.821 		-195.265 		6
v -43.935 		-198.21 		7
v -42.886 		-103.9 		6
v 136.8266 		-194.56 		14
v -41.397 		-109.343 		14
v 147.901 		-194.815 		6
v -41.397 		-109.343 		15
v -43.845 		-198.317 		7
v -42.744 		-103.81 		6
v 147.914 		-194.725 		6
v -43.755 		-198.421 		7
v -41.657 		-109.871 		14
v -41.657 		-109.871 		15
v 139.038 		-195.34 		14
v -43.665 		-198.521 		7
v -42.595 		-103.72 		6
v 139.264 		-195.2626 		14
v -41.847 		-110.428 		14
v -41.847 		-110.428 		15
v 147.782 		-195.445 		6
v -43.575 		-198.619 		7
v -42.44 		-103.63 		6
v -41.962 		-111.006 		14
v -41.962 		-111.006 		15
v 147.886 		-194.905 		6
v 138.771 		-195.393 		14
v 147.872 		-194.995 		6
v -42.277 		-103.54 		6
v -42 		-111.593 		14
v -42 		-111.593 		15
v -45.735 		-194.655 		7
v -45.825 		-194.258 		7
v 147.8635 		-195.04 		6
v -42.106 		-103.45 		6
v -45.645 		-194.987 		7
v -41.962 		-112.18 		14
v -42.125 		-103.46 		6
v -41.962 		-112.18 		15
v -45.555 		-195.277 		7
v -42 		-103.3973 		6
v -45.465 		-195.538 		7
v -41.847 		-112.758 		14
v -41.847 		-112.758 		15
v 136.701 		-194.372 		14
v -45.375 		-195.775 		7
v 147.761 		-195.535 		6
v -41.657 		-113.315 		14
v -41.657 		-113.315 		15
v -45.285 		-195.994 		7
v -41.397 		-113.843 		14
v -45.195 		-196.199 		7
v -41.397 		-113.843 		15
v 136.581 		-194.128 		14
v -43.008 		-199.173 		6
v -45.105 		-196.39 		7
v -43.5396 		-198.656 		6
v -43.485 		-198.713 		6
v -43.395 		-198.805 		6
v 147.926 		-194.635 		6
v -41.07 		-114.332 		14
v -43.305 		-198.895 		6
v -43.215 		-198.982 		6
v -43.125 		-199.066 		6
v 147.9352 		-194.56 		6
v -43.035 		-199.149 		6
v 136.493 		-193.871 		14
v -41.07 		-114.332 		15
v -45.015 		-196.571 		7
v -40.96 		-114.4576 		14
v 136.44 		-193.604 		14
v -40.96 		-114.4576 		15
v 147.855 		-195.085 		6
v 147.839 		-195.175 		6
v -37.5 		-116.093 		15
v -37.5 		-116.093 		14
v -36.913 		-116.055 		14
v -36.913 		-116.055 		15
v -45.915 		-193.736 		7
v -42.945 		-199.229 		6
v 136.423 		-193.333 		14
v -42.855 		-199.307 		6
v -42.765 		-199.383 		6
v -42.675 		-199.457 		6
v -42.585 		-199.529 		6
v -42.495 		-199.599 		6
v -42.405 		-199.668 		6
v -42.3886 		-199.68 		6
v 136.44 		-193.062 		14
v -36.335 		-115.94 		14
v -36.335 		-115.94 		15
v 147.995 		-193.825 		6
v 136.493 		-192.795 		14
v 148 		-193.675 		6
v -42.315 		-199.734 		6
v -35.778 		-115.75 		14
v -42.225 		-199.799 		6
v -35.778 		-115.75 		15
v 50.921 		-196.879 		2
v -42.135 		-199.862 		6
v -42.045 		-199.924 		6
v 147.991 		-193.915 		6
v -35.25 		-115.49 		14
v -35.25 		-115.49 		15
v 136.581 		-192.538 		14
v 147.986 		-194.005 		6
v -34.761 		-115.163 		14
v -34.761 		-115.163 		15
v -46.913 		-194.734 		7
v -46.822 		-195.256 		7
v -46.732 		-195.653 		7
v 51.055 		-196.813 		2
v 147.974 		-194.185 		6
v -46.642 		-195.985 		7
v -46.552 		-196.275 		7
v 136.5938 		-192.512 		14
v -46.462 		-196.535 		7
v -34.318 		-114.775 		14
v -34.318 		-114.775 		15
v 147.958 		-194.365 		6
v -45.841 		-110.749 		7
v -45.823 		-110.659 		7
v -34.2418 		-114.688 		15
v 51.184 		-196.729 		2
v 147.948 		-194.455 		6
v -45.858 		-110.839 		7
v -34.2418 		-114.688 		14
v -44.9955 		-196.608 		6
v -44.925 		-196.742 		6
v -44.835 		-196.905 		6
v -44.745 		-197.06 		6
v -45.874 		-110.929 		7
v -40.7582 		-114.688 		14
v -44.655 		-197.209 		6
v -40.682 		-114.775 		14
v -44.565 		-197.351 		6
v -40.682 		-114.775 		15
v -44.475 		-197.487 		6
v -44.385 		-197.619 		6
v -40.7582 		-114.688 		15
v -44.3757 		-197.632 		6
v 136.852 		-194.598 		7.998
v -45.889 		-111.019 		7
v 137.031 		-194.802 		7.998
v 137.235 		-194.981 		7.998
v 137.461 		-195.132 		7.998
v 137.705 		-195.252 		7.998
v 137.962 		-195.34 		7.998
v -40.239 		-115.163 		14
v 138.229 		-195.393 		7.998
v -40.239 		-115.163 		15
v 138.5 		-195.41 		7.998
v -45.94 		-111.379 		7
v -45.916 		-111.199 		7
v 138.771 		-195.393 		7.998
v 139.038 		-195.34 		7.998
v -39.75 		-115.49 		14
v -39.75 		-115.49 		15
v 146.5084 		-106.496 		6
v 146.562 		-106.577 		6
v 146.562 		-106.577 		0
v -44.295 		-197.745 		6
v -44.205 		-197.867 		6
v -45.903 		-111.109 		7
v -39.222 		-115.75 		14
v 51.306 		-196.628 		2
v 136.581 		-192.538 		7.998
v -44.115 		-197.985 		6
v -39.222 		-115.75 		15
v 146.652 		-106.719 		6
v 136.493 		-192.795 		7.998
v -44.025 		-198.1 		6
v 136.44 		-193.062 		7.998
v 146.652 		-106.719 		0
v -43.935 		-198.21 		6
v -43.845 		-198.317 		6
v -43.755 		-198.421 		6
v 136.423 		-193.333 		7.998
v -43.665 		-198.521 		6
v -43.575 		-198.619 		6
v 136.44 		-193.604 		7.998
v 136.493 		-193.871 		7.998
v -38.665 		-115.94 		14
v 136.581 		-194.128 		7.998
v -38.665 		-115.94 		15
v 136.701 		-194.372 		7.998
v 146.742 		-106.868 		6
v 146.742 		-106.868 		0
v 51.42 		-196.511 		2
v -38.087 		-116.055 		14
v -38.087 		-116.055 		15
v 146.832 		-107.023 		6
v 146.832 		-107.023 		0
v 138.5 		-197.833 		14
v 138.5 		-197.833 		7
v 139.087 		-197.795 		7
v 139.087 		-197.795 		14
v 51.526 		-196.379 		2
v 139.665 		-197.68 		7
v 139.665 		-197.68 		14
v 146.922 		-107.186 		6
v 146.922 		-107.186 		0
v -45.9342 		-193.465 		6
v -45.915 		-193.736 		6
v -36.705 		-109.674 		17
v -45.825 		-194.258 		6
v -45.735 		-194.655 		6
v 140.222 		-197.49 		7
v -45.645 		-194.987 		6
v 140.222 		-197.49 		14
v -45.555 		-195.277 		6
v -45.465 		-195.538 		6
v -45.375 		-195.775 		6
v 147.003 		-107.3399 		6
v -45.285 		-195.994 		6
v -46.974 		-110.741 		7
v 147.012 		-107.357 		6
v -45.195 		-196.199 		6
v -46.986 		-110.921 		7
v 147.012 		-107.357 		0
v -45.105 		-196.39 		6
v -46.991 		-111.011 		7
v -36.461 		-109.794 		17
v -46.995 		-111.101 		7
v -45.015 		-196.571 		6
v 140.75 		-197.23 		7
v 140.75 		-197.23 		14
v 51.621 		-196.234 		2
v -46.872 		-109.931 		7
v -46.886 		-110.021 		7
v 147.102 		-107.537 		6
v 147.102 		-107.537 		0
v 141.239 		-196.903 		7
v -36.235 		-109.945 		17
v 141.239 		-196.903 		14
v -46.821 		-109.661 		7
v -46.839 		-109.751 		7
v -46.855 		-109.841 		7
v 147.192 		-107.729 		6
v 147.192 		-107.729 		0
v 141.5758 		-196.608 		14
v -36.031 		-110.124 		17
v -45.532 		-109.578 		7
v 141.5758 		-196.608 		7
v 147.282 		-107.933 		6
v 51.706 		-196.076 		2
v 147.282 		-107.933 		0
v -35.852 		-110.328 		17
v -45.591 		-109.758 		7
v 135.761 		-196.903 		7
v -45.562 		-109.668 		7
v 135.761 		-196.903 		14
v 135.4242 		-196.608 		14
v -45.95 		-111.461 		6
v 135.4242 		-196.608 		7
v 147.372 		-108.153 		6
v -35.701 		-110.554 		17
v 147.372 		-108.153 		0
v -45.8089 		-110.592 		6
v -45.823 		-110.659 		6
v 136.25 		-197.23 		7
v 136.25 		-197.23 		14
v -45.841 		-110.749 		6
v -45.858 		-110.839 		6
v -45.874 		-110.929 		6
v -45.889 		-111.019 		6
v 147.456 		-108.3742 		6
v -45.903 		-111.109 		6
v 51.779 		-195.908 		2
v -45.916 		-111.199 		6
v -45.94 		-111.379 		6
v 136.778 		-197.49 		7
v 136.778 		-197.49 		14
v -45.742 		-110.298 		7
v 147.823 		-109.67 		0
v -45.719 		-110.208 		7
v 147.823 		-109.67 		6
v 147.912 		-110.191 		6
v 147.912 		-110.191 		0
v 137.335 		-197.68 		7
v 137.335 		-197.68 		14
v -45.764 		-110.388 		7
v 148 		-111.4191 		6
v 51.84 		-195.73 		2
v 148 		-111.4191 		0
v 137.913 		-197.795 		7
v -45.784 		-110.478 		7
v 137.913 		-197.795 		14
v -36.335 		-107.246 		17
v 147.462 		-108.39 		6
v 147.462 		-108.39 		0
v 51.888 		-195.546 		2
v -35.778 		-107.436 		17
v -45.804 		-110.569 		7
v 147.552 		-108.65 		6
v 147.552 		-108.65 		0
v 142.9154 		-192.512 		6
v 142.847 		-192.168 		6
v 147.642 		-108.941 		6
v -45.5286 		-109.568 		6
v 142.847 		-192.168 		7
v 147.642 		-108.941 		0
v -45.532 		-109.578 		6
v 51.922 		-195.355 		2
v -45.562 		-109.668 		6
v 142.9154 		-192.512 		7
v -45.591 		-109.758 		6
v -45.645 		-109.938 		6
v 147.733 		-109.273 		6
v 147.733 		-109.273 		0
v -45.671 		-110.028 		6
v -33.153 		-110.428 		17
v -45.719 		-110.208 		6
v -33.343 		-109.871 		17
v -45.742 		-110.298 		6
v -33.603 		-109.343 		17
v 142.657 		-191.611 		6
v -45.764 		-110.388 		6
v -33.93 		-108.854 		17
v -34.318 		-108.411 		17
v 142.657 		-191.611 		7
v -45.784 		-110.478 		6
v -34.761 		-108.023 		17
v -35.25 		-107.696 		17
v -45.645 		-109.938 		7
v -45.804 		-110.569 		6
v 142.397 		-191.083 		6
v 142.397 		-191.083 		7
v -35.581 		-110.798 		17
v -45.671 		-110.028 		7
v 51.943 		-195.161 		2
v 142.07 		-190.594 		6
v 142.07 		-190.594 		7
v 139.264 		-102.4638 		6
v 141.682 		-190.151 		6
v -35.493 		-111.055 		17
v 141.682 		-190.151 		7
v 51.95 		-194.965 		2
v 139.227 		-102.463 		0
v 141.239 		-189.763 		6
v 139.227 		-102.463 		6
v 141.239 		-189.763 		7
v -35.44 		-111.322 		17
v -45.172 		-108.678 		6
v -45.214 		-108.768 		6
v 139.272 		-102.464 		0
v 140.75 		-189.436 		6
v -45.292 		-108.948 		6
v 140.75 		-189.436 		7
v -45.33 		-109.038 		6
v -46.802 		-109.571 		7
v -45.402 		-109.218 		6
v 139.362 		-102.467 		0
v -35.423 		-111.593 		17
v -46.901 		-110.111 		7
v -46.914 		-110.201 		7
v -46.926 		-110.291 		7
v 140.222 		-189.176 		6
v -46.948 		-110.471 		7
v -46.958 		-110.561 		7
v 140.222 		-189.176 		7
v -45.436 		-109.308 		6
v -45.469 		-109.398 		6
v 139.542 		-102.476 		0
v -45.501 		-109.488 		6
v -35.44 		-111.864 		17
v 139.452 		-102.472 		0
v 139.665 		-188.986 		6
v 139.665 		-188.986 		7
v -45.292 		-108.948 		7
v -45.214 		-108.768 		7
v -35.493 		-112.131 		17
v -35.581 		-112.388 		17
v 139.632 		-102.482 		0
v 139.264 		-188.9062 		6
v -45.33 		-109.038 		7
v 139.264 		-188.9062 		7
v -45.1095 		-108.544 		6
v 141.5758 		-196.608 		6
v -45.131 		-108.588 		6
v 141.682 		-196.515 		6
v 141.682 		-196.515 		7
v -45.402 		-109.218 		7
v -35.701 		-112.632 		17
v 142.07 		-196.072 		6
v -45.436 		-109.308 		7
v 142.07 		-196.072 		7
v -35.852 		-112.858 		17
v 139.722 		-102.489 		0
v -45.469 		-109.398 		7
v -45.087 		-108.498 		6
v -45.501 		-109.488 		7
v 139.902 		-102.505 		0
v -39.578 		-193.333 		14
v -36.031 		-113.062 		17
v 139.992 		-102.515 		0
v -39.56 		-193.062 		14
v -36.235 		-113.241 		17
v -36.461 		-113.392 		17
v -39.507 		-192.795 		14
v -45.131 		-108.588 		7
v 142.397 		-195.583 		6
v 142.397 		-195.583 		7
v -36.705 		-113.512 		17
v 142.657 		-195.055 		6
v -43.7464 		-106.496 		6
v 142.657 		-195.055 		7
v -43.766 		-106.518 		6
v 142.4822 		-195.41 		7
v -43.844 		-106.608 		6
v -43.92 		-106.698 		6
v -39.419 		-192.538 		14
v -43.994 		-106.788 		6
v -44.066 		-106.878 		6
v -44.137 		-106.968 		6
v -44.205 		-107.058 		6
v -44.272 		-107.148 		6
v -44.4 		-107.328 		6
v 142.847 		-194.498 		6
v -44.461 		-107.418 		6
v 142.847 		-194.498 		7
v -44.521 		-107.508 		6
v -45.172 		-108.678 		7
v -44.5289 		-107.52 		6
v 142.962 		-193.92 		6
v 142.962 		-193.92 		7
v -33 		-111.593 		17
v -39.4062 		-192.512 		14
v -33.038 		-111.006 		17
v -46.529 		-108.581 		7
v -46.559 		-108.671 		7
v -46.588 		-108.761 		7
v -46.616 		-108.851 		7
v -46.668 		-109.031 		7
v -46.693 		-109.121 		7
v -46.717 		-109.211 		7
v -46.761 		-109.391 		7
v -46.782 		-109.481 		7
v 142.9915 		-193.465 		6
v 143 		-193.333 		6
v 143 		-193.333 		7
v -33.343 		-113.315 		17
v -33.153 		-112.758 		17
v -44.58 		-107.598 		6
v -33.038 		-112.18 		17
v -44.637 		-107.688 		6
v -45.087 		-108.498 		7
v -44.692 		-107.778 		6
v 142.962 		-192.746 		6
v 142.962 		-192.746 		7
v -44.746 		-107.868 		6
v -39.299 		-192.294 		14
v -44.799 		-107.958 		6
v -44.85 		-108.048 		6
v -44.9 		-108.138 		6
v -44.949 		-108.228 		6
v -44.996 		-108.318 		6
v -45.042 		-108.408 		6
v -33.93 		-114.332 		17
v -33.603 		-113.843 		17
v -37.5 		-113.67 		17
v -37.771 		-113.653 		17
v 139.087 		-188.871 		6
v -39.148 		-192.068 		14
v 139.087 		-188.871 		7
v -38.038 		-113.6 		17
v -46.128 		-107.591 		7
v -46.17 		-107.681 		7
v -46.211 		-107.771 		7
v 139.002 		-188.8655 		6
v -46.251 		-107.861 		7
v -46.29 		-107.951 		7
v 138.5 		-188.833 		6
v -46.364 		-108.131 		7
v 138.5 		-188.833 		7
v -46.399 		-108.221 		7
v -46.467 		-108.401 		7
v 140.262 		-102.549 		0
v -38.295 		-113.512 		17
v 137.913 		-188.871 		6
v 137.913 		-188.871 		7
v -38.539 		-113.392 		17
v 137.335 		-188.986 		6
v 137.335 		-188.986 		7
v -38.765 		-113.241 		17
v 140.172 		-102.537 		0
v -45.519 		-106.51 		7
v -45.577 		-106.6 		7
v -45.634 		-106.69 		7
v 136.778 		-189.176 		6
v -45.69 		-106.78 		7
v 136.778 		-189.176 		7
v -45.744 		-106.87 		7
v -45.797 		-106.96 		7
v -45.848 		-107.051 		7
v -45.898 		-107.141 		7
v -45.994 		-107.321 		7
v -38.969 		-113.062 		17
v -46.04 		-107.411 		7
v 136.25 		-189.436 		6
v 136.25 		-189.436 		7
v 136.423 		-189.3508 		7
v -39.148 		-112.858 		17
v 141.252 		-102.746 		0
v -44.205 		-107.058 		7
v -43.058 		-105.798 		6
v 135.761 		-189.763 		6
v -43.156 		-105.888 		6
v -43.25 		-105.978 		6
v 135.761 		-189.763 		7
v -44.137 		-106.968 		7
v -43.343 		-106.068 		6
v -43.432 		-106.158 		6
v -43.519 		-106.248 		6
v -43.604 		-106.338 		6
v -43.686 		-106.428 		6
v 135.318 		-190.151 		6
v 140.892 		-102.661 		0
v 135.318 		-190.151 		7
v -44.272 		-107.148 		7
v 140.802 		-102.642 		0
v 134.93 		-190.594 		6
v 134.93 		-190.594 		7
v -36.962 		-113.6 		17
v -44.4 		-107.328 		7
v 134.603 		-191.083 		6
v 140.352 		-102.562 		0
v 134.603 		-191.083 		7
v -37.229 		-113.653 		17
v -44.066 		-106.878 		7
v 134.343 		-191.611 		6
v 134.343 		-191.611 		7
v -42 		-104.9716 		6
v 141.072 		-102.701 		0
v -42.025 		-104.988 		6
v -43.766 		-106.518 		7
v -42.156 		-105.078 		6
v -42.283 		-105.168 		6
v -42.405 		-105.258 		6
v -42.523 		-105.348 		6
v -42.637 		-105.438 		6
v 134.153 		-192.168 		6
v -42.747 		-105.528 		6
v 134.153 		-192.168 		7
v -42.854 		-105.618 		6
v -42.958 		-105.708 		6
v -43.844 		-106.608 		7
v -39.299 		-112.632 		17
v 140.442 		-102.576 		0
v 134.0852 		-192.512 		6
v 134.0852 		-192.512 		7
v -43.92 		-106.698 		7
v -39.419 		-112.388 		17
v 141.162 		-102.724 		0
v 134.039 		-192.746 		6
v 134.039 		-192.746 		7
v -39.507 		-112.131 		17
v -43.994 		-106.788 		7
v 134 		-193.333 		6
v -38.969 		-191.864 		14
v -39.56 		-111.864 		17
v -42 		-111.593 		6
v -44.521 		-107.508 		7
v -44.461 		-107.418 		7
v 134 		-193.333 		7
v -39.578 		-111.593 		17
v 140.532 		-102.591 		0
v -39.56 		-111.322 		17
v 134.039 		-193.92 		6
v 134.039 		-193.92 		7
v 140.622 		-102.607 		0
v -45.951 		-111.469 		6
v -45.9657 		-111.616 		6
v -39.507 		-111.055 		17
v 134.153 		-194.498 		6
v 134.153 		-194.498 		7
v 140.712 		-102.624 		0
v -44.799 		-107.958 		7
v -39.419 		-110.798 		17
v -44.746 		-107.868 		7
v 134.343 		-195.055 		6
v 134.343 		-195.055 		7
v -46.003 		-112.279 		6
v -44.692 		-107.778 		7
v -44.637 		-107.688 		7
v 134.603 		-195.583 		6
v -45.969 		-111.649 		6
v 134.603 		-195.583 		7
v -45.983 		-111.829 		6
v -45.989 		-111.919 		6
v -45.994 		-112.009 		6
v -45.998 		-112.099 		6
v -46.001 		-112.189 		6
v 134.93 		-196.072 		6
v -44.85 		-108.048 		7
v 134.93 		-196.072 		7
v -39.299 		-110.554 		17
v -42 		-193.333 		6
v -44.9 		-108.138 		7
v 135.318 		-196.515 		6
v 135.318 		-196.515 		7
v -39.148 		-110.328 		17
v -46.003 		-192.4952 		6
v -44.949 		-108.228 		7
v -44.996 		-108.318 		7
v -38.969 		-110.124 		17
v 135.4242 		-196.608 		6
v -45.042 		-108.408 		7
v -45.382 		-198.616 		6
v -45.3537 		-198.656 		6
v -45.292 		-198.743 		6
v -38.765 		-109.945 		17
v 138.5 		-197.833 		6
v 139.002 		-197.8005 		6
v 139.087 		-197.795 		6
v -45.472 		-198.485 		6
v -44.58 		-107.598 		7
v -38.539 		-109.794 		17
v 139.264 		-197.7598 		6
v 139.665 		-197.68 		6
v -45.562 		-198.348 		6
v -38.295 		-109.674 		17
v 140.222 		-197.49 		6
v -45.652 		-198.206 		6
v -38.038 		-109.586 		17
v 140.75 		-197.23 		6
v -45.742 		-198.058 		6
v -37.771 		-109.533 		17
v -45.064 		-105.88 		7
v -45.134 		-105.97 		7
v 141.239 		-196.903 		6
v -45.202 		-106.06 		7
v -45.269 		-106.15 		7
v -45.334 		-106.24 		7
v -45.397 		-106.33 		7
v -45.459 		-106.42 		7
v -37.5 		-109.515 		17
v -45.832 		-197.903 		6
v -43.058 		-105.798 		7
v -37.229 		-109.533 		17
v -45.922 		-197.74 		6
v -43.156 		-105.888 		7
v 135.761 		-196.903 		6
v -46.012 		-197.569 		6
v -36.962 		-109.586 		17
v -43.25 		-105.978 		7
v 136.25 		-197.23 		6
v -45.112 		-198.983 		6
v -43.432 		-106.158 		7
v -43.343 		-106.068 		7
v -45.056 		-199.0539 		6
v 136.778 		-197.49 		6
v -43.519 		-106.248 		7
v -45.202 		-198.865 		6
v 137.335 		-197.68 		6
v -37.5 		-107.093 		17
v -38.087 		-107.131 		17
v -38.665 		-107.246 		17
v -39.222 		-107.436 		17
v -43.604 		-106.338 		7
v 137.913 		-197.795 		6
v -46.102 		-197.388 		6
v -36.913 		-107.131 		17
v -43.686 		-106.428 		7
v 142.8796 		-110.592 		14
v 142.847 		-110.428 		14
v -46.192 		-197.196 		6
v 142.847 		-110.428 		15
v 142.8796 		-110.592 		15
v 142.657 		-109.871 		14
v -46.282 		-196.992 		6
v 142.657 		-109.871 		15
v -39.75 		-107.696 		17
v -40.239 		-108.023 		17
v -40.682 		-108.411 		17
v -46.372 		-196.773 		6
v 142.397 		-109.343 		14
v 142.397 		-109.343 		15
v -46.4344 		-196.608 		6
v 142.07 		-108.854 		14
v 142.07 		-108.854 		15
v -41.07 		-108.854 		17
v -41.397 		-109.343 		17
v -43.042 		-200.922 		6
v -41.657 		-109.871 		17
v -41.847 		-110.428 		17
v -43.132 		-200.86 		6
v -41.962 		-111.006 		17
v -42 		-111.593 		17
v -41.962 		-112.18 		17
v -41.847 		-112.758 		17
v -41.657 		-113.315 		17
v -43.745 		-104.53 		7
v -41.397 		-113.843 		17
v -41.07 		-114.332 		17
v -43.852 		-104.62 		7
v 141.682 		-108.411 		14
v -43.955 		-104.71 		7
v 141.682 		-108.411 		15
v -44.056 		-104.8 		7
v -44.153 		-104.89 		7
v -43.008 		-200.9447 		6
v -44.248 		-104.98 		7
v -44.34 		-105.07 		7
v -44.43 		-105.16 		7
v -44.517 		-105.25 		7
v -44.601 		-105.34 		7
v -44.684 		-105.43 		7
v -44.764 		-105.52 		7
v -44.842 		-105.61 		7
v -44.918 		-105.7 		7
v -44.992 		-105.79 		7
v 141.239 		-108.023 		14
v -43.222 		-200.797 		6
v 141.239 		-108.023 		15
v -43.312 		-200.732 		6
v -35.778 		-115.75 		17
v -35.25 		-115.49 		17
v -34.761 		-115.163 		17
v -34.318 		-114.775 		17
v 140.75 		-107.696 		14
v 140.75 		-107.696 		15
v -40.682 		-114.775 		17
v -40.239 		-115.163 		17
v -39.75 		-115.49 		17
v -43.022 		-103.99 		7
v -39.222 		-115.75 		17
v -43.154 		-104.08 		7
v -38.665 		-115.94 		17
v -43.28 		-104.17 		7
v -38.087 		-116.055 		17
v -43.402 		-104.26 		7
v -43.52 		-104.35 		7
v -37.5 		-116.093 		17
v -43.635 		-104.44 		7
v -43.3496 		-200.704 		6
v -36.913 		-116.055 		17
v -36.335 		-115.94 		17
v 140.577 		-107.6108 		15
v 140.577 		-107.6108 		14
v 140.222 		-107.436 		14
v 140.222 		-107.436 		15
v -42.772 		-201.097 		6
v -42.405 		-105.258 		7
v -42.283 		-105.168 		7
v -42.862 		-201.04 		6
v -33.1204 		-110.592 		15
v -33.153 		-110.428 		15
v -42.523 		-105.348 		7
v -42.952 		-200.982 		6
v -33.343 		-109.871 		15
v -42.637 		-105.438 		7
v 139.665 		-107.246 		14
v -33.603 		-109.343 		15
v 139.665 		-107.246 		15
v -42.025 		-104.988 		7
v -42 		-201.5284 		6
v -42 		-104.9716 		7
v -33.93 		-108.854 		15
v -42.052 		-201.503 		6
v 139.264 		-107.1662 		14
v -42.156 		-105.078 		7
v 139.264 		-107.1662 		15
v -42.232 		-201.409 		6
v -34.318 		-108.411 		15
v -42.412 		-201.311 		6
v -34.761 		-108.023 		15
v 139.295 		-109.674 		14
v 139.295 		-109.674 		15
v -35.25 		-107.696 		15
v -42.502 		-201.26 		6
v 141.342 		-102.77 		0
v 139.264 		-109.6635 		15
v -42.747 		-105.528 		7
v 141.522 		-102.82 		0
v 139.264 		-109.6635 		14
v 147.467 		-196.525 		7
v -42.854 		-105.618 		7
v -35.423 		-107.6108 		15
v -35.778 		-107.436 		15
v 139.538 		-109.794 		14
v 141.612 		-102.847 		0
v 139.538 		-109.794 		15
v 49.057 		-195.161 		4.998
v -42.958 		-105.708 		7
v 141.702 		-102.875 		0
v 139.764 		-109.945 		14
v 49.05 		-194.965 		4.998
v -36.335 		-107.246 		15
v 139.764 		-109.945 		15
v 49.078 		-195.355 		4.998
v 141.972 		-102.964 		0
v 141.792 		-102.904 		0
v 139.969 		-110.124 		14
v 139.969 		-110.124 		15
v 49.112 		-195.546 		4.998
v -42.277 		-103.54 		7
v -42.44 		-103.63 		7
v -42.595 		-103.72 		7
v -42.744 		-103.81 		7
v -42.886 		-103.9 		7
v -42.592 		-201.207 		6
v 140.148 		-110.329 		14
v -38.765 		-191.685 		14
v 140.148 		-110.329 		15
v 142.062 		-102.996 		0
v -36.864 		-107.1407 		15
v 49.16 		-195.73 		4.998
v -42 		-103.3973 		7
v -42.106 		-103.45 		7
v 140.299 		-110.555 		14
v 140.299 		-110.555 		15
v 142.242 		-103.064 		0
v 49.221 		-195.908 		4.998
v -38.539 		-191.534 		14
v -45.951 		-111.469 		7
v -36.705 		-109.674 		15
v 49.294 		-196.076 		4.998
v 142.332 		-103.099 		0
v 140.3173 		-110.592 		14
v -38.295 		-191.414 		14
v 140.3173 		-110.592 		15
v -36.461 		-109.794 		15
v -45.989 		-111.919 		7
v 49.379 		-196.234 		4.998
v -45.983 		-111.829 		7
v -45.969 		-111.649 		7
v 142.657 		-113.315 		15
v 142.657 		-113.315 		14
v 142.847 		-112.758 		14
v 142.847 		-112.758 		15
v -36.235 		-109.945 		15
v -38.038 		-191.326 		14
v 49.474 		-196.379 		4.998
v 142.962 		-112.18 		14
v 142.962 		-112.18 		15
v -45.994 		-112.009 		7
v -36.031 		-110.124 		15
v 49.58 		-196.511 		4.998
v -45.998 		-112.099 		7
v 142.692 		-103.251 		0
v 143 		-111.593 		14
v 143 		-111.593 		15
v -37.771 		-191.273 		14
v 142.872 		-103.335 		0
v -35.852 		-110.328 		15
v -46.001 		-112.189 		7
v 142.962 		-111.006 		14
v 49.694 		-196.628 		4.998
v 142.962 		-111.006 		15
v -46.003 		-112.279 		7
v 142.962 		-103.378 		0
v 49.816 		-196.729 		4.998
v -35.701 		-110.554 		15
v -46.003 		-192.4952 		7
v -37.5 		-191.256 		14
v 49.945 		-196.813 		4.998
v -37.229 		-191.273 		14
v -35.6823 		-110.592 		15
v 143.052 		-103.423 		0
v -42.682 		-201.153 		6
v 143.142 		-103.469 		0
v -36.962 		-191.326 		14
v 142.07 		-114.332 		14
v 142.07 		-114.332 		15
v 141.7582 		-114.688 		15
v -45.112 		-198.983 		0
v -45.202 		-198.865 		0
v -45.292 		-198.743 		0
v 141.7582 		-114.688 		14
v 143.232 		-103.516 		0
v 142.397 		-113.843 		14
v 142.397 		-113.843 		15
v 143.322 		-103.565 		0
v -36.864 		-191.3596 		14
v 142.4822 		-113.67 		15
v 142.4822 		-113.67 		14
v -44.482 		-199.711 		6
v -44.392 		-199.803 		6
v -45.382 		-198.616 		0
v -45.472 		-198.485 		0
v -43.582 		-200.527 		6
v -45.562 		-198.348 		0
v -45.652 		-198.206 		0
v -45.742 		-198.058 		0
v -45.832 		-197.903 		0
v -43.672 		-200.455 		6
v -45.922 		-197.74 		0
v -46.012 		-197.569 		0
v -46.102 		-197.388 		0
v 142.422 		-103.135 		0
v -46.192 		-197.196 		0
v -46.282 		-196.992 		0
v -46.372 		-196.773 		0
v -43.852 		-200.305 		6
v 140.419 		-110.798 		14
v 140.419 		-110.798 		15
v 142.512 		-103.173 		0
v -43.042 		-200.922 		0
v -43.942 		-200.226 		6
v -43.132 		-200.86 		0
v -43.222 		-200.797 		0
v -43.312 		-200.732 		0
v -39.148 		-194.598 		7.998
v -38.969 		-194.802 		7.998
v -44.032 		-200.146 		6
v -38.765 		-194.981 		7.998
v 140.506 		-111.055 		14
v -38.539 		-195.132 		7.998
v -38.295 		-195.252 		7.998
v 140.506 		-111.055 		15
v -38.038 		-195.34 		7.998
v -33.93 		-114.332 		15
v -37.771 		-195.393 		7.998
v -37.5 		-195.41 		7.998
v -37.229 		-195.393 		7.998
v -36.962 		-195.34 		7.998
v -44.122 		-200.064 		6
v -33.603 		-113.843 		15
v -42.052 		-201.503 		0
v -42.232 		-201.409 		0
v -42.412 		-201.311 		0
v -42.502 		-201.26 		0
v -42.592 		-201.207 		0
v 140.559 		-111.322 		14
v -42.682 		-201.153 		0
v -42.772 		-201.097 		0
v -42.862 		-201.04 		0
v 140.559 		-111.322 		15
v -42.952 		-200.982 		0
v -44.212 		-199.979 		6
v -33.5178 		-113.67 		15
v -33.343 		-113.315 		15
v -44.302 		-199.892 		6
v 140.577 		-111.593 		14
v 140.577 		-111.593 		15
v -33.153 		-112.758 		15
v -39.419 		-192.538 		7.998
v -39.507 		-192.795 		7.998
v -39.56 		-193.062 		7.998
v -39.578 		-193.333 		7.998
v -39.56 		-193.604 		7.998
v -39.507 		-193.871 		7.998
v -39.419 		-194.128 		7.998
v 140.559 		-111.864 		14
v -33.038 		-112.18 		15
v -39.299 		-194.372 		7.998
v 140.559 		-111.864 		15
v -43.402 		-200.665 		0
v -43.492 		-200.597 		0
v -43.582 		-200.527 		0
v 147.821 		-195.265 		7
v -43.672 		-200.455 		0
v -44.5114 		-199.68 		6
v 147.802 		-195.355 		7
v -43.852 		-200.305 		0
v -43.942 		-200.226 		0
v -44.032 		-200.146 		0
v -44.122 		-200.064 		0
v -44.212 		-199.979 		0
v -44.302 		-199.892 		0
v -44.392 		-199.803 		0
v -44.482 		-199.711 		0
v 147.914 		-194.725 		7
v -43.492 		-200.597 		6
v 147.901 		-194.815 		7
v -33 		-111.593 		15
v 140.506 		-112.131 		14
v 140.506 		-112.131 		15
v 147.782 		-195.445 		7
v -33.038 		-111.006 		15
v 50.079 		-196.879 		4.998
v -44.572 		-199.616 		0
v -44.662 		-199.519 		0
v 140.419 		-112.388 		14
v -44.752 		-199.418 		0
v 147.886 		-194.905 		7
v -44.842 		-199.314 		0
v 147.872 		-194.995 		7
v 140.419 		-112.388 		15
v -44.932 		-199.208 		0
v -45.022 		-199.097 		0
v 140.299 		-112.631 		14
v 140.299 		-112.631 		15
v 50.217 		-196.927 		4.998
v -35.581 		-110.798 		15
v 140.148 		-112.857 		14
v 50.358 		-196.955 		4.998
v 140.148 		-112.857 		15
v 147.761 		-195.535 		7
v -35.493 		-111.055 		15
v -46.462 		-196.535 		0
v 50.5 		-196.965 		4.998
v 139.969 		-113.062 		14
v -46.552 		-196.275 		0
v -46.642 		-195.985 		0
v -46.732 		-195.653 		0
v -46.822 		-195.256 		0
v -46.913 		-194.734 		0
v 139.969 		-113.062 		15
v 50.642 		-196.955 		4.998
v 147.926 		-194.635 		7
v -46.995 		-111.101 		0
v -46.991 		-111.011 		0
v -46.986 		-110.921 		0
v -46.974 		-110.741 		0
v 50.783 		-196.927 		4.998
v 139.764 		-113.241 		14
v -43.402 		-200.665 		6
v 139.764 		-113.241 		15
v -46.872 		-109.931 		0
v -46.886 		-110.021 		0
v 50.921 		-196.879 		4.998
v -35.44 		-111.322 		15
v -46.839 		-109.751 		0
v 139.538 		-113.392 		14
v -46.821 		-109.661 		0
v -46.855 		-109.841 		0
v 139.538 		-113.392 		15
v 51.055 		-196.813 		4.998
v -35.423 		-111.593 		15
v 139.295 		-113.512 		14
v 51.184 		-196.729 		4.998
v 139.295 		-113.512 		15
v -46.958 		-110.561 		0
v -46.948 		-110.471 		0
v -46.926 		-110.291 		0
v -46.914 		-110.201 		0
v -46.901 		-110.111 		0
v -36.962 		-191.326 		7.998
v -37.229 		-191.273 		7.998
v -35.44 		-111.864 		15
v -37.5 		-191.256 		7.998
v -37.771 		-191.273 		7.998
v -38.038 		-191.326 		7.998
v -46.802 		-109.571 		0
v -38.295 		-191.414 		7.998
v -38.539 		-191.534 		7.998
v -38.765 		-191.685 		7.998
v -38.969 		-191.864 		7.998
v -39.148 		-192.068 		7.998
v 139.264 		-113.5225 		14
v -39.299 		-192.294 		7.998
v 51.306 		-196.628 		4.998
v 139.264 		-113.5225 		15
v -35.493 		-112.131 		15
v 51.42 		-196.511 		4.998
v -40.96 		-190.4684 		7
v -41.07 		-190.594 		7
v -41.07 		-190.594 		14
v -46.782 		-109.481 		0
v -40.96 		-190.4684 		14
v -46.761 		-109.391 		0
v -46.717 		-109.211 		0
v -46.693 		-109.121 		0
v -35.581 		-112.388 		15
v -46.668 		-109.031 		0
v 139.087 		-107.131 		14
v 51.526 		-196.379 		4.998
v 139.087 		-107.131 		15
v -46.616 		-108.851 		0
v -46.588 		-108.761 		0
v 147.855 		-195.085 		7
v -46.559 		-108.671 		0
v 147.839 		-195.175 		7
v -46.529 		-108.581 		0
v -35.701 		-112.632 		15
v -41.397 		-191.083 		7
v -41.397 		-191.083 		14
v 138.5 		-107.093 		14
v 138.5 		-107.093 		15
v -41.657 		-191.611 		7
v -35.852 		-112.858 		15
v -41.657 		-191.611 		14
v -44.572 		-199.616 		6
v 137.913 		-107.131 		14
v 137.913 		-107.131 		15
v -46.467 		-108.401 		0
v -41.847 		-192.168 		7
v -46.399 		-108.221 		0
v -46.364 		-108.131 		0
v -46.29 		-107.951 		0
v -41.847 		-192.168 		14
v 51.621 		-196.234 		4.998
v -36.031 		-113.062 		15
v -46.251 		-107.861 		0
v -46.211 		-107.771 		0
v -46.17 		-107.681 		0
v -44.662 		-199.519 		6
v 137.335 		-107.246 		14
v -46.128 		-107.591 		0
v 137.335 		-107.246 		15
v -41.962 		-192.746 		7
v -41.962 		-192.746 		14
v -44.752 		-199.418 		6
v -36.235 		-113.241 		15
v -42 		-193.333 		7
v -42 		-193.333 		14
v 136.778 		-107.436 		14
v -44.842 		-199.314 		6
v 136.778 		-107.436 		15
v -41.962 		-193.92 		7
v -41.962 		-193.92 		14
v -44.932 		-199.208 		6
v 136.423 		-107.6108 		14
v 136.423 		-107.6108 		15
v -36.461 		-113.392 		15
v -46.04 		-107.411 		0
v -45.994 		-107.321 		0
v -45.898 		-107.141 		0
v -45.848 		-107.051 		0
v -45.797 		-106.96 		0
v -45.744 		-106.87 		0
v -45.69 		-106.78 		0
v -45.634 		-106.69 		0
v -45.577 		-106.6 		0
v 51.706 		-196.076 		4.998
v -45.022 		-199.097 		6
v 136.25 		-107.696 		14
v 136.25 		-107.696 		15
v -45.519 		-106.51 		0
v 135.761 		-108.023 		14
v -36.705 		-113.512 		15
v 135.761 		-108.023 		15
v -41.847 		-194.498 		7
v 147.995 		-193.825 		7
v -41.847 		-194.498 		14
v 148 		-193.675 		7
v 135.318 		-108.411 		14
v 135.318 		-108.411 		15
v 147.991 		-193.915 		7
v -41.657 		-195.055 		7
v -41.657 		-195.055 		14
v -36.864 		-113.5664 		15
v 134.93 		-108.854 		14
v -41.397 		-195.583 		7
v -41.397 		-195.583 		14
v 134.93 		-108.854 		15
v 51.779 		-195.908 		4.998
v -45.459 		-106.42 		0
v -45.397 		-106.33 		0
v -45.334 		-106.24 		0
v -45.269 		-106.15 		0
v -45.202 		-106.06 		0
v -41.07 		-196.072 		7
v -45.134 		-105.97 		0
v -45.064 		-105.88 		0
v -41.07 		-196.072 		14
v 134.603 		-109.343 		14
v 51.84 		-195.73 		4.998
v 134.603 		-109.343 		15
v 51.888 		-195.546 		4.998
v -40.96 		-196.1976 		7
v 134.343 		-109.871 		14
v 134.343 		-109.871 		15
v -40.96 		-196.1976 		14
v -44.992 		-105.79 		0
v -44.918 		-105.7 		0
v -44.842 		-105.61 		0
v -44.764 		-105.52 		0
v 51.922 		-195.355 		4.998
v 134.153 		-110.428 		14
v -37.5 		-197.833 		14
v 134.153 		-110.428 		15
v -37.5 		-197.833 		7
v -36.913 		-197.795 		7
v -36.913 		-197.795 		14
v 51.943 		-195.161 		4.998
v -36.335 		-197.68 		7
v 134.1207 		-110.592 		14
v -36.335 		-197.68 		14
v 134.1207 		-110.592 		15
v 51.95 		-194.965 		4.998
v -35.778 		-197.49 		7
v -35.778 		-197.49 		14
v -44.684 		-105.43 		0
v -44.601 		-105.34 		0
v -44.517 		-105.25 		0
v -44.43 		-105.16 		0
v -44.34 		-105.07 		0
v -44.248 		-104.98 		0
v -44.153 		-104.89 		0
v -44.056 		-104.8 		0
v -43.955 		-104.71 		0
v -43.852 		-104.62 		0
v -35.25 		-197.23 		7
v -43.745 		-104.53 		0
v -35.25 		-197.23 		14
v 136.701 		-110.555 		14
v 136.701 		-110.555 		15
v 136.6827 		-110.592 		15
v -34.761 		-196.903 		7
v -34.761 		-196.903 		14
v 136.6827 		-110.592 		14
v -43.635 		-104.44 		0
v 136.852 		-110.329 		14
v -34.4242 		-196.608 		14
v -43.52 		-104.35 		0
v 136.852 		-110.329 		15
v -43.402 		-104.26 		0
v -43.28 		-104.17 		0
v -43.154 		-104.08 		0
v -43.022 		-103.99 		0
v -34.4242 		-196.608 		7
v 137.031 		-110.124 		14
v -40.239 		-196.903 		7
v 137.031 		-110.124 		15
v -40.239 		-196.903 		14
v -40.5758 		-196.608 		14
v -40.5758 		-196.608 		7
v -42.886 		-103.9 		0
v -42.744 		-103.81 		0
v -39.75 		-197.23 		7
v -42.595 		-103.72 		0
v -42.44 		-103.63 		0
v -39.75 		-197.23 		14
v -42.277 		-103.54 		0
v -42.106 		-103.45 		0
v 137.236 		-109.945 		14
v 137.236 		-109.945 		15
v -39.222 		-197.49 		7
v -39.222 		-197.49 		14
v 137.462 		-109.794 		14
v 137.462 		-109.794 		15
v -38.665 		-197.68 		7
v -38.665 		-197.68 		14
v -38.087 		-197.795 		7
v 137.705 		-109.674 		14
v -38.087 		-197.795 		14
v 137.705 		-109.674 		15
v 137.962 		-109.587 		14
v 137.962 		-109.587 		15
v 138.229 		-109.534 		14
v 138.229 		-109.534 		15
v -41.925 		-103.36 		0
v -41.734 		-103.27 		0
v -41.529 		-103.18 		0
v -41.31 		-103.09 		0
v -41.073 		-103 		0
v 138.5 		-109.516 		14
v -36.913 		-107.131 		15
v 138.5 		-109.516 		15
v -40.813 		-102.91 		0
v -40.522 		-102.82 		0
v -40.19 		-102.73 		0
v 147.986 		-194.005 		7
v -39.793 		-102.64 		0
v -37.5 		-107.093 		15
v -39.272 		-102.55 		0
v -38.0443 		-102.463 		0
v 138.771 		-109.534 		14
v 138.771 		-109.534 		15
v 147.974 		-194.185 		7
v -38.087 		-107.131 		15
v 39.998 		-102.463 		0
v -38.665 		-107.246 		15
v 139.038 		-109.587 		14
v 139.038 		-109.587 		15
v 61.003 		-102.463 		0
v -39.222 		-107.436 		15
v -38.0443 		-102.463 		6
v -39.578 		-107.6113 		15
v -39.75 		-107.696 		15
v 134.039 		-111.006 		14
v 134.039 		-111.006 		15
v 61.003 		-102.463 		2
v 134 		-111.593 		14
v -40.239 		-108.023 		15
v 134 		-111.593 		15
v 49.05 		-194.965 		2
v 39.998 		-102.463 		2
v -40.682 		-108.411 		15
v 134.039 		-112.18 		14
v 134.039 		-112.18 		15
v 134.153 		-112.758 		14
v 134.153 		-112.758 		15
v -37.771 		-113.653 		15
v 134.343 		-113.315 		14
v 134.343 		-113.315 		15
v 134.603 		-113.843 		14
v 134.603 		-113.843 		15
v -38.038 		-113.6 		15
v 134.93 		-114.332 		14
v 134.93 		-114.332 		15
v -38.295 		-113.512 		15
v 135.2418 		-114.688 		14
v 135.2418 		-114.688 		15
v -33 		-193.333 		6
v 137.705 		-113.512 		14
v 137.462 		-113.392 		14
v -46.822 		-195.256 		6
v -46.913 		-194.734 		6
v -46.462 		-196.535 		6
v 137.236 		-113.241 		14
v 147.958 		-194.365 		7
v -46.552 		-196.275 		6
v -46.642 		-195.985 		6
v -46.732 		-195.653 		6
v 147.948 		-194.455 		7
v 137.031 		-113.062 		14
v -37.5 		-116.093 		6
v -37.5 		-188.833 		6
v 136.852 		-112.857 		14
v -33.153 		-192.168 		6
v 136.707 		-112.64 		14
v -33.0846 		-192.512 		6
v -33.343 		-191.611 		6
v 146.562 		-106.577 		7
v -33.603 		-191.083 		6
v 139.038 		-113.599 		14
v -33.93 		-190.594 		6
v 146.652 		-106.719 		7
v -38.539 		-113.392 		15
v -34.318 		-190.151 		6
v -34.761 		-189.763 		6
v 138.771 		-113.652 		14
v 146.742 		-106.868 		7
v -35.25 		-189.436 		6
v -38.765 		-113.241 		15
v -35.778 		-189.176 		6
v 138.5 		-113.67 		14
v -36.335 		-188.986 		6
v 146.832 		-107.023 		7
v -38.969 		-113.062 		15
v -36.864 		-188.8808 		6
v 146.922 		-107.186 		7
v 138.229 		-113.652 		14
v -39.148 		-112.858 		15
v -34.318 		-196.515 		6
v -34.4242 		-196.608 		6
v 137.962 		-113.599 		14
v -33.93 		-196.072 		6
v 147.012 		-107.357 		7
v -33.603 		-195.583 		6
v -33.343 		-195.055 		6
v -33.153 		-194.498 		6
v 147.102 		-107.537 		7
v -33.038 		-193.92 		6
v 136.701 		-112.631 		14
v 147.192 		-107.729 		7
v -46.995 		-111.101 		6
v -46.991 		-111.011 		6
v -33.038 		-192.746 		6
v 147.282 		-107.933 		7
v 136.581 		-112.388 		14
v -46.986 		-110.921 		6
v 147.372 		-108.153 		7
v -36.913 		-188.871 		6
v -46.974 		-110.741 		6
v 136.494 		-112.131 		14
v -46.9608 		-110.592 		6
v -38.002 		-188.8655 		6
v -38.087 		-188.871 		6
v 136.441 		-111.864 		14
v 146.1092 		-108.544 		6
v 146.105 		-108.535 		7
v 146.105 		-108.535 		6
v -38.665 		-188.986 		6
v 136.423 		-111.593 		14
v 146.015 		-108.355 		7
v 146.015 		-108.355 		6
v 136.441 		-111.322 		14
v 145.925 		-108.184 		7
v 145.925 		-108.184 		6
v -41.925 		-103.36 		6
v 136.494 		-111.055 		14
v 145.835 		-108.021 		7
v 145.835 		-108.021 		6
v -41.734 		-103.27 		6
v 136.581 		-110.798 		14
v 145.745 		-107.866 		7
v 145.745 		-107.866 		6
v -41.529 		-103.18 		6
v 145.655 		-107.717 		7
v 145.655 		-107.717 		6
v -41.31 		-103.09 		6
v 145.565 		-107.575 		7
v 145.565 		-107.575 		6
v 137.705 		-113.512 		15
v 137.462 		-113.392 		15
v -41.073 		-103 		6
v 145.475 		-107.438 		7
v 145.475 		-107.438 		6
v 137.236 		-113.241 		15
v -46.958 		-110.561 		6
v -40.96 		-102.9609 		6
v 145.408 		-107.3405 		6
v -46.948 		-110.471 		6
v -39.793 		-102.64 		6
v 137.031 		-113.062 		15
v -39.272 		-102.55 		6
v 145.295 		-107.18 		6
v 145.295 		-107.18 		7
v 145.205 		-107.058 		7
v 145.205 		-107.058 		6
v -46.802 		-109.571 		6
v -46.821 		-109.661 		6
v 136.852 		-112.857 		15
v -46.901 		-110.111 		6
v 145.115 		-106.94 		7
v -40.813 		-102.91 		6
v -46.914 		-110.201 		6
v 145.115 		-106.94 		6
v 136.707 		-112.64 		15
v -46.8013 		-109.568 		6
v -40.522 		-102.82 		6
v 145.025 		-106.826 		7
v 145.025 		-106.826 		6
v -40.19 		-102.73 		6
v -46.872 		-109.931 		6
v -46.886 		-110.021 		6
v 139.038 		-113.599 		15
v 145.385 		-107.307 		7
v 145.385 		-107.307 		6
v -46.8635 		-109.886 		6
v 39.998 		-103.46 		6
v 39.998 		-103.46 		4.998
v 61.003 		-103.46 		4.998
v 61.003 		-103.46 		6
v 138.771 		-113.652 		15
v 49.112 		-109.38 		4.998
v 49.078 		-109.571 		4.998
v 138.5 		-113.67 		15
v 144.935 		-106.716 		7
v 144.935 		-106.716 		6
v -46.926 		-110.291 		6
v 49.057 		-109.765 		4.998
v 144.845 		-106.609 		7
v 138.229 		-113.652 		15
v 49.05 		-109.961 		4.998
v 144.845 		-106.609 		6
v -46.839 		-109.751 		6
v 50.079 		-108.047 		4.998
v -46.855 		-109.841 		6
v 144.755 		-106.505 		7
v 144.755 		-106.505 		6
v 137.962 		-113.599 		15
v 49.945 		-108.113 		4.998
v 49.816 		-108.197 		4.998
v 144.7469 		-106.496 		6
v 49.694 		-108.298 		4.998
v 136.701 		-112.631 		15
v 146.8078 		-110.592 		6
v 146.735 		-110.271 		7
v 49.58 		-108.415 		4.998
v 146.735 		-110.271 		6
v 136.581 		-112.388 		15
v 49.474 		-108.547 		4.998
v 146.645 		-109.938 		7
v 146.645 		-109.938 		6
v 49.379 		-108.692 		4.998
v 136.494 		-112.131 		15
v 49.294 		-108.85 		4.998
v 146.555 		-109.648 		7
v 146.555 		-109.648 		6
v 49.221 		-109.018 		4.998
v 136.441 		-111.864 		15
v 146.465 		-109.388 		7
v 146.465 		-109.388 		6
v 49.16 		-109.196 		4.998
v 146.375 		-109.15 		7
v 136.423 		-111.593 		15
v 146.375 		-109.15 		6
v 51.184 		-108.197 		4.998
v 136.441 		-111.322 		15
v 146.285 		-108.931 		7
v 51.055 		-108.113 		4.998
v 146.285 		-108.931 		6
v 50.921 		-108.047 		4.998
v 136.494 		-111.055 		15
v 146.195 		-108.727 		7
v 146.195 		-108.727 		6
v 50.783 		-107.999 		4.998
v 136.581 		-110.798 		15
v 50.642 		-107.97 		4.998
v 50.5 		-107.961 		4.998
v 146.825 		-110.668 		6
v 146.825 		-110.668 		7
v 50.358 		-107.97 		4.998
v 50.217 		-107.999 		4.998
v -39.222 		-189.176 		6
v 146.915 		-111.189 		7
v 146.915 		-111.189 		6
v 146.9343 		-111.461 		6
v 135.318 		-114.775 		14
v -39.75 		-189.436 		6
v 135.318 		-114.775 		15
v -40.239 		-189.763 		6
v -40.682 		-190.151 		6
v 135.761 		-115.163 		14
v 135.761 		-115.163 		15
v -40.96 		-190.4684 		6
v 147.823 		-109.67 		7
v -46.693 		-109.121 		6
v 147.912 		-110.191 		7
v -46.717 		-109.211 		6
v -40.682 		-196.515 		6
v -40.96 		-196.1976 		6
v 136.25 		-115.49 		14
v 136.25 		-115.49 		15
v 148 		-111.4191 		7
v -46.616 		-108.851 		6
v -46.668 		-109.031 		6
v -40.5758 		-196.608 		6
v 136.778 		-115.75 		14
v 136.778 		-115.75 		15
v 147.462 		-108.39 		7
v -46.588 		-108.761 		6
v -41.07 		-190.594 		6
v 147.552 		-108.65 		7
v 137.335 		-115.94 		14
v 137.335 		-115.94 		15
v -46.782 		-109.481 		6
v 147.642 		-108.941 		7
v -41.397 		-191.083 		6
v 137.913 		-116.055 		14
v 137.913 		-116.055 		15
v -46.761 		-109.391 		6
v 147.733 		-109.273 		7
v -41.657 		-191.611 		6
v 138.5 		-116.093 		14
v 138.5 		-116.093 		15
v -41.847 		-192.168 		6
v 143.315 		-105.191 		7
v -41.962 		-192.746 		6
v 143.315 		-105.191 		6
v 139.087 		-116.055 		14
v 139.087 		-116.055 		15
v -46.529 		-108.581 		6
v 143.135 		-105.063 		7
v 143.135 		-105.063 		6
v 139.665 		-115.94 		14
v -46.559 		-108.671 		6
v 139.665 		-115.94 		15
v 140.222 		-115.75 		14
v 143 		-104.9715 		7
v -41.962 		-193.92 		6
v 143 		-104.9715 		6
v 143.045 		-105.001 		6
v 143.045 		-105.001 		7
v 140.222 		-115.75 		15
v -46.5163 		-108.544 		6
v -41.847 		-194.498 		6
v 140.75 		-115.49 		14
v 140.75 		-115.49 		15
v 143.052 		-103.423 		7
v 143.052 		-103.423 		6
v -41.657 		-195.055 		6
v 143 		-103.397 		6
v 143 		-103.397 		7
v 141.239 		-115.163 		14
v 141.239 		-115.163 		15
v 143.142 		-103.469 		7
v 143.142 		-103.469 		6
v -41.397 		-195.583 		6
v 141.682 		-114.775 		14
v 141.682 		-114.775 		15
v 143.232 		-103.516 		7
v 143.232 		-103.516 		6
v -41.07 		-196.072 		6
v 143.322 		-103.565 		7
v 143.322 		-103.565 		6
v -37.5 		-197.833 		6
v -36.913 		-197.795 		6
v -36.335 		-197.68 		6
v 143.36 		-103.5861 		6
v -35.778 		-197.49 		6
v 142.9154 		-192.512 		14
v 142.847 		-192.168 		14
v 142.847 		-192.168 		15
v -35.25 		-197.23 		6
v 142.9154 		-192.512 		15
v 145.392 		-105.123 		6
v 145.392 		-105.123 		7
v 145.408 		-105.1394 		6
v -34.761 		-196.903 		6
v 142.657 		-191.611 		14
v 142.657 		-191.611 		15
v 144.672 		-104.471 		7
v 144.672 		-104.471 		6
v 144.6432 		-104.448 		6
v 142.397 		-191.083 		14
v 142.397 		-191.083 		15
v 144.762 		-104.545 		7
v 142.07 		-190.594 		14
v 142.07 		-190.594 		15
v 144.762 		-104.545 		6
v -40.239 		-196.903 		6
v 141.682 		-190.151 		14
v 144.852 		-104.621 		7
v 141.682 		-190.151 		15
v 144.852 		-104.621 		6
v 141.239 		-189.763 		14
v 141.239 		-189.763 		15
v -39.75 		-197.23 		6
v 144.942 		-104.699 		7
v 144.942 		-104.699 		6
v 140.75 		-189.436 		14
v 140.75 		-189.436 		15
v 145.032 		-104.779 		7
v 145.032 		-104.779 		6
v -39.222 		-197.49 		6
v 140.578 		-189.3513 		15
v 140.578 		-189.3513 		14
v 140.222 		-189.176 		14
v 140.222 		-189.176 		15
v -38.665 		-197.68 		6
v 145.122 		-104.862 		7
v 145.122 		-104.862 		6
v -38.087 		-197.795 		6
v 145.212 		-104.946 		7
v 139.665 		-188.986 		14
v 145.212 		-104.946 		6
v 139.665 		-188.986 		15
v -38.002 		-197.8005 		6
v 145.302 		-105.033 		7
v 145.302 		-105.033 		6
v 139.264 		-188.9062 		14
v 139.264 		-188.9062 		15
v -33.153 		-192.168 		7
v -33.0846 		-192.512 		7
v 139.295 		-191.414 		14
v 143.405 		-105.258 		7
v 139.295 		-191.414 		15
v 143.405 		-105.258 		6
v 143.495 		-105.326 		6
v 139.264 		-191.4034 		15
v 143.495 		-105.326 		7
v -33.343 		-191.611 		7
v 139.264 		-191.4034 		14
v -33.603 		-191.083 		7
v 139.539 		-191.534 		14
v 139.539 		-191.534 		15
v -33.93 		-190.594 		7
v 139.765 		-191.685 		14
v 139.765 		-191.685 		15
v -34.318 		-190.151 		7
v 143.585 		-105.397 		6
v 139.969 		-191.864 		14
v 143.585 		-105.397 		7
v 139.969 		-191.864 		15
v -34.761 		-189.763 		7
v 140.148 		-192.068 		14
v -35.25 		-189.436 		7
v 140.148 		-192.068 		15
v 144.665 		-106.405 		7
v 144.665 		-106.405 		6
v -35.778 		-189.176 		7
v 140.299 		-192.294 		14
v 140.299 		-192.294 		15
v -36.335 		-188.986 		7
v 144.575 		-106.307 		7
v 144.575 		-106.307 		6
v -36.864 		-188.8808 		7
v 140.4062 		-192.512 		14
v 144.485 		-106.213 		7
v 144.485 		-106.213 		6
v 140.4062 		-192.512 		15
v 144.305 		-106.031 		7
v 144.305 		-106.031 		6
v 144.395 		-106.12 		6
v 144.395 		-106.12 		7
v 141.682 		-196.515 		14
v 141.682 		-196.515 		15
v 141.5758 		-196.608 		15
v 144.215 		-105.944 		7
v 144.215 		-105.944 		6
v 142.07 		-196.072 		14
v 142.07 		-196.072 		15
v 142.397 		-195.583 		14
v 142.397 		-195.583 		15
v 144.125 		-105.859 		7
v 144.125 		-105.859 		6
v 142.4822 		-195.41 		15
v 142.4822 		-195.41 		14
v 142.657 		-195.055 		14
v 142.657 		-195.055 		15
v 144.035 		-105.777 		7
v 144.035 		-105.777 		6
v 142.847 		-194.498 		14
v 142.847 		-194.498 		15
v 143.945 		-105.697 		7
v 143.945 		-105.697 		6
v 142.962 		-193.92 		14
v 142.962 		-193.92 		15
v 143.855 		-105.618 		7
v 143 		-193.333 		14
v 143 		-193.333 		15
v 143.855 		-105.618 		6
v 142.962 		-192.746 		14
v 142.962 		-192.746 		15
v 143.765 		-105.543 		7
v 143.765 		-105.543 		6
v 143.675 		-105.469 		7
v 143.675 		-105.469 		6
v 140.419 		-192.538 		14
v 140.419 		-192.538 		15
v -46.17 		-107.681 		6
v -46.211 		-107.771 		6
v 140.507 		-192.795 		14
v 140.507 		-192.795 		15
v -46.128 		-107.591 		6
v -46.0933 		-107.52 		6
v 140.56 		-193.062 		14
v 144.132 		-104.066 		7
v 140.56 		-193.062 		15
v 144.132 		-104.066 		6
v 144.042 		-104.004 		6
v 144.042 		-104.004 		7
v -46.467 		-108.401 		6
v 143.862 		-103.885 		7
v 143.862 		-103.885 		6
v 140.578 		-193.333 		14
v 143.772 		-103.828 		6
v 140.578 		-193.333 		15
v -46.399 		-108.221 		6
v 143.772 		-103.828 		7
v -46.364 		-108.131 		6
v 140.56 		-193.604 		14
v 140.56 		-193.604 		15
v 143.952 		-103.944 		7
v 143.952 		-103.944 		6
v -46.29 		-107.951 		6
v 140.507 		-193.871 		14
v 140.507 		-193.871 		15
v -46.251 		-107.861 		6
v 140.419 		-194.128 		14
v 140.419 		-194.128 		15
v 144.582 		-104.399 		6
v 144.582 		-104.399 		7
v 140.299 		-194.372 		14
v 140.299 		-194.372 		15
v 143.412 		-103.615 		7
v 143.412 		-103.615 		6
v 140.148 		-194.598 		14
v 143.502 		-103.666 		7
v 140.148 		-194.598 		15
v 143.502 		-103.666 		6
v -45.577 		-106.6 		6
v -45.634 		-106.69 		6
v 143.682 		-103.773 		7
v 143.682 		-103.773 		6
v 143.592 		-103.719 		6
v -45.519 		-106.51 		6
v 143.592 		-103.719 		7
v -34.318 		-196.515 		7
v 139.969 		-194.802 		14
v 139.969 		-194.802 		15
v -45.5097 		-106.496 		6
v -33.93 		-196.072 		7
v 139.765 		-194.981 		14
v 139.765 		-194.981 		15
v -33.603 		-195.583 		7
v -46.04 		-107.411 		6
v -45.994 		-107.321 		6
v 139.539 		-195.132 		14
v -33.343 		-195.055 		7
v 139.0302 		-202.463 		7
v 139.539 		-195.132 		15
v -33.5178 		-195.41 		7
v 144.492 		-104.329 		6
v 144.492 		-104.329 		7
v -45.898 		-107.141 		6
v -33.153 		-194.498 		7
v 139.295 		-195.252 		14
v 144.222 		-104.129 		7
v 139.295 		-195.252 		15
v 141.736 		-200.658 		7
v 144.222 		-104.129 		6
v -45.848 		-107.051 		6
v -33.038 		-193.92 		7
v 141.928 		-200.568 		7
v 144.312 		-104.194 		7
v 144.312 		-104.194 		6
v -45.797 		-106.96 		6
v -33 		-193.333 		7
v 144.402 		-104.26 		7
v 143.283 		-199.758 		7
v -33.038 		-192.746 		7
v -45.69 		-106.78 		6
v 144.402 		-104.26 		6
v -45.744 		-106.87 		6
v 139.264 		-195.2626 		15
v 142.108 		-200.478 		7
v 139.087 		-188.871 		14
v 142.279 		-200.388 		7
v 139.087 		-188.871 		15
v -36.913 		-188.871 		7
v 145.482 		-105.215 		7
v 145.482 		-105.215 		6
v 142.442 		-200.298 		7
v 138.5 		-188.833 		14
v 138.5 		-188.833 		15
v -37.5 		-188.833 		7
v 145.572 		-105.309 		7
v 145.572 		-105.309 		6
v 142.597 		-200.208 		7
v 137.913 		-188.871 		14
v 137.913 		-188.871 		15
v -38.087 		-188.871 		7
v 145.662 		-105.407 		7
v 145.662 		-105.407 		6
v -38.665 		-188.986 		7
v 142.746 		-200.118 		7
v 145.752 		-105.507 		7
v 137.335 		-188.986 		14
v 145.752 		-105.507 		6
v 137.335 		-188.986 		15
v -39.222 		-189.176 		7
v 142.888 		-200.028 		7
v 145.842 		-105.611 		7
v 136.778 		-189.176 		14
v 145.842 		-105.611 		6
v -39.75 		-189.436 		7
v 136.778 		-189.176 		15
v -39.578 		-189.3513 		7
v 143.025 		-199.938 		7
v 145.932 		-105.718 		7
v 145.932 		-105.718 		6
v 136.423 		-189.3508 		14
v -40.239 		-189.763 		7
v 136.423 		-189.3508 		15
v 143.156 		-199.848 		7
v 146.022 		-105.828 		7
v 146.022 		-105.828 		6
v -40.682 		-190.151 		7
v 136.25 		-189.436 		14
v 136.25 		-189.436 		15
v 146.292 		-106.182 		6
v 146.292 		-106.182 		7
v 146.382 		-106.309 		7
v 146.382 		-106.309 		6
v 135.761 		-189.763 		14
v 135.761 		-189.763 		15
v 146.472 		-106.441 		7
v 146.472 		-106.441 		6
v 135.318 		-190.151 		14
v 135.318 		-190.151 		15
v 140.193 		-201.198 		7
v 139.796 		-201.288 		7
v 134.93 		-190.594 		14
v 134.93 		-190.594 		15
v 140.525 		-201.108 		7
v 134.603 		-191.083 		14
v 140.815 		-201.018 		7
v 146.112 		-105.943 		7
v 134.603 		-191.083 		15
v 146.112 		-105.943 		6
v 141.075 		-200.928 		7
v 146.202 		-106.06 		7
v 134.343 		-191.611 		14
v 134.343 		-191.611 		15
v 141.313 		-200.838 		7
v 146.202 		-106.06 		6
v 141.532 		-200.748 		7
v 134.153 		-192.168 		14
v 134.153 		-192.168 		15
v 147.003 		-112.4308 		6
v 147.003 		-112.4308 		7
v 134.0852 		-192.512 		14
v 134.0852 		-192.512 		15
v 51.943 		-109.765 		4.998
v 146.951 		-193.457 		7
v 146.951 		-193.457 		6
v 146.95 		-193.465 		6
v 136.701 		-192.294 		14
v 136.701 		-192.294 		15
v 139.274 		-201.378 		7
v 146.983 		-193.097 		6
v 146.983 		-193.097 		7
v 146.989 		-193.007 		7
v 136.5938 		-192.512 		15
v 146.989 		-193.007 		6
v 146.969 		-193.277 		7
v 146.969 		-193.277 		6
v 143.277 		-201.385 		7
v 136.852 		-192.068 		14
v 136.852 		-192.068 		15
v -40.682 		-196.515 		7
v 137.031 		-191.864 		14
v 137.031 		-191.864 		15
v 140.272 		-202.375 		7
v -45.397 		-106.33 		6
v 140.793 		-202.285 		7
v 141.19 		-202.195 		7
v -45.459 		-106.42 		6
v 141.522 		-202.105 		7
v 141.813 		-202.015 		7
v 142.073 		-201.925 		7
v 142.31 		-201.835 		7
v 142.529 		-201.745 		7
v 142.734 		-201.655 		7
v 142.925 		-201.565 		7
v 137.235 		-191.685 		14
v 143.106 		-201.475 		7
v 137.235 		-191.685 		15
v -45.064 		-105.88 		6
v 137.461 		-191.534 		14
v 137.461 		-191.534 		15
v 146.994 		-192.917 		7
v -45.134 		-105.97 		6
v 146.994 		-192.917 		6
v -45.334 		-106.24 		6
v 146.998 		-192.827 		7
v 146.998 		-192.827 		6
v 137.705 		-191.414 		14
v 137.705 		-191.414 		15
v -45.269 		-106.15 		6
v 147.001 		-192.737 		7
v 147.001 		-192.737 		6
v -45.202 		-106.06 		6
v 147.003 		-192.647 		7
v 147.003 		-192.647 		6
v 51.95 		-109.961 		4.998
v 137.962 		-191.326 		14
v 137.962 		-191.326 		15
v 51.922 		-109.571 		4.998
v 138.229 		-191.273 		14
v 138.229 		-191.273 		15
v 51.888 		-109.38 		4.998
v 51.84 		-109.196 		4.998
v 139.227 		-102.463 		7
v 138.5 		-191.256 		14
v 51.779 		-109.018 		4.998
v 138.5 		-191.256 		15
v 51.706 		-108.85 		4.998
v 138.771 		-191.273 		14
v 138.771 		-191.273 		15
v 143.44 		-201.295 		7
v 143.595 		-201.205 		7
v 143.744 		-201.115 		7
v 143.886 		-201.025 		7
v 144.022 		-200.935 		7
v 51.621 		-108.692 		4.998
v 144.154 		-200.845 		7
v 144.28 		-200.755 		7
v 51.526 		-108.547 		4.998
v 139.038 		-191.326 		14
v 139.038 		-191.326 		15
v 51.42 		-108.415 		4.998
v 143.405 		-199.668 		7
v 51.306 		-108.298 		4.998
v 143.523 		-199.578 		7
v 143.637 		-199.488 		7
v 134.039 		-192.746 		14
v 134.039 		-192.746 		15
v 134 		-193.333 		14
v 134 		-193.333 		15
v 143.747 		-199.398 		7
v 134.039 		-193.92 		14
v 134.039 		-193.92 		15
v 143.854 		-199.308 		7
v 134.153 		-194.498 		14
v 134.153 		-194.498 		15
v 134.343 		-195.055 		14
v 134.343 		-195.055 		15
v 134.603 		-195.583 		14
v 134.603 		-195.583 		15
v 134.93 		-196.072 		14
v 134.93 		-196.072 		15
v 135.318 		-196.515 		14
v 135.318 		-196.515 		15
v -36.705 		-191.414 		17
v 49.112 		-109.38 		2
v 135.4242 		-196.608 		15
v -36.461 		-191.534 		17
v 49.078 		-109.571 		2
v 143.958 		-199.218 		7
v 139.175 		-103.534 		7
v 139.175 		-103.534 		6
v 139.264 		-103.5459 		6
v 139.002 		-103.5129 		6
v 144.058 		-199.128 		7
v -36.235 		-191.685 		17
v 49.057 		-109.765 		2
v 144.156 		-199.038 		7
v -36.031 		-191.864 		17
v -35.852 		-192.068 		17
v 144.25 		-198.948 		7
v 49.05 		-109.961 		2
v 144.432 		-198.768 		7
v 144.343 		-198.858 		7
v -35.701 		-192.294 		17
v 144.519 		-198.677 		7
v 50.079 		-108.047 		2
v -36.335 		-188.986 		17
v -35.778 		-189.176 		17
v 49.945 		-108.113 		2
v -33.153 		-192.168 		17
v -33.343 		-191.611 		17
v -33.603 		-191.083 		17
v -33.93 		-190.594 		17
v -34.318 		-190.151 		17
v -34.761 		-189.763 		17
v -35.25 		-189.436 		17
v 49.816 		-108.197 		2
v -35.581 		-192.538 		17
v -35.493 		-192.795 		17
v 49.694 		-108.298 		2
v -35.44 		-193.062 		17
v -35.423 		-193.333 		17
v 49.58 		-108.415 		2
v -35.44 		-193.604 		17
v -35.493 		-193.871 		17
v 139.362 		-102.467 		6
v 139.272 		-102.464 		6
v -35.581 		-194.128 		17
v 49.474 		-108.547 		2
v 139.542 		-102.476 		6
v 139.452 		-102.472 		6
v -35.701 		-194.372 		17
v 139.362 		-102.467 		7
v 139.272 		-102.464 		7
v 139.632 		-102.482 		6
v -35.852 		-194.598 		17
v 139.542 		-102.476 		7
v 139.452 		-102.472 		7
v 49.379 		-108.692 		2
v -36.031 		-194.802 		17
v 139.632 		-102.482 		7
v -36.235 		-194.981 		17
v 139.722 		-102.489 		6
v 49.294 		-108.85 		2
v -36.461 		-195.132 		17
v 139.902 		-102.505 		6
v -36.705 		-195.252 		17
v 139.722 		-102.489 		7
v 49.221 		-109.018 		2
v 139.992 		-102.515 		6
v 139.902 		-102.505 		7
v 138.229 		-195.393 		15
v 138.5 		-195.41 		15
v 139.992 		-102.515 		7
v 49.16 		-109.196 		2
v -33 		-193.333 		17
v -33.038 		-192.746 		17
v 140.172 		-102.537 		6
v 137.962 		-195.34 		15
v 140.288 		-102.5528 		6
v -33.343 		-195.055 		17
v -33.153 		-194.498 		17
v 140.262 		-102.549 		6
v -33.038 		-193.92 		17
v 144.402 		-200.665 		7
v 140.262 		-102.549 		7
v 144.52 		-200.575 		7
v 144.635 		-200.485 		7
v 144.745 		-200.395 		7
v 144.852 		-200.305 		7
v 144.955 		-200.215 		7
v 145.056 		-200.125 		7
v 145.153 		-200.035 		7
v 137.705 		-195.252 		15
v -34.318 		-196.515 		17
v -33.93 		-196.072 		17
v -33.603 		-195.583 		17
v 140.172 		-102.537 		7
v -37.5 		-195.41 		17
v 137.461 		-195.132 		15
v -37.771 		-195.393 		17
v -38.038 		-195.34 		17
v -38.295 		-195.252 		17
v 137.235 		-194.981 		15
v 141.252 		-102.746 		6
v 141.312 		-102.762 		6
v 139.625 		-103.605 		7
v -38.539 		-195.132 		17
v 139.625 		-103.605 		6
v 139.715 		-103.622 		6
v 139.715 		-103.622 		7
v 140.892 		-102.661 		6
v 137.031 		-194.802 		15
v -38.765 		-194.981 		17
v 140.802 		-102.642 		6
v 145.248 		-199.945 		7
v 145.34 		-199.855 		7
v 139.535 		-103.589 		7
v 139.535 		-103.589 		6
v 136.852 		-194.598 		15
v -38.969 		-194.802 		17
v 140.352 		-102.562 		6
v 139.265 		-103.546 		6
v -39.148 		-194.598 		17
v 139.265 		-103.546 		7
v 136.8266 		-194.56 		15
v 141.072 		-102.701 		6
v 140.075 		-103.699 		7
v 140.075 		-103.699 		6
v 140.165 		-103.721 		6
v 140.165 		-103.721 		7
v 140.442 		-102.576 		6
v 145.43 		-199.765 		7
v 139.985 		-103.678 		7
v 145.517 		-199.675 		7
v 139.985 		-103.678 		6
v 145.601 		-199.585 		7
v 145.684 		-199.495 		7
v 145.764 		-199.405 		7
v 145.842 		-199.315 		7
v 139.038 		-195.34 		15
v 145.918 		-199.225 		7
v -36.962 		-195.34 		17
v 145.992 		-199.135 		7
v 146.064 		-199.045 		7
v 146.134 		-198.955 		7
v 146.202 		-198.865 		7
v 146.269 		-198.775 		7
v 146.334 		-198.685 		7
v 141.162 		-102.724 		6
v 139.355 		-103.559 		7
v 139.355 		-103.559 		6
v 138.771 		-195.393 		15
v -37.229 		-195.393 		17
v 139.895 		-103.658 		7
v 139.895 		-103.658 		6
v 140.532 		-102.591 		6
v -39.299 		-194.372 		17
v 136.701 		-194.372 		15
v 140.622 		-102.607 		6
v -39.419 		-194.128 		17
v -39.507 		-193.871 		17
v 140.712 		-102.624 		6
v 136.581 		-194.128 		15
v 145.205 		-197.867 		7
v 145.137 		-197.957 		7
v -39.56 		-193.604 		17
v 136.493 		-193.871 		15
v -39.578 		-193.333 		17
v 140.288 		-103.7524 		6
v -39.56 		-193.062 		17
v 136.44 		-193.604 		15
v -39.507 		-192.795 		17
v 141.252 		-102.746 		7
v -39.419 		-192.538 		17
v 140.892 		-102.661 		7
v 136.423 		-193.333 		15
v 140.802 		-102.642 		7
v 136.44 		-193.062 		15
v 140.352 		-102.562 		7
v 51.184 		-108.197 		2
v -39.299 		-192.294 		17
v 136.493 		-192.795 		15
v 141.072 		-102.701 		7
v -39.148 		-192.068 		17
v 136.581 		-192.538 		15
v 51.055 		-108.113 		2
v 140.442 		-102.576 		7
v -38.969 		-191.864 		17
v 141.162 		-102.724 		7
v -38.765 		-191.685 		17
v 50.921 		-108.047 		2
v -38.539 		-191.534 		17
v 138.5 		-197.833 		15
v 139.087 		-197.795 		15
v -38.295 		-191.414 		17
v 140.532 		-102.591 		7
v 139.665 		-197.68 		15
v -38.038 		-191.326 		17
v 50.783 		-107.999 		2
v 140.622 		-102.607 		7
v 140.222 		-197.49 		15
v -37.771 		-191.273 		17
v 140.75 		-197.23 		15
v -37.5 		-191.256 		17
v 140.712 		-102.624 		7
v 50.642 		-107.97 		2
v -37.229 		-191.273 		17
v 141.239 		-196.903 		15
v -36.962 		-191.326 		17
v 50.5 		-107.961 		2
v 141.245 		-104.061 		7
v 145.066 		-198.047 		7
v 141.245 		-104.061 		6
v 141.312 		-104.0871 		6
v 135.761 		-196.903 		15
v 144.604 		-198.587 		7
v 144.686 		-198.497 		7
v 141.155 		-104.027 		7
v 141.155 		-104.027 		6
v 136.25 		-197.23 		15
v -37.5 		-188.833 		17
v -38.087 		-188.871 		17
v -38.665 		-188.986 		17
v 136.778 		-197.49 		15
v -39.222 		-189.176 		17
v 141.065 		-103.994 		7
v 141.065 		-103.994 		6
v -36.913 		-188.871 		17
v 140.975 		-103.962 		7
v 140.975 		-103.962 		6
v 137.335 		-197.68 		15
v 137.913 		-197.795 		15
v 140.885 		-103.931 		7
v 140.885 		-103.931 		6
v 140.705 		-103.872 		7
v 140.705 		-103.872 		6
v 140.795 		-103.901 		6
v 140.795 		-103.901 		7
v 144.766 		-198.407 		7
v 139.295 		-109.674 		17
v 144.844 		-198.317 		7
v 139.538 		-109.794 		17
v 139.764 		-109.945 		17
v 140.345 		-103.767 		7
v -39.75 		-189.436 		17
v 50.358 		-107.97 		2
v 141.342 		-102.77 		6
v -40.239 		-189.763 		17
v 139.969 		-110.124 		17
v 140.345 		-103.767 		6
v -40.682 		-190.151 		17
v 140.435 		-103.792 		6
v 140.435 		-103.792 		7
v 140.148 		-110.329 		17
v -40.682 		-196.515 		17
v 144.92 		-198.227 		7
v 50.217 		-107.999 		2
v 140.615 		-103.844 		7
v 140.615 		-103.844 		6
v 141.522 		-102.82 		6
v 140.299 		-110.555 		17
v 144.994 		-198.137 		7
v -41.07 		-190.594 		17
v -41.397 		-191.083 		17
v -41.657 		-191.611 		17
v -41.847 		-192.168 		17
v 141.612 		-102.847 		6
v -41.962 		-192.746 		17
v -42 		-193.333 		17
v -41.962 		-193.92 		17
v -41.847 		-194.498 		17
v -41.657 		-195.055 		17
v -41.397 		-195.583 		17
v -41.07 		-196.072 		17
v 140.222 		-107.436 		17
v 139.665 		-107.246 		17
v 141.702 		-102.875 		6
v -36.335 		-197.68 		17
v 142.685 		-104.771 		7
v -35.778 		-197.49 		17
v -35.25 		-197.23 		17
v 142.685 		-104.771 		6
v -34.761 		-196.903 		17
v 142.775 		-104.826 		6
v 142.775 		-104.826 		7
v 141.972 		-102.964 		6
v 51.943 		-109.765 		2
v 51.95 		-109.961 		2
v 141.792 		-102.904 		6
v 142.505 		-104.663 		7
v 146.397 		-198.595 		7
v 142.847 		-110.428 		17
v -40.239 		-196.903 		17
v 146.459 		-198.505 		7
v 142.505 		-104.663 		6
v -39.75 		-197.23 		17
v 146.519 		-198.415 		7
v -39.222 		-197.49 		17
v 146.577 		-198.325 		7
v -38.665 		-197.68 		17
v 146.634 		-198.235 		7
v -38.087 		-197.795 		17
v 146.69 		-198.145 		7
v -37.5 		-197.833 		17
v 146.744 		-198.055 		7
v 142.657 		-109.871 		17
v 142.397 		-109.343 		17
v 142.07 		-108.854 		17
v 141.682 		-108.411 		17
v 141.239 		-108.023 		17
v 140.75 		-107.696 		17
v 142.325 		-104.563 		7
v 142.325 		-104.563 		6
v 51.922 		-109.571 		2
v 140.419 		-110.798 		17
v 142.235 		-104.514 		7
v 142.235 		-104.514 		6
v 142.062 		-102.996 		6
v 140.506 		-111.055 		17
v 142.1086 		-104.448 		6
v 142.242 		-103.064 		6
v 51.888 		-109.38 		2
v 140.559 		-111.322 		17
v 146.797 		-197.965 		7
v 146.848 		-197.875 		7
v 142.865 		-104.883 		7
v 142.865 		-104.883 		6
v 138.0473 		-201.465 		7
v 140.577 		-111.593 		17
v 142.332 		-103.099 		6
v 140.559 		-111.864 		17
v 51.84 		-109.196 		2
v -41.872 		-201.591 		7
v 139.0302 		-202.463 		0
v 142.336 		-103.1006 		6
v -36.913 		-197.795 		17
v 140.506 		-112.131 		17
v 141.342 		-102.77 		7
v 140.419 		-112.388 		17
v -33.0846 		-192.512 		15
v -33.153 		-192.168 		15
v 142.872 		-103.335 		6
v 51.779 		-109.018 		2
v 141.522 		-102.82 		7
v 142.692 		-103.251 		6
v -33.343 		-191.611 		15
v 140.299 		-112.631 		17
v 142.962 		-103.378 		6
v -33.603 		-191.083 		15
v 143.277 		-201.385 		0
v 141.612 		-102.847 		7
v 140.148 		-112.857 		17
v -33.93 		-190.594 		15
v 139.969 		-113.062 		17
v 141.702 		-102.875 		7
v -34.318 		-190.151 		15
v 51.706 		-108.85 		2
v 139.764 		-113.241 		17
v 141.972 		-102.964 		7
v -34.761 		-189.763 		15
v 139.538 		-113.392 		17
v 141.792 		-102.904 		7
v 139.295 		-113.512 		17
v -35.25 		-189.436 		15
v 51.621 		-108.692 		2
v -35.423 		-189.3508 		15
v -41.782 		-201.633 		7
v -35.778 		-189.176 		15
v -41.692 		-201.674 		7
v -41.602 		-201.714 		7
v -41.422 		-201.79 		7
v -41.332 		-201.827 		7
v -41.242 		-201.862 		7
v -41.152 		-201.896 		7
v -41.062 		-201.929 		7
v -40.972 		-201.961 		7
v 143 		-111.593 		17
v 142.962 		-111.006 		17
v 51.526 		-108.547 		2
v -36.335 		-188.986 		15
v -41.505 		-200.262 		7
v -41.595 		-200.209 		7
v 142.062 		-102.996 		7
v 143.106 		-201.475 		0
v 142.925 		-201.565 		0
v 142.734 		-201.655 		0
v -41.685 		-200.155 		7
v 142.422 		-103.135 		6
v 142.529 		-201.745 		0
v -41.775 		-200.1 		7
v 142.31 		-201.835 		0
v 142.073 		-201.925 		0
v 141.813 		-202.015 		0
v -36.864 		-188.8808 		15
v 142.657 		-113.315 		17
v 142.847 		-112.758 		17
v 142.962 		-112.18 		17
v 142.242 		-103.064 		7
v 142.512 		-103.173 		6
v 51.42 		-108.415 		2
v -41.415 		-200.313 		7
v 142.07 		-114.332 		17
v 142.397 		-113.843 		17
v -36.705 		-191.414 		15
v 142.332 		-103.099 		7
v -41.325 		-200.363 		7
v -36.864 		-191.3596 		15
v 136.701 		-110.555 		17
v -41.235 		-200.412 		7
v 145.392 		-105.123 		0
v 51.306 		-108.298 		2
v -36.461 		-191.534 		15
v -41.145 		-200.459 		7
v 136.852 		-110.329 		17
v 141.522 		-202.105 		0
v 144.672 		-104.471 		0
v 141.19 		-202.195 		0
v 140.793 		-202.285 		0
v 141.605 		-104.209 		7
v -41.055 		-200.505 		7
v 141.605 		-104.209 		6
v 141.695 		-104.249 		6
v 137.031 		-110.124 		17
v -36.235 		-191.685 		15
v 141.695 		-104.249 		7
v -40.965 		-200.55 		7
v 144.762 		-104.545 		0
v 137.236 		-109.945 		17
v 141.425 		-104.133 		7
v 141.425 		-104.133 		6
v -36.031 		-191.864 		15
v 144.852 		-104.621 		0
v -41.955 		-199.984 		7
v 137.462 		-109.794 		17
v 141.335 		-104.096 		7
v -35.852 		-192.068 		15
v 144.942 		-104.699 		0
v 141.335 		-104.096 		6
v 137.705 		-109.674 		17
v 145.032 		-104.779 		0
v -35.701 		-192.294 		15
v 137.962 		-109.587 		17
v 145.122 		-104.862 		0
v 138.229 		-109.534 		17
v 142.055 		-104.42 		7
v -35.5938 		-192.512 		15
v 145.212 		-104.946 		0
v 142.055 		-104.42 		6
v 138.5 		-109.516 		17
v 145.302 		-105.033 		0
v -40.515 		-200.755 		7
v 138.771 		-109.534 		17
v -40.425 		-200.793 		7
v 139.038 		-109.587 		17
v -40.335 		-200.829 		7
v 144.042 		-104.004 		0
v 144.132 		-104.066 		0
v -40.245 		-200.864 		7
v 143.772 		-103.828 		0
v -40.065 		-200.932 		7
v 143.862 		-103.885 		0
v -39.975 		-200.964 		7
v 138.5 		-107.093 		17
v 137.913 		-107.131 		17
v 143.952 		-103.944 		0
v 137.335 		-107.246 		17
v 136.778 		-107.436 		17
v 139.087 		-107.131 		17
v 141.875 		-104.332 		7
v 141.875 		-104.332 		6
v 140.272 		-202.375 		0
v 141.785 		-104.29 		7
v 141.785 		-104.29 		6
v 136.25 		-107.696 		17
v 135.761 		-108.023 		17
v 135.318 		-108.411 		17
v 134.93 		-108.854 		17
v 134.603 		-109.343 		17
v 134.343 		-109.871 		17
v 134.153 		-110.428 		17
v -34.4242 		-196.608 		15
v -34.318 		-196.515 		15
v -40.882 		-201.992 		7
v 144.28 		-200.755 		0
v -40.792 		-202.022 		7
v 137.705 		-113.512 		17
v -40.702 		-202.051 		7
v 137.462 		-113.392 		17
v 144.154 		-200.845 		0
v 144.022 		-200.935 		0
v 143.412 		-103.615 		0
v 143.886 		-201.025 		0
v -33.93 		-196.072 		15
v 143.744 		-201.115 		0
v -40.612 		-202.079 		7
v 143.595 		-201.205 		0
v -40.432 		-202.131 		7
v 143.44 		-201.295 		0
v -40.342 		-202.156 		7
v -40.252 		-202.18 		7
v -40.072 		-202.224 		7
v -39.982 		-202.245 		7
v 137.236 		-113.241 		17
v -33.603 		-195.583 		15
v -39.705 		-201.053 		7
v 137.031 		-113.062 		17
v -39.795 		-201.024 		7
v 142.872 		-103.335 		7
v -33.5178 		-195.41 		15
v -33.343 		-195.055 		15
v 142.692 		-103.251 		7
v 136.852 		-112.857 		17
v 145.34 		-199.855 		0
v 145.248 		-199.945 		0
v 145.153 		-200.035 		0
v 145.056 		-200.125 		0
v -39.165 		-201.205 		7
v 144.955 		-200.215 		0
v -33.153 		-194.498 		15
v 144.852 		-200.305 		0
v 144.745 		-200.395 		0
v 144.635 		-200.485 		0
v -39.255 		-201.182 		7
v 144.52 		-200.575 		0
v 144.402 		-200.665 		0
v -39.075 		-201.227 		7
v -33.038 		-193.92 		15
v 139.038 		-113.599 		17
v -33 		-193.333 		15
v 138.771 		-113.652 		17
v -39.615 		-201.081 		7
v 146.334 		-198.685 		0
v -33.038 		-192.746 		15
v 146.269 		-198.775 		0
v 138.5 		-113.67 		17
v 146.202 		-198.865 		0
v 146.134 		-198.955 		0
v 146.064 		-199.045 		0
v -39.525 		-201.108 		7
v 145.992 		-199.135 		0
v 145.918 		-199.225 		0
v 145.842 		-199.315 		0
v 145.764 		-199.405 		0
v 145.684 		-199.495 		0
v 145.601 		-199.585 		0
v 138.229 		-113.652 		17
v 145.517 		-199.675 		0
v 145.43 		-199.765 		0
v -39.345 		-201.158 		7
v 142.962 		-103.378 		7
v 137.962 		-113.599 		17
v -35.581 		-192.538 		15
v 136.701 		-112.631 		17
v 142.422 		-103.135 		7
v 136.581 		-112.388 		17
v 146.848 		-197.875 		0
v 142.512 		-103.173 		7
v 146.797 		-197.965 		0
v 146.744 		-198.055 		0
v 146.69 		-198.145 		0
v -39.892 		-202.265 		7
v -39.712 		-202.301 		7
v 146.634 		-198.235 		0
v 136.494 		-112.131 		17
v 146.577 		-198.325 		0
v 146.519 		-198.415 		0
v 146.459 		-198.505 		0
v -35.493 		-192.795 		15
v 146.397 		-198.595 		0
v -39.622 		-202.318 		7
v -39.532 		-202.334 		7
v -39.352 		-202.364 		7
v -39.262 		-202.377 		7
v -39.172 		-202.389 		7
v -38.992 		-202.411 		7
v 136.441 		-111.864 		17
v -38.715 		-201.304 		7
v -38.805 		-201.286 		7
v -35.44 		-193.062 		15
v 136.423 		-111.593 		17
v 139.0302 		-202.463 		6
v -38.625 		-201.321 		7
v 138.995 		-103.512 		7
v 138.995 		-103.512 		6
v 136.441 		-111.322 		17
v -38.535 		-201.337 		7
v 138.545 		-103.474 		7
v 136.494 		-111.055 		17
v 139.264 		-202.4464 		6
v -35.423 		-193.333 		15
v -38.445 		-201.352 		7
v 136.581 		-110.798 		17
v -38.085 		-201.403 		7
v -38.265 		-201.379 		7
v 140.793 		-202.285 		6
v 140.272 		-202.375 		6
v -35.44 		-193.604 		15
v -38.355 		-201.366 		7
v -38.895 		-201.267 		7
v -35.493 		-193.871 		15
v 143.502 		-103.666 		0
v 143.682 		-103.773 		0
v -35.581 		-194.128 		15
v 143.592 		-103.719 		0
v -35.701 		-194.372 		15
v 134.039 		-111.006 		17
v 134 		-111.593 		17
v 134.039 		-112.18 		17
v 138.545 		-103.474 		6
v 134.153 		-112.758 		17
v 134.343 		-113.315 		17
v 138.635 		-103.48 		6
v 134.603 		-113.843 		17
v 138.635 		-103.48 		7
v 134.93 		-114.332 		17
v 143.36 		-201.3392 		6
v 143.277 		-201.385 		6
v -35.852 		-194.598 		15
v 144.222 		-104.129 		0
v 143.125 		-201.465 		6
v 143.106 		-201.475 		6
v 140.222 		-115.75 		17
v 140.75 		-115.49 		17
v 141.239 		-115.163 		17
v 141.682 		-114.775 		17
v -36.031 		-194.802 		15
v 135.318 		-114.775 		17
v 135.761 		-115.163 		17
v 144.312 		-104.194 		0
v 136.25 		-115.49 		17
v 136.778 		-115.75 		17
v 137.335 		-115.94 		17
v 137.913 		-116.055 		17
v 138.5 		-116.093 		17
v 139.087 		-116.055 		17
v 139.665 		-115.94 		17
v -36.235 		-194.981 		15
v 144.492 		-104.329 		0
v 144.582 		-104.399 		0
v 138.815 		-103.494 		7
v 138.815 		-103.494 		6
v -36.461 		-195.132 		15
v -38.812 		-202.429 		7
v -38.632 		-202.443 		7
v -38.542 		-202.449 		7
v -38.452 		-202.454 		7
v -38.362 		-202.458 		7
v -38.272 		-202.461 		7
v 138.455 		-103.469 		7
v 144.402 		-104.26 		0
v -38.182 		-202.463 		7
v 138.455 		-103.469 		6
v -40.695 		-200.677 		7
v -36.705 		-195.252 		15
v 138.365 		-103.465 		7
v 138.365 		-103.465 		6
v -40.875 		-200.593 		7
v 138.275 		-103.462 		7
v 138.275 		-103.462 		6
v 138.185 		-103.46 		7
v 138.185 		-103.46 		6
v -36.864 		-195.3064 		15
v -37.545 		-201.452 		7
v -37.635 		-201.446 		7
v 142.925 		-201.565 		6
v -37.23 		-201.465 		7
v -37.275 		-201.464 		7
v -37.725 		-201.439 		7
v 142.734 		-201.655 		6
v 142.8796 		-110.592 		6
v 142.847 		-110.428 		6
v 142.847 		-110.428 		7
v 142.8796 		-110.592 		7
v -37.455 		-201.457 		7
v 142.529 		-201.745 		6
v -37.365 		-201.461 		7
v 142.657 		-109.871 		6
v 142.657 		-109.871 		7
v 142.31 		-201.835 		6
v 142.397 		-109.343 		6
v 142.073 		-201.925 		6
v 142.397 		-109.343 		7
v -37.905 		-201.423 		7
v 141.813 		-202.015 		6
v 142.07 		-108.854 		6
v 142.07 		-108.854 		7
v 141.522 		-202.105 		6
v 141.19 		-202.195 		6
v -40.972 		-201.961 		0
v -41.062 		-201.929 		0
v -41.152 		-201.896 		0
v -41.242 		-201.862 		0
v -41.332 		-201.827 		0
v -41.422 		-201.79 		0
v -41.602 		-201.714 		0
v -41.692 		-201.674 		0
v -41.782 		-201.633 		0
v -41.872 		-201.591 		0
v -39.982 		-202.245 		0
v -40.072 		-202.224 		0
v -40.252 		-202.18 		0
v -40.342 		-202.156 		0
v -40.432 		-202.131 		0
v -40.612 		-202.079 		0
v -40.702 		-202.051 		0
v -40.792 		-202.022 		0
v -40.882 		-201.992 		0
v 141.682 		-108.411 		6
v 141.682 		-108.411 		7
v 145.482 		-105.215 		0
v -38.992 		-202.411 		0
v -39.172 		-202.389 		0
v -39.262 		-202.377 		0
v -39.352 		-202.364 		0
v -39.532 		-202.334 		0
v -39.622 		-202.318 		0
v -39.712 		-202.301 		0
v -39.892 		-202.265 		0
v 145.572 		-105.309 		0
v 145.662 		-105.407 		0
v -38.182 		-202.463 		0
v -38.272 		-202.461 		0
v -38.362 		-202.458 		0
v -38.452 		-202.454 		0
v -38.542 		-202.449 		0
v -38.632 		-202.443 		0
v -38.812 		-202.429 		0
v 145.752 		-105.507 		0
v 145.842 		-105.611 		0
v -36.913 		-188.871 		15
v 145.932 		-105.718 		0
v -37.5 		-188.833 		15
v 146.022 		-105.828 		0
v -38.087 		-188.871 		15
v 146.292 		-106.182 		0
v 39.998 		-202.463 		0
v 146.382 		-106.309 		0
v -38.665 		-188.986 		15
v 61.003 		-202.463 		0
v 146.472 		-106.441 		0
v -39.222 		-189.176 		15
v 141.239 		-108.023 		6
v -39.578 		-189.3513 		15
v 141.239 		-108.023 		7
v 146.112 		-105.943 		0
v -38.182 		-202.463 		6
v 140.75 		-107.696 		6
v -39.75 		-189.436 		15
v 140.75 		-107.696 		7
v 146.202 		-106.06 		0
v 140.222 		-107.436 		6
v -40.239 		-189.763 		15
v 140.222 		-107.436 		7
v 61.003 		-202.463 		2
v 39.998 		-202.463 		2
v -40.682 		-190.151 		15
v -40.96 		-190.4684 		15
v -40.96 		-196.1976 		15
v -40.682 		-196.515 		15
v -40.5758 		-196.608 		15
v -37.771 		-195.393 		15
v -37.5 		-195.41 		15
v -38.038 		-195.34 		15
v -38.295 		-195.252 		15
v -38.539 		-195.132 		15
v 139.665 		-107.246 		6
v 139.665 		-107.246 		7
v 139.264 		-107.1662 		6
v 139.264 		-107.1662 		7
v 141.7582 		-114.688 		6
v 142.07 		-114.332 		6
v 142.07 		-114.332 		7
v 141.7582 		-114.688 		7
v 142.397 		-113.843 		6
v 142.397 		-113.843 		7
v 142.657 		-113.315 		6
v 142.657 		-113.315 		7
v 142.4822 		-113.67 		7
v 142.847 		-112.758 		6
v 142.847 		-112.758 		7
v 142.962 		-112.18 		6
v 142.962 		-112.18 		7
v 143 		-111.593 		6
v 143 		-111.593 		7
v 142.962 		-111.006 		6
v 142.962 		-111.006 		7
v 142.9915 		-111.461 		6
v 139.087 		-107.131 		6
v 139.087 		-107.131 		7
v 139.002 		-107.1255 		6
v 138.5 		-107.093 		6
v 138.5 		-107.093 		7
v -38.765 		-194.981 		15
v 137.913 		-107.131 		6
v 137.913 		-107.131 		7
v 137.335 		-107.246 		6
v -38.969 		-194.802 		15
v 137.335 		-107.246 		7
v 136.778 		-107.436 		6
v 136.778 		-107.436 		7
v 136.25 		-107.696 		6
v 136.25 		-107.696 		7
v 136.423 		-107.6108 		7
v 135.761 		-108.023 		6
v 135.761 		-108.023 		7
v -39.148 		-194.598 		15
v 135.318 		-108.411 		6
v 135.318 		-108.411 		7
v -39.1734 		-194.56 		15
v 134.93 		-108.854 		6
v 134.93 		-108.854 		7
v 134.603 		-109.343 		6
v 134.603 		-109.343 		7
v 134.343 		-109.871 		6
v 134.343 		-109.871 		7
v -36.962 		-195.34 		15
v 134.153 		-110.428 		6
v 134.153 		-110.428 		7
v -37.229 		-195.393 		15
v -39.299 		-194.372 		15
v -39.419 		-194.128 		15
v 134.1207 		-110.592 		6
v 134.1207 		-110.592 		7
v -39.507 		-193.871 		15
v 134.039 		-111.006 		6
v 134.039 		-111.006 		7
v 134 		-111.593 		6
v -39.56 		-193.604 		15
v 134 		-111.593 		7
v 134.039 		-112.18 		6
v 134.039 		-112.18 		7
v 134.153 		-112.758 		6
v 134.153 		-112.758 		7
v -39.578 		-193.333 		15
v 134.343 		-113.315 		6
v 134.343 		-113.315 		7
v -39.56 		-193.062 		15
v 134.603 		-113.843 		6
v 134.603 		-113.843 		7
v 134.93 		-114.332 		6
v 134.93 		-114.332 		7
v -39.507 		-192.795 		15
v 135.2418 		-114.688 		6
v 135.2418 		-114.688 		7
v 136.778 		-115.75 		7
v 136.778 		-115.75 		6
v 137.335 		-115.94 		6
v 137.335 		-115.94 		7
v 137.913 		-116.055 		6
v 137.913 		-116.055 		7
v -39.419 		-192.538 		15
v -39.4062 		-192.512 		15
v -39.299 		-192.294 		15
v -39.148 		-192.068 		15
v -38.969 		-191.864 		15
v -41.984 		-201.5362 		6
v 138.5 		-116.093 		6
v 138.5 		-116.093 		7
v -38.765 		-191.685 		15
v -41.782 		-201.633 		6
v -41.692 		-201.674 		6
v -38.539 		-191.534 		15
v -41.872 		-201.591 		6
v -38.295 		-191.414 		15
v -40.972 		-201.961 		6
v -40.96 		-201.9651 		6
v -38.038 		-191.326 		15
v -41.062 		-201.929 		6
v -41.152 		-201.896 		6
v -37.771 		-191.273 		15
v -41.242 		-201.862 		6
v -37.5 		-191.256 		15
v -41.332 		-201.827 		6
v -41.422 		-201.79 		6
v -41.602 		-201.714 		6
v -37.229 		-191.273 		15
v 139.002 		-116.0605 		6
v 139.087 		-116.055 		6
v 139.087 		-116.055 		7
v 139.665 		-115.94 		6
v -36.962 		-191.326 		15
v 139.665 		-115.94 		7
v 140.222 		-115.75 		6
v 140.222 		-115.75 		7
v 140.75 		-115.49 		6
v 140.75 		-115.49 		7
v 141.239 		-115.163 		6
v 141.239 		-115.163 		7
v 141.682 		-114.775 		6
v 141.682 		-114.775 		7
v 135.318 		-114.775 		6
v 135.318 		-114.775 		7
v 135.761 		-115.163 		6
v 135.761 		-115.163 		7
v 136.25 		-115.49 		6
v 136.25 		-115.49 		7
v 145.2303 		-197.833 		6
v 145.272 		-197.777 		6
v 145.4 		-197.597 		6
v 145.408 		-197.5852 		6
v 145.9955 		-196.608 		6
v 145.461 		-197.507 		6
v 145.521 		-197.417 		6
v 145.58 		-197.327 		6
v 145.637 		-197.237 		6
v 145.692 		-197.147 		6
v 145.746 		-197.057 		6
v 145.799 		-196.967 		6
v 145.85 		-196.877 		6
v 145.9 		-196.787 		6
v 145.949 		-196.697 		6
v 146.9413 		-193.536 		6
v 146.7584 		-194.56 		6
v 146.764 		-194.537 		6
v 146.804 		-194.357 		6
v 146.823 		-194.267 		6
v 146.841 		-194.177 		6
v 146.858 		-194.087 		6
v 146.874 		-193.997 		6
v 146.889 		-193.907 		6
v 146.903 		-193.817 		6
v 146.929 		-193.637 		6
v 146.4481 		-195.584 		6
v 146.469 		-195.527 		6
v 146.501 		-195.437 		6
v 146.532 		-195.347 		6
v 146.562 		-195.257 		6
v 146.591 		-195.167 		6
v 146.645 		-194.987 		6
v 146.671 		-194.897 		6
v 146.719 		-194.717 		6
v 146.742 		-194.627 		6
v 145.996 		-196.607 		6
v 146.042 		-196.517 		6
v 146.087 		-196.427 		6
v 146.109 		-196.382 		6
v 146.172 		-196.247 		6
v 146.214 		-196.157 		6
v 146.292 		-195.977 		6
v 146.33 		-195.887 		6
v 146.402 		-195.707 		6
v 146.436 		-195.617 		6
v 146.131 		-196.337 		6
v -41.07 		-190.594 		15
v -33 		-111.593 		6
v -41.397 		-191.083 		15
v -41.657 		-191.611 		15
v -41.847 		-192.168 		15
v -41.962 		-192.746 		15
v -42 		-193.333 		15
v -41.962 		-193.92 		15
v -41.847 		-194.498 		15
v 139.295 		-191.414 		17
v -40.96 		-104.374 		6
v 144.28 		-200.755 		6
v -41.108 		-104.448 		6
v 144.154 		-200.845 		6
v -41.279 		-104.538 		6
v -41.442 		-104.628 		6
v -41.597 		-104.718 		6
v -41.746 		-104.808 		6
v 139.539 		-191.534 		17
v -41.888 		-104.898 		6
v 144.022 		-200.935 		6
v 139.765 		-191.685 		17
v 143.886 		-201.025 		6
v 143.744 		-201.115 		6
v 143.595 		-201.205 		6
v -38.002 		-103.5287 		6
v -38.274 		-103.548 		6
v -38.796 		-103.638 		6
v -39.193 		-103.728 		6
v -39.525 		-103.818 		6
v -39.815 		-103.908 		6
v -40.075 		-103.998 		6
v 139.969 		-191.864 		17
v -40.313 		-104.088 		6
v -40.532 		-104.178 		6
v -40.736 		-104.268 		6
v -40.928 		-104.358 		6
v 140.148 		-192.068 		17
v 140.299 		-192.294 		17
v -41.657 		-195.055 		15
v -41.397 		-195.583 		15
v -37.0332 		-103.46 		6
v -41.07 		-196.072 		15
v -37.5 		-107.093 		6
v -33.153 		-110.428 		6
v -33.1204 		-110.592 		6
v -33.343 		-109.871 		6
v -37.5 		-197.833 		15
v -33.603 		-109.343 		6
v -36.913 		-197.795 		15
v -33.93 		-108.854 		6
v -36.335 		-197.68 		15
v -34.318 		-108.411 		6
v -35.778 		-197.49 		15
v -34.761 		-108.023 		6
v -35.25 		-197.23 		15
v -35.25 		-107.696 		6
v -34.761 		-196.903 		15
v -35.778 		-107.436 		6
v -36.335 		-107.246 		6
v 143.44 		-201.295 		6
v -40.239 		-196.903 		15
v -39.75 		-197.23 		15
v -39.222 		-197.49 		15
v 144.3491 		-200.704 		6
v -38.665 		-197.68 		15
v -38.087 		-197.795 		15
v 145.34 		-199.855 		6
v 145.248 		-199.945 		6
v 145.408 		-199.787 		6
v -33.0846 		-192.512 		14
v -33.153 		-192.168 		14
v 145.153 		-200.035 		6
v 145.056 		-200.125 		6
v -33.343 		-191.611 		14
v 144.955 		-200.215 		6
v -33.603 		-191.083 		14
v 144.852 		-200.305 		6
v -33.93 		-190.594 		14
v 144.745 		-200.395 		6
v -36.864 		-107.1407 		6
v -34.318 		-190.151 		14
v -33.93 		-114.332 		6
v 144.635 		-200.485 		6
v -34.2418 		-114.688 		6
v -34.761 		-189.763 		14
v -33.603 		-113.843 		6
v 144.52 		-200.575 		6
v -35.25 		-189.436 		14
v -33.343 		-113.315 		6
v -33.153 		-112.758 		6
v 144.402 		-200.665 		6
v -35.423 		-189.3508 		14
v -35.778 		-189.176 		14
v -33.038 		-112.18 		6
v -33.038 		-111.006 		6
v 146.064 		-199.045 		6
v 145.992 		-199.135 		6
v -36.335 		-188.986 		14
v 140.222 		-189.176 		17
v -36.913 		-107.131 		6
v 139.665 		-188.986 		17
v -38.002 		-107.1255 		6
v -38.087 		-107.131 		6
v 142.847 		-192.168 		17
v 142.657 		-191.611 		17
v 142.397 		-191.083 		17
v 142.07 		-190.594 		17
v 141.682 		-190.151 		17
v 141.239 		-189.763 		17
v 140.75 		-189.436 		17
v -38.665 		-107.246 		6
v 140.419 		-192.538 		17
v 140.507 		-192.795 		17
v -36.864 		-188.8808 		14
v 140.56 		-193.062 		17
v 140.578 		-193.333 		17
v -36.705 		-191.414 		14
v 140.56 		-193.604 		17
v 140.507 		-193.871 		17
v -39.222 		-107.436 		6
v -39.75 		-107.696 		6
v 140.419 		-194.128 		17
v -36.461 		-191.534 		14
v -40.239 		-108.023 		6
v 140.299 		-194.372 		17
v -40.682 		-108.411 		6
v -36.235 		-191.685 		14
v 139.295 		-109.674 		7.998
v 140.148 		-194.598 		17
v -40.96 		-108.7284 		6
v 139.969 		-194.802 		17
v -40.7582 		-114.688 		6
v -40.96 		-114.4576 		6
v -36.031 		-191.864 		14
v 139.538 		-109.794 		7.998
v 139.765 		-194.981 		17
v -40.252 		-202.18 		6
v -40.342 		-202.156 		6
v 139.539 		-195.132 		17
v 139.764 		-109.945 		7.998
v -35.852 		-192.068 		14
v -40.432 		-202.131 		6
v -41.07 		-108.854 		6
v -40.612 		-202.079 		6
v 139.969 		-110.124 		7.998
v 139.295 		-195.252 		17
v -35.701 		-192.294 		14
v 145.918 		-199.225 		6
v -41.397 		-109.343 		6
v 140.148 		-110.329 		7.998
v 145.842 		-199.315 		6
v 140.299 		-110.555 		7.998
v 143 		-193.333 		17
v 142.962 		-192.746 		17
v -35.5938 		-192.512 		14
v 145.764 		-199.405 		6
v 142.657 		-195.055 		17
v 142.847 		-194.498 		17
v 142.962 		-193.92 		17
v 145.684 		-199.495 		6
v -34.318 		-196.515 		14
v 141.682 		-196.515 		17
v 142.07 		-196.072 		17
v 142.397 		-195.583 		17
v 145.601 		-199.585 		6
v -33.93 		-196.072 		14
v 136.701 		-192.294 		17
v -41.657 		-109.871 		6
v 145.517 		-199.675 		6
v -33.603 		-195.583 		14
v 136.852 		-192.068 		17
v -41.847 		-110.428 		6
v 145.43 		-199.765 		6
v -33.5178 		-195.41 		14
v -33.343 		-195.055 		14
v -41.962 		-111.006 		6
v 137.031 		-191.864 		17
v 137.235 		-191.685 		17
v -33.153 		-194.498 		14
v 146.134 		-198.955 		6
v 137.461 		-191.534 		17
v -33.038 		-193.92 		14
v 137.705 		-191.414 		17
v -41.962 		-112.18 		6
v -33 		-193.333 		14
v 146.3543 		-198.656 		6
v -41.847 		-112.758 		6
v 146.334 		-198.685 		6
v -40.702 		-202.051 		6
v 137.962 		-191.326 		17
v -33.038 		-192.746 		14
v 138.229 		-191.273 		17
v 146.269 		-198.775 		6
v -39.936 		-202.2552 		6
v -39.982 		-202.245 		6
v 146.202 		-198.865 		6
v -40.072 		-202.224 		6
v -35.581 		-192.538 		14
v -40.792 		-202.022 		6
v -40.882 		-201.992 		6
v -35.493 		-192.795 		14
v -41.657 		-113.315 		6
v -41.397 		-113.843 		6
v -41.07 		-114.332 		6
v 138.5 		-191.256 		17
v -38.992 		-202.411 		6
v 138.771 		-191.273 		17
v -38.912 		-202.419 		6
v -36.913 		-116.055 		6
v 139.038 		-191.326 		17
v -39.712 		-202.301 		6
v -39.892 		-202.265 		6
v -36.335 		-115.94 		6
v -35.778 		-115.75 		6
v -39.262 		-202.377 		6
v -39.352 		-202.364 		6
v -35.25 		-115.49 		6
v -35.44 		-193.062 		14
v 138.5 		-188.833 		17
v 137.913 		-188.871 		17
v 137.335 		-188.986 		17
v 136.778 		-189.176 		17
v 139.087 		-188.871 		17
v -39.532 		-202.334 		6
v -39.172 		-202.389 		6
v 146.459 		-198.505 		6
v 146.397 		-198.595 		6
v 136.25 		-189.436 		17
v 135.761 		-189.763 		17
v 146.634 		-198.235 		6
v 135.318 		-190.151 		17
v 134.93 		-190.594 		17
v -39.622 		-202.318 		6
v 134.603 		-191.083 		17
v -35.423 		-193.333 		14
v 134.343 		-191.611 		17
v 134.153 		-192.168 		17
v 138.5 		-195.41 		17
v 138.229 		-195.393 		17
v -35.44 		-193.604 		14
v -38.272 		-202.461 		6
v 137.962 		-195.34 		17
v -35.493 		-193.871 		14
v 137.705 		-195.252 		17
v -38.362 		-202.458 		6
v 137.461 		-195.132 		17
v -38.452 		-202.454 		6
v -35.581 		-194.128 		14
v -34.761 		-115.163 		6
v -38.542 		-202.449 		6
v 137.235 		-194.981 		17
v 146.577 		-198.325 		6
v -34.318 		-114.775 		6
v -38.632 		-202.443 		6
v -38.812 		-202.429 		6
v 137.031 		-194.802 		17
v 146.519 		-198.415 		6
v 136.852 		-194.598 		17
v -40.682 		-114.775 		6
v -40.239 		-115.163 		6
v 139.038 		-195.34 		17
v 61.003 		-201.465 		6
v 146.8713 		-197.833 		6
v 61.003 		-201.465 		4.998
v -39.75 		-115.49 		6
v 146.848 		-197.875 		6
v 39.998 		-201.465 		4.998
v 39.998 		-201.465 		6
v 138.771 		-195.393 		17
v -39.222 		-115.75 		6
v 146.797 		-197.965 		6
v -38.665 		-115.94 		6
v 146.744 		-198.055 		6
v 136.701 		-194.372 		17
v 146.69 		-198.145 		6
v -38.087 		-116.055 		6
v 136.581 		-194.128 		17
v 136.493 		-193.871 		17
v -38.002 		-116.0605 		6
v 136.44 		-193.604 		17
v 136.423 		-193.333 		17
v 136.44 		-193.062 		17
v 140.419 		-110.798 		7.998
v 136.493 		-192.795 		17
v 139.002 		-201.3973 		6
v 139.264 		-201.3787 		6
v 136.581 		-192.538 		17
v -38.0443 		-102.463 		7
v 140.506 		-111.055 		7.998
v -41.925 		-103.36 		7
v 140.559 		-111.322 		7.998
v -40.96 		-200.5524 		6
v -41.955 		-199.984 		6
v -41.775 		-200.1 		6
v -41.685 		-200.155 		6
v -41.595 		-200.209 		6
v -41.505 		-200.262 		6
v -41.415 		-200.313 		6
v -41.325 		-200.363 		6
v -41.235 		-200.412 		6
v -41.734 		-103.27 		7
v -41.145 		-200.459 		6
v -41.055 		-200.505 		6
v -40.965 		-200.55 		6
v 140.577 		-111.593 		7.998
v -41.529 		-103.18 		7
v 140.559 		-111.864 		7.998
v -41.31 		-103.09 		7
v 141.6317 		-200.704 		6
v 134.039 		-192.746 		17
v 141.736 		-200.658 		6
v 134 		-193.333 		17
v 134.039 		-193.92 		17
v 140.506 		-112.131 		7.998
v 141.928 		-200.568 		6
v 134.153 		-194.498 		17
v 134.343 		-195.055 		17
v 134.603 		-195.583 		17
v 142.108 		-200.478 		6
v 134.93 		-196.072 		17
v 135.318 		-196.515 		17
v 142.279 		-200.388 		6
v 142.442 		-200.298 		6
v 142.597 		-200.208 		6
v 142.746 		-200.118 		6
v 142.888 		-200.028 		6
v 143.025 		-199.938 		6
v 143.156 		-199.848 		6
v 140.419 		-112.388 		7.998
v 143.283 		-199.758 		6
v 143.36 		-199.7012 		6
v -41.073 		-103 		7
v 139.665 		-197.68 		17
v 140.222 		-197.49 		17
v 140.75 		-197.23 		17
v -39.936 		-200.977 		6
v 141.239 		-196.903 		17
v -40.6327 		-200.704 		6
v 140.299 		-112.631 		7.998
v 135.761 		-196.903 		17
v -40.515 		-200.755 		6
v 136.25 		-197.23 		17
v 136.778 		-197.49 		17
v -40.425 		-200.793 		6
v 137.335 		-197.68 		17
v -40.335 		-200.829 		6
v 137.913 		-197.795 		17
v -40.245 		-200.864 		6
v 138.5 		-197.833 		17
v 139.087 		-197.795 		17
v -40.065 		-200.932 		6
v -39.975 		-200.964 		6
v 140.148 		-112.857 		7.998
v 139.274 		-201.378 		6
v 139.796 		-201.288 		6
v 140.193 		-201.198 		6
v 140.525 		-201.108 		6
v 140.815 		-201.018 		6
v 139.969 		-113.062 		7.998
v 141.075 		-200.928 		6
v 141.313 		-200.838 		6
v 141.532 		-200.748 		6
v -41.108 		-104.448 		7
v 139.764 		-113.241 		7.998
v -41.279 		-104.538 		7
v -39.795 		-201.024 		6
v -39.705 		-201.053 		6
v -39.615 		-201.081 		6
v -39.525 		-201.108 		6
v -39.345 		-201.158 		6
v -39.255 		-201.182 		6
v 139.538 		-113.392 		7.998
v -39.165 		-201.205 		6
v -39.075 		-201.227 		6
v -41.442 		-104.628 		7
v -38.912 		-201.2632 		6
v 139.295 		-113.512 		7.998
v 144.5388 		-198.656 		6
v -41.597 		-104.718 		7
v 143.405 		-199.668 		6
v 143.523 		-199.578 		6
v 143.637 		-199.488 		6
v 143.747 		-199.398 		6
v 143.854 		-199.308 		6
v 143.958 		-199.218 		6
v 144.058 		-199.128 		6
v 144.156 		-199.038 		6
v 144.25 		-198.948 		6
v 144.343 		-198.858 		6
v -38.002 		-201.4122 		6
v 144.432 		-198.768 		6
v 144.519 		-198.677 		6
v -38.895 		-201.267 		6
v -38.805 		-201.286 		6
v -38.715 		-201.304 		6
v -38.625 		-201.321 		6
v -38.535 		-201.337 		6
v -38.445 		-201.352 		6
v -38.355 		-201.366 		6
v -38.265 		-201.379 		6
v -38.085 		-201.403 		6
v 144.604 		-198.587 		6
v 144.686 		-198.497 		6
v 144.766 		-198.407 		6
v 144.844 		-198.317 		6
v 144.92 		-198.227 		6
v -40.875 		-200.593 		6
v -40.695 		-200.677 		6
v 144.994 		-198.137 		6
v 145.066 		-198.047 		6
v 145.137 		-197.957 		6
v 145.205 		-197.867 		6
v 138.0473 		-201.465 		6
v -41.746 		-104.808 		7
v -37.23 		-201.465 		6
v -37.888 		-201.4245 		6
v -37.725 		-201.439 		6
v -37.635 		-201.446 		6
v -37.545 		-201.452 		6
v -37.455 		-201.457 		6
v -37.365 		-201.461 		6
v -41.888 		-104.898 		7
v -37.275 		-201.464 		6
v -37.905 		-201.423 		6
v -39.793 		-102.64 		7
v -39.272 		-102.55 		7
v -40.813 		-102.91 		7
v -40.522 		-102.82 		7
v -35.701 		-194.372 		14
v -35.852 		-194.598 		14
v -36.031 		-194.802 		14
v -36.235 		-194.981 		14
v -36.461 		-195.132 		14
v -36.705 		-195.252 		14
v -36.864 		-195.3064 		14
v -40.19 		-102.73 		7
v -36.913 		-188.871 		14
v -39.193 		-103.728 		7
v -38.796 		-103.638 		7
v -37.5 		-188.833 		14
v -39.525 		-103.818 		7
v -38.087 		-188.871 		14
v -39.815 		-103.908 		7
v -38.665 		-188.986 		14
v -40.075 		-103.998 		7
v -39.222 		-189.176 		14
v -40.313 		-104.088 		7
v -39.578 		-189.3513 		14
v -40.532 		-104.178 		7
v -39.75 		-189.436 		14
v -40.736 		-104.268 		7
v -40.239 		-189.763 		14
v -40.928 		-104.358 		7
v -40.682 		-190.151 		14
v -38.274 		-103.548 		7
v -40.682 		-196.515 		14
v -37.0332 		-103.46 		7
v -37.771 		-195.393 		14
v -37.5 		-195.41 		14
v -33.153 		-110.428 		7
v -33.1204 		-110.592 		7
v -38.038 		-195.34 		14
v -33.343 		-109.871 		7
v -33.603 		-109.343 		7
v -38.295 		-195.252 		14
v -33.93 		-108.854 		7
v -38.539 		-195.132 		14
v -34.318 		-108.411 		7
v -34.761 		-108.023 		7
v -38.765 		-194.981 		14
v -35.25 		-107.696 		7
v -38.969 		-194.802 		14
v -35.778 		-107.436 		7
v -36.335 		-107.246 		7
v -39.148 		-194.598 		14
v -36.864 		-107.1407 		7
v -33.93 		-114.332 		7
v -34.2418 		-114.688 		7
v -33.603 		-113.843 		7
v -33.343 		-113.315 		7
v -33.5178 		-113.67 		7
v -33.153 		-112.758 		7
v -33.038 		-112.18 		7
v -33 		-111.593 		7
v -33.038 		-111.006 		7
v -36.913 		-107.131 		7
v -37.5 		-107.093 		7
v -38.087 		-107.131 		7
v -38.665 		-107.246 		7
v -39.1734 		-194.56 		14
v -36.962 		-195.34 		14
v -37.229 		-195.393 		14
v -39.299 		-194.372 		14
v 145.272 		-197.777 		7
v 145.4 		-197.597 		7
v 146.898 		-197.785 		7
v 145.799 		-196.967 		7
v 145.746 		-197.057 		7
v 145.692 		-197.147 		7
v 145.637 		-197.237 		7
v 145.85 		-196.877 		7
v 145.9 		-196.787 		7
v 145.949 		-196.697 		7
v 145.521 		-197.417 		7
v 145.461 		-197.507 		7
v 145.58 		-197.327 		7
v 146.994 		-197.605 		7
v 147.04 		-197.515 		7
v -39.222 		-107.436 		7
v -39.75 		-107.696 		7
v -39.578 		-107.6113 		7
v -40.239 		-108.023 		7
v -40.682 		-108.411 		7
v -40.96 		-108.7284 		7
v -40.7582 		-114.688 		7
v -40.96 		-114.4576 		7
v -41.07 		-108.854 		7
v -41.397 		-109.343 		7
v -41.657 		-109.871 		7
v -41.847 		-110.428 		7
v -41.962 		-111.006 		7
v 147.128 		-197.335 		7
v 147.17 		-197.245 		7
v 147.211 		-197.155 		7
v 147.251 		-197.065 		7
v 147.29 		-196.975 		7
v 147.364 		-196.795 		7
v 147.399 		-196.705 		7
v -42 		-111.593 		7
v -41.962 		-112.18 		7
v 148 		-193.675 		0
v -41.847 		-112.758 		7
v -41.657 		-113.315 		7
v -41.397 		-113.843 		7
v 49.057 		-195.161 		2
v -41.07 		-114.332 		7
v 49.078 		-195.355 		2
v 146.841 		-194.177 		7
v 146.823 		-194.267 		7
v -37.5 		-116.093 		7
v 49.112 		-195.546 		2
v -36.913 		-116.055 		7
v 146.858 		-194.087 		7
v -36.335 		-115.94 		7
v 146.874 		-193.997 		7
v 146.889 		-193.907 		7
v -35.778 		-115.75 		7
v 146.898 		-197.785 		0
v 146.929 		-193.637 		7
v -35.25 		-115.49 		7
v 146.764 		-194.537 		7
v -34.761 		-115.163 		7
v 146.903 		-193.817 		7
v 147.399 		-196.705 		0
v 147.364 		-196.795 		0
v 147.29 		-196.975 		0
v 147.251 		-197.065 		0
v 147.211 		-197.155 		0
v 147.17 		-197.245 		0
v 147.128 		-197.335 		0
v 147.04 		-197.515 		0
v 146.994 		-197.605 		0
v 49.16 		-195.73 		2
v -34.318 		-114.775 		7
v 49.221 		-195.908 		2
v -40.682 		-114.775 		7
v 147.717 		-195.715 		0
v -40.239 		-115.163 		7
v 147.693 		-195.805 		0
v 147.668 		-195.895 		0
v 147.616 		-196.075 		0
v 147.588 		-196.165 		0
v 147.559 		-196.255 		0
v 147.529 		-196.345 		0
v 147.467 		-196.525 		0
v 49.294 		-196.076 		2
v 147.872 		-194.995 		0
v -39.75 		-115.49 		7
v 147.886 		-194.905 		0
v 147.839 		-195.175 		0
v 147.821 		-195.265 		0
v 147.855 		-195.085 		0
v -39.222 		-115.75 		7
v 49.379 		-196.234 		2
v -38.665 		-115.94 		7
v 147.926 		-194.635 		0
v 147.914 		-194.725 		0
v 147.901 		-194.815 		0
v 147.802 		-195.355 		0
v 147.782 		-195.445 		0
v 147.761 		-195.535 		0
v -38.087 		-116.055 		7
v 49.474 		-196.379 		2
v 147.995 		-193.825 		0
v 147.991 		-193.915 		0
v 147.986 		-194.005 		0
v 147.974 		-194.185 		0
v 49.58 		-196.511 		2
v 147.958 		-194.365 		0
v 147.948 		-194.455 		0
v 136.701 		-110.555 		7.998
v 49.694 		-196.628 		2
v 136.852 		-110.329 		7.998
v 49.816 		-196.729 		2
v 146.804 		-194.357 		7
v 137.031 		-110.124 		7.998
v 49.945 		-196.813 		2
v 137.236 		-109.945 		7.998
v 50.079 		-196.879 		2
v 137.462 		-109.794 		7.998
v 50.217 		-196.927 		2
v 137.705 		-109.674 		7.998
v 137.962 		-109.587 		7.998
v 138.229 		-109.534 		7.998
v 138.5 		-109.516 		7.998
v 138.771 		-109.534 		7.998
v 139.038 		-109.587 		7.998
v 146.469 		-195.527 		7
v 146.501 		-195.437 		7
v 146.532 		-195.347 		7
v 146.591 		-195.167 		7
v 146.562 		-195.257 		7
v 146.742 		-194.627 		7
v 146.719 		-194.717 		7
v 146.645 		-194.987 		7
v 146.671 		-194.897 		7
v 146.292 		-195.977 		7
v 146.214 		-196.157 		7
v 146.33 		-195.887 		7
v 146.402 		-195.707 		7
v 146.436 		-195.617 		7
v 145.996 		-196.607 		7
v 146.042 		-196.517 		7
v 146.087 		-196.427 		7
v 146.131 		-196.337 		7
v 146.172 		-196.247 		7
v -33.153 		-110.428 		14
v -33.1204 		-110.592 		14
v -33.343 		-109.871 		14
v -33.603 		-109.343 		14
v -33.93 		-108.854 		14
v -34.318 		-108.411 		14
v -34.761 		-108.023 		14
v -35.25 		-107.696 		14
v -35.423 		-107.6108 		14
v -35.778 		-107.436 		14
v -36.335 		-107.246 		14
v -36.864 		-107.1407 		14
v -36.705 		-109.674 		7.998
v -36.461 		-109.794 		7.998
v -36.235 		-109.945 		7.998
v -36.031 		-110.124 		7.998
v -35.852 		-110.328 		7.998
v -35.701 		-110.554 		7.998
v -36.705 		-191.414 		7.998
v -36.461 		-191.534 		7.998
v -36.235 		-191.685 		7.998
v -36.031 		-191.864 		7.998
v -35.852 		-192.068 		7.998
v -35.701 		-192.294 		7.998
v -36.705 		-109.674 		14
v -36.461 		-109.794 		14
v -36.235 		-109.945 		14
v -36.031 		-110.124 		14
v -35.852 		-110.328 		14
v -35.701 		-110.554 		14
v -35.6823 		-110.592 		14
v -33.93 		-114.332 		14
v -33.603 		-113.843 		14
v -33.5178 		-113.67 		14
v -33.343 		-113.315 		14
v -33.153 		-112.758 		14
v -33.038 		-112.18 		14
v -33 		-111.593 		14
v -33.038 		-111.006 		14
v -35.581 		-110.798 		7.998
v -35.493 		-111.055 		7.998
v -35.44 		-111.322 		7.998
v -35.423 		-111.593 		7.998
v -35.44 		-111.864 		7.998
v -35.493 		-112.131 		7.998
v 137.705 		-113.512 		7.998
v 137.462 		-113.392 		7.998
v -35.581 		-112.388 		7.998
v 137.236 		-113.241 		7.998
v -35.701 		-112.632 		7.998
v 137.031 		-113.062 		7.998
v -35.852 		-112.858 		7.998
v 136.852 		-112.857 		7.998
v -36.031 		-113.062 		7.998
v -36.235 		-113.241 		7.998
v -36.461 		-113.392 		7.998
v 139.038 		-113.599 		7.998
v -36.705 		-113.512 		7.998
v 138.771 		-113.652 		7.998
v 138.5 		-113.67 		7.998
v 138.229 		-113.652 		7.998
v 137.962 		-113.599 		7.998
v 136.701 		-112.631 		7.998
v 136.581 		-112.388 		7.998
v 136.494 		-112.131 		7.998
v 136.441 		-111.864 		7.998
v -35.581 		-192.538 		7.998
v 136.423 		-111.593 		7.998
v -35.493 		-192.795 		7.998
v 136.441 		-111.322 		7.998
v -35.44 		-193.062 		7.998
v 136.494 		-111.055 		7.998
v -35.423 		-193.333 		7.998
v 136.581 		-110.798 		7.998
v -35.44 		-193.604 		7.998
v -35.493 		-193.871 		7.998
v -35.581 		-194.128 		7.998
v 146.9796 		-197.632 		6
v 146.898 		-197.785 		6
v -35.701 		-194.372 		7.998
v -35.852 		-194.598 		7.998
v -36.031 		-194.802 		7.998
v 147.17 		-197.245 		6
v 147.211 		-197.155 		6
v 147.128 		-197.335 		6
v -36.235 		-194.981 		7.998
v -36.461 		-195.132 		7.998
v 147.04 		-197.515 		6
v -36.705 		-195.252 		7.998
v 147.003 		-197.5874 		6
v 146.994 		-197.605 		6
v -35.581 		-110.798 		14
v 147.399 		-196.705 		6
v -35.493 		-111.055 		14
v 147.4356 		-196.608 		6
v 147.364 		-196.795 		6
v -35.44 		-111.322 		14
v 147.29 		-196.975 		6
v -35.423 		-111.593 		14
v 147.251 		-197.065 		6
v -35.44 		-111.864 		14
v -35.493 		-112.131 		14
v -35.581 		-112.388 		14
v -35.701 		-112.632 		14
v -35.852 		-112.858 		14
v -36.031 		-113.062 		14
v -36.235 		-113.241 		14
v -36.461 		-113.392 		14
v -36.705 		-113.512 		14
v -36.864 		-113.5664 		14
v -36.913 		-107.131 		14
v -37.5 		-107.093 		14
v -38.087 		-107.131 		14
v -38.665 		-107.246 		14
v -39.222 		-107.436 		14
v -39.578 		-107.6113 		14
v -39.75 		-107.696 		14
v -40.239 		-108.023 		14
v -40.682 		-108.411 		14
v -37.5 		-113.67 		7.998
v -37.771 		-113.653 		7.998
v -38.038 		-113.6 		7.998
v -38.295 		-113.512 		7.998
v -38.539 		-113.392 		7.998
v -38.765 		-113.241 		7.998
v -38.969 		-113.062 		7.998
v -39.148 		-112.858 		7.998
v -36.962 		-113.6 		7.998
v -37.229 		-113.653 		7.998
v -39.299 		-112.632 		7.998
v -39.419 		-112.388 		7.998
v -39.507 		-112.131 		7.998
v -39.56 		-111.864 		7.998
v -39.578 		-111.593 		7.998
v -39.56 		-111.322 		7.998
v -39.507 		-111.055 		7.998
v -39.419 		-110.798 		7.998
v -39.299 		-110.554 		7.998
v -39.148 		-110.328 		7.998
v -38.969 		-110.124 		7.998
v -38.765 		-109.945 		7.998
v -38.539 		-109.794 		7.998
v -38.295 		-109.674 		7.998
v -38.038 		-109.586 		7.998
v -37.771 		-109.533 		7.998
v -37.5 		-109.515 		7.998
v -37.229 		-109.533 		7.998
v -36.962 		-109.586 		7.998
v -37.771 		-113.653 		14
v -37.5 		-113.67 		14
v -38.038 		-113.6 		14
v -38.295 		-113.512 		14
v -38.539 		-113.392 		14
v -38.765 		-113.241 		14
v -38.969 		-113.062 		14
v -39.148 		-112.858 		14
v -39.2937 		-112.64 		14
v -36.962 		-113.6 		14
v -37.229 		-113.653 		14
v -39.299 		-112.632 		14
v -39.419 		-112.388 		14
v -39.507 		-112.131 		14
v -39.56 		-111.864 		14
v -39.578 		-111.593 		14
v -39.56 		-111.322 		14
v -39.507 		-111.055 		14
v -39.419 		-110.798 		14
v 139.295 		-191.414 		7.998
v 139.539 		-191.534 		7.998
v 139.765 		-191.685 		7.998
v 139.969 		-191.864 		7.998
v 140.148 		-192.068 		7.998
v 140.299 		-192.294 		7.998
v 140.419 		-192.538 		7.998
v 140.507 		-192.795 		7.998
v 140.56 		-193.062 		7.998
v 140.578 		-193.333 		7.998
v 140.56 		-193.604 		7.998
v 140.507 		-193.871 		7.998
v 140.419 		-194.128 		7.998
v 140.299 		-194.372 		7.998
v 140.148 		-194.598 		7.998
v 139.969 		-194.802 		7.998
v 139.765 		-194.981 		7.998
v 139.539 		-195.132 		7.998
v 139.295 		-195.252 		7.998
v 136.701 		-192.294 		7.998
v 136.852 		-192.068 		7.998
v 137.031 		-191.864 		7.998
v 137.235 		-191.685 		7.998
v 137.461 		-191.534 		7.998
v 137.705 		-191.414 		7.998
v 137.962 		-191.326 		7.998
v 138.229 		-191.273 		7.998
v 138.5 		-191.256 		7.998
v 138.771 		-191.273 		7.998
v 139.038 		-191.326 		7.998
# 3916 vertices

g group_0_30377

usemtl color_30377
s 0

f 9 	10 	11
f 9 	11 	12
f 2 	14 	6
f 15 	6 	14
f 164 	154 	32
f 32 	33 	164
f 163 	164 	33
f 33 	34 	163
f 167 	163 	34
f 34 	37 	167
f 175 	167 	37
f 37 	38 	175
f 182 	175 	38
f 38 	95 	182
f 95 	96 	182
f 188 	182 	96
f 96 	97 	188
f 138 	137 	25
f 13 	17 	35
f 42 	105 	41
f 43 	46 	127
f 3884 	45 	44
f 52 	53 	2521
f 2520 	2521 	53
f 2521 	2526 	52
f 2526 	2529 	52
f 58 	45 	3884
f 122 	120 	72
f 72 	73 	122
f 114 	122 	73
f 73 	74 	114
f 106 	114 	74
f 74 	40 	106
f 105 	106 	40
f 125 	105 	42
f 42 	43 	125
f 127 	125 	43
f 40 	41 	105
f 98 	99 	195
f 82 	83 	76
f 61 	87 	76
f 99 	100 	201
f 90 	91 	83
f 90 	83 	82
f 92 	94 	91
f 92 	91 	90
f 100 	62 	77
f 77 	201 	100
f 79 	77 	62
f 62 	63 	79
f 78 	79 	64
f 63 	64 	79
f 64 	66 	78
f 201 	195 	99
f 195 	191 	98
f 97 	98 	191
f 102 	103 	94
f 102 	94 	92
f 107 	108 	109
f 107 	109 	110
f 115 	88 	69
f 112 	113 	103
f 112 	103 	102
f 68 	69 	88
f 81 	78 	66
f 66 	67 	81
f 118 	121 	113
f 118 	113 	112
f 84 	81 	67
f 67 	68 	84
f 88 	84 	68
f 124 	126 	121
f 124 	121 	118
f 69 	70 	115
f 117 	115 	70
f 132 	133 	126
f 132 	126 	124
f 120 	117 	71
f 70 	71 	117
f 129 	127 	46
f 71 	72 	120
f 47 	129 	46
f 133 	132 	142
f 133 	142 	144
f 23 	24 	248
f 248 	235 	23
f 24 	25 	137
f 151 	152 	144
f 151 	144 	142
f 25 	26 	138
f 159 	161 	152
f 159 	152 	151
f 29 	30 	148
f 141 	138 	26
f 168 	171 	161
f 168 	161 	159
f 143 	141 	28
f 26 	27 	141
f 27 	28 	141
f 176 	178 	179
f 176 	179 	180
f 178 	185 	187
f 178 	187 	179
f 28 	29 	143
f 148 	143 	29
f 185 	192 	193
f 185 	193 	187
f 150 	148 	30
f 192 	198 	199
f 192 	199 	193
f 30 	31 	150
f 154 	150 	31
f 198 	203 	204
f 198 	204 	199
f 31 	32 	154
f 191 	188 	97
f 203 	209 	210
f 203 	210 	204
f 212 	288 	211
f 210 	209 	216
f 210 	216 	218
f 216 	222 	223
f 216 	223 	218
f 215 	290 	219
f 222 	227 	228
f 222 	228 	223
f 227 	230 	232
f 227 	232 	228
f 221 	293 	225
f 294 	296 	229
f 230 	240 	247
f 230 	247 	232
f 240 	249 	251
f 240 	251 	247
f 296 	22 	231
f 235 	231 	22
f 22 	23 	235
f 254 	255 	256
f 254 	256 	257
f 256 	269 	270
f 256 	270 	257
f 269 	275 	277
f 269 	277 	270
f 231 	229 	296
f 229 	225 	294
f 219 	290 	221
f 211 	289 	215
f 290 	215 	289
f 258 	288 	212
f 282 	283 	277
f 282 	277 	275
f 286 	287 	283
f 286 	283 	282
f 289 	211 	288
f 293 	221 	290
f 294 	225 	293
f 137 	248 	24
f 297 	298 	287
f 297 	287 	286
f 302 	298 	297
f 302 	297 	306
f 156 	169 	170
f 156 	170 	157
f 300 	301 	539
f 305 	300 	539
f 312 	314 	316
f 312 	316 	319
f 328 	330 	316
f 328 	316 	314
f 336 	337 	330
f 336 	330 	328
f 311 	395 	322
f 344 	348 	337
f 344 	337 	336
f 343 	322 	398
f 398 	401 	343
f 362 	364 	348
f 362 	348 	344
f 369 	370 	364
f 369 	364 	362
f 538 	539 	301
f 255 	254 	370
f 255 	370 	369
f 333 	343 	401
f 403 	15 	333
f 453 	455 	409
f 415 	416 	509
f 476 	477 	480
f 476 	480 	485
f 455 	509 	408
f 477 	496 	500
f 477 	500 	480
f 422 	571 	615
f 496 	506 	507
f 496 	507 	500
f 430 	616 	428
f 506 	511 	512
f 506 	512 	507
f 511 	514 	516
f 511 	516 	512
f 473 	466 	536
f 417 	408 	509
f 416 	417 	509
f 509 	504 	415
f 530 	415 	504
f 504 	428 	530
f 514 	519 	521
f 514 	521 	516
f 519 	526 	528
f 519 	528 	521
f 526 	537 	540
f 526 	540 	528
f 408 	409 	455
f 461 	453 	534
f 409 	534 	453
f 466 	461 	535
f 534 	535 	461
f 536 	466 	535
f 539 	395 	305
f 311 	305 	395
f 398 	322 	395
f 301 	473 	538
f 536 	538 	473
f 537 	547 	548
f 537 	548 	540
f 547 	554 	556
f 547 	556 	548
f 550 	602 	655
f 558 	560 	561
f 558 	561 	423
f 549 	550 	656
f 609 	610 	555
f 562 	555 	611
f 569 	565 	612
f 560 	564 	566
f 560 	566 	561
f 564 	581 	582
f 564 	582 	566
f 586 	588 	584
f 581 	584 	588
f 581 	588 	582
f 584 	598 	600
f 584 	600 	586
f 611 	612 	562
f 610 	611 	555
f 655 	656 	550
f 653 	655 	602
f 653 	602 	580
f 598 	604 	605
f 598 	605 	600
f 571 	569 	613
f 614 	615 	571
f 612 	613 	569
f 430 	422 	615
f 616 	430 	615
f 617 	428 	616
f 530 	428 	617
f 613 	614 	571
f 565 	562 	612
f 619 	620 	618
f 620 	605 	618
f 604 	618 	605
f 628 	629 	620
f 628 	620 	619
f 485 	629 	628
f 485 	628 	476
f 787 	784 	648
f 554 	642 	644
f 554 	644 	556
f 652 	654 	649
f 654 	644 	649
f 642 	649 	644
f 580 	626 	651
f 653 	580 	651
f 650 	651 	626
f 555 	549 	609
f 656 	609 	549
f 626 	787 	650
f 648 	650 	787
f 652 	659 	660
f 652 	660 	654
f 659 	662 	663
f 659 	663 	660
f 662 	669 	671
f 662 	671 	663
f 680 	681 	679
f 669 	679 	681
f 669 	681 	671
f 674 	764 	673
f 673 	796 	672
f 672 	796 	670
f 670 	742 	668
f 675 	763 	674
f 676 	757 	675
f 668 	743 	667
f 646 	778 	678
f 667 	704 	666
f 679 	686 	689
f 679 	689 	680
f 686 	696 	698
f 686 	698 	689
f 696 	701 	702
f 696 	702 	698
f 684 	814 	699
f 701 	705 	707
f 701 	707 	702
f 690 	709 	811
f 808 	809 	737
f 705 	710 	711
f 705 	711 	707
f 710 	721 	723
f 710 	723 	711
f 721 	729 	730
f 721 	730 	723
f 885 	886 	832
f 729 	734 	735
f 729 	735 	730
f 843 	839 	887
f 890 	891 	726
f 888 	889 	715
f 734 	738 	744
f 734 	744 	735
f 744 	738 	748
f 744 	748 	749
f 743 	668 	742
f 704 	667 	743
f 699 	666 	704
f 684 	690 	812
f 748 	754 	755
f 748 	755 	749
f 754 	760 	761
f 754 	761 	755
f 764 	674 	763
f 760 	765 	767
f 760 	767 	761
f 765 	773 	775
f 765 	775 	767
f 773 	779 	780
f 773 	780 	775
f 757 	676 	774
f 778 	646 	783
f 434 	780 	779
f 434 	779 	786
f 33 	788 	789
f 790 	34 	789
f 33 	789 	34
f 374 	792 	793
f 794 	375 	793
f 374 	793 	375
f 784 	783 	647
f 647 	648 	784
f 32 	795 	788
f 32 	788 	33
f 742 	670 	796
f 799 	378 	798
f 378 	375 	798
f 794 	798 	375
f 31 	800 	795
f 31 	795 	32
f 646 	647 	783
f 774 	678 	778
f 759 	675 	757
f 763 	675 	759
f 796 	673 	764
f 678 	774 	676
f 802 	387 	378
f 802 	378 	799
f 30 	803 	800
f 30 	800 	31
f 805 	405 	387
f 805 	387 	802
f 29 	806 	803
f 29 	803 	30
f 810 	412 	405
f 810 	405 	805
f 811 	812 	690
f 814 	684 	813
f 812 	813 	684
f 815 	699 	814
f 666 	699 	815
f 28 	817 	806
f 28 	806 	29
f 423 	412 	810
f 423 	810 	558
f 27 	820 	817
f 27 	817 	28
f 822 	429 	434
f 822 	434 	786
f 26 	823 	820
f 26 	820 	27
f 964 	957 	875
f 826 	440 	429
f 826 	429 	822
f 877 	879 	818
f 38 	827 	830
f 831 	451 	440
f 831 	440 	826
f 37 	833 	827
f 37 	827 	38
f 834 	459 	451
f 834 	451 	831
f 821 	818 	879
f 840 	465 	459
f 840 	459 	834
f 25 	841 	823
f 25 	823 	26
f 792 	374 	465
f 792 	465 	840
f 34 	790 	833
f 34 	833 	37
f 844 	845 	847
f 844 	847 	848
f 829 	825 	882
f 828 	829 	884
f 12 	11 	169
f 12 	169 	156
f 24 	846 	841
f 24 	841 	25
f 845 	849 	851
f 845 	851 	847
f 23 	850 	846
f 23 	846 	24
f 22 	855 	850
f 22 	850 	23
f 849 	856 	857
f 849 	857 	851
f 22 	858 	855
f 856 	859 	860
f 856 	860 	857
f 863 	43 	42
f 863 	42 	866
f 859 	876 	878
f 859 	878 	860
f 881 	43 	863
f 866 	42 	41
f 866 	41 	893
f 876 	892 	894
f 876 	894 	878
f 879 	880 	821
f 818 	964 	877
f 875 	877 	964
f 825 	821 	880
f 880 	882 	825
f 882 	883 	829
f 883 	884 	829
f 884 	885 	828
f 832 	828 	885
f 839 	832 	886
f 886 	887 	839
f 887 	888 	843
f 715 	843 	888
f 726 	715 	889
f 889 	890 	726
f 731 	726 	891
f 891 	808 	731
f 737 	731 	808
f 709 	737 	809
f 809 	811 	709
f 893 	41 	40
f 893 	40 	895
f 892 	900 	901
f 892 	901 	894
f 895 	40 	915
f 912 	914 	953
f 914 	872 	953
f 957 	953 	872
f 872 	875 	957
f 918 	919 	920
f 918 	920 	921
f 922 	48 	47
f 922 	47 	925
f 977 	978 	937
f 900 	919 	918
f 900 	918 	901
f 925 	47 	46
f 925 	46 	929
f 43 	881 	46
f 929 	46 	881
f 920 	932 	934
f 920 	934 	921
f 936 	2995 	54
f 936 	54 	939
f 932 	940 	942
f 932 	942 	934
f 939 	54 	53
f 939 	53 	943
f 988 	989 	937
f 943 	53 	52
f 943 	52 	945
f 976 	977 	937
f 989 	976 	937
f 935 	937 	979
f 978 	979 	937
f 947 	948 	952
f 947 	952 	955
f 157 	170 	956
f 157 	956 	166
f 979 	980 	935
f 166 	956 	173
f 960 	962 	948
f 960 	948 	947
f 941 	935 	980
f 966 	969 	962
f 966 	962 	960
f 945 	52 	51
f 945 	51 	950
f 973 	974 	969
f 973 	969 	966
f 907 	909 	923
f 928 	923 	909
f 909 	911 	928
f 931 	928 	911
f 953 	931 	912
f 911 	912 	931
f 905 	907 	924
f 924 	941 	905
f 980 	905 	941
f 982 	984 	974
f 982 	974 	973
f 923 	924 	907
f 990 	991 	984
f 990 	984 	982
f 332 	333 	15
f 999 	1001 	991
f 999 	991 	990
f 1006 	995 	15
f 1007 	1008 	1009
f 1007 	1009 	1010
f 995 	332 	15
f 1009 	1014 	1015
f 1009 	1015 	1010
f 1005 	1006 	15
f 1014 	1021 	1022
f 1014 	1022 	1015
f 1003 	1005 	15
f 1016 	1003 	15
f 1019 	1016 	15
f 1027 	1029 	1022
f 1027 	1022 	1021
f 1026 	1019 	15
f 1034 	14 	258
f 15 	14 	1030
f 1030 	1026 	15
f 403 	333 	401
f 1034 	1030 	14
f 288 	258 	14
f 981 	50 	49
f 981 	49 	1040
f 848 	1029 	1027
f 848 	1027 	844
f 1040 	49 	48
f 1040 	48 	922
f 1043 	1044 	1045
f 1043 	1045 	1049
f 950 	51 	50
f 950 	50 	981
f 1051 	1052 	1044
f 1051 	1044 	1043
f 1007 	1055 	1056
f 1007 	1056 	1008
f 62 	1057 	1058
f 62 	1058 	63
f 1056 	1055 	1052
f 1056 	1052 	1051
f 1061 	72 	71
f 1061 	71 	1066
f 1066 	71 	70
f 1066 	70 	1074
f 1001 	999 	1075
f 1001 	1075 	1076
f 1074 	70 	69
f 1074 	69 	1079
f 1079 	69 	68
f 1079 	68 	1085
f 1076 	1075 	1087
f 1076 	1087 	1090
f 1085 	68 	67
f 1085 	67 	1097
f 1090 	1087 	1104
f 1090 	1104 	1108
f 1097 	67 	66
f 1097 	66 	1110
f 1110 	66 	64
f 1110 	64 	1113
f 1108 	1104 	1114
f 1108 	1114 	1115
f 1113 	64 	63
f 1113 	63 	1058
f 181 	1131 	1134
f 181 	1134 	177
f 62 	1133 	1057
f 1124 	1127 	1115
f 1124 	1115 	1114
f 190 	1143 	1145
f 190 	1145 	186
f 1147 	1148 	1127
f 1147 	1127 	1124
f 177 	1134 	1149
f 177 	1149 	200
f 205 	1156 	1158
f 205 	1158 	207
f 1154 	1159 	1148
f 1154 	1148 	1147
f 207 	1158 	213
f 1162 	1163 	1159
f 1162 	1159 	1154
f 186 	1145 	1156
f 186 	1156 	205
f 200 	1149 	1169
f 200 	1169 	226
f 1166 	1168 	1163
f 1166 	1163 	1162
f 17 	13 	1169
f 226 	1169 	13
f 1144 	73 	72
f 1144 	72 	1061
f 1173 	1179 	1168
f 1173 	1168 	1166
f 244 	1181 	239
f 915 	40 	74
f 915 	74 	1188
f 239 	1181 	1143
f 239 	1143 	190
f 1187 	1189 	1179
f 1187 	1179 	1173
f 1195 	1198 	1189
f 1195 	1189 	1187
f 1201 	1203 	1198
f 1201 	1198 	1195
f 1221 	1203 	1201
f 940 	1237 	1239
f 940 	1239 	942
f 252 	1242 	1244
f 252 	1244 	253
f 1237 	1249 	1250
f 1237 	1250 	1239
f 1188 	74 	73
f 1188 	73 	1144
f 100 	1254 	1133
f 100 	1133 	62
f 1249 	1255 	1256
f 1249 	1256 	1250
f 99 	1268 	1254
f 99 	1254 	100
f 1255 	1269 	1271
f 1255 	1271 	1256
f 98 	1274 	1268
f 98 	1268 	99
f 1269 	1278 	1280
f 1269 	1280 	1271
f 97 	1279 	1274
f 97 	1274 	98
f 1278 	1284 	1285
f 1278 	1285 	1280
f 96 	1283 	1279
f 96 	1279 	97
f 253 	1244 	1131
f 253 	1131 	181
f 1285 	1284 	1298
f 1285 	1298 	1299
f 213 	1158 	1242
f 213 	1242 	252
f 1298 	1301 	1303
f 1298 	1303 	1299
f 95 	1297 	1283
f 95 	1283 	96
f 1305 	271 	273
f 1305 	273 	1307
f 1301 	1308 	1309
f 1301 	1309 	1303
f 1297 	95 	830
f 38 	830 	95
f 1308 	1314 	1317
f 1308 	1317 	1309
f 77 	237 	236
f 1314 	1328 	1330
f 1314 	1330 	1317
f 78 	241 	238
f 78 	238 	79
f 1328 	1333 	1334
f 1328 	1334 	1330
f 241 	78 	81
f 241 	81 	242
f 1333 	1341 	1343
f 1333 	1343 	1334
f 242 	81 	84
f 242 	84 	243
f 243 	84 	88
f 243 	88 	245
f 1341 	1349 	1351
f 1341 	1351 	1343
f 245 	88 	234
f 79 	238 	237
f 79 	237 	77
f 1368 	1369 	1370
f 1368 	1370 	1373
f 271 	1305 	1310
f 271 	1310 	281
f 265 	106 	105
f 265 	105 	266
f 1375 	1378 	1369
f 1375 	1369 	1368
f 266 	105 	267
f 264 	114 	106
f 264 	106 	265
f 1384 	1386 	1378
f 1384 	1378 	1375
f 234 	88 	115
f 234 	115 	259
f 259 	115 	117
f 259 	117 	261
f 1398 	1399 	1386
f 1398 	1386 	1384
f 261 	117 	120
f 261 	120 	262
f 262 	120 	122
f 262 	122 	263
f 1402 	1403 	1399
f 1402 	1399 	1398
f 263 	122 	114
f 263 	114 	264
f 267 	105 	125
f 267 	125 	274
f 1407 	1409 	1403
f 1407 	1403 	1402
f 274 	125 	127
f 274 	127 	276
f 276 	127 	129
f 276 	129 	279
f 1410 	1411 	1409
f 1410 	1409 	1407
f 279 	129 	131
f 279 	131 	280
f 1412 	1413 	1411
f 1412 	1411 	1410
f 137 	308 	307
f 1413 	1412 	1419
f 1413 	1419 	1421
f 138 	309 	308
f 138 	308 	137
f 281 	1310 	1425
f 281 	1425 	285
f 141 	310 	309
f 141 	309 	138
f 1430 	1431 	1421
f 1430 	1421 	1419
f 285 	1425 	1432
f 285 	1432 	292
f 143 	313 	310
f 143 	310 	141
f 1436 	1437 	1431
f 1436 	1431 	1430
f 148 	315 	313
f 148 	313 	143
f 150 	317 	315
f 150 	315 	148
f 154 	318 	317
f 154 	317 	150
f 955 	952 	1437
f 955 	1437 	1436
f 154 	320 	318
f 1349 	1443 	1444
f 1349 	1444 	1351
f 163 	342 	341
f 163 	341 	164
f 167 	347 	342
f 167 	342 	163
f 1443 	1446 	1448
f 1443 	1448 	1444
f 175 	351 	347
f 175 	347 	167
f 1448 	1446 	1452
f 1448 	1452 	1453
f 164 	341 	320
f 164 	320 	154
f 1452 	1454 	1455
f 1452 	1455 	1453
f 182 	354 	351
f 182 	351 	175
f 1454 	1457 	1458
f 1454 	1458 	1455
f 188 	355 	354
f 188 	354 	182
f 1457 	1459 	1460
f 1457 	1460 	1458
f 191 	356 	355
f 191 	355 	188
f 1459 	1462 	1463
f 1459 	1463 	1460
f 195 	358 	356
f 195 	356 	191
f 1462 	1465 	1466
f 1462 	1466 	1463
f 201 	359 	358
f 201 	358 	195
f 359 	201 	236
f 77 	236 	201
f 1470 	289 	288
f 1470 	288 	1471
f 1471 	288 	14
f 1471 	14 	2
f 296 	1472 	858
f 296 	858 	22
f 294 	1475 	1472
f 294 	1472 	296
f 292 	1432 	1474
f 292 	1474 	299
f 293 	1476 	1475
f 293 	1475 	294
f 290 	1477 	1476
f 290 	1476 	293
f 1473 	1479 	1569
f 299 	1474 	1478
f 299 	1478 	304
f 289 	1470 	1477
f 289 	1477 	290
f 211 	386 	385
f 211 	385 	212
f 1482 	1569 	1479
f 1181 	244 	1478
f 304 	1478 	244
f 215 	388 	386
f 215 	386 	211
f 338 	1487 	339
f 219 	390 	388
f 219 	388 	215
f 1489 	1224 	1221
f 221 	391 	390
f 221 	390 	219
f 339 	1487 	1491
f 339 	1491 	349
f 225 	392 	391
f 225 	391 	221
f 229 	394 	392
f 229 	392 	225
f 349 	1491 	1496
f 349 	1496 	366
f 231 	397 	394
f 231 	394 	229
f 366 	1496 	1502
f 366 	1502 	371
f 235 	400 	397
f 235 	397 	231
f 371 	1502 	1505
f 371 	1505 	380
f 248 	404 	400
f 248 	400 	235
f 1512 	393 	1505
f 380 	1505 	393
f 1510 	1616 	1506
f 404 	248 	307
f 137 	307 	248
f 393 	1512 	396
f 258 	383 	382
f 1468 	1616 	1510
f 396 	1512 	1516
f 396 	1516 	410
f 383 	258 	212
f 383 	212 	385
f 410 	1516 	1519
f 410 	1519 	418
f 403 	1520 	6
f 403 	6 	15
f 401 	1521 	1520
f 401 	1520 	403
f 418 	1519 	1523
f 418 	1523 	424
f 398 	1525 	1521
f 398 	1521 	401
f 1524 	1626 	1518
f 424 	1523 	1526
f 424 	1526 	435
f 395 	1528 	1525
f 395 	1525 	398
f 1529 	1626 	1524
f 435 	1526 	446
f 395 	1530 	1528
f 300 	442 	439
f 300 	439 	301
f 1534 	1650 	1535
f 1534 	1535 	1536
f 1536 	1535 	1539
f 1536 	1539 	1540
f 305 	443 	442
f 305 	442 	300
f 311 	444 	443
f 311 	443 	305
f 1540 	1539 	1542
f 1540 	1542 	1543
f 322 	445 	444
f 322 	444 	311
f 1543 	1542 	1546
f 1543 	1546 	1547
f 332 	450 	449
f 332 	449 	333
f 1547 	1546 	1550
f 1547 	1550 	1551
f 433 	450 	332
f 1551 	1550 	1553
f 1551 	1553 	1554
f 343 	447 	445
f 343 	445 	322
f 1373 	1370 	1549
f 1554 	1553 	1556
f 1554 	1556 	1557
f 333 	449 	447
f 333 	447 	343
f 1558 	1468 	1469
f 1558 	1469 	1559
f 301 	439 	438
f 301 	438 	473
f 1557 	1556 	1561
f 1557 	1561 	1562
f 1473 	1563 	1469
f 1559 	1469 	1563
f 539 	1564 	1530
f 539 	1530 	395
f 1562 	1561 	1566
f 1563 	1473 	1569
f 538 	1567 	1564
f 538 	1564 	539
f 1571 	1572 	1573
f 1571 	1573 	1574
f 530 	1575 	1576
f 530 	1576 	415
f 1482 	1577 	1569
f 534 	1578 	1581
f 534 	1581 	535
f 1574 	1573 	1579
f 1574 	1579 	1582
f 1484 	1583 	1577
f 1484 	1577 	1482
f 530 	1584 	1575
f 1582 	1579 	1586
f 1582 	1586 	1587
f 408 	1589 	1590
f 408 	1590 	409
f 1203 	1221 	1224
f 1224 	1489 	1591
f 1566 	1561 	1592
f 1566 	1592 	1593
f 408 	1594 	1589
f 1495 	1599 	1489
f 1591 	1489 	1599
f 1593 	1592 	1572
f 1593 	1572 	1571
f 409 	1590 	1578
f 409 	1578 	534
f 1599 	1495 	1500
f 1599 	1500 	1602
f 1587 	1586 	1603
f 1587 	1603 	1604
f 536 	1605 	1567
f 536 	1567 	538
f 535 	1581 	1605
f 535 	1605 	536
f 1506 	1608 	1500
f 1602 	1500 	1608
f 1604 	1603 	1607
f 1604 	1607 	1610
f 416 	1611 	1613
f 416 	1613 	417
f 1610 	1607 	1614
f 1610 	1614 	1615
f 1608 	1506 	1616
f 415 	1576 	1611
f 415 	1611 	416
f 1468 	1558 	1616
f 417 	1613 	1594
f 417 	1594 	408
f 1615 	1614 	1619
f 1583 	1484 	1621
f 1518 	1621 	1484
f 1622 	1623 	1625
f 422 	482 	479
f 422 	479 	571
f 1626 	1621 	1518
f 1625 	1623 	1628
f 1625 	1628 	1629
f 428 	486 	484
f 428 	484 	430
f 1529 	1631 	1626
f 1629 	1628 	1633
f 1629 	1633 	1634
f 430 	484 	482
f 430 	482 	422
f 1533 	1636 	1631
f 1533 	1631 	1529
f 1634 	1633 	1637
f 1634 	1637 	1638
f 453 	494 	492
f 453 	492 	455
f 1636 	1533 	1538
f 1636 	1538 	1641
f 1638 	1637 	1640
f 1638 	1640 	1642
f 461 	497 	494
f 461 	494 	453
f 1641 	1538 	1644
f 1541 	1644 	1538
f 1642 	1640 	1645
f 1642 	1645 	1647
f 466 	501 	497
f 466 	497 	461
f 1545 	1649 	1644
f 1545 	1644 	1541
f 1647 	1645 	1650
f 1647 	1650 	1651
f 473 	505 	501
f 473 	501 	466
f 1649 	1545 	1653
f 1549 	1653 	1545
f 1651 	1650 	1534
f 473 	438 	505
f 1623 	1622 	1657
f 1656 	1657 	1622
f 1653 	1549 	1370
f 504 	487 	486
f 504 	486 	428
f 509 	490 	487
f 509 	487 	504
f 1661 	1662 	1663
f 1465 	1664 	1666
f 1465 	1666 	1466
f 455 	492 	490
f 455 	490 	509
f 1662 	1661 	1657
f 1662 	1657 	1656
f 1664 	1669 	1670
f 1664 	1670 	1666
f 456 	1672 	1674
f 456 	1674 	457
f 614 	1673 	1675
f 614 	1675 	615
f 1669 	1678 	1679
f 1669 	1679 	1670
f 457 	1674 	1680
f 457 	1680 	462
f 612 	1681 	1682
f 612 	1682 	613
f 1678 	1684 	1685
f 1678 	1685 	1679
f 446 	1526 	1686
f 446 	1686 	469
f 611 	1687 	1681
f 611 	1681 	612
f 469 	1686 	1689
f 469 	1689 	474
f 1684 	1690 	1691
f 1684 	1691 	1685
f 617 	1692 	1584
f 617 	1584 	530
f 474 	1689 	1693
f 474 	1693 	478
f 1690 	1695 	1696
f 1690 	1696 	1691
f 478 	1693 	1698
f 478 	1698 	488
f 616 	1697 	1692
f 616 	1692 	617
f 488 	1698 	1672
f 488 	1672 	456
f 1695 	1700 	1701
f 1695 	1701 	1696
f 615 	1675 	1697
f 615 	1697 	616
f 613 	1682 	1673
f 613 	1673 	614
f 1701 	1700 	1706
f 1701 	1706 	1707
f 1703 	1705 	1802
f 1706 	1711 	1713
f 1706 	1713 	1707
f 609 	1708 	1712
f 609 	1712 	610
f 1709 	1710 	1705
f 1709 	1705 	1703
f 610 	1712 	1687
f 610 	1687 	611
f 1715 	1717 	1718
f 1715 	1718 	1719
f 1711 	1714 	1720
f 1711 	1720 	1713
f 1719 	1718 	1710
f 1719 	1710 	1709
f 1723 	1724 	1720
f 1723 	1720 	1714
f 1725 	1726 	1728
f 1725 	1728 	1729
f 1730 	1731 	1724
f 1730 	1724 	1723
f 1732 	1733 	1726
f 1732 	1726 	1725
f 1735 	1736 	1731
f 1735 	1731 	1730
f 1737 	1738 	1733
f 1737 	1733 	1732
f 1740 	1741 	1738
f 1740 	1738 	1737
f 1045 	1736 	1735
f 1045 	1735 	1049
f 1740 	1745 	1741
f 1747 	1748 	1749
f 1747 	1749 	1751
f 1752 	1753 	1754
f 1748 	1756 	1757
f 1748 	1757 	1749
f 1758 	1759 	1760
f 1756 	1761 	1762
f 1756 	1762 	1757
f 1761 	1764 	1765
f 1761 	1765 	1762
f 1763 	1766 	1759
f 1763 	1759 	1758
f 1764 	1768 	1770
f 1764 	1770 	1765
f 1769 	1771 	1766
f 1769 	1766 	1763
f 1768 	1772 	1773
f 1768 	1773 	1770
f 1775 	1776 	1771
f 1775 	1771 	1769
f 1772 	1777 	1778
f 1772 	1778 	1773
f 1779 	1780 	1776
f 1779 	1776 	1775
f 1782 	1783 	1784
f 1782 	1784 	1785
f 1787 	1788 	1780
f 1787 	1780 	1779
f 1777 	1783 	1782
f 1777 	1782 	1778
f 1790 	1792 	1788
f 1790 	1788 	1787
f 1784 	1791 	1793
f 1784 	1793 	1785
f 1795 	1796 	1792
f 1795 	1792 	1790
f 1791 	1797 	1798
f 1791 	1798 	1793
f 1796 	1795 	1753
f 1796 	1753 	1752
f 1485 	1483 	1799
f 1485 	1799 	1800
f 1802 	1804 	1805
f 1802 	1805 	1807
f 1483 	1486 	1808
f 1483 	1808 	1799
f 1801 	1803 	1806
f 1801 	1806 	1809
f 1486 	1488 	1810
f 1486 	1810 	1808
f 1811 	1812 	1803
f 1811 	1803 	1801
f 1802 	1705 	1804
f 1488 	1490 	1813
f 1488 	1813 	1810
f 1814 	1815 	1812
f 1814 	1812 	1811
f 1490 	1493 	1816
f 1490 	1816 	1813
f 1807 	1805 	1817
f 1807 	1817 	1819
f 1818 	1820 	1815
f 1818 	1815 	1814
f 1493 	1494 	1821
f 1493 	1821 	1816
f 1494 	1497 	1823
f 1494 	1823 	1821
f 1822 	1824 	1820
f 1822 	1820 	1818
f 1619 	1614 	1825
f 1619 	1825 	1826
f 1497 	1499 	1827
f 1497 	1827 	1823
f 1828 	1829 	1824
f 1828 	1824 	1822
f 1499 	1501 	1830
f 1499 	1830 	1827
f 1826 	1825 	1831
f 1826 	1831 	1832
f 609 	1721 	1708
f 1501 	1504 	1833
f 1501 	1833 	1830
f 549 	527 	524
f 549 	524 	550
f 1832 	1831 	1835
f 1832 	1835 	1836
f 1834 	1837 	1829
f 1834 	1829 	1828
f 555 	529 	527
f 555 	527 	549
f 1838 	1839 	1840
f 1838 	1840 	1841
f 420 	1842 	1843
f 420 	1843 	1844
f 562 	531 	529
f 562 	529 	555
f 1845 	1846 	1839
f 1845 	1839 	1838
f 1842 	1847 	1848
f 1842 	1848 	1843
f 565 	541 	531
f 565 	531 	562
f 1847 	1849 	1850
f 1847 	1850 	1848
f 1851 	1852 	1846
f 1851 	1846 	1845
f 1853 	1854 	1855
f 1853 	1855 	1856
f 1857 	1858 	1852
f 1857 	1852 	1851
f 1849 	1854 	1853
f 1849 	1853 	1850
f 569 	542 	541
f 569 	541 	565
f 1855 	1859 	1860
f 1855 	1860 	1856
f 571 	544 	542
f 571 	542 	569
f 1861 	1862 	1858
f 1861 	1858 	1857
f 1859 	1863 	1864
f 1859 	1864 	1860
f 1863 	1866 	1867
f 1863 	1867 	1864
f 571 	479 	544
f 1865 	1868 	1862
f 1865 	1862 	1861
f 1869 	1870 	1867
f 1869 	1867 	1866
f 550 	524 	523
f 550 	523 	602
f 1871 	1872 	1868
f 1871 	1868 	1865
f 1751 	1870 	1869
f 1751 	1869 	1747
f 580 	559 	557
f 1873 	1874 	1872
f 1873 	1872 	1871
f 602 	523 	559
f 602 	559 	580
f 1837 	1834 	1875
f 1837 	1875 	1876
f 1819 	1817 	1874
f 1819 	1874 	1873
f 647 	1877 	1878
f 647 	1878 	648
f 1876 	1875 	1879
f 1876 	1879 	1880
f 646 	1881 	1877
f 646 	1877 	647
f 1836 	1835 	1841
f 1836 	1841 	1840
f 646 	1882 	1881
f 1880 	1879 	1883
f 1880 	1883 	1885
f 1884 	1886 	1887
f 1884 	1887 	1888
f 656 	1889 	1721
f 656 	1721 	609
f 1885 	1883 	1892
f 1885 	1892 	1894
f 655 	1895 	1889
f 655 	1889 	656
f 1890 	1891 	1893
f 1890 	1893 	1896
f 653 	1897 	1895
f 653 	1895 	655
f 1898 	1899 	1894
f 1898 	1894 	1892
f 1900 	1901 	1891
f 1900 	1891 	1890
f 651 	1902 	1897
f 651 	1897 	653
f 1888 	1887 	1901
f 1888 	1901 	1900
f 650 	1905 	1902
f 650 	1902 	651
f 1903 	1904 	1899
f 1903 	1899 	1898
f 648 	1878 	1905
f 648 	1905 	650
f 1906 	1907 	1904
f 1906 	1904 	1903
f 1908 	1909 	1760
f 1758 	1760 	1909
f 1910 	1911 	1907
f 1910 	1907 	1906
f 1912 	1913 	1745
f 1912 	1745 	1740
f 570 	626 	557
f 580 	557 	626
f 1915 	1917 	1913
f 1915 	1913 	1912
f 667 	1918 	1919
f 667 	1919 	668
f 1914 	1916 	1911
f 1914 	1911 	1910
f 1920 	1921 	1922
f 1920 	1922 	1924
f 666 	1923 	1918
f 666 	1918 	667
f 1509 	1508 	1925
f 1509 	1925 	1383
f 1926 	1927 	1916
f 1926 	1916 	1914
f 1508 	1511 	1929
f 1508 	1929 	1925
f 666 	1928 	1923
f 1896 	1893 	1921
f 1896 	1921 	1920
f 1930 	1931 	1927
f 1930 	1927 	1926
f 678 	1933 	1882
f 678 	1882 	646
f 1511 	1513 	1932
f 1511 	1932 	1929
f 1924 	1922 	1917
f 1924 	1917 	1915
f 676 	1934 	1933
f 676 	1933 	678
f 1935 	1938 	1931
f 1935 	1931 	1930
f 1936 	1939 	1514
f 1513 	1514 	1939
f 1513 	1939 	1932
f 1909 	1908 	1940
f 1909 	1940 	1941
f 675 	1942 	1934
f 675 	1934 	676
f 1514 	1515 	1943
f 1514 	1943 	1936
f 1944 	1946 	1938
f 1944 	1938 	1935
f 1945 	1948 	1886
f 1945 	1886 	1884
f 674 	1949 	1942
f 674 	1942 	675
f 1515 	1517 	1950
f 1515 	1950 	1943
f 1952 	1953 	1948
f 1952 	1948 	1945
f 673 	1954 	1949
f 673 	1949 	674
f 1517 	1467 	1955
f 1517 	1955 	1950
f 1522 	1958 	1955
f 1522 	1955 	1467
f 670 	1959 	1961
f 670 	1961 	672
f 1956 	1960 	1953
f 1956 	1953 	1952
f 197 	1962 	1946
f 197 	1946 	1944
f 1800 	1958 	1522
f 1800 	1522 	1485
f 668 	1919 	1959
f 668 	1959 	670
f 1941 	1940 	1960
f 1941 	1960 	1956
f 1797 	1964 	1966
f 1797 	1966 	1798
f 672 	1961 	1954
f 672 	1954 	673
f 1504 	1527 	1967
f 1504 	1967 	1833
f 1754 	1753 	1968
f 1754 	1968 	1969
f 1964 	1971 	1972
f 1964 	1972 	1966
f 1527 	1481 	1973
f 1527 	1973 	1967
f 1947 	2069 	1951
f 1951 	2070 	1963
f 684 	595 	594
f 684 	594 	690
f 1969 	1968 	1974
f 1969 	1974 	1975
f 699 	596 	595
f 699 	595 	684
f 1532 	1979 	1531
f 1979 	1973 	1531
f 1481 	1531 	1973
f 1975 	1974 	1980
f 1975 	1980 	1981
f 1971 	1977 	1978
f 1971 	1978 	1972
f 1963 	2071 	1965
f 704 	597 	596
f 704 	596 	699
f 1532 	1537 	1982
f 1532 	1982 	1979
f 1981 	1980 	1984
f 1981 	1984 	1986
f 1965 	2072 	1970
f 1977 	1985 	1987
f 1977 	1987 	1978
f 690 	594 	593
f 690 	593 	709
f 1537 	1660 	1988
f 1537 	1988 	1982
f 1970 	2074 	1976
f 2055 	2108 	1976
f 1986 	1984 	1990
f 1986 	1990 	1992
f 1985 	1991 	1994
f 1985 	1994 	1987
f 715 	587 	585
f 715 	585 	843
f 1993 	1995 	1665
f 1660 	1665 	1995
f 1660 	1995 	1988
f 1983 	1976 	2108
f 1992 	1990 	1997
f 1992 	1997 	1998
f 726 	589 	587
f 726 	587 	715
f 1991 	1999 	2001
f 1991 	2001 	1994
f 1665 	1667 	2000
f 1665 	2000 	1993
f 2108 	2109 	1983
f 731 	590 	589
f 731 	589 	726
f 1998 	1997 	2003
f 1998 	2003 	2004
f 1667 	1668 	2005
f 1667 	2005 	2000
f 2001 	1999 	2006
f 2001 	2006 	2007
f 737 	592 	590
f 737 	590 	731
f 2008 	2009 	2010
f 2008 	2010 	2011
f 2006 	2012 	2013
f 2006 	2013 	2007
f 709 	593 	592
f 709 	592 	737
f 1989 	1983 	2109
f 2109 	2110 	1989
f 2112 	2114 	1957
f 2011 	2010 	2014
f 2011 	2014 	2015
f 2012 	2016 	2017
f 2012 	2017 	2013
f 742 	601 	599
f 742 	599 	743
f 1487 	338 	2014
f 2015 	2014 	338
f 2016 	2020 	2021
f 2016 	2021 	2017
f 742 	603 	601
f 743 	599 	597
f 743 	597 	704
f 2004 	2003 	2025
f 2004 	2025 	2027
f 2020 	2023 	2026
f 2020 	2026 	2021
f 757 	632 	630
f 757 	630 	759
f 2022 	2064 	2024
f 2027 	2025 	2029
f 2027 	2029 	2033
f 2023 	2030 	2031
f 2023 	2031 	2026
f 763 	627 	625
f 763 	625 	764
f 2024 	2064 	2028
f 759 	630 	627
f 759 	627 	763
f 2028 	2066 	2032
f 2030 	2035 	2036
f 2030 	2036 	2031
f 2033 	2029 	2009
f 2033 	2009 	2008
f 774 	633 	632
f 774 	632 	757
f 1661 	1663 	2038
f 2037 	2038 	1663
f 2035 	2039 	2040
f 2035 	2040 	2036
f 778 	634 	633
f 778 	633 	774
f 783 	635 	634
f 783 	634 	778
f 2032 	2067 	2034
f 2034 	2068 	1947
f 2042 	2043 	2044
f 784 	636 	635
f 784 	635 	783
f 2048 	2049 	2050
f 2048 	2050 	2052
f 787 	637 	636
f 787 	636 	784
f 2324 	295 	2051
f 2046 	2051 	2045
f 1668 	1671 	1227
f 1668 	1227 	2005
f 626 	570 	637
f 626 	637 	787
f 2056 	2057 	2046
f 2056 	2046 	2045
f 2055 	1976 	2074
f 2061 	2063 	2018
f 2018 	2019 	2061
f 2019 	2047 	2061
f 1937 	2061 	2047
f 1677 	1676 	2058
f 1677 	2058 	1332
f 796 	623 	603
f 796 	603 	742
f 1389 	2058 	1676
f 1389 	1676 	1683
f 764 	625 	623
f 764 	623 	796
f 2059 	2060 	2057
f 2059 	2057 	2056
f 814 	2062 	2065
f 814 	2065 	815
f 1671 	1688 	1228
f 1671 	1228 	1227
f 2043 	2042 	2053
f 2043 	2053 	2054
f 815 	2065 	1928
f 815 	1928 	666
f 2073 	2075 	2060
f 2073 	2060 	2059
f 2054 	2053 	2049
f 2054 	2049 	2048
f 1688 	1694 	1247
f 1688 	1247 	1228
f 808 	59 	2076
f 1694 	1699 	1251
f 1694 	1251 	1247
f 2052 	2050 	2079
f 2052 	2079 	2081
f 808 	2076 	2080
f 808 	2080 	809
f 2077 	2078 	2075
f 2077 	2075 	2073
f 1699 	1702 	1258
f 1699 	1258 	1251
f 2081 	2079 	2083
f 2081 	2083 	2084
f 813 	2082 	2062
f 813 	2062 	814
f 1702 	1704 	1272
f 1702 	1272 	1258
f 812 	2087 	2082
f 812 	2082 	813
f 2085 	2086 	2078
f 2085 	2078 	2077
f 2084 	2083 	2088
f 2084 	2088 	2089
f 1704 	777 	1276
f 1704 	1276 	1272
f 2091 	2092 	2089
f 2091 	2089 	2088
f 811 	2090 	2087
f 811 	2087 	812
f 2094 	2095 	2086
f 2094 	2086 	2085
f 809 	2080 	2090
f 809 	2090 	811
f 1276 	777 	1716
f 1276 	1716 	1281
f 1716 	1722 	1304
f 1716 	1304 	1281
f 2038 	2037 	2091
f 882 	85 	86
f 882 	86 	883
f 2097 	2098 	2095
f 2097 	2095 	2094
f 1722 	1727 	1311
f 1722 	1311 	1304
f 2092 	2091 	2037
f 1727 	1734 	1315
f 1727 	1315 	1311
f 891 	57 	59
f 891 	59 	808
f 2022 	2018 	2063
f 2064 	2022 	2063
f 2066 	2028 	2064
f 2067 	2032 	2066
f 2068 	2034 	2067
f 2069 	1947 	2068
f 2070 	1951 	2069
f 2071 	1963 	2070
f 2072 	1965 	2071
f 2074 	1970 	2072
f 1734 	1739 	1324
f 1734 	1324 	1315
f 2098 	2097 	2102
f 2098 	2102 	2104
f 890 	60 	57
f 890 	57 	891
f 1739 	1677 	1332
f 1739 	1332 	1324
f 889 	65 	60
f 889 	60 	890
f 2106 	2107 	2104
f 2106 	2104 	2102
f 1344 	1742 	1743
f 1344 	1743 	1345
f 2226 	2227 	2128
f 2131 	2128 	2227
f 2225 	2226 	2128
f 2227 	2228 	2131
f 2147 	2131 	2228
f 2128 	2123 	2225
f 888 	75 	65
f 888 	65 	889
f 1743 	1744 	1348
f 1743 	1348 	1345
f 1746 	1353 	1348
f 1746 	1348 	1744
f 2117 	2118 	2107
f 2117 	2107 	2106
f 887 	89 	80
f 75 	888 	80
f 887 	80 	888
f 1750 	1365 	1353
f 1750 	1353 	1746
f 886 	93 	89
f 886 	89 	887
f 1755 	1371 	1365
f 1755 	1365 	1750
f 1996 	1989 	2110
f 1809 	1806 	2118
f 1809 	2118 	2117
f 1383 	1371 	1755
f 1383 	1755 	1509
f 885 	101 	93
f 885 	93 	886
f 2039 	2124 	2125
f 2039 	2125 	2040
f 1767 	1385 	1389
f 1767 	1389 	1683
f 884 	104 	101
f 884 	101 	885
f 2124 	2126 	2127
f 2124 	2127 	2125
f 1774 	1392 	1385
f 1774 	1385 	1767
f 883 	86 	104
f 883 	104 	884
f 2127 	2126 	2129
f 2127 	2129 	2130
f 1781 	1400 	1392
f 1781 	1392 	1774
f 2129 	2132 	2133
f 2129 	2133 	2130
f 880 	116 	85
f 880 	85 	882
f 1786 	1404 	1400
f 1786 	1400 	1781
f 2132 	2134 	2135
f 2132 	2135 	2133
f 1789 	1406 	1404
f 1789 	1404 	1786
f 879 	119 	116
f 879 	116 	880
f 2134 	2136 	2137
f 2134 	2137 	2135
f 1406 	1794 	1344
f 1789 	1794 	1406
f 1742 	1344 	1794
f 877 	123 	119
f 877 	119 	879
f 2136 	2138 	2139
f 2136 	2139 	2137
f 2138 	2140 	2141
f 2138 	2141 	2139
f 875 	128 	123
f 875 	123 	877
f 2144 	2141 	2140
f 2144 	2140 	432
f 872 	130 	128
f 872 	128 	875
f 2101 	520 	3371
f 2211 	135 	2210
f 134 	2210 	135
f 2002 	1996 	2111
f 2110 	2111 	1996
f 2101 	513 	520
f 130 	872 	136
f 914 	136 	872
f 139 	2210 	134
f 2148 	2149 	2150
f 2151 	2149 	2148
f 2151 	2148 	2722
f 818 	685 	964
f 2111 	2112 	2002
f 2120 	1957 	2114
f 1957 	2002 	2112
f 821 	687 	685
f 821 	685 	818
f 2114 	2115 	2120
f 825 	688 	687
f 825 	687 	821
f 160 	2242 	153
f 828 	692 	691
f 828 	691 	829
f 165 	2242 	160
f 832 	693 	692
f 832 	692 	828
f 839 	694 	693
f 839 	693 	832
f 843 	695 	694
f 843 	694 	839
f 843 	585 	695
f 1962 	197 	2279
f 194 	2279 	197
f 829 	691 	688
f 829 	688 	825
f 2279 	194 	2291
f 206 	2291 	194
f 914 	140 	136
f 907 	146 	147
f 907 	147 	909
f 135 	2211 	2291
f 135 	2291 	206
f 905 	149 	146
f 905 	146 	907
f 905 	155 	149
f 224 	2297 	184
f 912 	162 	140
f 912 	140 	914
f 2297 	224 	233
f 911 	172 	162
f 911 	162 	912
f 909 	147 	172
f 909 	172 	911
f 246 	2306 	233
f 980 	183 	155
f 980 	155 	905
f 2306 	246 	2310
f 250 	2310 	246
f 2315 	2310 	250
f 2315 	250 	260
f 2191 	2184 	2185
f 2191 	2185 	2192
f 268 	2317 	2315
f 268 	2315 	260
f 2195 	2188 	2189
f 2195 	2189 	2196
f 272 	2317 	268
f 2199 	2193 	2188
f 2199 	2188 	2195
f 2196 	2189 	2184
f 2196 	2184 	2191
f 284 	2324 	272
f 2206 	2201 	2193
f 2206 	2193 	2199
f 2045 	2051 	295
f 295 	2324 	284
f 2223 	2225 	2123
f 2209 	2204 	2201
f 2209 	2201 	2206
f 2212 	2208 	2204
f 2212 	2204 	2209
f 139 	2217 	2210
f 2224 	2218 	2221
f 2217 	139 	145
f 2217 	145 	2232
f 2192 	2185 	513
f 2192 	513 	2101
f 153 	2238 	145
f 2232 	145 	2238
f 2236 	2216 	2208
f 2236 	2208 	2212
f 979 	189 	183
f 979 	183 	980
f 978 	196 	189
f 978 	189 	979
f 2224 	2221 	2216
f 2224 	2216 	2236
f 2238 	153 	2242
f 977 	202 	196
f 977 	196 	978
f 2245 	2247 	2248
f 2245 	2248 	2249
f 165 	2251 	2242
f 976 	208 	202
f 976 	202 	977
f 976 	217 	208
f 2256 	2257 	2247
f 2256 	2247 	2245
f 174 	2258 	2251
f 174 	2251 	165
f 989 	214 	217
f 989 	217 	976
f 2228 	2229 	2147
f 2152 	2147 	2229
f 2229 	2230 	2152
f 2155 	2152 	2230
f 2230 	2231 	2155
f 2158 	2155 	2231
f 2231 	2254 	2158
f 2161 	2158 	2254
f 2254 	2255 	2161
f 2255 	2271 	2161
f 2275 	2276 	2355
f 2160 	2161 	2271
f 2123 	2122 	2223
f 2115 	2223 	2122
f 2122 	2120 	2115
f 2261 	2263 	2150
f 2148 	2150 	2263
f 988 	220 	214
f 988 	214 	989
f 2258 	174 	2264
f 184 	2264 	174
f 923 	718 	717
f 923 	717 	924
f 2266 	2267 	2268
f 2266 	2268 	2269
f 928 	719 	718
f 928 	718 	923
f 2272 	2274 	2267
f 2272 	2267 	2266
f 931 	720 	719
f 931 	719 	928
f 2289 	2290 	2257
f 2289 	2257 	2256
f 935 	714 	712
f 935 	712 	937
f 2293 	2294 	2274
f 2293 	2274 	2272
f 941 	716 	714
f 941 	714 	935
f 2263 	2261 	2290
f 2263 	2290 	2289
f 924 	717 	716
f 924 	716 	941
f 2297 	2264 	184
f 2249 	2248 	2294
f 2249 	2294 	2293
f 953 	722 	720
f 953 	720 	931
f 2278 	2280 	2380
f 2380 	2378 	2278
f 2395 	2380 	2282
f 2280 	2282 	2380
f 2282 	2283 	2395
f 2401 	2395 	2283
f 2283 	2284 	2401
f 2351 	2401 	2284
f 2287 	2303 	2286
f 233 	2302 	2297
f 957 	724 	722
f 957 	722 	953
f 2306 	2302 	233
f 2269 	2268 	2308
f 964 	725 	724
f 964 	724 	957
f 2243 	2312 	2244
f 2477 	2244 	2312
f 964 	685 	725
f 2314 	2250 	2253
f 2314 	2253 	2316
f 2318 	2260 	2218
f 2318 	2218 	2224
f 272 	2321 	2317
f 2322 	2265 	2250
f 2322 	2250 	2314
f 2324 	2321 	272
f 2326 	2270 	2260
f 2326 	2260 	2318
f 2312 	2243 	2288
f 2312 	2288 	2328
f 2328 	2288 	2265
f 2328 	2265 	2322
f 2332 	373 	376
f 2332 	376 	2333
f 2335 	2295 	2270
f 2335 	2270 	2326
f 376 	379 	2336
f 376 	2336 	2333
f 389 	2340 	2336
f 389 	2336 	379
f 2339 	2298 	2295
f 2339 	2295 	2335
f 406 	2342 	2340
f 406 	2340 	389
f 2344 	2301 	2298
f 2344 	2298 	2339
f 2316 	2253 	2301
f 2316 	2301 	2344
f 414 	2347 	2342
f 414 	2342 	406
f 1844 	2347 	414
f 1844 	414 	420
f 2277 	2278 	2378
f 2378 	2356 	2277
f 2350 	2352 	2353
f 995 	751 	433
f 995 	433 	332
f 431 	2354 	2144
f 431 	2144 	432
f 995 	752 	751
f 441 	2359 	2354
f 441 	2354 	431
f 2357 	2358 	2352
f 2357 	2352 	2350
f 2365 	2366 	2358
f 2365 	2358 	2357
f 452 	2363 	2359
f 452 	2359 	441
f 1003 	769 	768
f 1003 	768 	1005
f 2368 	2369 	2366
f 2368 	2366 	2365
f 460 	2370 	2363
f 460 	2363 	452
f 1006 	766 	752
f 1006 	752 	995
f 1005 	768 	766
f 1005 	766 	1006
f 467 	2371 	2370
f 467 	2370 	460
f 2372 	2373 	2369
f 2372 	2369 	2368
f 1016 	770 	769
f 1016 	769 	1003
f 373 	2332 	2371
f 373 	2371 	467
f 1019 	771 	770
f 1019 	770 	1016
f 2374 	2375 	2376
f 2374 	2376 	2377
f 1026 	772 	771
f 1026 	771 	1019
f 2271 	2273 	2160
f 2163 	2160 	2273
f 1030 	762 	772
f 1030 	772 	1026
f 2377 	2376 	2373
f 2377 	2373 	2372
f 2383 	2389 	2391
f 2383 	2391 	2392
f 2273 	2275 	2163
f 2355 	2163 	2275
f 2397 	2398 	2375
f 2397 	2375 	2374
f 2392 	2391 	2398
f 2392 	2398 	2397
f 2276 	2277 	2356
f 2356 	2355 	2276
f 2304 	2351 	2285
f 2284 	2285 	2351
f 2285 	2286 	2304
f 2389 	2383 	2308
f 2269 	2308 	2383
f 2418 	2421 	2423
f 2418 	2423 	2424
f 2429 	2434 	2421
f 2429 	2421 	2418
f 258 	382 	1034
f 782 	1034 	382
f 2451 	2452 	2434
f 2451 	2434 	2429
f 2455 	2456 	2452
f 2455 	2452 	2451
f 762 	1030 	1034
f 762 	1034 	782
f 2455 	2459 	2456
f 2438 	3578 	2436
f 3578 	3577 	2436
f 2440 	3588 	2438
f 2433 	2436 	3577
f 2442 	3587 	2440
f 2444 	3589 	2442
f 2463 	3589 	2444
f 2464 	3583 	2463
f 2467 	1937 	2047
f 2465 	2466 	1717
f 2465 	1717 	1715
f 2424 	2423 	2466
f 2424 	2466 	2465
f 2477 	2386 	2244
f 2483 	2399 	2386
f 2483 	2386 	2477
f 2490 	2406 	2399
f 2490 	2399 	2483
f 2494 	2416 	2406
f 2494 	2406 	2490
f 2498 	2425 	2428
f 2498 	2428 	2501
f 2501 	2428 	2416
f 2501 	2416 	2494
f 2513 	2514 	2792
f 2512 	2513 	2792
f 2792 	2796 	2512
f 2590 	2792 	2514
f 2514 	2515 	2590
f 2592 	2590 	2515
f 2515 	2622 	2592
f 2622 	2624 	2592
f 2522 	2457 	2425
f 2522 	2425 	2498
f 49 	50 	2572
f 2537 	2460 	2457
f 2537 	2457 	2522
f 2544 	2469 	2460
f 2544 	2460 	2537
f 51 	52 	2529
f 54 	2472 	2545
f 2544 	2474 	2469
f 2558 	2560 	2561
f 2558 	2561 	2564
f 2472 	2506 	2548
f 2568 	2569 	2560
f 2568 	2560 	2558
f 2552 	2548 	2506
f 2574 	2577 	2569
f 2574 	2569 	2568
f 2548 	2545 	2472
f 2545 	2540 	54
f 50 	51 	2529
f 2529 	2572 	50
f 48 	49 	2572
f 2540 	2520 	54
f 54 	2520 	53
f 2577 	2574 	2353
f 2350 	2353 	2574
f 48 	131 	47
f 2572 	131 	48
f 129 	47 	131
f 2796 	2565 	2510
f 2594 	2592 	2624
f 2584 	2587 	2459
f 2584 	2459 	2455
f 2608 	2609 	2587
f 2608 	2587 	2584
f 2597 	2594 	2626
f 2624 	2626 	2594
f 2511 	2512 	2796
f 2611 	2612 	2609
f 2611 	2609 	2608
f 2634 	2636 	2599
f 2599 	2597 	2634
f 2601 	2599 	2636
f 2626 	2634 	2597
f 2638 	2601 	2636
f 2639 	2601 	2638
f 2709 	2710 	2688
f 2564 	2561 	2612
f 2564 	2612 	2611
f 2647 	2481 	2484
f 2647 	2484 	2650
f 2601 	2639 	2646
f 2644 	2646 	2640
f 2639 	2640 	2646
f 2640 	2641 	2644
f 2670 	2644 	2641
f 2689 	2487 	2481
f 2689 	2481 	2647
f 1729 	1728 	2487
f 1729 	2487 	2689
f 2656 	2711 	2665
f 2688 	2678 	2709
f 2701 	2709 	2678
f 2700 	2701 	2678
f 2678 	2670 	2700
f 2641 	2700 	2670
f 2693 	2527 	2474
f 2693 	2474 	2544
f 2696 	2538 	2527
f 2696 	2527 	2693
f 2662 	2688 	2710
f 2656 	2662 	2710
f 2711 	2656 	2710
f 2712 	2665 	2711
f 2713 	2665 	2712
f 2714 	2717 	2713
f 2650 	2484 	2538
f 2650 	2538 	2696
f 2722 	2723 	2151
f 2721 	2716 	2782
f 2725 	2721 	2782
f 2782 	2783 	2725
f 2714 	2782 	2716
f 2716 	2717 	2714
f 2738 	2713 	2717
f 2665 	2713 	2738
f 2737 	2730 	2784
f 2730 	2725 	2783
f 2783 	2784 	2730
f 2726 	2748 	2751
f 2726 	2751 	2753
f 2779 	2780 	2723
f 2779 	2723 	2722
f 2753 	2751 	2780
f 2753 	2780 	2779
f 2784 	2785 	2737
f 2733 	2737 	2785
f 2785 	2786 	2733
f 2786 	2787 	2733
f 2787 	2790 	2733
f 2732 	2733 	2790
f 2788 	2791 	2748
f 2788 	2748 	2726
f 2794 	2795 	2791
f 2794 	2791 	2788
f 2506 	2508 	2552
f 2797 	2798 	2795
f 2797 	2795 	2794
f 2510 	2511 	2796
f 2509 	2510 	2565
f 2565 	2559 	2509
f 2559 	2552 	2508
f 2508 	2509 	2559
f 2799 	2800 	2798
f 2799 	2798 	2797
f 2809 	2810 	2811
f 2809 	2811 	2812
f 2803 	2807 	2790
f 2802 	2803 	2790
f 2810 	2816 	2817
f 2810 	2817 	2811
f 2815 	2813 	2790
f 2816 	2819 	2821
f 2816 	2821 	2817
f 2819 	2824 	2825
f 2819 	2825 	2821
f 2813 	2802 	2790
f 2807 	2822 	2790
f 2822 	2732 	2790
f 2806 	2790 	2805
f 2806 	2815 	2790
f 2467 	2805 	2790
f 2467 	2790 	1937
f 2824 	2847 	2848
f 2824 	2848 	2825
f 2847 	2881 	2883
f 2847 	2883 	2848
f 2881 	2886 	2888
f 2881 	2888 	2883
f 2886 	2890 	2892
f 2886 	2892 	2888
f 2890 	2905 	2906
f 2890 	2906 	2892
f 2905 	2907 	2908
f 2905 	2908 	2906
f 2909 	2910 	2911
f 2909 	2911 	2912
f 2910 	2913 	2914
f 2910 	2914 	2911
f 2916 	2917 	2915
f 2913 	2915 	2917
f 2913 	2917 	2914
f 2915 	2918 	2919
f 2915 	2919 	2916
f 2918 	2920 	2921
f 2918 	2921 	2919
f 2920 	2922 	2923
f 2920 	2923 	2921
f 2923 	2926 	2925
f 2922 	2926 	2923
f 2924 	2925 	2926
f 2812 	2925 	2924
f 2812 	2924 	2809
f 2907 	2927 	2928
f 2907 	2928 	2908
f 2930 	2931 	2929
f 2931 	2928 	2929
f 2927 	2929 	2928
f 2930 	2933 	2934
f 2930 	2934 	2931
f 2933 	2935 	2937
f 2933 	2937 	2934
f 2935 	2938 	2939
f 2935 	2939 	2937
f 2941 	2942 	2940
f 2938 	2940 	2942
f 2938 	2942 	2939
f 2940 	2943 	2944
f 2940 	2944 	2941
f 2943 	2946 	2947
f 2943 	2947 	2944
f 2946 	2949 	2950
f 2946 	2950 	2947
f 2949 	2951 	2952
f 2949 	2952 	2950
f 2951 	2953 	2954
f 2951 	2954 	2952
f 2953 	2956 	2957
f 2953 	2957 	2954
f 2956 	2961 	2962
f 2956 	2962 	2957
f 2961 	2964 	2965
f 2961 	2965 	2962
f 2964 	2966 	2968
f 2964 	2968 	2965
f 2968 	2966 	2969
f 2968 	2969 	2970
f 2969 	2971 	2972
f 2969 	2972 	2970
f 2971 	2974 	2975
f 2971 	2975 	2972
f 2974 	2977 	2978
f 2974 	2978 	2975
f 2977 	2979 	2980
f 2977 	2980 	2978
f 2979 	2982 	2983
f 2979 	2983 	2980
f 2984 	2985 	2986
f 2984 	2986 	2987
f 2986 	2988 	2989
f 2986 	2989 	2987
f 2988 	2996 	2997
f 2988 	2997 	2989
f 2997 	2996 	3016
f 3017 	3018 	3016
f 2997 	3016 	3018
f 3017 	3019 	3021
f 3017 	3021 	3018
f 3019 	3022 	3023
f 3019 	3023 	3021
f 3024 	3025 	3023
f 3024 	3023 	3022
f 3026 	3027 	3025
f 3026 	3025 	3024
f 3028 	3029 	3027
f 3028 	3027 	3026
f 2912 	3029 	3028
f 2912 	3028 	2909
f 2982 	3030 	3031
f 2982 	3031 	2983
f 3032 	3033 	3031
f 3032 	3031 	3030
f 3034 	3035 	3033
f 3034 	3033 	3032
f 2984 	3035 	3034
f 2984 	3034 	2985
f 2148 	2263 	2192
f 2209 	2206 	2245
f 2245 	2249 	2209
f 2249 	2293 	2209
f 2212 	2209 	2293
f 2236 	2212 	2293
f 2293 	2272 	2236
f 2224 	2236 	2272
f 2269 	2383 	2326
f 2266 	2224 	2272
f 2263 	2289 	2196
f 2195 	2196 	2289
f 2196 	2191 	2263
f 2191 	2192 	2263
f 2289 	2256 	2195
f 2192 	2101 	2148
f 2722 	2148 	2101
f 2779 	2722 	2101
f 2365 	2483 	2368
f 2357 	2350 	2490
f 2368 	2312 	2372
f 2328 	2322 	2377
f 2377 	2372 	2328
f 2344 	2339 	2392
f 2322 	2314 	2397
f 2374 	2377 	2322
f 2397 	2374 	2322
f 2328 	2372 	2312
f 2392 	2397 	2316
f 2316 	2344 	2392
f 2383 	2392 	2339
f 2339 	2335 	2383
f 2335 	2326 	2383
f 2326 	2318 	2269
f 2266 	2269 	2318
f 2224 	2266 	2318
f 2418 	1729 	2429
f 2424 	1729 	2418
f 2451 	2647 	2455
f 2429 	1729 	2451
f 2465 	1729 	2424
f 1715 	1729 	2465
f 2564 	2611 	2537
f 2574 	2568 	2501
f 2647 	2650 	2455
f 2584 	2696 	2608
f 2314 	2316 	2397
f 2522 	2498 	2558
f 2537 	2522 	2558
f 2558 	2564 	2537
f 2544 	2537 	2611
f 2608 	2544 	2611
f 2689 	2451 	1729
f 2568 	2558 	2498
f 2498 	2501 	2568
f 2501 	2494 	2574
f 2350 	2574 	2494
f 2312 	2368 	2477
f 2494 	2490 	2350
f 2490 	2483 	2357
f 2365 	2357 	2483
f 2477 	2368 	2483
f 2584 	2455 	2650
f 2696 	2584 	2650
f 2647 	2451 	2689
f 2544 	2608 	2693
f 2693 	2608 	2696
f 2199 	2195 	2256
f 2206 	2199 	2256
f 2256 	2245 	2206
f 2726 	2753 	2101
f 2753 	2779 	2101
f 2788 	2726 	2101
f 2797 	2794 	2101
f 2794 	2788 	2101
f 2799 	2797 	2101
f 3371 	2799 	2101
f 3153 	3154 	2480
f 3153 	2480 	2479
f 3154 	3157 	2485
f 3154 	2485 	2480
f 3157 	3159 	2488
f 3157 	2488 	2485
f 3159 	3161 	2492
f 3159 	2492 	2488
f 3161 	3164 	2495
f 3161 	2495 	2492
f 3164 	3168 	2499
f 3164 	2499 	2495
f 3168 	3171 	2503
f 3168 	2503 	2499
f 2505 	3175 	3176
f 2505 	3176 	2507
f 3171 	3175 	2505
f 3171 	2505 	2503
f 3176 	3181 	2519
f 3176 	2519 	2507
f 3181 	3197 	2533
f 3181 	2533 	2519
f 3200 	2543 	2546
f 3200 	2546 	1054
f 3206 	2551 	2543
f 3206 	2543 	3200
f 3210 	2563 	2551
f 3210 	2551 	3206
f 3217 	2570 	2563
f 3217 	2563 	3210
f 3224 	2575 	2570
f 3224 	2570 	3217
f 3230 	2580 	2575
f 3230 	2575 	3224
f 3238 	2585 	2580
f 3238 	2580 	3230
f 1376 	3244 	2621
f 1376 	2621 	2620
f 3244 	3249 	2632
f 3244 	2632 	2621
f 3249 	3253 	2643
f 3249 	2643 	2632
f 2648 	3257 	3258
f 2648 	3258 	2649
f 3253 	3257 	2648
f 3253 	2648 	2643
f 3258 	3262 	2658
f 3258 	2658 	2649
f 3262 	3265 	2666
f 3262 	2666 	2658
f 3265 	3268 	2668
f 3265 	2668 	2666
f 3274 	2672 	2668
f 3274 	2668 	3268
f 2479 	2672 	3274
f 2479 	3274 	3153
f 2585 	3238 	3281
f 2585 	3281 	2691
f 2691 	3281 	3284
f 2691 	3284 	2707
f 2707 	3284 	3301
f 2707 	3301 	2718
f 2718 	3301 	3318
f 2718 	3318 	2729
f 3323 	2736 	2729
f 3323 	2729 	3318
f 3326 	2739 	2736
f 3326 	2736 	3323
f 520 	1440 	3371
f 2800 	2799 	1598
f 3373 	1544 	220
f 3373 	220 	988
f 3384 	1548 	1544
f 3384 	1544 	3373
f 3389 	1552 	1548
f 3389 	1548 	3384
f 3391 	1555 	1552
f 3391 	1552 	3389
f 3415 	1560 	1555
f 3415 	1555 	3391
f 3415 	1565 	1560
f 3446 	3095 	3093
f 3448 	3097 	3095
f 3448 	3095 	3446
f 3458 	3098 	3097
f 3458 	3097 	3448
f 3462 	3099 	3098
f 3462 	3098 	3458
f 3497 	3100 	3099
f 3497 	3099 	3462
f 2728 	1937 	2720
f 3505 	3102 	3100
f 3505 	3100 	3497
f 2047 	3369 	3368
f 2734 	2063 	2061
f 2734 	2061 	2735
f 937 	712 	3102
f 937 	3102 	3505
f 1937 	2728 	2061
f 2735 	2061 	2728
f 1568 	3508 	3509
f 1568 	3509 	1570
f 2720 	1937 	2885
f 2790 	2885 	1937
f 1570 	3509 	3371
f 1570 	3371 	1440
f 2755 	2108 	2055
f 2755 	2055 	2756
f 2472 	54 	2995
f 3510 	1580 	1565
f 3510 	1565 	3415
f 3000 	2508 	2506
f 3000 	2506 	2999
f 2756 	2055 	2759
f 3331 	2742 	2739
f 3331 	2739 	3326
f 2999 	2506 	2472
f 2999 	2472 	3002
f 2759 	2055 	2074
f 2759 	2074 	2760
f 3002 	2472 	2995
f 2760 	2074 	2072
f 2760 	2072 	2804
f 3512 	2744 	2742
f 3512 	2742 	3331
f 3005 	2515 	3004
f 2804 	2072 	2071
f 2804 	2071 	2808
f 3004 	2515 	2514
f 3004 	2514 	3007
f 2808 	2071 	2070
f 2808 	2070 	2814
f 3513 	2757 	2744
f 3513 	2744 	3512
f 3007 	2514 	2513
f 3007 	2513 	3008
f 2814 	2070 	2069
f 2814 	2069 	2818
f 3008 	2513 	2512
f 3008 	2512 	3010
f 3514 	2765 	2757
f 3514 	2757 	3513
f 2818 	2069 	2068
f 2818 	2068 	2820
f 3010 	2512 	2511
f 3010 	2511 	3012
f 2820 	2068 	2067
f 2820 	2067 	2823
f 3012 	2511 	2510
f 3012 	2510 	3013
f 3515 	2776 	2765
f 3515 	2765 	3514
f 2823 	2067 	2066
f 2823 	2066 	2826
f 3013 	2510 	2509
f 3013 	2509 	3014
f 2826 	2066 	2064
f 2826 	2064 	2827
f 3014 	2509 	2508
f 3014 	2508 	3000
f 3516 	2781 	2776
f 3516 	2776 	3515
f 2827 	2064 	2063
f 2827 	2063 	2734
f 3379 	2521 	2520
f 3379 	2520 	3380
f 3377 	2529 	2526
f 3377 	2526 	3378
f 3392 	2034 	1947
f 3392 	1947 	3394
f 3517 	2793 	2781
f 3517 	2781 	3516
f 3378 	2526 	2521
f 3378 	2521 	3379
f 3394 	1947 	1951
f 3394 	1951 	3398
f 3380 	2520 	2540
f 3380 	2540 	3381
f 3381 	2540 	2545
f 3381 	2545 	3382
f 3511 	1585 	1580
f 3511 	1580 	3510
f 3413 	1957 	3414
f 2801 	2793 	3518
f 2793 	3517 	3518
f 3382 	2545 	2548
f 3382 	2548 	3383
f 3519 	1588 	1585
f 3519 	1585 	3511
f 3398 	1951 	1963
f 3398 	1963 	3402
f 3383 	2548 	2552
f 3383 	2552 	3385
f 3508 	1568 	1588
f 3508 	1588 	3519
f 3197 	3520 	2869
f 3197 	2869 	2533
f 3385 	2552 	2559
f 3385 	2559 	3386
f 3402 	1963 	1965
f 3402 	1965 	3405
f 3521 	3111 	3110
f 3521 	3110 	3522
f 3386 	2559 	2565
f 3386 	2565 	3387
f 3520 	3523 	2871
f 3520 	2871 	2869
f 3524 	3112 	3111
f 3524 	3111 	3521
f 3405 	1965 	1970
f 3405 	1970 	3406
f 3387 	2565 	3375
f 3523 	3525 	2873
f 3523 	2873 	2871
f 3526 	3113 	3112
f 3526 	3112 	3524
f 3406 	1970 	1976
f 3406 	1976 	3407
f 3525 	3527 	2877
f 3525 	2877 	2873
f 3376 	2572 	2529
f 3376 	2529 	3377
f 3528 	3114 	3113
f 3528 	3113 	3526
f 3407 	1976 	1983
f 3407 	1983 	3408
f 3527 	3529 	2880
f 3527 	2880 	2877
f 280 	131 	2572
f 280 	2572 	3376
f 3530 	3116 	3114
f 3530 	3114 	3528
f 3408 	1983 	1989
f 3408 	1989 	3409
f 3220 	2639 	2638
f 3220 	2638 	3221
f 3529 	3531 	2882
f 3529 	2882 	2880
f 3225 	2636 	2634
f 3225 	2634 	3227
f 3532 	3117 	3116
f 3532 	3116 	3530
f 3409 	1989 	1996
f 3409 	1996 	3410
f 2882 	3531 	3533
f 2882 	3533 	2887
f 3227 	2634 	2626
f 3227 	2626 	3272
f 3534 	3118 	3117
f 3534 	3117 	3532
f 3533 	3535 	2891
f 3533 	2891 	2887
f 3410 	1996 	2002
f 3410 	2002 	3411
f 3277 	2700 	2641
f 3277 	2641 	3278
f 3536 	3119 	3118
f 3536 	3118 	3534
f 3535 	3537 	2895
f 3535 	2895 	2891
f 3411 	2002 	1957
f 3411 	1957 	3413
f 3278 	2641 	2640
f 3278 	2640 	3280
f 3119 	3536 	3093
f 3446 	3093 	3536
f 3280 	2640 	2639
f 3280 	2639 	3220
f 3537 	1231 	2896
f 3537 	2896 	2895
f 3438 	2019 	2018
f 3438 	2018 	3439
f 3221 	2638 	2636
f 3221 	2636 	3225
f 3109 	3108 	3538
f 3540 	3538 	3108
f 1335 	3539 	2898
f 1335 	2898 	2897
f 3439 	2018 	2022
f 3439 	2022 	3440
f 3282 	2624 	2622
f 3282 	2622 	3283
f 3109 	3538 	3522
f 3109 	3522 	3110
f 3272 	2626 	2624
f 3272 	2624 	3282
f 3440 	2022 	2024
f 3440 	2024 	3441
f 2899 	2898 	3539
f 2899 	3539 	1388
f 3124 	3540 	3108
f 2515 	3005 	2622
f 3283 	2622 	3005
f 3441 	2024 	2028
f 3441 	2028 	3443
f 1595 	1598 	3540
f 2799 	3540 	1598
f 3124 	1595 	3540
f 3421 	2590 	3424
f 3443 	2028 	2032
f 3443 	2032 	3444
f 3424 	2590 	2592
f 3424 	2592 	3427
f 3128 	3127 	3543
f 3128 	3543 	3544
f 3444 	2032 	2034
f 3444 	2034 	3445
f 3427 	2592 	2594
f 3427 	2594 	3429
f 3127 	3129 	3546
f 3127 	3546 	3543
f 3445 	2034 	3392
f 3429 	2594 	2597
f 3429 	2597 	3431
f 3129 	3131 	3547
f 3129 	3547 	3546
f 3369 	2047 	3437
f 3431 	2597 	2599
f 3431 	2599 	3434
f 3131 	3133 	3549
f 3131 	3549 	3547
f 3434 	2599 	2601
f 3434 	2601 	3435
f 3133 	3135 	3551
f 3133 	3551 	3549
f 3135 	3137 	3552
f 3135 	3552 	3551
f 3435 	2601 	3419
f 3137 	3139 	3554
f 3137 	3554 	3552
f 3291 	2714 	3289
f 3437 	2047 	2019
f 3437 	2019 	3438
f 3139 	3141 	3556
f 3139 	3556 	3554
f 3094 	2115 	2114
f 3094 	2114 	3096
f 3294 	2701 	2700
f 3294 	2700 	3295
f 3141 	3142 	3557
f 3141 	3557 	3556
f 3298 	2712 	2711
f 3298 	2711 	3299
f 3142 	3163 	3559
f 3142 	3559 	3557
f 3295 	2700 	3277
f 3096 	2114 	2112
f 3096 	2112 	3103
f 3167 	3165 	3560
f 3167 	3560 	3561
f 3299 	2711 	2710
f 3299 	2710 	3307
f 3103 	2112 	2111
f 3103 	2111 	3105
f 3165 	3169 	3562
f 3165 	3562 	3560
f 3289 	2714 	2713
f 3289 	2713 	3308
f 3105 	2111 	2110
f 3105 	2110 	3106
f 3308 	2713 	2712
f 3308 	2712 	3298
f 3563 	3564 	3172
f 3169 	3172 	3564
f 3169 	3564 	3562
f 3106 	2110 	2109
f 3106 	2109 	3107
f 3307 	2710 	2709
f 3307 	2709 	3316
f 3172 	3173 	3565
f 3172 	3565 	3563
f 3107 	2109 	2108
f 3107 	2108 	3143
f 3316 	2709 	2701
f 3316 	2701 	3294
f 3173 	3177 	3566
f 3173 	3566 	3565
f 3143 	2108 	2755
f 3177 	3084 	3567
f 3177 	3567 	3566
f 3449 	2646 	2644
f 3449 	2644 	3450
f 3147 	2115 	3094
f 3178 	3568 	3567
f 3178 	3567 	3084
f 3150 	2255 	2254
f 3150 	2254 	3151
f 3419 	2601 	2646
f 3419 	2646 	3449
f 3544 	3568 	3178
f 3544 	3178 	3128
f 3454 	2662 	2656
f 3454 	2656 	3456
f 3152 	2255 	3150
f 3163 	3183 	3569
f 3163 	3569 	3559
f 3456 	2656 	2665
f 3456 	2665 	3457
f 3151 	2254 	2231
f 3151 	2231 	3155
f 3183 	3126 	3570
f 3183 	3570 	3569
f 3155 	2231 	2230
f 3155 	2230 	3156
f 3457 	2665 	3459
f 3186 	3571 	3185
f 3571 	3570 	3185
f 3126 	3185 	3570
f 3156 	2230 	2229
f 3156 	2229 	3158
f 3450 	2644 	2670
f 3450 	2670 	3451
f 3186 	3194 	3572
f 3186 	3572 	3571
f 3158 	2229 	2228
f 3158 	2228 	3160
f 3451 	2670 	2678
f 3451 	2678 	3452
f 3160 	2228 	2227
f 3160 	2227 	3162
f 3452 	2678 	2688
f 3452 	2688 	3453
f 3162 	2227 	2226
f 3162 	2226 	3166
f 3453 	2688 	2662
f 3453 	2662 	3454
f 3166 	2226 	2225
f 3166 	2225 	3170
f 2787 	3324 	2885
f 2787 	2885 	2790
f 3170 	2225 	2223
f 3170 	2223 	3174
f 3324 	2787 	2786
f 3324 	2786 	3328
f 3328 	2786 	2785
f 3328 	2785 	3330
f 2115 	3147 	2223
f 3174 	2223 	3147
f 3330 	2785 	2784
f 3330 	2784 	3333
f 3337 	2783 	2782
f 3337 	2782 	3338
f 3414 	1957 	2120
f 3414 	2120 	3463
f 2714 	3291 	2782
f 3338 	2782 	3291
f 3333 	2784 	2783
f 3333 	2783 	3337
f 3463 	2120 	2122
f 3463 	2122 	3464
f 3477 	2717 	2716
f 3477 	2716 	3478
f 3464 	2122 	2123
f 3464 	2123 	3465
f 3478 	2716 	2721
f 3478 	2721 	3479
f 56 	2960 	3576
f 3465 	2123 	2128
f 3465 	2128 	3466
f 3479 	2721 	2725
f 3479 	2725 	3480
f 2960 	56 	55
f 3480 	2725 	2730
f 3480 	2730 	3481
f 3466 	2128 	2131
f 3466 	2131 	3467
f 3483 	2733 	2732
f 3483 	2732 	3484
f 3467 	2131 	2147
f 3467 	2147 	3468
f 3481 	2730 	2737
f 3481 	2737 	3482
f 3468 	2147 	2152
f 3468 	2152 	3469
f 3459 	2665 	2738
f 3459 	2738 	3476
f 3469 	2152 	2155
f 3469 	2155 	3470
f 3482 	2737 	2733
f 3482 	2733 	3483
f 3470 	2155 	2158
f 3470 	2158 	3471
f 3476 	2738 	2717
f 3476 	2717 	3477
f 579 	2981 	576
f 2822 	3473 	2732
f 3484 	2732 	3473
f 3472 	2161 	2160
f 3472 	2160 	3474
f 591 	2981 	579
f 2590 	3421 	2792
f 3491 	2792 	3421
f 3375 	2565 	2796
f 3375 	2796 	3490
f 1307 	273 	1680
f 462 	1680 	273
f 3474 	2160 	2163
f 3474 	2163 	3475
f 607 	2991 	591
f 3490 	2796 	2792
f 3490 	2792 	3491
f 3501 	2803 	2802
f 3501 	2802 	3502
f 3475 	2163 	3461
f 2304 	2286 	2303
f 3542 	3541 	2900
f 3542 	2900 	2901
f 2805 	3498 	3506
f 2805 	3506 	2806
f 3499 	2807 	3500
f 3471 	2158 	2161
f 3471 	2161 	3472
f 2287 	2430 	2303
f 3500 	2807 	2803
f 3500 	2803 	3501
f 2900 	3541 	3545
f 2900 	3545 	2902
f 3179 	2283 	2282
f 3179 	2282 	3180
f 3502 	2802 	2813
f 3502 	2813 	3503
f 2430 	2433 	3577
f 3577 	2303 	2430
f 3503 	2813 	2815
f 3503 	2815 	3504
f 3548 	2903 	3545
f 2902 	3545 	2903
f 3180 	2282 	2280
f 3180 	2280 	3231
f 2806 	3506 	3504
f 2806 	3504 	2815
f 3579 	3582 	2464
f 3231 	2280 	2278
f 3231 	2278 	3234
f 2822 	3507 	3473
f 2903 	3548 	3550
f 2903 	3550 	2904
f 2807 	3499 	2822
f 3507 	2822 	3499
f 3583 	2464 	3582
f 3234 	2278 	2277
f 3234 	2277 	3239
f 2467 	3345 	3351
f 3498 	2805 	3351
f 3553 	2932 	3550
f 2904 	3550 	2932
f 3239 	2277 	2276
f 3239 	2276 	3243
f 3582 	3579 	3581
f 2467 	3351 	2805
f 3243 	2276 	2275
f 3243 	2275 	3248
f 2932 	3553 	3555
f 2932 	3555 	2936
f 3248 	2275 	2273
f 3248 	2273 	3252
f 3580 	3590 	3584
f 2936 	3555 	2945
f 3558 	2945 	3555
f 3252 	2273 	2271
f 3252 	2271 	3256
f 3584 	3591 	3585
f 3573 	2948 	2945
f 3573 	2945 	3558
f 2255 	3152 	2271
f 3256 	2271 	3152
f 3585 	3605 	3586
f 3605 	3606 	3586
f 3263 	2284 	2283
f 3263 	2283 	3179
f 3574 	2955 	3518
f 2801 	3518 	2955
f 3269 	2287 	3271
f 2955 	3574 	3575
f 2955 	3575 	2958
f 3271 	2287 	2286
f 3271 	2286 	3276
f 3581 	3579 	3580
f 3589 	2463 	3583
f 3716 	3715 	3607
f 3542 	2901 	3575
f 2958 	3575 	2901
f 3276 	2286 	2285
f 3276 	2285 	3279
f 3279 	2285 	2284
f 3279 	2284 	3263
f 3591 	3584 	3590
f 3590 	3580 	3579
f 3587 	2442 	3589
f 3588 	2440 	3587
f 3578 	2438 	3588
f 2948 	3573 	2959
f 3576 	2959 	3573
f 3494 	2304 	2303
f 3494 	2303 	3495
f 2960 	2959 	3576
f 55 	2963 	2960
f 3495 	2303 	3036
f 3493 	2351 	2304
f 3493 	2304 	3494
f 2963 	55 	2967
f 111 	2967 	55
f 3461 	2163 	2355
f 3461 	2355 	3485
f 2967 	111 	573
f 2967 	573 	2973
f 3485 	2355 	2356
f 3485 	2356 	3486
f 2973 	573 	2976
f 576 	2976 	573
f 3486 	2356 	2378
f 3486 	2378 	3487
f 3487 	2378 	2380
f 3487 	2380 	3488
f 2981 	2976 	576
f 3488 	2380 	2395
f 3488 	2395 	3489
f 3489 	2395 	2401
f 3489 	2401 	3492
f 3194 	3203 	3592
f 3194 	3592 	3572
f 3492 	2401 	2351
f 3492 	2351 	3493
f 3309 	2433 	2430
f 3309 	2430 	3310
f 3593 	3594 	3204
f 3203 	3204 	3594
f 3203 	3594 	3592
f 591 	2990 	2981
f 3204 	3207 	3595
f 3204 	3595 	3593
f 3313 	2440 	2438
f 3313 	2438 	3335
f 3207 	3209 	3596
f 3207 	3596 	3595
f 3335 	2438 	2436
f 3335 	2436 	3340
f 2990 	591 	2991
f 3340 	2436 	2433
f 3340 	2433 	3309
f 3209 	3213 	3597
f 3209 	3597 	3596
f 3346 	3579 	2464
f 3346 	2464 	3349
f 3216 	3215 	3598
f 3216 	3598 	3599
f 631 	2992 	2991
f 631 	2991 	607
f 3349 	2464 	2463
f 3349 	2463 	3354
f 3213 	3226 	3600
f 3213 	3600 	3597
f 3356 	2444 	2442
f 3356 	2442 	3358
f 643 	2993 	2992
f 643 	2992 	631
f 3226 	3232 	3601
f 3226 	3601 	3600
f 3358 	2442 	2440
f 3358 	2440 	3313
f 3232 	3251 	3602
f 3232 	3602 	3601
f 739 	2994 	2993
f 739 	2993 	643
f 3251 	3255 	3603
f 3251 	3603 	3602
f 3354 	2463 	2444
f 3354 	2444 	3356
f 3255 	3259 	3604
f 3255 	3604 	3603
f 2287 	3269 	2430
f 3310 	2430 	3269
f 983 	2998 	2994
f 983 	2994 	739
f 3605 	3585 	3591
f 3609 	3610 	3718
f 3608 	3609 	3717
f 3611 	3719 	3610
f 3717 	3716 	3608
f 2047 	3368 	2467
f 3496 	2467 	3368
f 3612 	3604 	741
f 3259 	741 	3604
f 2467 	3496 	3345
f 994 	3001 	2998
f 994 	2998 	983
f 3612 	741 	3267
f 3612 	3267 	3613
f 3267 	3270 	3615
f 3267 	3615 	3613
f 3270 	3285 	3616
f 3270 	3616 	3615
f 1000 	3003 	3001
f 1000 	3001 	994
f 3285 	3286 	3617
f 3285 	3617 	3616
f 1012 	3006 	3003
f 1012 	3003 	1000
f 3286 	3287 	3619
f 3286 	3619 	3617
f 1023 	3009 	3006
f 1023 	3006 	1012
f 3287 	3216 	3599
f 3287 	3599 	3619
f 3623 	1480 	3292
f 3623 	3292 	3625
f 3009 	1023 	1035
f 3009 	1035 	3011
f 3292 	3296 	3627
f 3292 	3627 	3625
f 1037 	3015 	3011
f 1037 	3011 	1035
f 3296 	3297 	3630
f 3296 	3630 	3627
f 3300 	3633 	3630
f 3300 	3630 	3297
f 1042 	3020 	3015
f 1042 	3015 	1037
f 3332 	3635 	3633
f 3332 	3633 	3300
f 1054 	2546 	3020
f 1054 	3020 	1042
f 3336 	3647 	3635
f 3336 	3635 	3332
f 3561 	3647 	3336
f 3561 	3336 	3167
f 1231 	1229 	3083
f 1231 	3083 	2896
f 3215 	3342 	3649
f 3215 	3649 	3598
f 3343 	3651 	3649
f 3343 	3649 	3342
f 3348 	3661 	3651
f 3348 	3651 	3343
f 3353 	3666 	3661
f 3353 	3661 	3348
f 3355 	3668 	3666
f 3355 	3666 	3353
f 3359 	3675 	3668
f 3359 	3668 	3355
f 3675 	3362 	3623
f 3359 	3362 	3675
f 1480 	3623 	3362
f 1474 	1432 	3626
f 3446 	3384 	3448
f 3448 	3373 	3458
f 3497 	3462 	988
f 3505 	3497 	988
f 1229 	1248 	3085
f 1229 	3085 	3083
f 937 	3505 	988
f 3462 	3458 	988
f 1248 	1253 	3086
f 1248 	3086 	3085
f 1253 	1262 	3087
f 1253 	3087 	3086
f 3389 	3384 	3446
f 3373 	3448 	3384
f 988 	3458 	3373
f 3521 	3508 	3524
f 3522 	3509 	3521
f 1425 	1310 	3636
f 3629 	3628 	1432
f 1478 	1474 	3622
f 3622 	3688 	1478
f 1181 	1478 	3688
f 3688 	3634 	1181
f 1143 	1181 	3634
f 3528 	3526 	3519
f 3526 	3524 	3519
f 3713 	3712 	11
f 169 	11 	3712
f 3530 	3528 	3511
f 3519 	3511 	3528
f 3532 	3415 	3534
f 3530 	3510 	3532
f 3707 	1156 	3706
f 1262 	1273 	3088
f 1262 	3088 	3087
f 1273 	1277 	3089
f 1273 	3089 	3088
f 3701 	3714 	10
f 3714 	3713 	10
f 11 	10 	3713
f 3391 	3534 	3415
f 3415 	3532 	3510
f 3391 	3389 	3536
f 3536 	3389 	3446
f 3534 	3391 	3536
f 3089 	1277 	1282
f 3089 	1282 	3090
f 3706 	1145 	3634
f 1149 	1134 	3704
f 3704 	3705 	1169
f 1169 	1149 	3704
f 1282 	1306 	3091
f 1282 	3091 	3090
f 1306 	1312 	3122
f 1306 	3122 	3091
f 3710 	3711 	956
f 1312 	1316 	3123
f 1312 	3123 	3122
f 3508 	3521 	3509
f 3519 	3524 	3508
f 3538 	3509 	3522
f 1316 	1327 	3125
f 1316 	3125 	3123
f 3712 	3710 	170
f 170 	169 	3712
f 3509 	3538 	3371
f 3510 	3530 	3511
f 1327 	1335 	2897
f 1327 	2897 	3125
f 3130 	1342 	1346
f 3130 	1346 	3132
f 3715 	3586 	3606
f 1346 	1350 	3134
f 1346 	3134 	3132
f 3606 	3607 	3715
f 3540 	3371 	3538
f 1354 	3136 	3134
f 1354 	3134 	1350
f 1367 	3138 	3136
f 1367 	3136 	1354
f 3540 	2799 	3371
f 956 	170 	3710
f 3611 	956 	3711
f 3611 	3711 	3719
f 3718 	3610 	3719
f 3717 	3609 	3718
f 3607 	3608 	3716
f 1372 	3140 	3138
f 1372 	3138 	1367
f 2620 	3140 	1372
f 2620 	1372 	1376
f 1242 	1158 	3709
f 10 	109 	3701
f 1143 	3634 	1145
f 3621 	3622 	1474
f 1387 	3144 	2899
f 1387 	2899 	1388
f 1395 	3145 	3144
f 1395 	3144 	1387
f 109 	108 	3702
f 3702 	3701 	109
f 108 	17 	3702
f 3703 	3702 	17
f 3705 	3703 	17
f 17 	1169 	3705
f 1401 	3146 	3145
f 1401 	3145 	1395
f 1242 	3709 	1244
f 1405 	3148 	3146
f 1405 	3146 	1401
f 1408 	3149 	3148
f 1408 	3148 	1405
f 1342 	3130 	3149
f 1342 	3149 	1408
f 3708 	3704 	1134
f 1134 	1131 	3708
f 3709 	3708 	1131
f 1244 	3709 	1131
f 1156 	3707 	1158
f 3707 	3709 	1158
f 1145 	3706 	1156
f 3628 	3626 	1432
f 3626 	3621 	1474
f 1432 	1425 	3629
f 3636 	3629 	1425
f 3632 	3636 	1305
f 1305 	3636 	1310
f 1307 	3632 	1305
f 1535 	1523 	1539
f 1542 	1516 	1546
f 1539 	1519 	1542
f 1512 	1505 	1550
f 1550 	1546 	1512
f 1505 	1502 	1550
f 1572 	1592 	2014
f 1502 	1496 	1553
f 1553 	1550 	1502
f 1512 	1546 	1516
f 1990 	1984 	1614
f 1974 	1968 	1835
f 1841 	1835 	1968
f 1561 	1556 	1491
f 1496 	1491 	1556
f 1556 	1553 	1496
f 1491 	1487 	1561
f 1592 	1561 	1487
f 1487 	2014 	1592
f 2014 	2010 	1572
f 1628 	1623 	1672
f 1672 	1698 	1628
f 1633 	1628 	1698
f 1640 	1637 	1693
f 1645 	1686 	1650
f 1519 	1539 	1523
f 1650 	1526 	1535
f 1657 	1674 	1623
f 1661 	1674 	1657
f 1523 	1535 	1526
f 1516 	1542 	1519
f 1698 	1693 	1637
f 1637 	1633 	1698
f 1693 	1689 	1640
f 1645 	1640 	1689
f 1686 	1645 	1689
f 1526 	1650 	1686
f 1672 	1623 	1674
f 1941 	1956 	1819
f 1709 	1890 	1719
f 1703 	1900 	1709
f 1719 	1896 	1715
f 1915 	1912 	1715
f 1732 	1715 	1737
f 1725 	1715 	1732
f 1729 	1715 	1725
f 1819 	1873 	1941
f 1909 	1941 	1873
f 2010 	2009 	1573
f 1573 	1572 	2010
f 2003 	1997 	1603
f 1865 	1758 	1871
f 1873 	1871 	1909
f 1758 	1909 	1871
f 1787 	1779 	1851
f 1857 	1851 	1779
f 1779 	1775 	1857
f 1861 	1857 	1775
f 1775 	1769 	1861
f 1865 	1861 	1769
f 1763 	1865 	1769
f 1758 	1865 	1763
f 1802 	1884 	1703
f 1997 	1990 	1607
f 1607 	1603 	1997
f 2025 	2003 	1603
f 1603 	1586 	2025
f 2029 	2025 	1586
f 1586 	1579 	2029
f 2009 	2029 	1579
f 1579 	1573 	2009
f 1956 	1952 	1807
f 1802 	1807 	1952
f 1807 	1819 	1956
f 1945 	1802 	1952
f 1884 	1802 	1945
f 1888 	1703 	1884
f 1900 	1703 	1888
f 1890 	1709 	1900
f 1896 	1719 	1890
f 1920 	1715 	1896
f 1924 	1715 	1920
f 1915 	1715 	1924
f 1912 	1740 	1715
f 1740 	1737 	1715
f 1980 	1974 	1831
f 1831 	1825 	1980
f 1984 	1980 	1825
f 1825 	1614 	1984
f 1835 	1831 	1974
f 1968 	1753 	1841
f 1753 	1795 	1841
f 1838 	1841 	1795
f 1795 	1790 	1838
f 1845 	1838 	1790
f 1790 	1787 	1845
f 1851 	1845 	1787
f 1614 	1607 	1990
f 2038 	1680 	1661
f 2042 	3632 	1307
f 2049 	2053 	1307
f 2053 	2042 	1307
f 2050 	2049 	1307
f 2079 	2050 	1307
f 2083 	2079 	1307
f 1674 	1661 	1680
f 1680 	2038 	2091
f 2088 	2083 	1307
f 2091 	2088 	1307
f 1680 	2091 	1307
f 3036 	2303 	3577
f 3036 	3577 	3037
f 3037 	3577 	3578
f 3037 	3578 	3038
f 3038 	3578 	3039
f 3797 	3590 	3579
f 3797 	3579 	3798
f 3798 	3579 	3346
f 3803 	3607 	3606
f 3803 	3606 	3802
f 3802 	3606 	3605
f 3802 	3605 	3804
f 3804 	3605 	3591
f 3804 	3591 	3807
f 3809 	3590 	3810
f 3590 	3809 	3591
f 3807 	3591 	3809
f 3810 	3590 	3797
f 3814 	3611 	3812
f 3812 	3611 	3610
f 3812 	3610 	3815
f 3815 	3610 	3609
f 3815 	3609 	3817
f 3817 	3609 	3608
f 3817 	3608 	3819
f 3819 	3608 	3607
f 3819 	3607 	3803
f 3046 	3581 	3580
f 3046 	3580 	3047
f 3044 	3583 	3582
f 3044 	3582 	3045
f 3045 	3582 	3581
f 3045 	3581 	3046
f 3047 	3580 	3584
f 3047 	3584 	3048
f 3048 	3584 	3585
f 3048 	3585 	3049
f 3049 	3585 	3586
f 3049 	3586 	3050
f 3050 	3586 	3040
f 3041 	3588 	3587
f 3041 	3587 	3042
f 3042 	3587 	3589
f 3042 	3589 	3043
f 3043 	3589 	3583
f 3043 	3583 	3044
f 3039 	3578 	3588
f 3039 	3588 	3041
f 3611 	3814 	956
f 173 	956 	3814
f 2044 	3051 	2042
f 3632 	2042 	3051
f 3055 	3622 	3621
f 3055 	3621 	3056
f 3056 	3621 	3626
f 3056 	3626 	3057
f 3057 	3626 	3628
f 3057 	3628 	3058
f 3058 	3628 	3629
f 3058 	3629 	3059
f 3061 	3632 	3051
f 3052 	3634 	3053
f 3059 	3629 	3636
f 3059 	3636 	3060
f 3053 	3634 	3688
f 3053 	3688 	3054
f 3060 	3636 	3632
f 3060 	3632 	3061
f 3054 	3688 	3622
f 3054 	3622 	3055
f 3062 	3714 	3701
f 3062 	3701 	3063
f 3063 	3701 	3702
f 3063 	3702 	3064
f 3064 	3702 	3703
f 3064 	3703 	3065
f 3066 	3705 	3704
f 3066 	3704 	3067
f 3065 	3703 	3705
f 3065 	3705 	3066
f 3070 	3707 	3706
f 3070 	3706 	3071
f 3634 	3052 	3706
f 3071 	3706 	3052
f 3067 	3704 	3708
f 3067 	3708 	3068
f 3068 	3708 	3709
f 3068 	3709 	3069
f 3069 	3709 	3707
f 3069 	3707 	3070
f 3077 	3711 	3710
f 3077 	3710 	3078
f 3078 	3710 	3712
f 3078 	3712 	3079
f 3079 	3712 	3713
f 3079 	3713 	3080
f 3080 	3713 	3714
f 3080 	3714 	3081
f 3081 	3714 	3062
f 3040 	3586 	3715
f 3040 	3715 	3072
f 3072 	3715 	3716
f 3072 	3716 	3073
f 3073 	3716 	3717
f 3073 	3717 	3074
f 3718 	3075 	3717
f 3074 	3717 	3075
f 3076 	3719 	3711
f 3076 	3711 	3077
f 3075 	3718 	3082
f 3082 	3718 	3719
f 3082 	3719 	3076
f 35 	17 	108
f 35 	108 	107
f 110 	109 	10
f 110 	10 	9
f 3721 	3720 	927
f 3721 	927 	926
f 3720 	3722 	930
f 3720 	930 	927
f 3722 	3723 	933
f 3722 	933 	930
f 3723 	3724 	938
f 3723 	938 	933
f 3724 	3725 	944
f 3724 	944 	938
f 3725 	3726 	946
f 3725 	946 	944
f 3726 	3727 	949
f 3726 	949 	946
f 958 	3728 	3729
f 958 	3729 	959
f 3727 	3728 	958
f 3727 	958 	949
f 3729 	3730 	968
f 3729 	968 	959
f 3730 	3731 	986
f 3730 	986 	968
f 3744 	996 	171
f 3744 	171 	168
f 3745 	1002 	996
f 3745 	996 	3744
f 3746 	1011 	1002
f 3746 	1002 	3745
f 3747 	1017 	1011
f 3747 	1011 	3746
f 3748 	1025 	1017
f 3748 	1017 	3747
f 3749 	1033 	1025
f 3749 	1025 	3748
f 3750 	1038 	1033
f 3750 	1033 	3749
f 306 	3751 	1092
f 306 	1092 	302
f 3751 	3752 	1098
f 3751 	1098 	1092
f 1111 	3753 	3754
f 1111 	3754 	1112
f 3752 	3753 	1111
f 3752 	1111 	1098
f 3754 	3755 	1116
f 3754 	1116 	1112
f 3755 	3756 	1125
f 3755 	1125 	1116
f 3756 	3757 	1146
f 3756 	1146 	1125
f 3758 	1150 	1146
f 3758 	1146 	3757
f 926 	1150 	3758
f 926 	3758 	3721
f 1038 	3750 	3811
f 1038 	3811 	1165
f 1165 	3811 	3813
f 1165 	3813 	1170
f 1170 	3813 	3816
f 1170 	3816 	1193
f 1193 	3816 	3818
f 1193 	3818 	1200
f 3820 	1211 	1200
f 3820 	1200 	3818
f 3821 	1225 	1211
f 3821 	1211 	3820
f 3822 	1235 	1225
f 3822 	1225 	3821
f 3823 	1246 	1235
f 3823 	1235 	3822
f 3824 	1252 	1246
f 3824 	1246 	3823
f 3825 	1264 	1252
f 3825 	1252 	3824
f 3826 	1275 	1264
f 3826 	1264 	3825
f 3827 	1286 	1275
f 3827 	1275 	3826
f 3828 	1302 	1286
f 3828 	1286 	3827
f 1313 	1302 	3829
f 1302 	3828 	3829
f 3731 	3830 	1420
f 3731 	1420 	986
f 3830 	3831 	1427
f 3830 	1427 	1420
f 3831 	3832 	1433
f 3831 	1433 	1427
f 3832 	3833 	1435
f 3832 	1435 	1433
f 3833 	3834 	1439
f 3833 	1439 	1435
f 3834 	3835 	1441
f 3834 	1441 	1439
f 1441 	3835 	3836
f 1441 	3836 	1442
f 3836 	3837 	1447
f 3836 	1447 	1442
f 3837 	3838 	1451
f 3837 	1451 	1447
f 3838 	176 	180
f 3838 	180 	1451
f 249 	312 	319
f 249 	319 	251
f 18 	3869 	3868
f 3871 	1464 	3870
f 3872 	1464 	3871
f 3873 	1498 	3872
f 3874 	1498 	3873
f 3876 	20 	3875
f 3877 	8 	3829
f 8 	3877 	16
f 3878 	16 	3877
f 3869 	18 	16
f 3869 	16 	3878
f 3879 	19 	20
f 3879 	20 	3876
f 19 	3879 	21
f 3880 	21 	3879
f 3881 	36 	21
f 3881 	21 	3880
f 36 	3881 	39
f 3882 	39 	3881
f 3882 	3883 	39
f 44 	39 	3883
f 44 	3883 	3884
f 3885 	58 	3884
f 58 	3885 	61
f 3886 	61 	3885
f 82 	76 	87
f 87 	61 	3886
f 18 	3868 	1456
f 3870 	1461 	3868
f 1456 	3868 	1461
f 1461 	3870 	1464
f 3872 	1492 	1464
f 1492 	3872 	1498
f 3874 	1503 	1498
f 3875 	1507 	1503
f 3875 	1503 	3874
f 20 	1507 	3875
f 1313 	3829 	8
# 3554 faces

g group_0_16448250

usemtl color_16448250
s 0

f 2893 	2894 	4
f 3 	1 	6
f 6 	1 	2
f 350 	272 	268
f 284 	272 	350
f 284 	346 	295
f 35 	3650 	13
f 145 	325 	153
f 153 	325 	160
f 174 	321 	184
f 252 	3665 	213
f 214 	1397 	217
f 241 	242 	1676
f 243 	1676 	242
f 234 	1676 	245
f 241 	1677 	238
f 263 	264 	1683
f 265 	266 	1767
f 264 	265 	1767
f 1767 	1683 	264
f 266 	267 	1767
f 267 	274 	1767
f 2893 	7 	158
f 274 	276 	1767
f 279 	280 	1767
f 280 	3376 	1767
f 278 	2893 	158
f 281 	285 	3679
f 3679 	285 	292
f 245 	1676 	243
f 291 	2893 	278
f 309 	310 	1727
f 1734 	1727 	313
f 313 	315 	1734
f 315 	317 	1734
f 317 	318 	1734
f 318 	320 	1734
f 320 	341 	1734
f 341 	342 	1734
f 342 	347 	1734
f 239 	3669 	244
f 3669 	3683 	244
f 3906 	346 	326
f 325 	326 	346
f 324 	325 	346
f 327 	3906 	326
f 329 	3906 	327
f 331 	3906 	329
f 334 	3906 	331
f 335 	3906 	334
f 291 	303 	2893
f 340 	339 	349
f 340 	349 	353
f 347 	351 	1734
f 1739 	1734 	351
f 237 	1677 	236
f 351 	354 	1739
f 354 	355 	1739
f 356 	358 	1739
f 1677 	1739 	358
f 358 	359 	1677
f 236 	1677 	359
f 345 	2893 	303
f 353 	349 	366
f 353 	366 	367
f 350 	352 	346
f 352 	357 	346
f 346 	357 	360
f 346 	360 	361
f 346 	361 	363
f 346 	363 	365
f 346 	365 	321
f 321 	323 	346
f 1226 	368 	345
f 367 	366 	371
f 367 	371 	372
f 373 	374 	375
f 373 	375 	376
f 1226 	377 	368
f 375 	378 	379
f 375 	379 	376
f 372 	371 	380
f 372 	380 	381
f 387 	389 	379
f 387 	379 	378
f 381 	380 	393
f 396 	399 	393
f 381 	393 	399
f 402 	472 	384
f 238 	1677 	237
f 391 	392 	1722
f 392 	394 	1722
f 394 	397 	1722
f 397 	400 	1722
f 1727 	1722 	400
f 400 	404 	1727
f 404 	307 	1727
f 307 	308 	1727
f 308 	309 	1727
f 405 	406 	389
f 405 	389 	387
f 399 	396 	410
f 399 	410 	411
f 412 	414 	406
f 412 	406 	405
f 411 	410 	418
f 411 	418 	419
f 420 	414 	412
f 420 	412 	423
f 419 	418 	424
f 419 	424 	426
f 493 	495 	436
f 429 	431 	432
f 429 	432 	434
f 426 	424 	435
f 426 	435 	437
f 436 	508 	493
f 440 	441 	431
f 440 	431 	429
f 437 	435 	446
f 442 	443 	741
f 443 	444 	741
f 444 	445 	741
f 445 	447 	741
f 447 	449 	741
f 450 	741 	449
f 433 	741 	450
f 451 	452 	441
f 451 	441 	440
f 454 	456 	457
f 454 	457 	458
f 368 	377 	2893
f 459 	460 	452
f 459 	452 	451
f 458 	457 	462
f 458 	462 	464
f 465 	467 	460
f 465 	460 	459
f 469 	470 	446
f 437 	446 	470
f 842 	824 	468
f 499 	502 	413
f 498 	499 	427
f 468 	824 	472
f 495 	498 	436
f 374 	373 	467
f 374 	467 	465
f 470 	469 	474
f 470 	474 	475
f 471 	2893 	463
f 475 	474 	478
f 475 	478 	481
f 481 	478 	488
f 481 	488 	489
f 407 	2893 	377
f 483 	2893 	471
f 413 	421 	499
f 421 	427 	499
f 427 	436 	498
f 402 	413 	502
f 502 	503 	402
f 472 	402 	503
f 487 	490 	3259
f 490 	492 	3259
f 492 	494 	3259
f 494 	497 	3259
f 501 	3259 	497
f 505 	741 	501
f 438 	741 	505
f 489 	488 	456
f 489 	456 	454
f 448 	2893 	425
f 510 	2893 	483
f 491 	493 	515
f 508 	515 	493
f 522 	608 	515
f 533 	606 	522
f 482 	3259 	479
f 527 	3255 	524
f 529 	3255 	527
f 529 	531 	3255
f 541 	3255 	531
f 542 	3255 	541
f 544 	3255 	542
f 479 	3259 	544
f 524 	3255 	523
f 567 	638 	563
f 557 	3255 	570
f 3226 	593 	3232
f 583 	896 	578
f 593 	3226 	592
f 592 	3226 	590
f 590 	3226 	589
f 589 	3226 	587
f 594 	3232 	593
f 595 	3232 	594
f 596 	3232 	595
f 597 	3232 	596
f 599 	601 	3232
f 603 	623 	3232
f 623 	625 	3232
f 491 	515 	608
f 606 	608 	522
f 606 	533 	545
f 551 	624 	545
f 552 	621 	551
f 563 	621 	552
f 574 	899 	567
f 577 	899 	574
f 578 	898 	577
f 622 	551 	621
f 624 	551 	622
f 606 	545 	624
f 3251 	3232 	625
f 625 	627 	3251
f 627 	630 	3251
f 630 	632 	3251
f 632 	633 	3251
f 633 	634 	3251
f 634 	635 	3251
f 636 	3251 	635
f 637 	3251 	636
f 570 	3251 	637
f 638 	567 	899
f 639 	563 	638
f 621 	563 	639
f 559 	3255 	557
f 523 	3255 	559
f 484 	3259 	482
f 487 	3259 	486
f 439 	741 	438
f 902 	903 	664
f 677 	682 	902
f 1180 	7 	4
f 687 	688 	3209
f 688 	691 	3213
f 691 	692 	3213
f 692 	693 	3213
f 693 	694 	3213
f 695 	3213 	694
f 585 	3226 	695
f 682 	727 	874
f 874 	902 	682
f 7 	1180 	158
f 1192 	278 	158
f 913 	916 	708
f 583 	703 	896
f 910 	913 	641
f 278 	1192 	291
f 1199 	291 	1192
f 587 	3226 	585
f 717 	718 	3207
f 718 	719 	3207
f 719 	720 	3207
f 720 	722 	3207
f 3209 	3207 	722
f 722 	724 	3209
f 724 	725 	3209
f 725 	685 	3209
f 685 	687 	3209
f 303 	291 	1199
f 732 	736 	871
f 3270 	3267 	762
f 867 	868 	745
f 869 	870 	736
f 747 	753 	867
f 439 	442 	741
f 752 	741 	751
f 3646 	987 	993
f 751 	741 	433
f 776 	781 	861
f 861 	862 	776
f 3286 	3285 	762
f 3285 	3270 	762
f 3287 	3286 	762
f 762 	782 	3287
f 3216 	3287 	782
f 3215 	3216 	782
f 854 	861 	781
f 3676 	1004 	1013
f 3676 	1013 	1018
f 781 	785 	854
f 1704 	782 	777
f 382 	777 	782
f 853 	854 	791
f 791 	797 	853
f 852 	853 	797
f 785 	791 	854
f 801 	838 	797
f 804 	838 	801
f 807 	816 	836
f 835 	836 	816
f 835 	816 	842
f 384 	472 	824
f 838 	804 	837
f 836 	837 	804
f 852 	797 	838
f 804 	807 	836
f 819 	842 	816
f 824 	842 	819
f 158 	1186 	1192
f 641 	645 	910
f 908 	910 	645
f 658 	906 	645
f 658 	661 	906
f 664 	677 	902
f 1202 	303 	1199
f 758 	776 	864
f 862 	864 	776
f 753 	758 	864
f 864 	865 	753
f 865 	867 	753
f 745 	747 	867
f 868 	869 	745
f 740 	745 	869
f 736 	740 	869
f 870 	871 	736
f 727 	732 	871
f 871 	873 	727
f 874 	727 	873
f 1263 	407 	377
f 898 	578 	897
f 899 	577 	898
f 897 	578 	896
f 661 	664 	903
f 904 	661 	903
f 906 	661 	904
f 908 	645 	906
f 640 	641 	913
f 708 	640 	913
f 703 	708 	916
f 916 	917 	703
f 896 	703 	917
f 407 	1263 	425
f 1296 	425 	1263
f 926 	927 	491
f 425 	1296 	448
f 1318 	448 	1296
f 927 	930 	493
f 927 	493 	491
f 1318 	1329 	448
f 463 	448 	1329
f 930 	933 	495
f 930 	495 	493
f 933 	938 	498
f 933 	498 	495
f 1331 	471 	463
f 1331 	463 	1329
f 938 	944 	499
f 938 	499 	498
f 471 	1331 	483
f 1340 	483 	1331
f 944 	946 	502
f 944 	502 	499
f 483 	1340 	510
f 1347 	510 	1340
f 946 	949 	503
f 946 	503 	502
f 472 	958 	959
f 1347 	1352 	510
f 472 	503 	958
f 949 	958 	503
f 959 	968 	468
f 959 	468 	472
f 975 	987 	3646
f 842 	468 	986
f 968 	986 	468
f 824 	171 	384
f 1048 	1062 	1047
f 1002 	402 	384
f 1002 	384 	996
f 402 	1002 	413
f 1011 	413 	1002
f 1017 	421 	413
f 1017 	413 	1011
f 1025 	427 	1017
f 421 	1017 	427
f 1062 	1059 	1060
f 1067 	1434 	1065
f 2829 	2830 	1434
f 1068 	1434 	1067
f 1069 	1434 	1068
f 1071 	1434 	1069
f 1072 	1434 	1071
f 1171 	1434 	1073
f 427 	1025 	1033
f 427 	1033 	436
f 1082 	1128 	1434
f 1081 	1082 	1434
f 1165 	508 	1038
f 1033 	1038 	436
f 302 	1092 	638
f 1089 	1091 	3786
f 1088 	1089 	3786
f 1091 	1093 	3786
f 1093 	1094 	3786
f 3788 	3786 	1094
f 1095 	3792 	1094
f 1096 	3792 	1095
f 1092 	1098 	639
f 1092 	639 	638
f 621 	1111 	1112
f 1101 	1102 	1434
f 1102 	1103 	1434
f 1103 	1105 	1434
f 1105 	1106 	1434
f 1106 	1107 	1434
f 1107 	1109 	1434
f 1109 	1078 	1434
f 1078 	1080 	1434
f 621 	639 	1111
f 1098 	1111 	639
f 1112 	1116 	622
f 1112 	622 	621
f 1116 	1125 	624
f 1116 	624 	622
f 1130 	1132 	1434
f 1132 	1135 	1434
f 1135 	1136 	1434
f 1136 	1137 	1434
f 1137 	1138 	1434
f 1138 	1139 	1434
f 1062 	1434 	1139
f 1140 	1062 	1139
f 1141 	1062 	1140
f 1142 	1062 	1141
f 1152 	1062 	1142
f 1128 	1129 	1434
f 1125 	1146 	606
f 1125 	606 	624
f 1150 	608 	606
f 1150 	606 	1146
f 1129 	1130 	1434
f 1062 	1152 	1153
f 1062 	1153 	1155
f 1062 	1155 	1157
f 1062 	1157 	1160
f 1062 	1160 	1161
f 1062 	1161 	1046
f 1046 	1047 	1062
f 1150 	926 	608
f 491 	608 	926
f 1080 	1081 	1434
f 1048 	1059 	1062
f 4 	1167 	1172
f 2830 	2831 	1434
f 1174 	1434 	1171
f 1175 	1434 	1174
f 1176 	1434 	1175
f 1177 	1434 	1176
f 1178 	1434 	1177
f 4 	1172 	1180
f 1184 	1434 	1183
f 1185 	1434 	1184
f 1183 	1434 	1182
f 1182 	1434 	3
f 158 	1180 	1186
f 1084 	1117 	1118
f 1084 	1118 	1119
f 1084 	1119 	1120
f 1084 	1120 	1121
f 1084 	1121 	1122
f 1084 	1122 	1123
f 1126 	1083 	1123
f 1084 	1123 	1083
f 1205 	1434 	1204
f 1206 	1434 	1205
f 1207 	1434 	1206
f 1208 	1434 	1207
f 1191 	1434 	1208
f 1197 	1434 	1190
f 1190 	1434 	1191
f 1194 	1434 	1197
f 1257 	1391 	1245
f 1196 	1434 	1194
f 1212 	1084 	1210
f 1213 	1084 	1212
f 1214 	1084 	1213
f 1216 	1084 	1214
f 1217 	1084 	1216
f 1218 	1084 	1217
f 1219 	1084 	1218
f 1220 	1084 	1219
f 1222 	1084 	1220
f 1117 	1084 	1222
f 1209 	1210 	1084
f 1202 	1223 	303
f 345 	303 	1223
f 1226 	345 	1223
f 1227 	1228 	1229
f 1227 	1229 	1231
f 1238 	377 	1226
f 1234 	1391 	1233
f 1236 	1391 	1234
f 1240 	1391 	1236
f 1241 	1391 	1240
f 1243 	1391 	1241
f 1245 	1391 	1243
f 1232 	1233 	1391
f 1391 	1393 	1232
f 1259 	1391 	1257
f 1228 	1247 	1248
f 1228 	1248 	1229
f 1247 	1251 	1253
f 1247 	1253 	1248
f 1251 	1258 	1262
f 1251 	1262 	1253
f 1258 	1272 	1273
f 1258 	1273 	1262
f 1261 	1391 	1260
f 1265 	1391 	1261
f 1260 	1391 	1259
f 1266 	1391 	1265
f 1267 	1391 	1266
f 1270 	1391 	1267
f 1272 	1276 	1277
f 1272 	1277 	1273
f 1277 	1276 	1281
f 1277 	1281 	1282
f 377 	1238 	1263
f 1288 	1289 	1391
f 1290 	1391 	1289
f 1292 	1391 	1291
f 1290 	1291 	1391
f 1293 	1391 	1292
f 1294 	1391 	1293
f 1295 	1391 	1294
f 1300 	1391 	1295
f 1319 	1391 	1300
f 1281 	1304 	1306
f 1281 	1306 	1282
f 1304 	1311 	1312
f 1304 	1312 	1306
f 1185 	1204 	1434
f 1393 	1394 	1232
f 1394 	1396 	1232
f 1287 	1288 	1391
f 1396 	1397 	1232
f 1311 	1315 	1316
f 1311 	1316 	1312
f 1315 	1324 	1327
f 1315 	1327 	1316
f 1322 	1391 	1321
f 1323 	1391 	1322
f 1321 	1391 	1320
f 1325 	1391 	1323
f 1326 	1391 	1325
f 1336 	1391 	1326
f 1320 	1391 	1319
f 508 	436 	1038
f 1324 	1332 	1335
f 1324 	1335 	1327
f 508 	1165 	1170
f 508 	1170 	515
f 1338 	1391 	1337
f 1339 	1391 	1338
f 1336 	1337 	1391
f 1270 	1287 	1391
f 1342 	1344 	1345
f 1342 	1345 	1346
f 1193 	522 	1170
f 515 	1170 	522
f 1345 	1348 	1350
f 1345 	1350 	1346
f 522 	1193 	1200
f 522 	1200 	533
f 517 	510 	1352
f 1353 	1354 	1350
f 1353 	1350 	1348
f 1211 	545 	1200
f 533 	1200 	545
f 1365 	1367 	1354
f 1365 	1354 	1353
f 1357 	1358 	1356
f 1358 	1359 	1356
f 1359 	1360 	1356
f 1360 	1361 	1356
f 1361 	1362 	1356
f 1362 	1363 	1356
f 1363 	1364 	1356
f 1364 	1366 	1356
f 1355 	1356 	1366
f 1374 	1339 	1366
f 1355 	1366 	1339
f 1352 	2427 	517
f 545 	1211 	1225
f 545 	1225 	551
f 1371 	1372 	1367
f 1371 	1367 	1365
f 510 	517 	2893
f 2427 	2893 	517
f 1235 	552 	1225
f 551 	1225 	552
f 1376 	1372 	1371
f 1376 	1371 	1383
f 1380 	1339 	1379
f 1381 	1339 	1380
f 1382 	1339 	1381
f 1377 	1379 	1339
f 552 	1235 	1246
f 552 	1246 	563
f 543 	546 	2189
f 1385 	1387 	1388
f 1385 	1388 	1389
f 2193 	553 	543
f 1252 	567 	1246
f 563 	1246 	567
f 1392 	1395 	1387
f 1392 	1387 	1385
f 1374 	1377 	1339
f 1390 	1339 	1382
f 1391 	1339 	1390
f 1414 	1415 	1232
f 1415 	1416 	1232
f 1397 	1414 	1232
f 2189 	546 	532
f 567 	1252 	1264
f 567 	1264 	574
f 1400 	1401 	1395
f 1400 	1395 	1392
f 1 	3 	1434
f 568 	553 	2193
f 1275 	577 	1264
f 574 	1264 	577
f 1404 	1405 	1401
f 1404 	1401 	1400
f 577 	1275 	1286
f 577 	1286 	578
f 1406 	1408 	1405
f 1406 	1405 	1404
f 1344 	1342 	1408
f 1344 	1408 	1406
f 578 	1286 	1302
f 578 	1302 	583
f 1416 	1417 	1232
f 1196 	1215 	1434
f 583 	1302 	1313
f 520 	513 	518
f 251 	319 	902
f 251 	902 	874
f 1422 	1423 	1232
f 1423 	1424 	1232
f 1424 	1426 	1232
f 1417 	1418 	1232
f 800 	1062 	1060
f 986 	1420 	842
f 803 	1063 	1062
f 803 	1062 	800
f 1418 	1422 	1232
f 1426 	1428 	1232
f 1428 	1429 	1232
f 1429 	1434 	1232
f 1230 	1232 	1434
f 1215 	1230 	1434
f 1420 	1427 	835
f 1420 	835 	842
f 1064 	1063 	803
f 1427 	1433 	836
f 1427 	836 	835
f 1433 	1435 	837
f 1433 	837 	836
f 1435 	1439 	838
f 1435 	838 	837
f 820 	823 	1067
f 852 	838 	1441
f 1439 	1441 	838
f 4 	7 	2893
f 345 	368 	2893
f 407 	425 	2893
f 448 	463 	2893
f 852 	1441 	1442
f 1442 	1447 	853
f 1442 	853 	852
f 1450 	1440 	1445
f 1447 	1451 	854
f 1447 	854 	853
f 1440 	1450 	1429
f 1434 	1429 	1450
f 520 	1445 	1440
f 3618 	2894 	1449
f 1450 	2159 	2894
f 861 	854 	180
f 1451 	180 	854
f 520 	518 	1445
f 2875 	1434 	2894
f 2878 	2893 	1438
f 790 	1048 	1047
f 1508 	1509 	3351
f 3498 	3351 	1750
f 1418 	1565 	1422
f 1048 	789 	1059
f 788 	795 	1059
f 734 	729 	3345
f 721 	710 	3345
f 1598 	3345 	710
f 686 	1598 	696
f 679 	1598 	686
f 669 	1598 	679
f 1548 	1415 	1414
f 1668 	1667 	3353
f 3353 	3348 	782
f 1415 	1548 	1416
f 806 	1064 	803
f 1555 	1417 	1416
f 1527 	3292 	1481
f 1499 	1497 	3297
f 1497 	1494 	3297
f 1494 	1493 	3297
f 1493 	1490 	3351
f 1065 	1064 	806
f 1417 	1555 	1418
f 1560 	1418 	1555
f 1488 	1486 	3351
f 1485 	3351 	1483
f 820 	1067 	1065
f 1488 	3351 	1490
f 1483 	3351 	1486
f 1464 	658 	1461
f 3351 	3297 	1493
f 1068 	1067 	823
f 1068 	823 	1069
f 841 	1069 	823
f 1492 	658 	1464
f 1071 	1069 	841
f 1499 	3296 	1501
f 855 	1073 	1072
f 1509 	1755 	3351
f 1508 	3351 	1511
f 1511 	3351 	1513
f 1517 	1515 	3351
f 1513 	3351 	1514
f 3351 	1467 	1517
f 1515 	1514 	3351
f 1313 	8 	703
f 1522 	3351 	1485
f 1467 	3351 	1522
f 703 	8 	16
f 1501 	3296 	1504
f 1504 	3296 	1527
f 3359 	3355 	1537
f 1532 	1531 	3359
f 1480 	3362 	1531
f 1481 	1480 	1531
f 3362 	3359 	1531
f 1560 	1565 	1418
f 21 	732 	19
f 732 	21 	736
f 36 	736 	21
f 1414 	1544 	1548
f 39 	740 	736
f 39 	736 	36
f 1552 	1416 	1548
f 44 	740 	39
f 1555 	1416 	1552
f 45 	747 	44
f 1106 	922 	1107
f 747 	45 	58
f 929 	1109 	1107
f 1426 	1568 	1570
f 1426 	1570 	1428
f 1428 	1570 	1440
f 1428 	1440 	1429
f 939 	1100 	1099
f 83 	776 	76
f 1580 	1422 	1565
f 1585 	1423 	1422
f 1585 	1422 	1580
f 1588 	1424 	1423
f 1588 	1423 	1585
f 1568 	1426 	1424
f 1568 	1424 	1588
f 1595 	1596 	1597
f 1595 	1597 	1598
f 929 	881 	1109
f 94 	785 	91
f 103 	785 	94
f 1600 	1596 	1601
f 1078 	866 	1080
f 1601 	1596 	1606
f 1080 	866 	893
f 1080 	893 	1081
f 895 	1082 	893
f 1081 	893 	1082
f 1659 	1596 	1612
f 1617 	1612 	1596
f 1618 	1617 	1596
f 1188 	1128 	915
f 1620 	1618 	1596
f 1627 	1624 	1596
f 1630 	1627 	1596
f 1632 	1630 	1596
f 1635 	1632 	1596
f 1639 	1635 	1596
f 1639 	1596 	1600
f 161 	824 	152
f 171 	824 	161
f 1101 	945 	1102
f 981 	1105 	1103
f 18 	1456 	641
f 18 	641 	640
f 1646 	1597 	1648
f 1461 	645 	1456
f 641 	1456 	645
f 1652 	1597 	1654
f 1102 	950 	981
f 1102 	981 	1103
f 645 	1461 	658
f 1537 	1532 	3359
f 683 	733 	2288
f 733 	713 	2288
f 2265 	2288 	713
f 355 	356 	1739
f 1492 	661 	658
f 2295 	746 	728
f 661 	1492 	1498
f 661 	1498 	664
f 2295 	2298 	746
f 1667 	1665 	3353
f 1665 	1660 	3353
f 3355 	3353 	1660
f 1660 	1537 	3355
f 1503 	677 	1498
f 664 	1498 	677
f 1688 	782 	1694
f 1507 	682 	677
f 1507 	677 	1503
f 1702 	1699 	782
f 1699 	1694 	782
f 1702 	782 	1704
f 20 	682 	1507
f 703 	583 	1313
f 383 	385 	777
f 382 	383 	777
f 16 	708 	703
f 532 	2184 	2189
f 1722 	1716 	390
f 1716 	777 	385
f 1109 	881 	1078
f 385 	386 	1716
f 2201 	568 	2193
f 18 	640 	16
f 708 	16 	640
f 1677 	241 	1676
f 386 	388 	1716
f 2201 	2204 	568
f 19 	727 	20
f 682 	20 	727
f 310 	313 	1727
f 388 	390 	1716
f 572 	2204 	575
f 732 	727 	19
f 1744 	3498 	1746
f 1742 	3504 	1743
f 525 	518 	513
f 1743 	3498 	1744
f 1746 	3498 	1750
f 1755 	1750 	3351
f 2221 	657 	665
f 922 	1106 	1105
f 740 	44 	745
f 2221 	2218 	657
f 747 	745 	44
f 951 	683 	2244
f 58 	753 	747
f 261 	262 	1683
f 1683 	1676 	259
f 234 	259 	1676
f 390 	391 	1722
f 2253 	697 	700
f 259 	261 	1683
f 753 	58 	758
f 61 	758 	58
f 657 	2218 	706
f 758 	76 	776
f 61 	76 	758
f 2265 	713 	697
f 3434 	3435 	1786
f 2260 	2270 	706
f 776 	83 	781
f 91 	781 	83
f 683 	2288 	2243
f 3480 	3481 	1789
f 785 	781 	91
f 103 	791 	785
f 113 	797 	791
f 113 	791 	103
f 750 	746 	2298
f 797 	113 	801
f 121 	801 	113
f 750 	2298 	756
f 2301 	756 	2298
f 126 	804 	801
f 126 	801 	121
f 2301 	2253 	756
f 804 	126 	807
f 133 	807 	126
f 807 	133 	144
f 807 	144 	816
f 2406 	961 	954
f 152 	819 	816
f 152 	816 	144
f 824 	819 	152
f 2406 	965 	961
f 996 	384 	171
f 971 	972 	2428
f 868 	210 	218
f 868 	218 	869
f 218 	223 	870
f 218 	870 	869
f 223 	228 	871
f 223 	871 	870
f 228 	232 	873
f 228 	873 	871
f 232 	247 	874
f 232 	874 	873
f 247 	251 	874
f 180 	179 	861
f 179 	187 	862
f 179 	862 	861
f 187 	193 	864
f 187 	864 	862
f 193 	199 	865
f 193 	865 	864
f 199 	204 	867
f 199 	867 	865
f 204 	210 	868
f 204 	868 	867
f 319 	316 	902
f 316 	330 	903
f 316 	903 	902
f 1039 	1726 	1041
f 330 	337 	904
f 330 	904 	903
f 1041 	1738 	1050
f 337 	348 	906
f 337 	906 	904
f 348 	364 	908
f 348 	908 	906
f 1738 	1053 	1050
f 364 	370 	910
f 364 	910 	908
f 370 	254 	913
f 370 	913 	910
f 913 	254 	257
f 913 	257 	916
f 257 	270 	917
f 257 	917 	916
f 270 	277 	896
f 270 	896 	917
f 283 	897 	896
f 283 	896 	277
f 287 	898 	897
f 287 	897 	283
f 298 	899 	898
f 298 	898 	287
f 298 	302 	899
f 638 	899 	302
f 1160 	1283 	1161
f 1297 	830 	1161
f 1066 	1132 	1061
f 1130 	1061 	1132
f 1066 	1135 	1132
f 1136 	1079 	1137
f 1139 	1113 	1140
f 1140 	1113 	1141
f 1129 	1061 	1130
f 2386 	2399 	951
f 1082 	915 	1128
f 895 	915 	1082
f 954 	2399 	2406
f 1128 	1188 	1129
f 2425 	971 	2428
f 1152 	1254 	1153
f 2428 	972 	965
f 2425 	2457 	971
f 985 	2457 	992
f 1297 	1161 	1283
f 2527 	1070 	2474
f 1058 	1142 	1141
f 1031 	1728 	1039
f 1079 	1136 	1135
f 1079 	1085 	1137
f 1085 	1097 	1137
f 1138 	1097 	1139
f 2041 	1597 	2096
f 1041 	1733 	1738
f 2103 	1597 	2105
f 2113 	2105 	1597
f 2116 	1597 	2119
f 1070 	2527 	1077
f 1652 	1648 	1597
f 1646 	1643 	1597
f 1597 	1643 	2121
f 2121 	2119 	1597
f 532 	525 	2184
f 543 	2189 	2188
f 1596 	1624 	1620
f 1658 	1596 	1659
f 1596 	1658 	1655
f 1654 	1597 	1655
f 1596 	1655 	1597
f 1141 	1113 	1058
f 1142 	1133 	1152
f 2116 	2113 	1597
f 1597 	2103 	2100
f 1597 	2100 	2099
f 2099 	2096 	1597
f 3347 	1597 	2093
f 1352 	3347 	2093
f 2041 	2093 	1597
f 1596 	3350 	1609
f 1606 	1596 	1609
f 2216 	665 	2208
f 2146 	1450 	2143
f 2153 	2173 	2145
f 665 	2216 	2221
f 2156 	2172 	2153
f 2145 	2166 	2142
f 2154 	1450 	2146
f 2171 	2172 	2157
f 2159 	1450 	2154
f 2176 	2177 	2169
f 2162 	2176 	2169
f 2260 	706 	2218
f 2166 	2145 	2174
f 2165 	2348 	2166
f 1155 	1274 	1157
f 1283 	1160 	1157
f 1283 	1157 	1279
f 2169 	2170 	2162
f 2170 	2171 	2162
f 2157 	2162 	2171
f 2156 	2157 	2172
f 2173 	2153 	2172
f 2174 	2145 	2173
f 789 	1048 	790
f 827 	1046 	830
f 2179 	2215 	2177
f 2168 	2169 	2177
f 1046 	827 	1047
f 833 	1047 	827
f 2180 	2214 	2179
f 2168 	2177 	2215
f 790 	1047 	833
f 700 	756 	2253
f 788 	1059 	789
f 2178 	1450 	2175
f 2181 	1450 	2178
f 2184 	525 	2185
f 1060 	1059 	795
f 1060 	795 	800
f 543 	2188 	2193
f 2194 	2234 	2190
f 817 	1065 	806
f 820 	1065 	817
f 2197 	1450 	2187
f 2202 	1450 	2197
f 572 	568 	2204
f 2208 	575 	2204
f 2205 	2419 	2203
f 2207 	1450 	2202
f 2185 	525 	513
f 575 	2208 	665
f 2181 	2187 	1450
f 2213 	1450 	2207
f 2215 	2179 	2214
f 2214 	2180 	2182
f 2183 	2222 	2182
f 2186 	2219 	2183
f 2190 	2219 	2186
f 2198 	2233 	2194
f 2200 	2233 	2198
f 2203 	2422 	2200
f 2219 	2190 	2235
f 2220 	2183 	2219
f 2222 	2183 	2220
f 2214 	2182 	2222
f 2233 	2200 	2422
f 2234 	2194 	2233
f 2235 	2190 	2234
f 846 	1071 	841
f 850 	1072 	1071
f 850 	1071 	846
f 2246 	2252 	2432
f 2250 	697 	2253
f 2259 	2262 	2394
f 697 	2250 	2265
f 2413 	2394 	2262
f 728 	706 	2270
f 1072 	850 	855
f 2292 	2475 	2281
f 2281 	2419 	2205
f 2237 	2443 	2292
f 728 	2270 	2295
f 1078 	863 	866
f 2299 	2411 	2296
f 2300 	2411 	2299
f 2262 	2296 	2413
f 2305 	2409 	2300
f 2307 	2409 	2305
f 2320 	2323 	2402
f 2402 	2403 	2320
f 2143 	1450 	2213
f 2390 	2402 	2323
f 922 	925 	1107
f 1107 	925 	929
f 985 	971 	2457
f 2387 	2390 	2329
f 863 	1078 	881
f 2329 	2331 	2387
f 2323 	2327 	2390
f 2384 	2387 	2331
f 2327 	2329 	2390
f 2334 	2364 	2331
f 939 	943 	1100
f 2337 	2364 	2334
f 1101 	1100 	945
f 943 	945 	1100
f 2360 	2361 	2341
f 2386 	951 	2244
f 2243 	2244 	683
f 950 	1102 	945
f 2343 	2360 	2341
f 2345 	1445 	2338
f 2165 	2367 	2348
f 2142 	2166 	2348
f 2325 	2330 	1445
f 2349 	1445 	2345
f 2364 	2337 	2362
f 2361 	2362 	2337
f 2384 	2331 	2364
f 2337 	2341 	2361
f 2360 	2343 	2346
f 2348 	2367 	2346
f 2360 	2346 	2367
f 2239 	2443 	2237
f 2241 	2437 	2240
f 2240 	2441 	2239
f 2394 	2432 	2252
f 2252 	2259 	2394
f 2419 	2281 	2417
f 2439 	2240 	2437
f 998 	2474 	1070
f 2381 	2450 	2379
f 2382 	2450 	2381
f 2388 	2449 	2382
f 2313 	2320 	2404
f 2403 	2404 	2320
f 2311 	2407 	2309
f 2309 	2407 	2307
f 2446 	2447 	2393
f 954 	951 	2399
f 2164 	1450 	2396
f 2445 	2446 	2454
f 1659 	2164 	2396
f 2311 	2313 	2404
f 2405 	2311 	2404
f 2407 	2311 	2405
f 2408 	2307 	2407
f 2409 	2307 	2408
f 2410 	2300 	2409
f 2411 	2300 	2410
f 2412 	2296 	2411
f 2413 	2296 	2412
f 2416 	965 	2406
f 2415 	2379 	2414
f 2414 	2379 	2450
f 2400 	2454 	2446
f 2393 	2400 	2446
f 2388 	2393 	2447
f 2447 	2448 	2388
f 2449 	2388 	2448
f 2450 	2382 	2449
f 965 	2416 	2428
f 2517 	2431 	2458
f 981 	1040 	1105
f 2460 	992 	2457
f 2462 	2517 	2458
f 2431 	2445 	2454
f 2468 	2517 	2462
f 2454 	2458 	2431
f 2469 	998 	2460
f 992 	2460 	998
f 2422 	2203 	2420
f 2420 	2203 	2419
f 2435 	2437 	2246
f 2432 	2435 	2246
f 2241 	2246 	2437
f 2441 	2240 	2439
f 2443 	2239 	2441
f 2475 	2292 	2443
f 2417 	2281 	2475
f 2474 	998 	2469
f 2479 	2480 	2168
f 2479 	2168 	2215
f 1020 	2484 	1024
f 2481 	1024 	2484
f 2480 	2485 	2169
f 2480 	2169 	2168
f 2487 	1031 	1024
f 2487 	1024 	2481
f 1105 	1040 	922
f 2485 	2488 	2170
f 2485 	2170 	2169
f 2541 	2542 	2491
f 2488 	2492 	2171
f 2488 	2171 	2170
f 1726 	1039 	1728
f 2487 	1728 	1031
f 2492 	2495 	2172
f 2492 	2172 	2171
f 1041 	1726 	1733
f 2495 	2499 	2173
f 2495 	2173 	2172
f 2500 	2502 	2762
f 2499 	2503 	2174
f 2499 	2174 	2173
f 1741 	1053 	1738
f 2507 	2166 	2505
f 2174 	2505 	2166
f 2761 	2762 	2502
f 2478 	2486 	2542
f 2503 	2505 	2174
f 1053 	1741 	1745
f 2507 	2519 	2165
f 2507 	2165 	2166
f 2516 	2517 	2468
f 2470 	2536 	2468
f 2476 	2536 	2470
f 2534 	2535 	2478
f 2486 	2491 	2542
f 2493 	2541 	2491
f 2762 	2763 	2497
f 2516 	2468 	2536
f 2536 	2476 	2535
f 2519 	2533 	2165
f 2518 	1445 	2504
f 2538 	1077 	2527
f 2542 	2534 	2478
f 2476 	2478 	2535
f 2538 	2484 	1077
f 1020 	1077 	2484
f 2539 	1445 	2518
f 1138 	1137 	1097
f 2614 	2615 	2562
f 2562 	2616 	2553
f 1139 	1110 	1113
f 2606 	2613 	2578
f 2581 	2605 	2578
f 2583 	2588 	2603
f 2573 	2578 	2613
f 1129 	1144 	1061
f 2602 	2603 	2588
f 2348 	2546 	2142
f 2593 	2607 	2591
f 2551 	2145 	2142
f 2551 	2142 	2543
f 1129 	1188 	1144
f 2415 	2607 	2593
f 2379 	2415 	2593
f 2145 	2551 	2153
f 2563 	2153 	2551
f 2550 	1445 	2539
f 2570 	2156 	2153
f 2570 	2153 	2563
f 1254 	1268 	1153
f 2575 	2157 	2570
f 2156 	2570 	2157
f 1268 	1274 	1153
f 2606 	2578 	2605
f 2603 	2605 	2581
f 2581 	2583 	2603
f 2591 	2607 	2588
f 2602 	2588 	2607
f 2157 	2575 	2580
f 2157 	2580 	2162
f 1279 	1157 	1274
f 2524 	2525 	2629
f 2528 	2629 	2525
f 2695 	2697 	2557
f 2697 	2698 	2557
f 2698 	2699 	2557
f 2699 	2702 	2557
f 2691 	2176 	2585
f 2580 	2585 	2162
f 2614 	2562 	2567
f 2567 	2573 	2613
f 2614 	2567 	2613
f 2616 	2562 	2615
f 2617 	2553 	2616
f 2618 	2731 	2617
f 2619 	2731 	2618
f 2620 	2621 	2233
f 1600 	2143 	2213
f 2621 	2632 	2234
f 2621 	2234 	2233
f 2530 	2531 	2629
f 2528 	2530 	2629
f 2629 	2631 	2524
f 2631 	2633 	2524
f 2633 	2635 	2524
f 2523 	2524 	2635
f 2637 	2489 	2635
f 2523 	2635 	2489
f 2632 	2643 	2235
f 2632 	2235 	2234
f 1057 	1142 	1058
f 2649 	2219 	2648
f 2235 	2648 	2219
f 2651 	2754 	2645
f 2643 	2648 	2235
f 1601 	2146 	1600
f 2143 	1600 	2146
f 1606 	2154 	1601
f 2146 	1601 	2154
f 1066 	1074 	1135
f 2659 	2660 	2557
f 2660 	2661 	2557
f 2661 	2663 	2557
f 2663 	2664 	2557
f 2664 	2623 	2557
f 2623 	2628 	2557
f 2628 	2629 	2557
f 2556 	2557 	2629
f 2554 	2556 	2629
f 2532 	2554 	2629
f 2531 	2532 	2629
f 2649 	2658 	2220
f 2649 	2220 	2219
f 2154 	1606 	2159
f 2658 	2666 	2222
f 2658 	2222 	2220
f 1135 	1074 	1079
f 2666 	2668 	2214
f 2666 	2214 	2222
f 2669 	2674 	2774
f 2672 	2215 	2214
f 2672 	2214 	2668
f 2770 	2771 	2625
f 2667 	2775 	2502
f 2215 	2672 	2479
f 2681 	2682 	2557
f 2682 	2683 	2557
f 2683 	2684 	2557
f 2684 	2686 	2557
f 2686 	2687 	2557
f 2687 	2652 	2557
f 2652 	2653 	2557
f 2653 	2654 	2557
f 2654 	2655 	2557
f 2655 	2657 	2557
f 2657 	2659 	2557
f 2680 	2681 	2557
f 2625 	2627 	2769
f 2769 	2770 	2625
f 1097 	1110 	1139
f 2627 	2642 	2769
f 2642 	2645 	2767
f 2766 	2767 	2645
f 2767 	2769 	2642
f 2749 	2750 	2694
f 2692 	2694 	2752
f 2746 	2747 	2719
f 2691 	2707 	2177
f 2706 	2708 	2557
f 2708 	2671 	2557
f 2671 	2673 	2557
f 2673 	2675 	2557
f 2675 	2676 	2557
f 2676 	2677 	2557
f 2677 	2679 	2557
f 2679 	2680 	2557
f 2705 	2706 	2557
f 2745 	2746 	2719
f 2177 	2707 	2718
f 2719 	2724 	2745
f 2720 	2893 	2473
f 1618 	2175 	2167
f 2720 	2473 	2728
f 2610 	2728 	2473
f 1057 	1133 	1142
f 1254 	1152 	1133
f 1620 	2178 	1618
f 2175 	1618 	2178
f 2731 	2619 	2727
f 2619 	2745 	2727
f 2557 	2734 	2735
f 2557 	2735 	2610
f 2178 	1620 	2181
f 2553 	2617 	2547
f 2547 	2617 	2731
f 2610 	2735 	2728
f 2772 	2773 	2674
f 2497 	2500 	2762
f 1630 	2197 	2187
f 2197 	1630 	1632
f 2197 	1632 	2202
f 2703 	2715 	2747
f 2715 	2719 	2747
f 2724 	2727 	2745
f 2747 	2749 	2703
f 2694 	2703 	2749
f 2750 	2752 	2694
f 2692 	2752 	2651
f 2754 	2651 	2752
f 2766 	2645 	2754
f 2202 	1632 	2207
f 1155 	1153 	1274
f 2489 	2756 	2759
f 2760 	2523 	2759
f 2489 	2759 	2523
f 2763 	2764 	2493
f 2541 	2493 	2764
f 2493 	2497 	2763
f 2771 	2772 	2690
f 2690 	2625 	2771
f 2685 	2690 	2772
f 2674 	2685 	2772
f 2773 	2774 	2674
f 2667 	2669 	2774
f 2774 	2775 	2667
f 2761 	2502 	2775
f 848 	847 	2431
f 848 	2431 	2517
f 1046 	1161 	830
f 847 	851 	2445
f 847 	2445 	2431
f 2778 	1760 	2555
f 2319 	2550 	1643
f 851 	857 	2446
f 851 	2446 	2445
f 857 	860 	2447
f 857 	2447 	2446
f 2319 	1643 	2325
f 860 	878 	2448
f 860 	2448 	2447
f 878 	894 	2449
f 878 	2449 	2448
f 894 	901 	2450
f 894 	2450 	2449
f 921 	2414 	918
f 2450 	918 	2414
f 2523 	2760 	2804
f 2523 	2804 	2524
f 901 	918 	2450
f 1901 	2604 	2600
f 2524 	2804 	2808
f 2524 	2808 	2525
f 2955 	2281 	2801
f 2604 	1901 	2595
f 2525 	2808 	2814
f 2525 	2814 	2528
f 2528 	2814 	2818
f 2528 	2818 	2530
f 2176 	2162 	2585
f 2530 	2818 	2820
f 2530 	2820 	2531
f 1177 	1470 	1471
f 1177 	1471 	1178
f 2176 	2691 	2177
f 2531 	2820 	2823
f 2531 	2823 	2532
f 1178 	1471 	2
f 1178 	2 	1
f 1921 	2741 	2743
f 2532 	2823 	2826
f 2532 	2826 	2554
f 2718 	2179 	2177
f 921 	934 	2415
f 921 	2415 	2414
f 1073 	858 	1171
f 855 	858 	1073
f 1472 	1171 	858
f 2554 	2826 	2827
f 2554 	2827 	2556
f 2741 	1921 	2598
f 2179 	2718 	2729
f 2179 	2729 	2180
f 1475 	1174 	1171
f 1475 	1171 	1472
f 2556 	2827 	2734
f 2556 	2734 	2557
f 1476 	1175 	1174
f 1476 	1174 	1475
f 934 	942 	2415
f 1922 	2743 	1917
f 2736 	2182 	2729
f 2180 	2729 	2182
f 1477 	1176 	1175
f 1477 	1175 	1476
f 1470 	1177 	1176
f 1470 	1176 	1477
f 2182 	2736 	2739
f 2182 	2739 	2183
f 2629 	3105 	2631
f 1953 	2768 	2758
f 2631 	3105 	2633
f 2742 	2186 	2739
f 2183 	2739 	2186
f 2833 	2834 	1434
f 1065 	1434 	1064
f 1064 	1434 	1063
f 1063 	1434 	1062
f 2834 	2835 	1434
f 2835 	2836 	1434
f 2836 	2837 	1434
f 2837 	1099 	1434
f 1099 	1100 	1434
f 2832 	2833 	1434
f 1100 	1101 	1434
f 2831 	2832 	1434
f 2828 	2829 	1434
f 2186 	2742 	2744
f 2186 	2744 	2190
f 2635 	3143 	2637
f 2489 	2637 	2755
f 3143 	2755 	2637
f 2757 	2194 	2744
f 2190 	2744 	2194
f 1528 	1530 	1185
f 2194 	2757 	2765
f 2194 	2765 	2198
f 2664 	3147 	2623
f 1960 	2789 	2768
f 2841 	2842 	1434
f 2842 	2843 	1434
f 2845 	2846 	1434
f 2844 	1434 	2843
f 2845 	1434 	2844
f 2846 	2828 	1434
f 2789 	1960 	2777
f 2776 	2200 	2765
f 2198 	2765 	2200
f 2200 	2776 	2781
f 2200 	2781 	2203
f 2852 	2853 	1434
f 2854 	1434 	2853
f 2851 	2852 	1434
f 2855 	1434 	2854
f 2838 	1434 	2857
f 2839 	1434 	2838
f 2856 	1434 	2855
f 2793 	2205 	2781
f 2203 	2781 	2205
f 1437 	952 	2593
f 2793 	2801 	2205
f 962 	2381 	2379
f 962 	2379 	948
f 2381 	962 	2382
f 969 	2382 	962
f 2533 	2869 	2367
f 2533 	2367 	2165
f 2862 	2863 	1434
f 2863 	2864 	1434
f 2864 	2865 	1434
f 2865 	2866 	1434
f 2866 	2850 	1434
f 2850 	2851 	1434
f 974 	2388 	2382
f 974 	2382 	969
f 2869 	2871 	2360
f 2869 	2360 	2367
f 2861 	2862 	1434
f 2840 	2841 	1434
f 984 	2393 	974
f 2388 	974 	2393
f 2871 	2873 	2361
f 2871 	2361 	2360
f 2860 	2861 	1434
f 2875 	2860 	1434
f 2393 	984 	991
f 2393 	991 	2400
f 2873 	2877 	2362
f 2873 	2362 	2361
f 2877 	2880 	2364
f 2877 	2364 	2362
f 1076 	2454 	1001
f 991 	1001 	2400
f 2384 	2364 	2882
f 2880 	2882 	2364
f 1045 	1044 	2541
f 2384 	2882 	2887
f 1044 	1052 	2542
f 1044 	2542 	2541
f 2181 	1624 	2187
f 2887 	2891 	2387
f 2887 	2387 	2384
f 2534 	1055 	1007
f 2534 	2542 	1055
f 1052 	1055 	2542
f 2891 	2895 	2390
f 2891 	2390 	2387
f 1752 	1754 	2549
f 1007 	1010 	2535
f 1007 	2535 	2534
f 2885 	2860 	2894
f 2875 	2894 	2860
f 2893 	2720 	2894
f 1010 	1015 	2536
f 1010 	2536 	2535
f 2878 	2473 	2893
f 2885 	2894 	2720
f 1015 	1022 	2516
f 1015 	2516 	2536
f 2555 	1759 	2566
f 1766 	2566 	1759
f 2402 	2390 	2896
f 2895 	2896 	2390
f 1029 	2517 	2516
f 1029 	2516 	1022
f 1771 	2571 	2566
f 1771 	2566 	1766
f 2897 	2898 	2394
f 2897 	2394 	2413
f 2517 	1029 	848
f 2207 	1635 	2213
f 1771 	1776 	2571
f 2576 	2571 	1776
f 2394 	2898 	2899
f 2576 	1776 	2579
f 1780 	2579 	1776
f 2579 	1780 	2582
f 1076 	1090 	2458
f 1646 	2325 	1643
f 1792 	2586 	2582
f 2902 	2240 	2900
f 2458 	1090 	1108
f 2586 	1792 	2589
f 2330 	2325 	1646
f 2903 	2240 	2902
f 2589 	1752 	2549
f 3002 	2995 	2837
f 1917 	2740 	2630
f 1921 	2743 	1922
f 2740 	1917 	2743
f 2675 	3279 	2676
f 3014 	2834 	3013
f 2454 	2400 	1001
f 1652 	2338 	2330
f 2454 	1076 	2458
f 2768 	1953 	1960
f 2345 	2338 	1652
f 1108 	2462 	2458
f 2462 	1108 	1115
f 2462 	1115 	2468
f 2595 	1887 	2596
f 1886 	2596 	1887
f 1197 	1613 	1194
f 1611 	1194 	1613
f 1127 	2470 	1115
f 2468 	1115 	2470
f 1194 	1611 	1196
f 1891 	2600 	1893
f 2598 	1893 	2600
f 2828 	3004 	2829
f 2470 	1127 	1148
f 2470 	1148 	2476
f 1659 	2396 	2385
f 1190 	1594 	1197
f 2830 	2829 	3008
f 3007 	3008 	2829
f 2600 	1891 	1901
f 1159 	2478 	1148
f 2476 	1148 	2478
f 2830 	3008 	2831
f 2595 	1901 	1887
f 2478 	1159 	1163
f 2478 	1163 	2486
f 1168 	2491 	1163
f 2486 	1163 	2491
f 2833 	3013 	2834
f 2491 	1168 	1179
f 2491 	1179 	2493
f 3014 	3000 	2834
f 1189 	2497 	1179
f 2493 	1179 	2497
f 2497 	1189 	1198
f 2497 	1198 	2500
f 2500 	1198 	1203
f 2500 	1203 	2502
f 3002 	2837 	2836
f 1245 	1243 	1712
f 2596 	1886 	2758
f 1948 	2758 	1886
f 936 	1099 	2995
f 2837 	2995 	1099
f 1712 	1243 	1241
f 1591 	2667 	1224
f 1203 	1224 	2502
f 2758 	1948 	1953
f 2427 	2093 	2426
f 2041 	2426 	2093
f 3007 	2829 	3004
f 2955 	2958 	2292
f 942 	1239 	2607
f 942 	2607 	2415
f 2453 	2426 	2096
f 2041 	2096 	2426
f 1239 	1250 	2602
f 1239 	2602 	2607
f 2901 	2292 	2958
f 2778 	2777 	1940
f 1250 	1256 	2603
f 1250 	2603 	2602
f 2453 	2096 	2461
f 3008 	3010 	2831
f 1256 	1271 	2605
f 1256 	2605 	2603
f 2100 	2471 	2461
f 2777 	1960 	1940
f 1271 	1280 	2606
f 1271 	2606 	2605
f 2960 	2299 	2959
f 2549 	1754 	2849
f 3013 	2833 	2832
f 1280 	1285 	2606
f 2963 	2299 	2960
f 1299 	2613 	1285
f 2606 	1285 	2613
f 2849 	1969 	2858
f 2858 	1981 	2859
f 1299 	1303 	2614
f 1299 	2614 	2613
f 1303 	1309 	2615
f 1303 	2615 	2614
f 2867 	2859 	1986
f 1981 	1986 	2859
f 1309 	1317 	2616
f 1309 	2616 	2615
f 1992 	2868 	1986
f 2867 	1986 	2868
f 1317 	1330 	2617
f 1317 	2617 	2616
f 2836 	2999 	3002
f 2868 	1992 	2870
f 1330 	1334 	2618
f 1330 	2618 	2617
f 1334 	1343 	2619
f 1334 	2619 	2618
f 2870 	2004 	2872
f 1343 	1351 	2619
f 2846 	3005 	2828
f 2011 	2876 	2008
f 2874 	2008 	2876
f 3313 	3335 	2702
f 2015 	2879 	2011
f 2876 	2011 	2879
f 2103 	2482 	2100
f 2471 	2100 	2482
f 2015 	338 	2879
f 2879 	338 	340
f 2482 	2103 	2105
f 2482 	2105 	2496
f 3010 	2832 	2831
f 2884 	2872 	2027
f 2004 	2027 	2872
f 2113 	2504 	2105
f 2496 	2105 	2504
f 2027 	2889 	2884
f 2113 	2518 	2504
f 2008 	2874 	2889
f 2119 	2539 	2518
f 1969 	2849 	1754
f 939 	1099 	936
f 2119 	2550 	2539
f 2998 	2329 	2994
f 2835 	3000 	2836
f 2999 	2836 	3000
f 2550 	2121 	1643
f 3001 	2329 	2998
f 1895 	1897 	1259
f 1609 	2159 	1606
f 1788 	2582 	1780
f 2164 	1612 	1617
f 2164 	1617 	2167
f 1792 	2582 	1788
f 2167 	1617 	1618
f 1796 	2589 	1792
f 3010 	3012 	2832
f 2589 	1796 	1752
f 2832 	3012 	3013
f 2181 	1620 	1624
f 1627 	2187 	1624
f 1630 	2187 	1627
f 2835 	2834 	3000
f 1369 	2547 	1370
f 2207 	1632 	1635
f 1378 	2553 	2547
f 1378 	2547 	1369
f 1639 	2213 	1635
f 2553 	1378 	2562
f 1386 	2562 	1378
f 1961 	1959 	1292
f 1759 	2555 	1760
f 1760 	2778 	1908
f 1600 	2213 	1639
f 1399 	2567 	2562
f 1399 	2562 	1386
f 3151 	2653 	3150
f 2652 	3150 	2653
f 2687 	3152 	2652
f 2567 	1399 	2573
f 1403 	2573 	1399
f 1053 	1745 	2630
f 1913 	2630 	1745
f 2653 	3151 	2654
f 1409 	2578 	2573
f 1409 	2573 	1403
f 2630 	1913 	1917
f 2654 	3156 	2655
f 1646 	1648 	2330
f 1564 	1567 	1204
f 2578 	1409 	2581
f 1411 	2581 	1409
f 2657 	2655 	3158
f 3156 	3158 	2655
f 2330 	1648 	1652
f 3160 	2659 	3158
f 2657 	3158 	2659
f 1413 	2583 	2581
f 1413 	2581 	1411
f 1652 	1654 	2345
f 2598 	1921 	1893
f 1581 	1208 	1207
f 2659 	3160 	2660
f 2583 	1413 	1421
f 2583 	1421 	2588
f 2349 	2345 	1655
f 1654 	1655 	2345
f 2660 	3166 	2661
f 1575 	1584 	1215
f 2349 	1655 	2385
f 1658 	2385 	1655
f 2588 	1421 	2591
f 1431 	2591 	1421
f 1908 	2778 	1940
f 1437 	2593 	2591
f 1437 	2591 	1431
f 948 	2379 	952
f 2379 	2593 	952
f 1351 	1444 	2745
f 1351 	2745 	2619
f 1185 	1530 	1204
f 1444 	1448 	2746
f 1444 	2746 	2745
f 2746 	1448 	1453
f 2746 	1453 	2747
f 1206 	1605 	1207
f 2663 	2661 	3170
f 3166 	3170 	2661
f 1453 	1455 	2749
f 1453 	2749 	2747
f 1455 	1458 	2750
f 1455 	2750 	2749
f 2663 	3170 	2664
f 2901 	2900 	2239
f 2901 	2239 	2237
f 1458 	1460 	2752
f 1458 	2752 	2750
f 1460 	1463 	2754
f 1460 	2754 	2752
f 2239 	2900 	2240
f 1969 	1975 	2858
f 1463 	1466 	2754
f 2679 	2677 	3180
f 3179 	3180 	2677
f 2903 	2241 	2240
f 2858 	1975 	1981
f 1236 	1682 	1240
f 3231 	2680 	3180
f 2679 	3180 	2680
f 2241 	2903 	2904
f 2241 	2904 	2246
f 2680 	3231 	2681
f 2932 	2252 	2904
f 2246 	2904 	2252
f 2681 	3239 	2682
f 2252 	2932 	2936
f 2252 	2936 	2259
f 1992 	1998 	2870
f 2683 	2682 	3243
f 3239 	3243 	2682
f 2259 	2936 	2262
f 2945 	2262 	2936
f 2870 	1998 	2004
f 3248 	2684 	3243
f 2683 	3243 	2684
f 2948 	2296 	2262
f 2948 	2262 	2945
f 1682 	1236 	1234
f 2684 	3248 	2686
f 2205 	2801 	2281
f 2686 	3252 	2687
f 339 	340 	338
f 2292 	2281 	2955
f 2676 	3179 	2677
f 2901 	2237 	2292
f 1205 	1204 	1567
f 1659 	2385 	1658
f 2959 	2296 	2948
f 1196 	1576 	1215
f 1608 	2685 	1602
f 1612 	2164 	1659
f 2299 	2296 	2959
f 3220 	2841 	2840
f 2685 	1608 	1616
f 2963 	2300 	2299
f 1230 	1215 	1584
f 1589 	1190 	1191
f 2967 	2305 	2300
f 2967 	2300 	2963
f 2099 	2461 	2096
f 2305 	2967 	2973
f 2305 	2973 	2307
f 2461 	2099 	2100
f 2307 	2973 	2309
f 2976 	2309 	2973
f 1626 	2694 	1621
f 2981 	2311 	2309
f 2981 	2309 	2976
f 2840 	2839 	3220
f 3280 	3220 	2839
f 1631 	2694 	1626
f 1605 	1206 	1567
f 1205 	1567 	1206
f 2311 	2981 	2313
f 2990 	2313 	2981
f 1581 	1207 	1605
f 2027 	2033 	2889
f 2991 	2313 	2990
f 3272 	2845 	2844
f 2889 	2033 	2008
f 2313 	2991 	2320
f 2992 	2320 	2991
f 1589 	1594 	1190
f 2993 	2323 	2320
f 2993 	2320 	2992
f 1649 	2727 	1644
f 2323 	2993 	2327
f 2994 	2327 	2993
f 1681 	1240 	1682
f 3294 	3295 	2856
f 2727 	1649 	1653
f 1681 	1687 	1240
f 3256 	3152 	2687
f 3038 	581 	3037
f 3041 	581 	3039
f 2625 	1558 	1559
f 2625 	1559 	2627
f 1692 	1697 	1230
f 2708 	3269 	2671
f 1563 	2642 	1559
f 2627 	1559 	2642
f 2671 	3271 	2673
f 2642 	1563 	1569
f 2642 	1569 	2645
f 2645 	1569 	2651
f 1577 	2651 	1569
f 3279 	2675 	2673
f 3316 	2855 	2854
f 1583 	2651 	1577
f 3042 	3043 	581
f 3043 	3044 	581
f 3044 	3045 	584
f 3045 	3046 	584
f 3046 	3047 	584
f 3047 	3048 	584
f 3048 	3049 	584
f 3049 	3050 	584
f 3040 	584 	3050
f 3294 	2856 	3316
f 2855 	3316 	2856
f 1241 	1687 	1712
f 2667 	2502 	1224
f 2885 	2861 	2860
f 2667 	1591 	2669
f 1599 	2669 	1591
f 1267 	1266 	1877
f 1602 	2674 	1599
f 2669 	1599 	2674
f 2685 	2674 	1602
f 1270 	1267 	1877
f 3053 	3054 	604
f 3054 	3055 	618
f 3055 	3056 	618
f 3056 	3057 	618
f 3057 	3058 	618
f 3058 	3059 	618
f 3059 	3060 	618
f 3060 	3061 	619
f 3051 	619 	3061
f 2116 	2518 	2113
f 2329 	2327 	2994
f 1616 	2690 	2685
f 3001 	2331 	2329
f 2119 	2518 	2116
f 1558 	2625 	1616
f 2690 	1616 	2625
f 3003 	2334 	2331
f 3003 	2331 	3001
f 2121 	2550 	2119
f 2651 	1583 	2692
f 1621 	2692 	1583
f 3065 	3066 	604
f 3066 	3067 	604
f 3067 	3068 	604
f 3068 	3069 	604
f 3069 	3070 	604
f 3070 	3071 	604
f 3071 	3052 	604
f 3052 	3053 	604
f 2334 	3003 	2337
f 3006 	2337 	3003
f 2694 	2692 	1621
f 3009 	2341 	2337
f 3009 	2337 	3006
f 1631 	2703 	2694
f 1636 	2715 	2703
f 1636 	2703 	1631
f 3011 	2343 	3009
f 2341 	3009 	2343
f 2325 	1445 	2319
f 2330 	2338 	1445
f 2385 	1450 	2349
f 2396 	1450 	2385
f 2167 	1450 	2164
f 2175 	1450 	2167
f 1445 	2349 	1450
f 1641 	2719 	1636
f 2715 	1636 	2719
f 3072 	584 	3040
f 3073 	584 	3072
f 3074 	584 	3073
f 3075 	598 	3074
f 3082 	598 	3075
f 3077 	598 	3076
f 3078 	598 	3077
f 3079 	598 	3078
f 3081 	598 	3080
f 3062 	598 	3081
f 3063 	598 	3062
f 3080 	598 	3079
f 2343 	3011 	2346
f 3015 	2346 	3011
f 1708 	1721 	1245
f 2719 	1641 	2724
f 1644 	2724 	1641
f 1352 	2093 	2427
f 3076 	598 	3082
f 2727 	2724 	1644
f 1895 	1259 	1257
f 3020 	2348 	2346
f 3020 	2346 	3015
f 3065 	604 	3064
f 1653 	2731 	2727
f 3356 	3358 	2698
f 2893 	2427 	1445
f 2427 	2426 	1445
f 1445 	2426 	2453
f 1445 	2453 	2461
f 1445 	2461 	2471
f 2496 	1445 	2482
f 2471 	2482 	1445
f 2496 	2504 	1445
f 1445 	2550 	2319
f 2543 	2142 	2546
f 2546 	2348 	3020
f 564 	3493 	581
f 3041 	3042 	581
f 3064 	598 	3063
f 1370 	2547 	2731
f 1370 	2731 	1653
f 2699 	3358 	2702
f 967 	1449 	2159
f 967 	2159 	1609
f 1449 	2894 	2159
f 2697 	3356 	2698
f 2770 	1685 	1691
f 2770 	1691 	2771
f 3351 	1596 	1595
f 1691 	1696 	2772
f 1691 	2772 	2771
f 3271 	2671 	3269
f 3347 	1598 	1597
f 1696 	1701 	2773
f 1696 	2773 	2772
f 2706 	3309 	2708
f 1438 	2893 	1445
f 1919 	1918 	1294
f 2773 	1701 	1707
f 2773 	1707 	2774
f 2704 	2702 	3335
f 1707 	1713 	2775
f 1707 	2775 	2774
f 2896 	3083 	2402
f 3340 	2705 	3335
f 2704 	3335 	2705
f 1713 	1720 	2761
f 1713 	2761 	2775
f 3084 	3177 	1595
f 1595 	3172 	3351
f 3336 	3332 	3351
f 3300 	3297 	3351
f 1724 	2762 	2761
f 1724 	2761 	1720
f 2706 	2705 	3309
f 3340 	3309 	2705
f 1731 	2763 	2762
f 1731 	2762 	1724
f 2819 	2816 	1554
f 1554 	1557 	2819
f 1557 	1562 	2819
f 1562 	1566 	2819
f 1593 	1571 	2819
f 1571 	1574 	2819
f 3004 	2828 	3005
f 1736 	2764 	2763
f 1736 	2763 	1731
f 2966 	2964 	1598
f 2951 	1598 	2953
f 2946 	1598 	2949
f 2949 	1598 	2951
f 2943 	1598 	2946
f 3083 	3085 	2403
f 3083 	2403 	2402
f 1736 	1045 	2764
f 2541 	2764 	1045
f 3085 	3086 	2404
f 3085 	2404 	2403
f 1466 	1666 	2766
f 1466 	2766 	2754
f 3086 	3087 	2405
f 3086 	2405 	2404
f 714 	716 	3207
f 714 	3207 	712
f 2852 	3299 	2853
f 1670 	2767 	2766
f 1670 	2766 	1666
f 3087 	3088 	2407
f 3087 	2407 	2405
f 2697 	3354 	3356
f 1679 	2769 	2767
f 1679 	2767 	1670
f 3088 	3089 	2408
f 3088 	2408 	2407
f 2770 	2769 	1679
f 2770 	1679 	1685
f 2853 	3299 	2854
f 2408 	3089 	3090
f 2408 	3090 	2409
f 1832 	1836 	2824
f 1551 	1554 	2816
f 1582 	1587 	2819
f 2824 	2819 	1587
f 1587 	1604 	2824
f 1604 	1610 	2824
f 1610 	1615 	2824
f 1615 	1619 	2824
f 1619 	1826 	2824
f 1826 	1832 	2824
f 3090 	3091 	2410
f 3090 	2410 	2409
f 3096 	2628 	3094
f 2623 	3094 	2628
f 3095 	3097 	3204
f 3097 	3098 	3204
f 3098 	3099 	3204
f 3099 	3100 	3204
f 3102 	3204 	3100
f 712 	3207 	3102
f 2628 	3096 	3103
f 2628 	3103 	2629
f 1934 	1288 	1287
f 2629 	3103 	3105
f 1288 	1934 	1289
f 3105 	3106 	2633
f 3107 	2635 	3106
f 2633 	3106 	2635
f 2842 	3225 	2843
f 1547 	1551 	2816
f 1543 	1547 	2816
f 1540 	1543 	2816
f 1629 	1634 	2809
f 2810 	2809 	1634
f 1634 	1638 	2810
f 1638 	1642 	2810
f 1647 	2810 	1642
f 3115 	3191 	3104
f 3111 	3112 	3194
f 3112 	3113 	3194
f 3113 	3114 	3194
f 3203 	3194 	3114
f 3116 	3117 	3203
f 3117 	3118 	3203
f 3118 	3119 	3203
f 3119 	3093 	3203
f 3093 	3095 	3203
f 3204 	3203 	3095
f 3272 	2844 	2843
f 1293 	1959 	1294
f 1656 	1622 	2926
f 2924 	2926 	1622
f 1625 	2924 	1622
f 3091 	3122 	2411
f 3091 	2411 	2410
f 3163 	3124 	3183
f 3186 	3185 	3109
f 3137 	1595 	3139
f 3124 	3139 	1595
f 3135 	3133 	1595
f 3280 	2839 	2838
f 3122 	3123 	2412
f 3122 	2412 	2411
f 3110 	3111 	3186
f 3109 	3110 	3186
f 3225 	2842 	2841
f 3123 	3125 	2413
f 3123 	2413 	2412
f 2926 	2922 	1662
f 1662 	1656 	2926
f 1534 	1536 	2816
f 1536 	1540 	2816
f 1574 	1582 	2819
f 1266 	1878 	1877
f 3131 	3129 	1595
f 1595 	3127 	3128
f 3125 	2897 	2413
f 1881 	1270 	1877
f 3131 	1595 	3133
f 3127 	1595 	3129
f 3135 	1595 	3137
f 2443 	3130 	3132
f 2443 	3132 	2475
f 1717 	2466 	2881
f 3132 	3134 	2417
f 3132 	2417 	2475
f 1881 	1882 	1270
f 2846 	3283 	3005
f 3136 	2419 	2417
f 3136 	2417 	3134
f 3138 	2420 	2419
f 3138 	2419 	3136
f 3139 	3124 	3141
f 3140 	2422 	2420
f 3140 	2420 	3138
f 3141 	3124 	3142
f 3140 	2620 	2422
f 2233 	2422 	2620
f 2852 	3298 	3299
f 2635 	3107 	3143
f 2394 	2899 	2432
f 3144 	2432 	2899
f 3145 	2435 	2432
f 3145 	2432 	3144
f 2756 	2489 	2755
f 3146 	2437 	2435
f 3146 	2435 	3145
f 2850 	3289 	2851
f 2623 	3147 	3094
f 3148 	2439 	2437
f 3148 	2437 	3146
f 3308 	3298 	2851
f 1836 	1840 	2824
f 1839 	2847 	1840
f 2847 	2824 	1840
f 1846 	2847 	1839
f 1852 	2847 	1846
f 1858 	2847 	1852
f 1862 	2847 	1858
f 1868 	2847 	1862
f 1872 	2847 	1868
f 1874 	2847 	1872
f 1817 	2881 	1874
f 1805 	2881 	1817
f 1804 	2881 	1805
f 3149 	2441 	2439
f 3149 	2439 	3148
f 845 	844 	2811
f 3130 	2443 	2441
f 3130 	2441 	3149
f 845 	2817 	849
f 2854 	3307 	3316
f 3150 	2652 	3152
f 514 	511 	2037
f 2920 	2918 	2037
f 2811 	2817 	845
f 1295 	1918 	1300
f 3151 	3155 	2654
f 856 	849 	2821
f 2817 	2821 	849
f 2885 	3324 	2861
f 2654 	3155 	3156
f 2861 	3324 	3328
f 2861 	3328 	2862
f 2863 	2862 	3330
f 3328 	3330 	2862
f 1287 	1933 	1934
f 2821 	2825 	859
f 2821 	859 	856
f 3333 	2864 	3330
f 2863 	3330 	2864
f 2922 	2920 	2037
f 2922 	2037 	1663
f 2865 	3337 	2866
f 3160 	3162 	2660
f 3142 	3124 	3163
f 2660 	3162 	3166
f 3167 	3351 	3165
f 2864 	3333 	2865
f 3165 	3351 	3169
f 3169 	3351 	3172
f 1293 	1292 	1959
f 2048 	628 	2054
f 2043 	2054 	619
f 2052 	628 	2048
f 2081 	628 	2052
f 2084 	628 	2081
f 3170 	3174 	2664
f 1919 	1294 	1959
f 618 	3060 	619
f 2044 	2043 	619
f 3177 	3173 	1595
f 3173 	3172 	1595
f 2664 	3174 	3147
f 2092 	2037 	511
f 3128 	3178 	1595
f 3084 	1595 	3178
f 3295 	3277 	2857
f 2825 	876 	859
f 3120 	3121 	3190
f 1961 	1292 	1291
f 2838 	3278 	3280
f 2825 	2848 	876
f 3 	6 	1182
f 1520 	1182 	6
f 3195 	3196 	3188
f 3121 	3195 	3188
f 1521 	1183 	1182
f 1521 	1182 	1520
f 876 	2883 	892
f 652 	649 	2996
f 2988 	2986 	662
f 669 	662 	2986
f 1183 	1521 	1184
f 1525 	1184 	1521
f 2848 	2883 	876
f 3283 	2846 	3282
f 2845 	3282 	2846
f 3306 	3293 	3184
f 3184 	3293 	3182
f 3104 	3192 	3101
f 3182 	3101 	3193
f 3183 	3124 	3126
f 1184 	1525 	1185
f 1528 	1185 	1525
f 900 	892 	2888
f 2883 	2888 	892
f 3108 	3109 	3185
f 3185 	3126 	3108
f 3272 	3282 	2845
f 1710 	2881 	1705
f 1705 	2881 	1804
f 2151 	2723 	2930
f 1564 	1204 	1530
f 3188 	3189 	3121
f 3189 	3190 	3121
f 3190 	3191 	3120
f 3115 	3120 	3191
f 3192 	3104 	3191
f 3193 	3101 	3192
f 3124 	3108 	3126
f 900 	2888 	919
f 2888 	2892 	919
f 1575 	1215 	1576
f 2857 	2856 	3295
f 2151 	2930 	2149
f 920 	919 	2892
f 3198 	3237 	3196
f 3187 	3188 	3196
f 920 	2906 	932
f 3199 	3237 	3198
f 3187 	3196 	3237
f 2780 	2930 	2723
f 2892 	2906 	920
f 2854 	3299 	3307
f 3194 	3186 	3111
f 3308 	2851 	3289
f 2906 	940 	932
f 3204 	3102 	3207
f 2852 	2851 	3298
f 3209 	688 	3213
f 3212 	3246 	3208
f 3220 	3221 	2841
f 3225 	3227 	2843
f 597 	599 	3232
f 716 	717 	3207
f 3213 	695 	3226
f 3114 	3116 	3203
f 2268 	2907 	2308
f 2267 	2907 	2268
f 2274 	2907 	2267
f 2294 	2927 	2274
f 2248 	2927 	2294
f 2248 	2247 	2927
f 2247 	2257 	2927
f 2257 	2290 	2927
f 2149 	2930 	2150
f 2261 	2929 	2290
f 2150 	2929 	2261
f 3229 	3417 	3222
f 1692 	1230 	1584
f 3231 	3234 	2681
f 1191 	1590 	1589
f 2681 	3234 	3239
f 3236 	3237 	3199
f 3201 	3242 	3199
f 3202 	3242 	3201
f 3205 	3240 	3202
f 3208 	3240 	3205
f 3214 	3245 	3212
f 3219 	3245 	3214
f 3222 	3420 	3219
f 3240 	3208 	3247
f 3241 	3202 	3240
f 3242 	3202 	3241
f 3236 	3199 	3242
f 1208 	1578 	1191
f 3246 	3212 	3245
f 3247 	3208 	3246
f 3211 	947 	955
f 601 	603 	3232
f 486 	3259 	484
f 3248 	3252 	2686
f 3211 	3218 	947
f 960 	947 	3218
f 3312 	3314 	3261
f 3251 	570 	3255
f 3256 	2687 	3252
f 2352 	2890 	2353
f 2358 	2890 	2352
f 2366 	2905 	2358
f 2369 	2905 	2366
f 2373 	2905 	2369
f 2376 	2905 	2373
f 2375 	2905 	2376
f 2398 	2905 	2375
f 2391 	2905 	2398
f 2389 	2907 	2391
f 2308 	2907 	2389
f 960 	3218 	966
f 3223 	966 	3218
f 3255 	544 	3259
f 966 	3223 	973
f 3228 	973 	3223
f 3259 	501 	741
f 2676 	3263 	3179
f 3305 	3311 	3264
f 973 	3228 	3233
f 973 	3233 	982
f 741 	752 	3267
f 3266 	3305 	3264
f 3311 	3312 	3264
f 2421 	2886 	2423
f 2466 	2423 	2886
f 2886 	2881 	2466
f 2434 	2886 	2421
f 2452 	2886 	2434
f 2456 	2886 	2452
f 2459 	2886 	2456
f 2587 	2890 	2459
f 3273 	3305 	3266
f 2843 	3227 	3272
f 3271 	3276 	2673
f 990 	982 	3235
f 3233 	3235 	982
f 3278 	2838 	3277
f 2838 	2857 	3277
f 2673 	3276 	3279
f 3366 	999 	3235
f 2676 	3279 	3263
f 2609 	2890 	2587
f 2612 	2890 	2609
f 2561 	2890 	2612
f 2560 	2890 	2561
f 2569 	2890 	2560
f 2577 	2890 	2569
f 2353 	2890 	2577
f 1196 	1611 	1576
f 2841 	3221 	3225
f 2795 	2798 	2933
f 752 	766 	3267
f 769 	770 	3267
f 766 	768 	3267
f 768 	769 	3267
f 2791 	2930 	2748
f 2751 	2748 	2930
f 2938 	2935 	2800
f 2940 	2938 	2800
f 1598 	2940 	2800
f 2795 	2930 	2791
f 3302 	3303 	3275
f 2695 	3349 	2697
f 3288 	3302 	3275
f 2929 	2150 	2930
f 2699 	2698 	3358
f 2866 	3291 	2850
f 3292 	1527 	3296
f 1480 	1481 	3292
f 3313 	2702 	3358
f 2816 	2810 	1534
f 2809 	2924 	1629
f 1625 	1629 	2924
f 3296 	1499 	3297
f 1566 	1593 	2819
f 1647 	1651 	2810
f 3092 	3182 	3293
f 3101 	3182 	3092
f 1233 	1675 	1234
f 1651 	1534 	2810
f 1710 	1718 	2881
f 3305 	3273 	3304
f 3303 	3304 	3273
f 3273 	3275 	3303
f 3302 	3288 	3290
f 3293 	3306 	3290
f 3302 	3290 	3306
f 1718 	1717 	2881
f 3223 	3686 	3228
f 3233 	3228 	3686
f 3218 	3686 	3223
f 3211 	3686 	3218
f 2847 	1874 	2881
f 3309 	3310 	2708
f 2912 	2911 	1043
f 2912 	1043 	1049
f 1232 	1230 	1697
f 3261 	3264 	3312
f 3254 	3260 	3314
f 3260 	3261 	3314
f 3315 	3317 	3250
f 3317 	3319 	3250
f 3370 	3250 	3319
f 3320 	3367 	3319
f 2886 	2459 	2890
f 2911 	2914 	1051
f 2911 	1051 	1043
f 1697 	1675 	1232
f 2905 	2391 	2907
f 2890 	2358 	2905
f 1234 	1673 	1682
f 2914 	2917 	1056
f 1008 	2917 	2916
f 1008 	1056 	2917
f 2914 	1056 	1051
f 3423 	3425 	3329
f 3300 	3351 	3332
f 3336 	3351 	3167
f 1008 	2919 	1009
f 3338 	2866 	3337
f 2916 	2919 	1008
f 3339 	3404 	3334
f 1014 	1009 	2921
f 2919 	2921 	1009
f 3289 	2850 	3291
f 3338 	3291 	2866
f 3343 	3342 	782
f 3342 	3215 	782
f 771 	772 	3267
f 772 	762 	3267
f 770 	771 	3267
f 3339 	3341 	3404
f 3333 	3337 	2865
f 3343 	782 	3348
f 2921 	2923 	1021
f 2921 	1021 	1014
f 2695 	3631 	3346
f 3345 	3347 	3350
f 3345 	3350 	3351
f 3430 	3432 	3322
f 3344 	3417 	3229
f 782 	1688 	3353
f 3354 	2697 	3349
f 3428 	3430 	3325
f 2923 	1027 	1021
f 5 	4 	2894
f 1688 	1671 	3353
f 2925 	1027 	2923
f 1578 	1208 	1581
f 3399 	3400 	3361
f 1596 	3351 	3350
f 1027 	2812 	844
f 3395 	3396 	3363
f 3357 	3403 	3341
f 1450 	2894 	1434
f 3363 	3364 	3395
f 1598 	3347 	3345
f 2925 	2812 	1027
f 2811 	844 	2812
f 1671 	1668 	3353
f 3364 	3365 	3395
f 2708 	3310 	3269
f 262 	263 	1683
f 3376 	3377 	1774
f 1774 	1767 	3376
f 3250 	3254 	3315
f 3365 	3367 	3393
f 1590 	1191 	1578
f 3314 	3315 	3254
f 3370 	3319 	3367
f 3377 	3378 	1774
f 3378 	3379 	1774
f 3379 	3380 	1774
f 3380 	3381 	1774
f 3381 	3382 	1774
f 3382 	3383 	1774
f 3385 	3386 	1774
f 3385 	1774 	3383
f 1781 	1774 	3386
f 3387 	1781 	3386
f 3375 	1781 	3387
f 3426 	3428 	3325
f 3325 	3327 	3426
f 3329 	3334 	3423
f 3404 	3423 	3334
f 3327 	3329 	3426
f 3322 	3325 	3430
f 276 	279 	1767
f 3028 	3026 	537
f 2910 	2037 	2913
f 3361 	3363 	3396
f 3393 	3395 	3365
f 3393 	3367 	3320
f 3396 	3399 	3361
f 3360 	3361 	3400
f 3357 	3360 	3400
f 3400 	3401 	3357
f 3403 	3357 	3401
f 3404 	3341 	3403
f 3394 	3398 	802
f 805 	802 	3402
f 3402 	3405 	805
f 3406 	3407 	805
f 3407 	3408 	805
f 810 	805 	3409
f 3409 	3410 	810
f 3410 	3411 	810
f 3411 	3413 	810
f 3413 	3414 	810
f 3414 	3463 	810
f 3463 	3464 	810
f 3464 	3465 	810
f 1613 	1197 	1594
f 2918 	2915 	2037
f 2915 	2913 	2037
f 1786 	1781 	3431
f 3431 	3434 	1786
f 3435 	3419 	1786
f 3419 	3449 	1786
f 3449 	3450 	1786
f 3420 	3222 	3418
f 3245 	3219 	3420
f 3418 	3222 	3417
f 3425 	3426 	3329
f 3352 	3433 	3344
f 3417 	3344 	3416
f 3321 	3322 	3432
f 3352 	3321 	3432
f 3432 	3433 	3352
f 3416 	3344 	3433
f 1751 	1749 	3187
f 1751 	3187 	3237
f 1749 	1757 	3188
f 1749 	3188 	3187
f 1663 	1662 	2922
f 3438 	3439 	798
f 799 	798 	3439
f 3440 	799 	3439
f 3441 	799 	3440
f 3443 	799 	3441
f 3444 	802 	3443
f 3445 	802 	3444
f 3398 	3402 	802
f 1757 	1762 	3189
f 1757 	3189 	3188
f 1762 	1765 	3190
f 1762 	3190 	3189
f 1765 	1770 	3191
f 1765 	3191 	3190
f 1770 	1773 	3192
f 1770 	3192 	3191
f 3450 	3451 	1786
f 3451 	3452 	1786
f 1789 	1786 	3454
f 3453 	3454 	1786
f 3454 	3456 	1789
f 3456 	3457 	1789
f 3457 	3459 	1789
f 3459 	3476 	1789
f 1673 	1234 	1675
f 1773 	1778 	3193
f 1773 	3193 	3192
f 1785 	3182 	1782
f 3193 	1782 	3182
f 2927 	2290 	2929
f 2907 	2274 	2927
f 1241 	1240 	1687
f 1778 	1782 	3193
f 2780 	2751 	2930
f 1785 	1793 	3184
f 1785 	3184 	3182
f 3485 	564 	3461
f 3465 	3466 	558
f 3466 	3467 	558
f 3467 	3468 	558
f 560 	558 	3468
f 3468 	3469 	560
f 3469 	3470 	560
f 3470 	3471 	560
f 3471 	3472 	560
f 3474 	560 	3472
f 3475 	564 	3474
f 3461 	564 	3475
f 3306 	3184 	1798
f 1793 	1798 	3184
f 3452 	3453 	1786
f 3476 	3477 	1789
f 3477 	3478 	1789
f 3478 	3479 	1789
f 3479 	3480 	1789
f 1794 	1789 	3481
f 3481 	3482 	1794
f 3482 	3483 	1794
f 3483 	3484 	1742
f 3473 	1742 	3484
f 990 	3235 	999
f 2930 	2795 	2933
f 2798 	2800 	2933
f 1233 	1232 	1675
f 3366 	3372 	1087
f 3374 	1104 	3372
f 1087 	3372 	1104
f 1245 	1712 	1708
f 2940 	1598 	2943
f 2935 	2933 	2800
f 558 	810 	3465
f 3486 	564 	3485
f 3487 	564 	3486
f 3488 	564 	3487
f 3489 	564 	3488
f 3492 	564 	3489
f 3493 	564 	3492
f 3494 	581 	3493
f 3495 	581 	3494
f 3036 	581 	3495
f 3375 	3490 	1781
f 3490 	3491 	1781
f 3491 	3421 	1781
f 3421 	3424 	1781
f 3424 	3427 	1781
f 3427 	3429 	1781
f 3429 	3431 	1781
f 1104 	3374 	3388
f 1104 	3388 	1114
f 3390 	1124 	3388
f 1114 	3388 	1124
f 1889 	1257 	1721
f 792 	840 	3496
f 3368 	792 	3496
f 3369 	793 	3368
f 1124 	3390 	3397
f 1124 	3397 	1147
f 1794 	3483 	1742
f 3412 	1154 	3397
f 1147 	3397 	1154
f 1933 	1287 	1882
f 1154 	3412 	3422
f 1154 	3422 	1162
f 3499 	3500 	1742
f 3500 	3501 	1742
f 3501 	3502 	1742
f 3502 	3503 	1742
f 3503 	3504 	1742
f 3504 	3506 	1743
f 3498 	1743 	3506
f 1257 	1245 	1721
f 3499 	1742 	3507
f 3473 	3507 	1742
f 3436 	1166 	3422
f 1162 	3422 	1166
f 2118 	1806 	3293
f 1257 	1889 	1895
f 1812 	3101 	3092
f 1812 	3092 	1803
f 1166 	3436 	3442
f 1166 	3442 	1173
f 3101 	1812 	3104
f 1815 	3104 	1812
f 1820 	3115 	3104
f 1820 	3104 	1815
f 1173 	3442 	3447
f 1902 	1905 	1261
f 1824 	3120 	1820
f 3115 	1820 	3120
f 1905 	1878 	1265
f 3120 	1824 	1829
f 3120 	1829 	3121
f 2961 	2956 	1598
f 1876 	3195 	1837
f 1829 	1837 	3121
f 2953 	1598 	2956
f 1844 	1843 	3245
f 1923 	1300 	1918
f 1843 	1848 	3246
f 1843 	3246 	3245
f 1270 	1882 	1287
f 1848 	1850 	3247
f 1848 	3247 	3246
f 2961 	1598 	2964
f 1856 	3240 	1853
f 3247 	1853 	3240
f 1850 	1853 	3247
f 2966 	1598 	2969
f 1856 	1860 	3241
f 1856 	3241 	3240
f 2979 	2977 	1598
f 1598 	2971 	2969
f 1289 	1942 	1290
f 1860 	1864 	3242
f 1860 	3242 	3241
f 2971 	1598 	2974
f 1864 	1867 	3236
f 1864 	3236 	3242
f 2974 	1598 	2977
f 1949 	1954 	1290
f 2979 	1598 	2982
f 1870 	3237 	3236
f 1870 	3236 	1867
f 3237 	1870 	1751
f 2986 	2985 	669
f 2985 	3034 	669
f 3034 	3032 	669
f 3016 	649 	3017
f 2996 	649 	3016
f 3017 	642 	3019
f 554 	547 	3019
f 3022 	3019 	547
f 547 	537 	3022
f 3026 	3024 	537
f 3024 	3022 	537
f 1260 	1259 	1897
f 3032 	3030 	669
f 1598 	669 	3030
f 3030 	2982 	1598
f 1260 	1897 	1261
f 1902 	1261 	1897
f 1265 	1261 	1905
f 1266 	1265 	1878
f 1295 	1294 	1918
f 2084 	2089 	628
f 2089 	2092 	628
f 476 	628 	2092
f 477 	476 	2092
f 519 	514 	2037
f 496 	477 	2092
f 526 	519 	2037
f 506 	496 	2092
f 511 	506 	2092
f 1289 	1934 	1942
f 526 	2037 	537
f 2910 	2909 	537
f 2037 	2910 	537
f 3039 	581 	3038
f 3408 	3409 	805
f 1876 	1880 	3196
f 581 	3044 	584
f 560 	3474 	564
f 3196 	1880 	1885
f 584 	3074 	598
f 598 	3064 	604
f 604 	3054 	618
f 3051 	2044 	619
f 619 	2054 	628
f 554 	3019 	642
f 2909 	3028 	537
f 642 	3017 	649
f 1949 	1290 	1942
f 2996 	2988 	652
f 1291 	1290 	1954
f 659 	652 	2988
f 662 	659 	2988
f 705 	701 	1598
f 696 	1598 	701
f 1961 	1291 	1954
f 705 	1598 	710
f 2062 	1320 	2065
f 1319 	2065 	1320
f 729 	721 	3345
f 1300 	1928 	1319
f 3195 	3121 	1837
f 738 	734 	3345
f 765 	760 	3345
f 748 	738 	3345
f 3195 	1876 	3196
f 754 	748 	3345
f 760 	754 	3345
f 1321 	1320 	2062
f 1885 	3198 	3196
f 3345 	786 	779
f 2090 	1323 	1322
f 1325 	1323 	2090
f 793 	3437 	794
f 3369 	3437 	793
f 799 	3443 	802
f 3437 	3438 	794
f 792 	3368 	793
f 999 	3366 	1075
f 3445 	3392 	802
f 798 	794 	3438
f 1075 	3366 	1087
f 3037 	581 	3036
f 3405 	3406 	805
f 3392 	3394 	802
f 786 	3345 	822
f 779 	773 	3345
f 773 	765 	3345
f 3345 	3496 	826
f 831 	826 	3496
f 826 	822 	3345
f 834 	831 	3496
f 840 	834 	3496
f 3198 	1885 	1894
f 3198 	1894 	3199
f 1173 	3447 	1187
f 1899 	3201 	1894
f 3199 	1894 	3201
f 3201 	1899 	1904
f 3201 	1904 	3202
f 1907 	3205 	1904
f 3202 	1904 	3205
f 3205 	1907 	1911
f 3205 	1911 	3208
f 2840 	1434 	2839
f 1 	1434 	1178
f 2856 	2857 	1434
f 1072 	1073 	1434
f 1916 	3212 	1911
f 3208 	1911 	3212
f 93 	1356 	1355
f 3212 	1916 	1927
f 3212 	1927 	3214
f 967 	3350 	963
f 1357 	1356 	93
f 1931 	3219 	1927
f 3214 	1927 	3219
f 963 	3350 	970
f 3219 	1931 	1938
f 3219 	1938 	3222
f 975 	3350 	987
f 975 	970 	3350
f 1187 	3447 	3455
f 1187 	3455 	1195
f 3222 	1938 	1946
f 3222 	1946 	3229
f 987 	3350 	993
f 997 	993 	3350
f 3229 	1946 	1962
f 997 	3350 	1004
f 1798 	1966 	3306
f 1013 	1004 	3350
f 1966 	1972 	3302
f 1966 	3302 	3306
f 3460 	1201 	3455
f 1195 	3455 	1201
f 1972 	1978 	3303
f 1972 	3303 	3302
f 1028 	1018 	3350
f 1018 	1013 	3350
f 1978 	1987 	3304
f 1978 	3304 	3303
f 1032 	1028 	3350
f 3460 	3776 	1221
f 1987 	1994 	3305
f 1987 	3305 	3304
f 1036 	1032 	3350
f 1994 	2001 	3305
f 1036 	3350 	1151
f 1151 	3350 	1164
f 2007 	3311 	2001
f 3305 	2001 	3311
f 2007 	2013 	3312
f 2007 	3312 	3311
f 1167 	1164 	3350
f 2013 	2017 	3314
f 2013 	3314 	3312
f 3347 	1180 	1172
f 2017 	2021 	3315
f 2017 	3315 	3314
f 1180 	3347 	1186
f 2021 	2026 	3317
f 2021 	3317 	3315
f 3455 	3684 	3460
f 3447 	3684 	3455
f 3442 	3684 	3447
f 3436 	3684 	3442
f 3422 	3684 	3436
f 3412 	3684 	3422
f 3397 	3684 	3412
f 3390 	3684 	3397
f 3388 	3684 	3390
f 3374 	3684 	3388
f 3372 	3684 	3374
f 3235 	3684 	3366
f 3366 	3684 	3372
f 3776 	3460 	3684
f 1192 	1186 	3347
f 2026 	2031 	3319
f 2026 	3319 	3317
f 1199 	1192 	3347
f 2031 	2036 	3320
f 2031 	3320 	3319
f 1237 	940 	2908
f 2906 	2908 	940
f 1202 	1199 	3347
f 3393 	3320 	2040
f 2036 	2040 	3320
f 2928 	1237 	2908
f 2928 	1249 	1237
f 1223 	1202 	3347
f 2928 	2931 	1249
f 1249 	2934 	1255
f 1238 	3347 	1263
f 2931 	2934 	1249
f 1269 	1255 	2937
f 2934 	2937 	1255
f 1296 	3347 	1318
f 1329 	3347 	1331
f 1340 	1331 	3347
f 1347 	1340 	3347
f 1352 	1347 	3347
f 1329 	1318 	3347
f 1296 	1263 	3347
f 3347 	1238 	1226
f 3347 	1226 	1223
f 1167 	3350 	1172
f 3347 	1172 	3350
f 2937 	2939 	1278
f 2937 	1278 	1269
f 967 	1609 	3350
f 3618 	1449 	963
f 967 	963 	1449
f 273 	3614 	462
f 464 	462 	3614
f 2878 	1438 	2473
f 3620 	3618 	963
f 3620 	963 	970
f 2702 	2704 	2557
f 970 	975 	3620
f 3624 	3620 	975
f 2894 	3618 	3620
f 2894 	3620 	3624
f 2704 	2705 	2557
f 975 	3646 	3624
f 3624 	3646 	2894
f 3648 	3659 	2894
f 3676 	2894 	3667
f 3659 	3667 	2894
f 3681 	3685 	2894
f 2057 	3254 	3250
f 2057 	3250 	2046
f 2939 	1284 	1278
f 3641 	3642 	2473
f 3642 	3643 	2473
f 3643 	3644 	2473
f 3644 	3645 	2473
f 2610 	2473 	3645
f 3645 	3631 	2610
f 2557 	2610 	3631
f 3640 	3641 	2473
f 3254 	2057 	3260
f 2060 	3260 	2057
f 2939 	2942 	1284
f 3639 	3640 	2473
f 3631 	2695 	2557
f 3638 	3639 	2473
f 1438 	518 	2473
f 2075 	3261 	3260
f 2075 	3260 	2060
f 2942 	2941 	1284
f 2941 	1298 	1284
f 993 	3648 	3646
f 3261 	2075 	3264
f 2078 	3264 	2075
f 3648 	2894 	3646
f 2941 	2944 	1301
f 2941 	1301 	1298
f 3656 	3657 	2473
f 3657 	3658 	2473
f 3655 	3656 	2473
f 3654 	3655 	2473
f 3658 	3637 	2473
f 3637 	3638 	2473
f 2086 	3266 	3264
f 2086 	3264 	2078
f 2944 	2947 	1308
f 2944 	1308 	1301
f 3648 	993 	3659
f 997 	3659 	993
f 3266 	2086 	3273
f 2095 	3273 	2086
f 3672 	3673 	2473
f 2947 	2950 	1314
f 2947 	1314 	1308
f 2950 	2952 	1328
f 2950 	1328 	1314
f 2098 	3275 	3273
f 2098 	3273 	2095
f 3659 	997 	3667
f 1004 	3667 	997
f 2952 	2954 	1333
f 2952 	1333 	1328
f 3275 	2098 	2104
f 3275 	2104 	3288
f 1397 	220 	1414
f 3665 	3663 	2473
f 3660 	3665 	2473
f 3664 	3672 	2473
f 3663 	3664 	2473
f 3673 	3674 	2473
f 3674 	3650 	2473
f 3650 	3652 	2473
f 3652 	3653 	2473
f 3653 	3654 	2473
f 3662 	3660 	2473
f 3288 	2104 	3290
f 2107 	3290 	2104
f 2954 	2957 	1341
f 2954 	1341 	1333
f 3676 	3667 	1004
f 2118 	3293 	3290
f 2118 	3290 	2107
f 1336 	57 	1337
f 2957 	2962 	1349
f 2957 	1349 	1341
f 1018 	3681 	3676
f 1803 	3092 	1806
f 3092 	3293 	1806
f 3681 	2894 	3676
f 3682 	3683 	2473
f 3680 	3682 	2473
f 3683 	3669 	2473
f 3669 	3670 	2473
f 3670 	3671 	2473
f 3671 	3662 	2473
f 3679 	3680 	2473
f 3678 	3679 	2473
f 2040 	2125 	3393
f 75 	80 	1339
f 1018 	1028 	3681
f 3685 	3681 	1028
f 2125 	2127 	3395
f 2125 	3395 	3393
f 3395 	2127 	2130
f 3395 	2130 	3396
f 2130 	2133 	3399
f 2130 	3399 	3396
f 3685 	1028 	3687
f 1032 	3687 	1028
f 1375 	1368 	3686
f 2133 	2135 	3400
f 2133 	3400 	3399
f 3687 	2894 	3685
f 353 	367 	340
f 340 	367 	372
f 340 	372 	381
f 340 	381 	399
f 340 	399 	411
f 340 	411 	419
f 340 	419 	426
f 2135 	2137 	3401
f 2135 	3401 	3400
f 1036 	3690 	3687
f 1036 	3687 	1032
f 2137 	2139 	3403
f 2137 	3403 	3401
f 532 	546 	2473
f 525 	532 	2473
f 518 	525 	2473
f 464 	3614 	2473
f 3614 	3677 	2473
f 2139 	2141 	3404
f 2139 	3404 	3403
f 101 	1357 	93
f 2141 	2144 	3404
f 3423 	3404 	2144
f 101 	1358 	1357
f 665 	657 	2473
f 2210 	3322 	3321
f 2210 	3321 	2211
f 1151 	3692 	3690
f 1151 	3690 	1036
f 2217 	3322 	2210
f 1151 	1164 	3692
f 746 	750 	2473
f 575 	665 	2473
f 657 	706 	2473
f 728 	746 	2473
f 706 	728 	2473
f 750 	756 	2473
f 572 	575 	2473
f 756 	700 	2473
f 3687 	3690 	2894
f 3690 	3692 	2894
f 119 	1362 	1361
f 489 	454 	961
f 1164 	3694 	3692
f 119 	1363 	1362
f 1407 	1402 	3695
f 3694 	1164 	5
f 1167 	5 	1164
f 2894 	3692 	3694
f 5 	2894 	3694
f 697 	713 	2473
f 713 	733 	2473
f 733 	683 	2473
f 464 	2473 	683
f 683 	951 	464
f 458 	464 	951
f 951 	954 	458
f 454 	458 	954
f 954 	961 	454
f 700 	697 	2473
f 1167 	4 	5
f 1366 	136 	1374
f 60 	1337 	57
f 1430 	1419 	3699
f 60 	65 	1337
f 1962 	2279 	3344
f 1338 	65 	1339
f 481 	489 	965
f 965 	972 	481
f 972 	971 	481
f 971 	985 	481
f 961 	965 	489
f 985 	992 	481
f 992 	998 	481
f 475 	481 	998
f 568 	572 	2473
f 3344 	2279 	2291
f 1359 	86 	1360
f 85 	1360 	86
f 2211 	3321 	2291
f 3684 	3686 	1368
f 1339 	80 	1355
f 1375 	3686 	3689
f 2297 	3357 	2264
f 1355 	89 	93
f 1031 	1039 	475
f 1039 	1041 	475
f 1077 	1020 	475
f 1041 	1050 	475
f 1050 	1053 	475
f 1053 	2630 	475
f 2630 	2740 	475
f 2740 	2743 	475
f 2743 	2741 	475
f 1070 	1077 	475
f 998 	1070 	475
f 3691 	1398 	3689
f 3357 	2297 	2302
f 1398 	3691 	1402
f 3693 	1402 	3691
f 2306 	3361 	2302
f 104 	1358 	101
f 2310 	3361 	2306
f 86 	1359 	1358
f 86 	1358 	104
f 2576 	2579 	475
f 2579 	2582 	475
f 2582 	2586 	475
f 2778 	2555 	475
f 2586 	2589 	475
f 2589 	2549 	475
f 2549 	2849 	475
f 2849 	2858 	475
f 2858 	2859 	475
f 1360 	85 	1361
f 116 	1361 	85
f 119 	1361 	116
f 2317 	3365 	2315
f 123 	1363 	119
f 3365 	2317 	2321
f 3693 	3695 	1402
f 128 	1364 	1363
f 128 	1363 	123
f 2324 	3370 	2321
f 128 	130 	1364
f 1366 	1364 	130
f 1407 	3695 	3696
f 2324 	2051 	3370
f 2046 	3250 	2051
f 130 	136 	1366
f 3697 	1412 	3696
f 146 	1381 	1380
f 146 	1380 	147
f 1419 	1412 	3697
f 1419 	3697 	3698
f 1381 	146 	1382
f 149 	1382 	146
f 2217 	3325 	3322
f 3325 	2217 	2232
f 3325 	2232 	3327
f 149 	155 	1382
f 183 	1390 	155
f 3698 	3699 	1419
f 2238 	3329 	2232
f 3327 	2232 	3329
f 140 	1374 	136
f 1430 	3699 	3700
f 3329 	2238 	2242
f 3329 	2242 	3334
f 162 	1377 	1374
f 162 	1374 	140
f 2251 	3339 	2242
f 3334 	2242 	3339
f 1377 	162 	1379
f 172 	1379 	162
f 3700 	3211 	955
f 147 	1380 	1379
f 147 	1379 	172
f 3720 	3721 	3543
f 2258 	3341 	3339
f 2258 	3339 	2251
f 1382 	155 	1390
f 3720 	3546 	3722
f 1390 	183 	1391
f 189 	1391 	183
f 2258 	2264 	3341
f 3357 	3341 	2264
f 3543 	3546 	3720
f 196 	1393 	1391
f 196 	1391 	189
f 3344 	3229 	1962
f 3723 	3722 	3547
f 3546 	3547 	3722
f 1393 	196 	1394
f 202 	1394 	196
f 2598 	2600 	475
f 2600 	2604 	475
f 2604 	2595 	475
f 2595 	2596 	475
f 2596 	2758 	475
f 2768 	2789 	475
f 2789 	2777 	475
f 2777 	2778 	475
f 2758 	2768 	475
f 2741 	2598 	475
f 2291 	3352 	3344
f 208 	1396 	1394
f 208 	1394 	202
f 3547 	3549 	3724
f 3547 	3724 	3723
f 208 	217 	1396
f 1397 	1396 	217
f 2555 	2566 	475
f 2571 	2576 	475
f 2566 	2571 	475
f 3352 	2291 	3321
f 214 	220 	1397
f 1544 	1414 	220
f 3549 	3725 	3724
f 2302 	3360 	3357
f 3549 	3551 	3725
f 3154 	3153 	1799
f 3361 	3360 	2302
f 3725 	3552 	3726
f 3154 	1808 	3157
f 2868 	2870 	475
f 2867 	2868 	475
f 2870 	2872 	475
f 2872 	2884 	475
f 470 	475 	2884
f 2884 	2889 	470
f 437 	470 	2889
f 2889 	2874 	437
f 426 	437 	2874
f 2876 	426 	2874
f 2879 	426 	2876
f 340 	426 	2879
f 2859 	2867 	475
f 3551 	3552 	3725
f 2310 	3363 	3361
f 1799 	1808 	3154
f 1020 	1024 	475
f 3677 	3678 	2473
f 3727 	3726 	3554
f 3552 	3554 	3726
f 3689 	1384 	1375
f 3363 	2310 	2315
f 3363 	2315 	3364
f 3159 	3157 	1810
f 1808 	1810 	3157
f 1024 	1031 	475
f 546 	543 	2473
f 543 	553 	2473
f 553 	568 	2473
f 3365 	3364 	2315
f 1398 	1384 	3689
f 2321 	3367 	3365
f 1810 	1813 	3161
f 1810 	3161 	3159
f 1438 	1445 	518
f 3370 	3367 	2321
f 3727 	3554 	3728
f 3554 	3556 	3728
f 3729 	3728 	3556
f 1923 	1928 	1300
f 2065 	1319 	1928
f 3370 	2051 	3250
f 1813 	3164 	3161
f 3432 	2332 	2333
f 3432 	2333 	3433
f 3729 	3557 	3730
f 2076 	59 	1326
f 1336 	1326 	59
f 2333 	2336 	3416
f 2333 	3416 	3433
f 1813 	1816 	3164
f 3556 	3557 	3729
f 2076 	1326 	1325
f 2076 	1325 	2080
f 2340 	3417 	3416
f 2340 	3416 	2336
f 3164 	1821 	3168
f 2082 	1321 	2062
f 2342 	3418 	3417
f 2342 	3417 	2340
f 1816 	1821 	3164
f 3557 	3731 	3730
f 2087 	1322 	1321
f 2087 	1321 	2082
f 2347 	3420 	3418
f 2347 	3418 	2342
f 3171 	3168 	1823
f 1821 	1823 	3168
f 1322 	2087 	2090
f 2347 	1844 	3420
f 3245 	3420 	1844
f 2080 	1325 	2090
f 2354 	3423 	2144
f 2359 	3425 	3423
f 2359 	3423 	2354
f 3171 	1823 	3175
f 1823 	1827 	3175
f 2363 	3426 	3425
f 2363 	3425 	2359
f 3176 	3175 	1827
f 2370 	3428 	3426
f 2370 	3426 	2363
f 3176 	1830 	3181
f 3696 	1410 	1407
f 2371 	3430 	3428
f 2371 	3428 	2370
f 1827 	1830 	3176
f 2332 	3432 	3430
f 2332 	3430 	2371
f 1412 	1410 	3696
f 1830 	3197 	3181
f 1336 	59 	57
f 3732 	3744 	168
f 1338 	1337 	65
f 3732 	3733 	3744
f 3745 	3744 	3733
f 75 	1339 	65
f 3745 	3733 	3746
f 3734 	3746 	3733
f 89 	1355 	80
f 3746 	3734 	3747
f 3735 	3747 	3734
f 3747 	3735 	3736
f 3747 	3736 	3748
f 3749 	3748 	3737
f 3736 	3737 	3748
f 3759 	3750 	3737
f 3230 	3224 	3743
f 3700 	1436 	1430
f 3739 	3206 	3738
f 3206 	3739 	3210
f 3740 	3210 	3739
f 955 	1436 	3700
f 3741 	3217 	3210
f 3741 	3210 	3740
f 3735 	3858 	3736
f 3734 	3858 	3735
f 3733 	3858 	3734
f 3732 	3858 	3733
f 3798 	3346 	3631
f 3742 	3224 	3741
f 3217 	3741 	3224
f 3561 	3560 	3751
f 3561 	3751 	306
f 3560 	3562 	3752
f 3560 	3752 	3751
f 3742 	3743 	3224
f 3562 	3564 	3753
f 3754 	3564 	3563
f 3804 	3643 	3642
f 3754 	3753 	3564
f 3562 	3753 	3752
f 3754 	3565 	3755
f 3643 	3807 	3644
f 3211 	3700 	3699
f 3211 	3699 	3698
f 3211 	3698 	3697
f 3211 	3697 	3696
f 3211 	3696 	3695
f 3211 	3695 	3693
f 3211 	3693 	3691
f 3211 	3691 	3689
f 3211 	3689 	3686
f 3235 	3233 	3686
f 3563 	3565 	3754
f 3738 	3200 	1054
f 3807 	3809 	3644
f 3756 	3755 	3566
f 3565 	3566 	3755
f 2962 	2965 	1443
f 2962 	1443 	1349
f 3206 	3200 	3738
f 3566 	3567 	3757
f 3566 	3757 	3756
f 2965 	2968 	1446
f 2965 	1446 	1443
f 3567 	3758 	3757
f 1446 	2968 	2970
f 1446 	2970 	1452
f 3568 	3758 	3567
f 3758 	3544 	3721
f 2970 	2972 	1454
f 2970 	1454 	1452
f 3568 	3544 	3758
f 3543 	3721 	3544
f 2972 	2975 	1457
f 2972 	1457 	1454
f 2975 	2978 	1459
f 2975 	1459 	1457
f 3819 	3640 	3639
f 2978 	2980 	1462
f 2978 	1462 	1459
f 3640 	3819 	3641
f 2980 	2983 	1465
f 2980 	1465 	1462
f 3230 	3743 	3238
f 3645 	3797 	3631
f 3741 	1084 	3742
f 3740 	1084 	3741
f 3739 	1084 	3740
f 3738 	1084 	3739
f 1209 	1084 	3738
f 3743 	3742 	1084
f 1383 	1925 	3244
f 1383 	3244 	1376
f 1925 	1929 	3249
f 1925 	3249 	3244
f 3643 	3804 	3807
f 1929 	1932 	3253
f 1929 	3253 	3249
f 3798 	3631 	3797
f 1932 	1939 	3257
f 3258 	1939 	1936
f 3258 	3257 	1939
f 1932 	3257 	3253
f 3637 	3812 	3638
f 3258 	1943 	3262
f 1936 	1943 	3258
f 3638 	3815 	3639
f 3265 	3262 	1950
f 1943 	1950 	3262
f 3749 	3737 	3750
f 1950 	1955 	3268
f 1950 	3268 	3265
f 3759 	3760 	3813
f 3761 	3816 	3760
f 3813 	3760 	3816
f 1955 	3274 	3268
f 3349 	2695 	3346
f 1958 	3274 	1955
f 3816 	3761 	3762
f 3816 	3762 	3818
f 3641 	3803 	3642
f 3274 	1800 	3153
f 3763 	3820 	3762
f 3818 	3762 	3820
f 1958 	1800 	3274
f 1799 	3153 	1800
f 3642 	3802 	3804
f 3820 	3763 	3764
f 3820 	3764 	3821
f 3767 	3822 	3764
f 3821 	3764 	3822
f 3810 	3797 	3645
f 3822 	3767 	3769
f 3822 	3769 	3823
f 3301 	3284 	3790
f 3771 	3824 	3769
f 3823 	3769 	3824
f 3815 	3638 	3812
f 3824 	3771 	3773
f 3824 	3773 	3825
f 3825 	3773 	3774
f 3331 	3326 	3796
f 3802 	3642 	3803
f 3645 	3644 	3809
f 3810 	3645 	3809
f 3750 	3759 	3811
f 1201 	3460 	1221
f 1489 	1221 	3776
f 3778 	1489 	3776
f 3811 	3759 	3813
f 3658 	3814 	3637
f 3281 	3238 	3786
f 3788 	3284 	3786
f 3281 	3786 	3284
f 3815 	3817 	3639
f 3781 	1510 	3780
f 3639 	3817 	3819
f 3788 	3790 	3284
f 3641 	3819 	3803
f 3301 	3790 	3792
f 1510 	3781 	3765
f 3792 	3794 	3323
f 3812 	3637 	3814
f 3795 	3326 	3794
f 3323 	3794 	3326
f 3784 	1529 	3783
f 3795 	3796 	3326
f 3331 	3796 	3799
f 3799 	3800 	3513
f 3513 	3800 	3801
f 3825 	3774 	3826
f 3826 	3774 	3775
f 3826 	3775 	3827
f 3806 	3516 	3805
f 1368 	1373 	3684
f 3777 	3828 	3775
f 3827 	3775 	3828
f 3516 	3806 	3808
f 3777 	3847 	3829
f 3743 	3786 	3238
f 3774 	3843 	3775
f 3773 	3843 	3774
f 3771 	3843 	3773
f 3769 	3843 	3771
f 3767 	3843 	3769
f 3777 	3775 	3843
f 3764 	3845 	3767
f 3763 	3845 	3764
f 3762 	3845 	3763
f 3761 	3845 	3762
f 3760 	3845 	3761
f 3737 	3850 	3759
f 3759 	3845 	3760
f 3847 	3777 	3843
f 3301 	3792 	3318
f 3830 	3731 	3559
f 3557 	3559 	3731
f 3569 	3830 	3559
f 3318 	3792 	3323
f 3778 	1495 	1489
f 3569 	3831 	3830
f 3569 	3570 	3831
f 3831 	3571 	3832
f 3570 	3571 	3831
f 3833 	3832 	3572
f 3571 	3572 	3832
f 3331 	3799 	3512
f 3512 	3799 	3513
f 3572 	3592 	3834
f 3572 	3834 	3833
f 3513 	3801 	3514
f 3592 	3835 	3834
f 3592 	3594 	3835
f 3805 	3515 	3801
f 3514 	3801 	3515
f 3594 	3593 	3835
f 3593 	3836 	3835
f 3515 	3805 	3516
f 3593 	3595 	3837
f 3593 	3837 	3836
f 1529 	3784 	3785
f 3595 	3596 	3838
f 3595 	3838 	3837
f 3516 	3808 	3517
f 3596 	3597 	176
f 3596 	176 	3838
f 190 	186 	3670
f 3599 	3598 	312
f 3599 	312 	249
f 3793 	1549 	3791
f 3684 	1373 	3793
f 3806 	3805 	3808
f 3805 	3801 	3808
f 3801 	3800 	3808
f 3800 	3799 	3808
f 3799 	3796 	3808
f 1096 	3808 	3796
f 1096 	3796 	3795
f 1096 	3795 	3794
f 1096 	3794 	3792
f 3790 	1094 	3792
f 3788 	1094 	3790
f 1084 	1086 	3786
f 3743 	1084 	3786
f 1086 	1088 	3786
f 1468 	3765 	3766
f 1468 	3766 	1469
f 3520 	3197 	1833
f 1830 	1833 	3197
f 3768 	1473 	3766
f 1469 	3766 	1473
f 1967 	3520 	1833
f 1473 	3768 	3770
f 1473 	3770 	1479
f 1967 	3523 	3520
f 1967 	1973 	3523
f 1479 	3770 	1482
f 3772 	1482 	3770
f 3523 	1979 	3525
f 1973 	1979 	3523
f 3782 	1484 	3772
f 3877 	3847 	3848
f 3527 	3525 	1982
f 1979 	1982 	3525
f 3614 	271 	3677
f 3677 	271 	281
f 3677 	281 	3678
f 1982 	1988 	3529
f 1982 	3529 	3527
f 3678 	281 	3679
f 292 	3680 	3679
f 3680 	292 	299
f 3680 	299 	3682
f 1988 	3531 	3529
f 1495 	3778 	3779
f 1495 	3779 	1500
f 3683 	3682 	304
f 299 	304 	3682
f 1988 	1995 	3531
f 1500 	3779 	1506
f 3780 	1506 	3779
f 304 	244 	3683
f 1995 	1993 	3531
f 1993 	3533 	3531
f 1993 	2000 	3535
f 1993 	3535 	3533
f 1510 	1506 	3780
f 2000 	2005 	3537
f 2000 	3537 	3535
f 3765 	1468 	1510
f 12 	3655 	3654
f 2005 	1227 	1231
f 2005 	1231 	3537
f 1332 	2058 	3539
f 1332 	3539 	1335
f 1388 	3539 	2058
f 1388 	2058 	1389
f 90 	82 	3858
f 3658 	173 	3814
f 3671 	3670 	186
f 118 	112 	3862
f 3671 	186 	3662
f 3673 	226 	3674
f 151 	142 	3866
f 190 	3670 	3669
f 3839 	3840 	3868
f 3650 	35 	107
f 3650 	107 	3652
f 3840 	3841 	3868
f 9 	3654 	110
f 3653 	110 	3654
f 3654 	9 	12
f 3842 	3843 	3872
f 226 	13 	3674
f 3650 	3674 	13
f 3872 	3843 	3844
f 3653 	3652 	110
f 107 	110 	3652
f 157 	3657 	156
f 3656 	156 	3657
f 156 	3656 	12
f 3655 	12 	3656
f 166 	3658 	157
f 3657 	157 	3658
f 166 	173 	3658
f 3879 	3876 	3849
f 3664 	181 	3672
f 177 	3672 	181
f 3828 	3777 	3829
f 3877 	3829 	3847
f 200 	3673 	177
f 3672 	177 	3673
f 207 	3660 	205
f 3662 	205 	3660
f 207 	213 	3660
f 3662 	186 	205
f 3673 	200 	226
f 3850 	3879 	3849
f 3851 	3881 	3850
f 3669 	239 	190
f 3854 	3884 	3853
f 253 	3663 	252
f 3665 	252 	3663
f 3854 	3855 	3884
f 3885 	3884 	3855
f 3664 	3663 	181
f 253 	181 	3663
f 3885 	3855 	3856
f 3660 	213 	3665
f 273 	271 	3614
f 3839 	3868 	3869
f 1209 	1042 	1210
f 3841 	3870 	3868
f 3738 	1054 	1209
f 3871 	3870 	3842
f 3871 	3842 	3872
f 3872 	3844 	3873
f 3845 	3874 	3844
f 3875 	3874 	3846
f 1086 	3553 	1088
f 3846 	3849 	3876
f 1086 	1084 	3553
f 3839 	3869 	3848
f 3574 	3518 	1096
f 3850 	3880 	3879
f 3574 	1096 	3575
f 1095 	3575 	1096
f 3881 	3880 	3850
f 3542 	3575 	1094
f 3881 	3851 	3852
f 3576 	3573 	1126
f 3883 	3882 	3853
f 1123 	56 	1126
f 3884 	3883 	3853
f 56 	1123 	1122
f 82 	87 	3857
f 3856 	3857 	87
f 3857 	3858 	82
f 90 	3858 	3859
f 3860 	102 	3859
f 3541 	3542 	1093
f 1094 	1093 	3542
f 102 	3860 	112
f 3861 	112 	3860
f 1091 	3545 	1093
f 3861 	3862 	112
f 3545 	1091 	1089
f 118 	3862 	3863
f 3864 	132 	3863
f 142 	132 	3864
f 142 	3864 	3865
f 3865 	3866 	142
f 3558 	3555 	1083
f 151 	3866 	3867
f 1126 	3573 	1083
f 3867 	3732 	168
f 3808 	1096 	3518
f 3518 	3517 	3808
f 1095 	1094 	3575
f 3841 	3842 	3870
f 56 	3576 	1126
f 1122 	55 	56
f 3873 	3844 	3874
f 1122 	1121 	55
f 111 	55 	1121
f 1120 	573 	1121
f 111 	1121 	573
f 3845 	3846 	3874
f 573 	1120 	576
f 1119 	576 	1120
f 3875 	3846 	3876
f 1118 	579 	576
f 1118 	576 	1119
f 1118 	1117 	579
f 591 	579 	1117
f 1117 	1222 	607
f 3848 	3878 	3877
f 591 	1117 	607
f 631 	607 	1222
f 3878 	3848 	3869
f 631 	1222 	643
f 1220 	643 	1222
f 643 	1220 	739
f 1219 	739 	1220
f 1218 	983 	739
f 1218 	739 	1219
f 1218 	1217 	983
f 994 	983 	1217
f 3852 	3882 	3881
f 994 	1217 	1000
f 1216 	1000 	1217
f 3852 	3853 	3882
f 1000 	1216 	1012
f 1214 	1012 	1216
f 1213 	1023 	1012
f 1213 	1012 	1214
f 1213 	1212 	1023
f 1035 	1023 	1212
f 3856 	3886 	3885
f 1210 	1037 	1035
f 1210 	1035 	1212
f 1210 	1042 	1037
f 87 	3886 	3856
f 3782 	1518 	1484
f 1482 	3772 	1484
f 1042 	1209 	1054
f 1518 	3782 	1524
f 3783 	1524 	3782
f 3859 	92 	90
f 3541 	1093 	3545
f 3783 	1529 	1524
f 102 	92 	3859
f 3545 	1089 	3548
f 3785 	1533 	1529
f 1088 	3550 	1089
f 3548 	1089 	3550
f 3787 	1538 	3785
f 1533 	3785 	1538
f 3550 	1088 	3553
f 3863 	124 	118
f 1084 	3555 	3553
f 1538 	3787 	1541
f 3789 	1541 	3787
f 132 	124 	3863
f 1084 	1083 	3555
f 3791 	1545 	1541
f 3791 	1541 	3789
f 3558 	1083 	3573
f 1549 	1545 	3791
f 3867 	159 	151
f 168 	159 	3867
f 1549 	3793 	1373
f 3845 	3844 	3767
f 3845 	3759 	3846
f 3843 	3767 	3844
f 3841 	3840 	3842
f 3840 	3839 	3842
f 3843 	3842 	3839
f 3843 	3839 	3848
f 3843 	3848 	3847
f 3684 	3782 	3772
f 3684 	3772 	3770
f 3684 	3770 	3768
f 3684 	3768 	3766
f 3684 	3766 	3765
f 3684 	3765 	3781
f 3684 	3781 	3780
f 3684 	3780 	3779
f 3684 	3779 	3778
f 3684 	3778 	3776
f 3737 	3857 	3856
f 3737 	3856 	3855
f 3737 	3855 	3854
f 3737 	3854 	3853
f 3737 	3853 	3852
f 3737 	3852 	3851
f 3737 	3851 	3850
f 3849 	3759 	3850
f 3846 	3759 	3849
f 3732 	3867 	3866
f 3732 	3866 	3865
f 3732 	3865 	3864
f 3732 	3864 	3863
f 3732 	3863 	3862
f 3732 	3862 	3861
f 3732 	3861 	3860
f 3732 	3860 	3859
f 3732 	3859 	3858
f 3857 	3737 	3858
f 3737 	3736 	3858
f 3597 	3600 	178
f 3597 	178 	176
f 3684 	3793 	3791
f 3684 	3791 	3789
f 3684 	3789 	3787
f 3684 	3787 	3785
f 3784 	3684 	3785
f 3783 	3684 	3784
f 3782 	3684 	3783
f 3686 	3684 	3235
f 3600 	3601 	185
f 3600 	185 	178
f 3601 	3602 	192
f 3601 	192 	185
f 1684 	2984 	2987
f 1684 	2987 	1690
f 3602 	3603 	198
f 3602 	198 	192
f 3603 	3604 	203
f 3603 	203 	198
f 2987 	2989 	1695
f 2987 	1695 	1690
f 3604 	3612 	209
f 3604 	209 	203
f 209 	3612 	3613
f 209 	3613 	216
f 2989 	2997 	1700
f 2989 	1700 	1695
f 3613 	3615 	222
f 3613 	222 	216
f 1700 	2997 	3018
f 1700 	3018 	1706
f 3615 	3616 	227
f 3615 	227 	222
f 3616 	3617 	230
f 3616 	230 	227
f 3018 	3021 	1711
f 3018 	1711 	1706
f 3617 	3619 	240
f 3617 	240 	230
f 3619 	3599 	249
f 3619 	249 	240
f 3021 	3023 	1714
f 3021 	1714 	1711
f 255 	3623 	3625
f 255 	3625 	256
f 3025 	1723 	1714
f 3025 	1714 	3023
f 3625 	3627 	269
f 3625 	269 	256
f 3627 	3630 	275
f 3627 	275 	269
f 3027 	1730 	1723
f 3027 	1723 	3025
f 3633 	282 	275
f 3633 	275 	3630
f 3635 	286 	282
f 3635 	282 	3633
f 3029 	1735 	1730
f 3029 	1730 	3027
f 3647 	297 	286
f 3647 	286 	3635
f 306 	297 	3647
f 306 	3647 	3561
f 1049 	1735 	3029
f 1049 	3029 	2912
f 3598 	3649 	314
f 3598 	314 	312
f 3651 	328 	314
f 3651 	314 	3649
f 2983 	3031 	1664
f 2983 	1664 	1465
f 3661 	336 	328
f 3661 	328 	3651
f 3666 	344 	336
f 3666 	336 	3661
f 3033 	1669 	1664
f 3033 	1664 	3031
f 3668 	362 	344
f 3668 	344 	3666
f 3035 	1678 	1669
f 3035 	1669 	3033
f 3675 	369 	362
f 3675 	362 	3668
f 3623 	255 	369
f 3623 	369 	3675
f 1684 	1678 	3035
f 1684 	3035 	2984
f 1748 	1747 	480
f 1748 	500 	1756
f 480 	500 	1748
f 1761 	1756 	507
f 500 	507 	1756
f 507 	512 	1764
f 507 	1764 	1761
f 512 	1768 	1764
f 512 	516 	1768
f 1768 	521 	1772
f 516 	521 	1768
f 1777 	1772 	528
f 521 	528 	1772
f 1777 	528 	1783
f 528 	540 	1783
f 1784 	1783 	540
f 1784 	548 	1791
f 540 	548 	1784
f 548 	1797 	1791
f 2117 	3916 	1809
f 3887 	3888 	1801
f 1811 	1801 	3888
f 1811 	3888 	1814
f 3889 	1814 	3888
f 1814 	3889 	1818
f 3890 	1818 	3889
f 1818 	3890 	3891
f 1818 	3891 	1822
f 1828 	1822 	3892
f 3891 	3892 	1822
f 3893 	1834 	3892
f 3891 	3906 	3892
f 3890 	3906 	3891
f 3889 	3906 	3890
f 3888 	3906 	3889
f 3887 	3906 	3888
f 3893 	3892 	3906
f 423 	561 	1842
f 423 	1842 	420
f 561 	566 	1847
f 561 	1847 	1842
f 566 	582 	1849
f 566 	1849 	1847
f 582 	588 	1854
f 1855 	588 	586
f 1855 	1854 	588
f 582 	1854 	1849
f 1855 	600 	1859
f 586 	600 	1855
f 1863 	1859 	605
f 600 	605 	1859
f 605 	620 	1866
f 605 	1866 	1863
f 620 	1869 	1866
f 629 	1869 	620
f 1869 	485 	1747
f 629 	485 	1869
f 480 	1747 	485
f 1828 	3892 	1834
f 3893 	3894 	1879
f 3895 	1883 	3894
f 1879 	3894 	1883
f 1883 	3895 	3896
f 1883 	3896 	1892
f 3897 	1898 	3896
f 1892 	3896 	1898
f 1898 	3897 	3898
f 1898 	3898 	1903
f 3899 	1906 	3898
f 1903 	3898 	1906
f 1906 	3899 	3900
f 1906 	3900 	1910
f 3901 	1914 	3900
f 1910 	3900 	1914
f 1914 	3901 	3902
f 1914 	3902 	1926
f 3903 	1930 	3902
f 1926 	3902 	1930
f 3904 	1935 	3903
f 1930 	3903 	1935
f 1935 	3904 	3905
f 1935 	3905 	1944
f 194 	197 	335
f 3905 	335 	197
f 1834 	3893 	1875
f 1875 	3893 	1879
f 1944 	3905 	197
f 3903 	3906 	3904
f 3902 	3906 	3903
f 3901 	3906 	3902
f 3900 	3906 	3901
f 3899 	3906 	3900
f 3898 	3906 	3899
f 3905 	3904 	3906
f 3897 	3906 	3898
f 3896 	3906 	3897
f 3895 	3906 	3896
f 3894 	3906 	3895
f 3893 	3906 	3894
f 335 	3905 	3906
f 323 	324 	346
f 1964 	1797 	556
f 548 	556 	1797
f 644 	1964 	556
f 644 	1971 	1964
f 644 	654 	1971
f 1971 	660 	1977
f 654 	660 	1971
f 1985 	1977 	663
f 660 	663 	1977
f 663 	671 	1991
f 663 	1991 	1985
f 671 	1999 	1991
f 671 	681 	1999
f 681 	680 	1999
f 680 	2006 	1999
f 680 	689 	2012
f 680 	2012 	2006
f 689 	698 	2016
f 689 	2016 	2012
f 698 	702 	2020
f 698 	2020 	2016
f 702 	707 	2023
f 702 	2023 	2020
f 707 	711 	2030
f 707 	2030 	2023
f 711 	723 	2035
f 711 	2035 	2030
f 723 	730 	2039
f 723 	2039 	2035
f 3906 	295 	346
f 3907 	2056 	3906
f 2056 	3907 	2059
f 3908 	2059 	3907
f 3909 	2073 	2059
f 3909 	2059 	3908
f 2073 	3909 	2077
f 3910 	2077 	3909
f 3911 	2085 	2077
f 3911 	2077 	3910
f 2085 	3911 	2094
f 3912 	2094 	3911
f 3913 	2097 	2094
f 3913 	2094 	3912
f 2102 	2097 	3913
f 2102 	3913 	3914
f 3915 	2106 	2102
f 3915 	2102 	3914
f 2106 	3915 	2117
f 3916 	2117 	3915
f 1801 	1809 	3887
f 3887 	1809 	3916
f 3906 	2045 	295
f 2056 	2045 	3906
f 3887 	3916 	3915
f 3887 	3915 	3914
f 3887 	3914 	3913
f 3887 	3913 	3912
f 3887 	3912 	3911
f 3887 	3911 	3910
f 3887 	3910 	3909
f 3887 	3909 	3908
f 3887 	3908 	3907
f 3887 	3907 	3906
f 730 	735 	2124
f 730 	2124 	2039
f 735 	744 	2126
f 735 	2126 	2124
f 2126 	744 	749
f 2126 	749 	2129
f 749 	755 	2132
f 749 	2132 	2129
f 755 	761 	2134
f 755 	2134 	2132
f 761 	767 	2136
f 761 	2136 	2134
f 767 	775 	2138
f 767 	2138 	2136
f 775 	780 	2140
f 775 	2140 	2138
f 432 	2140 	780
f 432 	780 	434
f 346 	284 	350
f 135 	331 	134
f 329 	134 	331
f 327 	139 	329
f 134 	329 	139
f 139 	327 	326
f 139 	326 	145
f 145 	326 	325
f 325 	324 	160
f 323 	165 	324
f 160 	324 	165
f 321 	174 	165
f 321 	165 	323
f 321 	365 	184
f 224 	184 	365
f 194 	335 	206
f 334 	206 	335
f 331 	135 	206
f 331 	206 	334
f 224 	365 	233
f 363 	233 	365
f 361 	246 	233
f 361 	233 	363
f 361 	360 	246
f 250 	246 	360
f 357 	260 	360
f 250 	360 	260
f 357 	352 	260
f 268 	260 	352
f 268 	352 	350
# 4278 faces

 #end of obj_0

