# Object Export From Tinkercad Server 2015

mtllib obj.mtl

o obj_0
v -83.213 		161.658 		2
v -100.902 		161.658 		5
v -105.503 		161.658 		2
v -119 		161.658 		2
v -119 		161.658 		5
v -105.503 		12.658 		2
v -119 		12.658 		5
v -119 		12.658 		2
v -83.211 		37.158 		5
v -83.213 		85.036 		5
v -83.213 		89.28 		5
v -36.0051 		81.5762 		2.0104
v -36.031 		81.7997 		4
v -36.035 		81.836 		4
v -35.981 		81.343 		2
v -28.078 		78.668 		2
v -29.4241 		81.5353 		2
v -22.88 		103.315 		2.738
v -29.4241 		81.5352 		2
v -29.4241 		81.5353 		2.0013
v -28.299 		79.038 		2
v -29.4243 		81.5357 		2.0206
v -29.4246 		81.5366 		2.048
v -52.0125 		69.0033 		4
v -103.2 		57.261 		5
v -28.183 		78.84 		2
v -29.4241 		81.5351 		2.0052
v -103.598 		57.182 		5
v -29.4241 		81.5352 		2.0056
v -28.378 		79.18 		2
v -28.3335 		79.1 		2
v -104.002 		57.156 		5
v -104.407 		57.182 		5
v -64.652 		48.254 		5
v -51.9787 		68.9372 		4
v -28.532 		79.465 		2
v -104.805 		57.261 		5
v -51.962 		54.68 		5
v -56.041 		57.406 		5
v -22.7178 		103.4141 		3.072
v -107.102 		60.256 		5
v -22.7414 		103.398 		2.7253
v -107.076 		60.66 		5
v -59.729 		60.64 		5
v -106.997 		61.058 		5
v -52.1137 		69.2035 		4
v -62.963 		64.328 		5
v -106.867 		61.442 		5
v -28.7346 		79.872 		2
v -106.687 		61.806 		5
v -28.672 		79.7412 		2
v -28.678 		79.753 		2
v -28.678 		79.7531 		2
v -63.512 		55.571 		5
v -60.722 		53.117 		5
v -22.7428 		103.3969 		2.6961
v -57.733 		50.909 		5
v -22.7435 		103.3965 		2.6827
v -22.7117 		103.4189 		2.607
v -22.7045 		103.424 		2.6304
v -107.102 		63.356 		5
v -54.568 		48.962 		5
v -51.249 		47.29 		5
v -106.687 		58.706 		5
v -29.045 		80.56 		2
v -22.7433 		103.3966 		2.6978
v -35.993 		81.459 		4
v -36.005 		81.5747 		2.006
v -29.0451 		80.5602 		2
v -106.867 		59.069 		5
v -36.005 		81.5749 		2
v -29.167 		80.8579 		2
v -29.3122 		81.231 		2.048
v -106.997 		59.453 		5
v -29.313 		81.2331 		2.0018
v -29.313 		81.233 		2
v -29.3129 		81.2328 		2
v -28.817 		80.045 		2
v -107.076 		59.851 		5
v -28.95 		80.338 		2
v -28.9501 		80.3382 		2
v -37.455 		37.335 		5
v -52.1485 		69.2733 		4
v -102.452 		57.571 		5
v -29.3128 		81.2325 		2
v -29.31 		81.2252 		2.048
v -29.4241 		81.5352 		2
v -102.816 		57.391 		5
v -41.669 		37.875 		5
v -52.2838 		69.5488 		4
v -29.313 		81.2331 		2
v -45.822 		38.769 		5
v -29.2317 		81.0209 		2.048
v -29.231 		81.019 		2
v -105.189 		57.391 		5
v -52.2512 		69.481 		4
v -36.005 		81.575 		2
v -105.552 		57.571 		5
v -35.953 		81.023 		4
v -29.424 		81.5349 		2
v -35.9542 		81.0372 		3.9114
v -29.4239 		81.5348 		2.0017
v -105.89 		57.796 		5
v -35.9552 		81.0479 		3.5203
v -35.958 		81.082 		2
v -29.424 		81.535 		2.0002
v -29.424 		81.535 		2
v -106.195 		58.064 		5
v -29.256 		81.083 		2
v -106.462 		58.368 		5
v -35.955 		81.0463 		3.8546
v -29.5229 		81.8198 		4
v -29.4474 		81.601 		4
v -29.168 		80.858 		2
v -35.9331 		80.7624 		2
v -101.008 		61.058 		5
v -35.9331 		80.7618 		2.006
v -100.929 		60.66 		5
v -28.95 		80.338 		2
v -35.933 		80.761 		2
v -35.933 		80.7612 		2
v -52.26 		69.505 		4
v -100.902 		60.256 		5
v -52.124 		69.228 		4
v -51.989 		68.961 		4
v -51.842 		68.68 		4
v -35.907 		80.293 		2
v -51.702 		68.417 		4
v -29.2788 		81.1447 		4
v -35.909 		80.352 		4
v -100.929 		59.851 		5
v -35.918 		80.528 		2
v -51.348 		67.786 		4
v -29.2478 		81.0636 		4
v -101.008 		59.453 		5
v -35.894 		79.94 		4
v -28.678 		79.753 		2
v -101.138 		59.069 		5
v -29.2423 		81.0478 		3.216
v -101.318 		58.706 		5
v -29.2335 		81.0258 		4
v -101.543 		58.368 		5
v -101.81 		58.064 		5
v -35.889 		79.4658 		2
v -49.9099 		65.6132 		4
v -35.891 		79.194 		2
v -29.2439 		81.0516 		2.8366
v -102.115 		57.796 		5
v -29.1445 		80.8018 		4
v -49.9565 		65.673 		4
v -35.891 		79.7332 		2
v -29.114 		80.7271 		4
v -106.462 		62.143 		5
v -29.045 		80.56 		4
v -106.195 		62.448 		5
v -35.891 		79.733 		2
v -29.313 		81.233 		2
v -105.89 		62.715 		5
v -35.891 		79.7328 		2
v -105.552 		62.941 		5
v -29.424 		81.535 		2
v -35.889 		79.466 		2
v -105.189 		63.12 		5
v -104.805 		63.25 		5
v -104.407 		63.329 		5
v -50.1402 		65.9189 		4
v -35.8904 		79.2708 		3.8936
v -35.891 		79.194 		3.9855
v -104.002 		63.356 		5
v -50.186 		65.981 		4
v -103.598 		63.329 		5
v -103.2 		63.25 		5
v -102.816 		63.12 		5
v -35.891 		79.7547 		4
v -102.452 		62.941 		5
v -29.227 		81.008 		4
v -35.8895 		79.5554 		4
v -50.37 		66.238 		4
v -102.115 		62.715 		5
v -101.81 		62.448 		5
v -33.211 		49.656 		5
v -101.543 		62.143 		5
v -22.7433 		103.3967 		2.7034
v -38.106 		49.977 		5
v -101.318 		61.806 		5
v -26.5936 		76.8 		2
v -26.624 		76.8286 		2
v -101.138 		61.442 		5
v -42.917 		50.934 		5
v -47.562 		52.511 		5
v -22.7437 		103.3963 		2.6672
v -22.7303 		103.4056 		2.5715
v -107.102 		114.06 		5
v -107.076 		114.465 		5
v -25.42 		75.877 		2
v -25.532 		75.948 		2
v -25.6 		75.9944 		2
v -106.687 		112.51 		5
v -47.8 		45.905 		5
v -44.245 		44.817 		5
v -50.4997 		66.4276 		4
v -40.612 		44.035 		5
v -36.925 		43.563 		5
v -50.5568 		66.511 		4
v -106.867 		112.874 		5
v -33.211 		43.406 		5
v -25.2491 		75.776 		2
v -25.2693 		75.7874 		2
v -106.997 		113.258 		5
v -16.538 		40.012 		5
v -107.076 		113.656 		5
v -20.6 		38.769 		5
v -25.306 		75.808 		2
v -24.753 		37.875 		5
v -102.452 		111.375 		5
v -28.967 		37.335 		5
v -50.7247 		66.7651 		4
v -50.78 		66.85 		4
v -102.816 		111.196 		5
v -22.7437 		103.3964 		2.6989
v -18.86 		52.511 		5
v -103.2 		111.066 		5
v -23.505 		50.934 		5
v -103.598 		110.987 		5
v -28.316 		49.977 		5
v -104.002 		110.96 		5
v -104.407 		110.987 		5
v -22.7301 		103.4058 		2.56
v -104.805 		111.066 		5
v -50.9434 		67.1079 		4
v -50.985 		67.174 		4
v -22.739 		103.3993 		2.56
v -29.497 		43.563 		5
v -25.81 		44.035 		5
v -22.176 		44.817 		5
v -105.189 		111.196 		5
v -18.622 		45.905 		5
v -105.552 		111.375 		5
v -1.77 		48.254 		5
v -105.89 		111.601 		5
v -5.186 		45.73 		5
v -106.195 		111.868 		5
v -8.803 		43.505 		5
v -12.596 		41.594 		5
v -106.462 		112.173 		5
v -22.7045 		103.424 		2.5845
v -22.7189 		103.4136 		2.56
v -100.929 		114.465 		5
v -3.459 		64.328 		5
v -25.752 		76.098 		2
v -100.902 		114.06 		5
v -26.174 		76.422 		2
v -26.377 		76.596 		2
v -6.693 		60.64 		5
v -100.929 		113.656 		5
v -51.1695 		67.4771 		4
v -10.381 		57.406 		5
v -101.008 		113.258 		5
v -51.144 		67.434 		4
v -101.138 		112.874 		5
v -101.318 		112.51 		5
v -14.46 		54.68 		5
v -22.7371 		103.4003 		2.6599
v -101.543 		112.173 		5
v -25.9491 		76.2435 		2
v -101.81 		111.868 		5
v -102.115 		111.601 		5
v -2.91 		55.571 		5
v -0.338 		58.252 		5
v -25.966 		76.256 		2
v -106.997 		114.863 		5
v -5.7 		53.117 		5
v -106.867 		115.247 		5
v -51.142 		67.436 		4
v -50.983 		67.176 		4
v -50.766 		66.832 		4
v -8.689 		50.909 		5
v -50.542 		66.493 		4
v -106.687 		115.61 		5
v -50.369 		66.24 		4
v -50.185 		65.983 		4
v -49.94 		65.655 		4
v -15.173 		47.29 		5
v -11.854 		48.962 		5
v -22.949 		103.277 		2.578
v -79.65 		68.514 		5
v -81.065 		72.516 		5
v -106.462 		115.948 		5
v -82.135 		76.623 		5
v -106.195 		116.252 		5
v -82.853 		80.807 		5
v -63.395 		70.786 		4
v -105.89 		116.52 		5
v -22.948 		103.279 		2.77
v -105.552 		116.745 		5
v -65.689 		68.407 		5
v -105.189 		116.925 		5
v -27.2648 		77.5278 		2
v -27.3595 		77.644 		2
v -27.3829 		77.6729 		2
v -27.383 		77.673 		2
v -67.858 		72.806 		5
v -27.4317 		77.7367 		2
v -104.805 		117.055 		5
v -27.4982 		77.824 		2
v -69.435 		77.452 		5
v -104.407 		117.134 		5
v -26.9464 		77.1594 		2
v -26.947 		77.16 		2
v -104.002 		117.161 		5
v -63.392 		70.787 		4
v -103.598 		117.134 		5
v -103.2 		117.055 		5
v -102.816 		116.925 		5
v -67.856 		101.509 		4
v -26.6689 		76.8709 		2
v -26.6696 		76.8716 		2
v -26.763 		76.966 		2
v -76.648 		81.601 		5
v -26.9329 		77.1451 		2
v -76.02 		77.94 		5
v -102.452 		116.745 		5
v -75.083 		74.346 		5
v -73.845 		70.845 		5
v -72.314 		67.46 		5
v -26.9622 		77.177 		2
v -27.082 		77.312 		2
v -27.256 		77.517 		2
v -26.948 		77.161 		2
v -102.115 		116.52 		5
v -82.853 		93.509 		5
v -65.687 		105.908 		4
v -101.81 		116.252 		5
v -82.135 		97.692 		5
v -66.0662 		116.0826 		4
v -101.543 		115.948 		5
v -26.669 		76.871 		2
v -70.392 		82.263 		5
v -101.318 		115.61 		5
v -70.713 		87.158 		5
v -66.084 		116.064 		4
v -101.138 		115.247 		5
v -70.392 		92.053 		5
v -101.008 		114.863 		5
v -68.4087 		113.1868 		4
v -69.435 		96.864 		5
v -104.915 		153.47 		5
v -105.062 		153.6 		5
v -104.751 		153.361 		5
v -68.419 		113.174 		4
v -104.575 		153.275 		5
v -27.384 		77.674 		2
v -70.4895 		110.114 		4
v -76.02 		96.376 		5
v -76.648 		92.715 		5
v -76.963 		89.015 		5
v -76.963 		85.301 		5
v -81.065 		101.8 		5
v -105.192 		155.574 		5
v -79.65 		105.802 		5
v -105.301 		155.41 		5
v -22.881 		103.313 		3.07
v -77.9 		109.669 		5
v -105.388 		155.235 		5
v -75.828 		113.375 		5
v -70.501 		110.097 		4
v -29.138 		80.783 		4
v -105.451 		155.049 		5
v -73.449 		116.891 		5
v -24.576 		75.4397 		2
v -24.5833 		75.4427 		2
v -22.814 		103.352 		2.578
v -24.5843 		75.4431 		2
v -24.5853 		75.4436 		2
v -70.78 		120.193 		5
v -105.49 		154.856 		5
v -72.3035 		106.8737 		4
v -70.713 		109.7179 		4
v -24.585 		75.444 		2
v -67.841 		123.257 		5
v -105.503 		154.66 		5
v -105.49 		154.465 		5
v -105.451 		154.272 		5
v -67.858 		101.509 		5
v -105.388 		154.086 		5
v -105.301 		153.91 		5
v -65.689 		105.909 		5
v -35.889 		79.4925 		4
v -35.889 		79.4873 		3.8936
v -72.314 		106.855 		4
v -105.192 		153.747 		5
v -73.8359 		103.4912 		4
v -24.77 		75.526 		2
v -24.952 		75.614 		2
v -25.13 		75.709 		2
v -104.575 		156.046 		5
v -67.839 		123.256 		4
v -35.9926 		77.824 		3.8945
v -35.9809 		77.8911 		4
v -104.751 		155.96 		5
v -35.888 		79.467 		2
v -104.915 		155.851 		5
v -105.062 		155.721 		5
v -73.845 		103.471 		4
v -35.889 		79.497 		4
v -104.389 		153.212 		5
v -75.0754 		99.9906 		4
v -66.084 		116.064 		5
v -68.419 		113.174 		5
v -104.196 		153.173 		5
v -70.501 		110.097 		5
v -104 		153.16 		5
v -70.778 		120.192 		4
v -73.447 		116.89 		4
v -75.826 		113.374 		4
v -103.804 		153.173 		5
v -77.897 		109.668 		4
v -79.647 		105.801 		4
v -72.314 		106.855 		5
v -73.845 		103.471 		5
v -81.062 		101.799 		4
v -75.083 		99.969 		5
v -103.611 		153.212 		5
v -103.425 		153.275 		5
v -35.89 		79.734 		2
v -0.733 		68.407 		5
v -103.249 		153.361 		5
v -103.085 		153.47 		5
v -57.619 		130.811 		5
v -61.236 		128.585 		5
v -64.652 		126.062 		5
v -102.938 		153.6 		5
v -75.083 		99.969 		4
v -33.211 		124.66 		5
v -102.51 		154.856 		5
v -102.498 		154.66 		5
v -75.5172 		98.304 		4
v -102.549 		155.049 		5
v -62.963 		109.988 		5
v -102.612 		155.235 		5
v -28.9503 		80.3387 		2.006
v -59.729 		113.676 		5
v -67.554 		87.544 		4
v -102.699 		155.41 		5
v -28.95 		80.3379 		2.0022
v -56.041 		116.91 		5
v -102.808 		155.574 		5
v -28.6781 		79.7532 		2.002
v -51.962 		119.635 		5
v -28.6779 		79.7528 		2.006
v -47.562 		121.805 		5
v -42.917 		123.382 		5
v -63.512 		118.745 		5
v -102.808 		153.747 		5
v -102.699 		153.91 		5
v -38.106 		124.339 		5
v -60.722 		121.199 		5
v -102.612 		154.086 		5
v -69.433 		96.864 		4
v -35.891 		79.763 		4
v -70.39 		92.053 		4
v -70.711 		87.158 		4
v -70.39 		82.263 		4
v -57.733 		123.407 		5
v -102.549 		154.272 		5
v -102.51 		154.465 		5
v -33.211 		130.91 		5
v -36.925 		130.752 		5
v -40.612 		130.281 		5
v -44.245 		129.498 		5
v -47.8 		128.411 		5
v -51.249 		127.026 		5
v -54.568 		125.354 		5
v -102.938 		155.721 		5
v -8.803 		130.811 		5
v -5.186 		128.585 		5
v -103.085 		155.851 		5
v -1.77 		126.062 		5
v -103.249 		155.96 		5
v -67.552 		87.544 		4
v -103.425 		156.046 		5
v -28.316 		124.339 		5
v -76.0136 		96.4003 		4
v -103.611 		156.109 		5
v -23.505 		123.382 		5
v -103.804 		156.148 		5
v -30.561 		67.653 		2
v -18.86 		121.805 		5
v -104 		156.161 		5
v -76.02 		96.376 		4
v -104.196 		156.148 		5
v -14.46 		119.635 		5
v -76.644 		92.7381 		4
v -104.389 		156.109 		5
v -10.381 		116.91 		5
v -6.693 		113.676 		5
v -36.1694 		76.944 		2.9373
v -30.683 		67.858 		2
v -76.648 		92.715 		4
v -3.459 		109.988 		5
v -36.1711 		76.9379 		2.6535
v -36.126 		77.1134 		2.87
v -76.961 		89.0385 		4
v -36.1261 		77.1131 		2.9588
v -36.1722 		76.9338 		2.6938
v -0.733 		105.909 		5
v -36.1293 		77.1004 		3.072
v -0.338 		116.064 		5
v -2.91 		118.745 		5
v -5.7 		121.199 		5
v -36.1802 		76.9064 		2.3432
v -8.689 		123.407 		5
v -36.1759 		76.9217 		2.3432
v -36.1755 		76.9217 		2.5063
v -76.963 		89.015 		4
v -36.1755 		76.9216 		2.5159
v -30.562 		67.655 		2
v -30.683 		67.86 		2
v -29.497 		130.752 		5
v -36.1564 		76.9937 		3.4022
v -30.808 		68.079 		2
v -36.1694 		76.944 		3.4346
v -11.854 		125.354 		5
v -15.173 		127.026 		5
v -18.622 		128.411 		5
v -22.176 		129.498 		5
v -25.81 		130.281 		5
v -36.1324 		77.0882 		3.1816
v -36.1393 		77.0605 		3.4278
v -83.211 		85.036 		4
v 11.478 		64.647 		5
v 9.406 		60.941 		5
v -82.133 		97.692 		4
v -82.851 		93.509 		4
v -36.0755 		77.3486 		3.147
v -36.0549 		77.4669 		3.333
v -83.211 		89.28 		4
v -19.168 		62.939 		2
v 7.027 		57.425 		5
v 4.358 		54.122 		5
v 1.419 		51.058 		5
v -36.0792 		77.323 		3.147
v -31.279 		68.7318 		2
v -36.0805 		77.3152 		3.1583
v -31.2789 		68.7322 		2
v -36.0832 		77.3001 		3.1583
v -19.169 		62.941 		2.001
v 1.997 		61.141 		5
v 4.079 		64.218 		5
v -76.963 		85.301 		4
v -36.0689 		77.3683 		4
v -36.0805 		77.3122 		3.6218
v -36.0511 		77.4707 		4
v 16.431 		80.807 		5
v -76.6752 		81.92 		4
v -22.7904 		103.3673 		2.7195
v -22.7462 		103.3947 		2.67
v -104.751 		18.356 		5
v -36.0356 		77.5775 		4
v -104.575 		18.27 		5
v -69.433 		77.452 		4
v -67.856 		72.808 		4
v -31.336 		68.524 		2
v -105.301 		20.406 		5
v -31.392 		68.333 		2
v -105.388 		20.23 		5
v -66.055 		81.503 		4
v -36.148 		77.023 		3.25
v -105.451 		20.044 		5
v -105.49 		19.851 		5
v -105.503 		19.656 		5
v -105.49 		19.46 		5
v -65.687 		68.408 		4
v -31.451 		68.143 		2
v -105.451 		19.267 		5
v -105.388 		19.082 		5
v -36.011 		77.683 		4
v 15.713 		76.623 		5
v -105.301 		18.906 		5
v 14.643 		72.516 		5
v -105.192 		18.742 		5
v -22.813 		103.353 		2.77
v -105.062 		18.595 		5
v 13.228 		68.514 		5
v -104.915 		18.465 		5
v -66.052 		81.504 		4
v 3.013 		77.452 		5
v -36.1075 		77.1921 		2.3003
v -36.1085 		77.1879 		2.2879
v -104.575 		21.041 		5
v 1.436 		72.806 		5
v -104.751 		20.955 		5
v -22.8003 		103.3609 		2.7548
v -76.65 		81.6241 		4
v -22.7606 		103.3866 		3.072
v -104.915 		20.846 		5
v -105.062 		20.716 		5
v -31.279 		68.734 		2
v -36.048 		77.471 		4
v -31.336 		68.526 		2
v -76.648 		81.601 		4
v -105.192 		20.569 		5
v -31.392 		68.335 		2
v 5.892 		67.46 		5
v -31.452 		68.145 		2
v 7.423 		70.845 		5
v 8.661 		74.346 		5
v 9.598 		77.94 		5
v 10.226 		81.601 		5
v -76.0243 		77.9654 		4
v 15.713 		97.692 		5
v 16.431 		93.509 		5
v -104.389 		18.207 		5
v -36.092 		77.26 		2
v -104.196 		18.168 		5
v -76.02 		77.94 		4
v -104 		18.156 		5
v 3.013 		96.864 		5
v -75.0896 		74.3713 		4
v -103.804 		18.168 		5
v 3.97 		92.053 		5
v -31.516 		67.949 		2
v -103.611 		18.207 		5
v 4.291 		87.158 		5
v -103.425 		18.27 		5
v 3.97 		82.263 		5
v -103.249 		18.356 		5
v -31.583 		67.76 		2
v -75.083 		74.346 		4
v 10.541 		85.301 		5
v 10.541 		89.015 		5
v 10.226 		92.715 		5
v 9.598 		96.376 		5
v -73.8538 		70.8698 		4
v -102.51 		19.851 		5
v -102.498 		19.656 		5
v 4.358 		120.193 		5
v -36.0938 		77.2492 		2.4716
v -102.549 		20.044 		5
v 7.027 		116.891 		5
v -102.612 		20.23 		5
v 9.406 		113.375 		5
v -102.699 		20.406 		5
v 11.478 		109.669 		5
v 13.228 		105.802 		5
v -73.845 		70.845 		4
v 14.643 		101.8 		5
v -103.085 		18.465 		5
v -31.516 		67.951 		2
v -31.583 		67.762 		2
v -102.938 		18.595 		5
v -72.3272 		67.4892 		4
v -102.808 		18.742 		5
v 1.419 		123.257 		5
v -102.699 		18.906 		5
v -30.9157 		68.2795 		2
v -30.915 		68.278 		2
v -36.0886 		77.2727 		3.2935
v -36.0884 		77.2735 		3.2904
v -102.612 		19.082 		5
v -82.851 		80.807 		4
v -82.133 		76.624 		4
v -81.062 		72.517 		4
v -79.647 		68.515 		4
v 1.436 		101.509 		5
v -102.549 		19.267 		5
v -102.51 		19.46 		5
v -102.808 		20.569 		5
v 1.997 		113.174 		5
v -102.938 		20.716 		5
v 4.079 		110.097 		5
v -103.085 		20.846 		5
v 8.661 		99.969 		5
v 7.423 		103.471 		5
v -103.249 		20.955 		5
v 5.892 		106.855 		5
v -72.314 		67.46 		4
v -28.967 		136.98 		5
v -24.753 		136.441 		5
v -71.2381 		65.536 		4
v -103.425 		21.041 		5
v -20.6 		135.547 		5
v -103.611 		21.104 		5
v -16.538 		134.304 		5
v -103.804 		21.143 		5
v -12.596 		132.722 		5
v -104 		21.156 		5
v -31.1302 		68.7095 		2
v -14.461 		54.682 		4
v -104.196 		21.143 		5
v -10.382 		57.407 		4
v -6.694 		60.642 		4
v -104.389 		21.104 		5
v -31.2005 		68.864 		2
v -31.1925 		68.8465 		2
v -53.826 		132.722 		5
v -49.884 		134.304 		5
v -31.2292 		68.9262 		2
v -45.822 		135.547 		5
v -41.669 		136.441 		5
v -3.46 		64.33 		4
v -31.23 		68.928 		2
v -37.455 		136.98 		5
v -67.841 		51.058 		5
v -31.0285 		68.501 		2
v -70.78 		54.122 		5
v -13.037 		65.443 		4
v -36.0842 		77.2943 		3.1583
v -36.0877 		77.2769 		3.3974
v -30.915 		68.28 		2
v -31.028 		68.502 		2
v -31.13 		68.711 		2
v -83.213 		85.036 		2
v -30.808 		68.081 		2
v -83.213 		89.28 		2
v -13.229 		65.309 		4
v -29.886 		66.673 		2
v -28.672 		79.7411 		2.1926
v -13.23 		65.312 		4
v -13.039 		65.445 		4
v -105.062 		153.6 		2
v -104.915 		153.47 		2
v -30.033 		66.866 		2
v -104.751 		153.361 		2
v -28.672 		79.741 		2.3547
v -13.427 		65.176 		4
v -104.575 		153.275 		2
v -30.177 		67.066 		2
v -105.192 		155.574 		2
v -105.301 		155.41 		2
v -105.388 		155.235 		2
v -30.304 		67.25 		2
v -105.451 		155.049 		2
v -105.49 		154.856 		2
v -30.438 		67.455 		2
v -105.503 		154.66 		2
v -105.49 		154.465 		2
v -105.451 		154.272 		2
v -13.631 		65.044 		4
v -105.388 		154.086 		2
v -30.304 		67.252 		2
v -30.438 		67.457 		2
v -105.301 		153.91 		2
v -28.932 		65.612 		2
v -105.192 		153.747 		2
v -13.827 		64.922 		4
v -104.575 		156.046 		2
v -104.751 		155.96 		2
v -29.112 		65.789 		2
v -104.915 		155.851 		2
v -105.062 		155.721 		2
v -14.037 		64.797 		4
v -29.268 		65.95 		2
v -104.389 		153.212 		2
v -104.196 		153.173 		2
v -29.431 		66.127 		2
v -104 		153.16 		2
v -103.804 		153.173 		2
v -14.248 		64.676 		4
v -103.611 		153.212 		2
v -29.586 		66.304 		2
v -103.425 		153.275 		2
v -29.557 		81.916 		4
v -103.249 		153.361 		2
v -103.085 		153.47 		2
v -29.4241 		81.5352 		2.006
v -29.736 		66.484 		2
v -102.938 		153.6 		2
v -29.424 		81.5351 		2.0011
v -102.498 		154.66 		2
v -102.51 		154.856 		2
v -102.549 		155.049 		2
v -32.067 		66.63 		2
v -14.249 		64.678 		4
v -14.039 		64.799 		4
v -13.828 		64.925 		4
v -102.612 		155.235 		2
v -13.633 		65.046 		4
v -31.977 		66.814 		2
v -13.429 		65.178 		4
v -102.699 		155.41 		2
v -102.808 		155.574 		2
v -29.451 		81.611 		4
v -102.808 		153.747 		2
v -14.445 		64.567 		4
v -102.699 		153.91 		2
v -102.612 		154.086 		2
v -102.549 		154.272 		2
v -31.655 		67.566 		2
v -102.51 		154.465 		2
v -102.938 		155.721 		2
v -19.411 		62.899 		2
v -103.085 		155.851 		2
v -103.249 		155.96 		2
v -14.446 		64.569 		4
v -103.425 		156.046 		2
v -26.624 		76.8315 		3.2666
v -26.593 		76.8 		3.1965
v -31.729 		67.379 		2
v -103.611 		156.109 		2
v -36.0843 		77.2935 		2.4225
v -36.091 		77.261 		2.526
v -36.0911 		77.2607 		2.5213
v -36.0912 		77.26 		2.5088
v -103.804 		156.148 		2
v -31.808 		67.19 		2
v -104 		156.161 		2
v -104.196 		156.148 		2
v -14.673 		64.446 		4
v -36.0918 		77.2575 		2.5074
v -36.0938 		77.2493 		2.4721
v -104.389 		156.109 		2
v -23.467 		103.087 		2.967
v -31.89 		67.004 		2
v -36.091 		77.261 		2.5
v -26.5956 		76.8 		3.8714
v -26.6049 		76.8089 		4
v -73.449 		57.425 		5
v -31.655 		67.568 		2
v -31.729 		67.381 		2
v -31.808 		67.192 		2
v -75.828 		60.941 		5
v -31.89 		67.006 		2
v -31.977 		66.816 		2
v -77.9 		64.647 		5
v -32.676 		65.568 		2
v -32.571 		65.731 		2
v -14.869 		64.346 		4
v -70.517 		64.2466 		4
v -70.501 		64.218 		4
v -70.501 		64.218 		5
v -32.458 		65.916 		2
v -68.4324 		61.1608 		4
v -68.419 		61.141 		4
v -68.419 		61.141 		5
v -107.102 		57.156 		2
v -32.355 		66.091 		2
v -66.105 		58.278 		4
v -66.084 		58.252 		4
v -104.751 		18.356 		2
v -66.084 		58.252 		5
v -15.298 		64.14 		4
v -32.258 		66.264 		2
v -104.575 		18.27 		2
v -65.536 		57.6808 		4
v -25.3306 		75.8229 		3.5985
v -25.3299 		75.8224 		3.5837
v -32.16 		66.446 		2
v -25.2495 		75.776 		3.4721
v -36.0556 		77.4339 		2
v -36.0588 		77.418 		2.048
v -49.884 		40.012 		5
v -15.083 		64.241 		4
v -53.826 		41.594 		5
v -105.301 		20.406 		2
v -25.2498 		75.776 		3.7327
v -25.2892 		75.7986 		4
v -57.619 		43.505 		5
v -105.388 		20.23 		2
v -25.306 		75.808 		4
v -105.451 		20.044 		2
v -61.236 		45.73 		5
v -105.49 		19.851 		2
v -105.503 		19.656 		2
v -105.49 		19.46 		2
v -63.5297 		55.5894 		4
v -105.451 		19.267 		2
v -63.512 		55.571 		4
v -25.3329 		75.8243 		3.6432
v -105.388 		19.082 		2
v -60.7467 		53.1388 		4
v -60.722 		53.117 		4
v -36.091 		77.26 		2
v -15.299 		64.143 		4
v -105.301 		18.906 		2
v -15.085 		64.244 		4
v -25.3175 		75.8149 		4
v -14.871 		64.348 		4
v -14.674 		64.448 		4
v -57.7542 		50.9246 		4
v -105.192 		18.742 		2
v -57.733 		50.909 		4
v -105.062 		18.595 		2
v -55.6962 		49.656 		4
v -104.915 		18.465 		2
v -15.525 		64.039 		4
v -54.5905 		48.9758 		4
v -54.568 		48.962 		4
v -25.5394 		75.9531 		4
v -25.5399 		75.9533 		3.9429
v -25.5255 		75.9441 		3.8966
v -51.2725 		47.3018 		4
v -25.4987 		75.9269 		4
v -51.249 		47.29 		4
v -25.5403 		75.9535 		3.8463
v -104.575 		21.041 		2
v -36.374 		83.917 		2
v -49.152 		46.4479 		4
v -36.3741 		83.9173 		2
v -25.532 		75.948 		4
v -36.374 		83.917 		2
v -104.751 		20.955 		2
v -104.915 		20.846 		2
v -105.062 		20.716 		2
v -36.1336 		77.083 		3.313
v -36.1383 		77.0644 		3.4293
v -105.192 		20.569 		2
v -36.1049 		77.203 		3.413
v -36.1049 		77.203 		3.4391
v -26.138 		76.3921 		3.3016
v -36.1049 		77.203 		3.8524
v -36.1317 		77.0929 		3.5674
v -26.1427 		76.3959 		3.072
v -104.389 		18.207 		2
v -26.0403 		76.3139 		3.25
v -26.0467 		76.3188 		3.3273
v -26.0581 		76.3277 		3.3873
v -104.196 		18.168 		2
v -36.1226 		77.1291 		3.3614
v -26.0959 		76.3581 		3.3468
v -36.306 		83.5693 		2
v -36.306 		83.569 		2
v -36.2271 		83.1343 		2
v -104 		18.156 		2
v -36.227 		83.134 		2
v -36.142 		82.615 		2
v -36.142 		82.6147 		2
v -25.8462 		76.1651 		3.25
v -36.076 		82.1531 		2
v -25.8474 		76.1658 		3.3123
v -103.804 		18.168 		2
v -36.076 		82.1528 		2
v -25.8675 		76.1808 		3.3282
v -25.869 		76.182 		3.25
v -103.611 		18.207 		2
v -103.425 		18.27 		2
v -26.5828 		76.7896 		3.1734
v -103.249 		18.356 		2
v -26.5494 		76.7557 		3.2811
v -26.5479 		76.7542 		3.3736
v -26.548 		76.7543 		3.3825
v -26.5733 		76.7796 		3.1752
v -26.561 		76.767 		3.2058
v -102.498 		19.656 		2
v -36.455 		84.3091 		2
v -102.51 		19.851 		2
v -36.455 		84.309 		2
v -36.8569 		86.016 		2
v -102.549 		20.044 		2
v -36.8531 		86.0012 		2
v -15.735 		63.948 		4
v -26.5497 		76.7558 		3.3951
v -26.5742 		76.7794 		3.5729
v -36.853 		86.0008 		2
v -36.7231 		85.4812 		2
v -102.612 		20.23 		2
v -36.723 		85.4809 		2
v -36.64 		85.1341 		2
v -36.5601 		84.7874 		2
v -47.8241 		45.9147 		4
v -36.56 		84.7869 		2
v -102.699 		20.406 		2
v -47.8 		45.905 		4
v -36.9202 		86.2606 		2
v -26.5485 		76.7547 		3.3864
v -36.1337 		77.0828 		3.326
v -37.127 		87.0359 		2
v -44.2781 		44.8271 		4
v -44.245 		44.817 		4
v -36.091 		77.26 		4
v -40.6363 		44.0402 		4
v -40.612 		44.035 		4
v -103.085 		18.465 		2
v -26.575 		76.7802 		3.584
v -36.9601 		43.5675 		4
v -102.938 		18.595 		2
v -36.925 		43.563 		4
v -25.7069 		76.0665 		3.6362
v -25.709 		76.068 		3.667
v -25.7997 		76.132 		3.667
v -102.808 		18.742 		2
v -25.8025 		76.1339 		3.6362
v -33.211 		43.406 		4
v -15.965 		63.853 		4
v -102.699 		18.906 		2
v -33.1874 		43.407 		4
v -37.586 		88.66 		2
v -36.1339 		77.0818 		3.436
v -32.768 		43.4247 		4
v -37.5859 		88.6595 		2
v -25.7232 		76.0779 		3.7675
v -37.367 		87.8931 		2
v -25.7842 		76.1209 		3.7675
v -102.612 		19.082 		2
v -37.2581 		87.5084 		2
v -37.2579 		87.5075 		2
v -36.92 		86.26 		2
v -102.549 		19.267 		2
v -36.864 		86.0435 		2
v -102.51 		19.46 		2
v -16.185 		63.766 		4
v -102.808 		20.569 		2
v -36.227 		83.134 		2
v -102.938 		20.716 		2
v -103.085 		20.846 		2
v -25.856 		76.172 		3.25
v -36.306 		83.569 		2
v -103.249 		20.955 		2
v -103.425 		21.041 		2
v -36.455 		84.309 		2
v -103.611 		21.104 		2
v -26.056 		76.326 		3.25
v -36.56 		84.787 		2
v -103.804 		21.143 		2
v -16.186 		63.768 		4
v -15.966 		63.855 		4
v -15.736 		63.95 		4
v -104 		21.156 		2
v -15.526 		64.041 		4
v -36.0898 		77.2668 		3.3188
v -104.196 		21.143 		2
v -36.64 		85.134 		2
v -104.389 		21.104 		2
v -36.723 		85.481 		2
v -36.0884 		77.2735 		3.3757
v -36.853 		86.001 		2
v -36.0898 		77.2668 		3.3472
v -29.5321 		43.5615 		4
v -29.497 		43.563 		4
v -25.8329 		44.0321 		4
v -25.81 		44.035 		4
v -15.1975 		47.2802 		4
v -22.2125 		44.8092 		4
v -22.176 		44.817 		4
v -37.127 		87.036 		2
v -18.6472 		45.8973 		4
v -18.622 		45.905 		4
v -15.173 		47.29 		4
v -37.258 		87.508 		2
v -11.8775 		48.9502 		4
v -37.366 		87.893 		2
v -11.854 		48.962 		4
v -8.7111 		50.8954 		4
v -10.7258 		49.656 		4
v -103.2 		57.261 		2.998
v -103.598 		57.182 		2.998
v -25.8367 		76.1583 		3.072
v -104.002 		57.156 		2.998
v -8.689 		50.909 		4
v -104.407 		57.182 		2.998
v -5.7267 		53.0972 		4
v -8.1615 		51.2987 		4
v -104.805 		57.261 		2.998
v -36.1701 		76.9427 		2.3432
v -36.1657 		76.9586 		2.3432
v -36.1725 		76.933 		2.4563
v -107.076 		60.66 		2.998
v -107.102 		60.256 		2.998
v -106.997 		61.058 		2.998
v -106.867 		61.442 		2.998
v -5.7 		53.117 		4
v -36.1276 		77.108 		2.048
v -36.1314 		77.092 		2
v -106.687 		61.806 		2.998
v -2.9287 		55.5546 		4
v -3.7037 		54.8728 		4
v -36.075 		82.154 		2
v -36.1213 		77.134 		2.1261
v -26.0588 		76.3283 		3.3911
v -106.687 		58.706 		2.998
v -35.9832 		81.92 		2
v -32.768 		89.8711 		2
v -106.867 		59.069 		2.998
v -106.997 		59.453 		2.998
v -2.91 		55.571 		4
v -107.076 		59.851 		2.998
v -0.3546 		58.2347 		4
v -0.338 		58.252 		4
v -102.452 		57.571 		2.998
v -26.0128 		76.2924 		3.072
v -48.7316 		81.92 		2
v -26.0151 		76.2942 		3.1023
v -48.778 		82.098 		2
v -48.904 		82.594 		2
v -49.085 		83.34 		2
v -49.152 		83.6313 		2
v -102.816 		57.391 		2.998
v -12.597 		41.597 		4
v -8.804 		43.507 		4
v -5.187 		45.733 		4
v -1.772 		48.256 		4
v -105.189 		57.391 		2.998
v -25.8904 		76.1982 		3.072
v -105.552 		57.571 		2.998
v -105.89 		57.796 		2.998
v -106.195 		58.064 		2.998
v -106.462 		58.368 		2.998
v -50.0063 		96.445 		2
v -101.008 		61.058 		2.998
v -100.929 		60.66 		2.998
v -26.2563 		76.4923 		3.5063
v -26.1972 		76.4416 		3.584
v -100.902 		60.256 		2.998
v -49.875 		96.463 		2
v -50.006 		96.445 		2
v -50.0061 		96.445 		2
v -26.3277 		76.5536 		3.584
v -26.3202 		76.5471 		3.4245
v -100.929 		59.851 		2.998
v -101.008 		59.453 		2.998
v -26.1741 		76.4218 		3.6144
v -101.138 		59.069 		2.998
v -26.2032 		76.4467 		3.9216
v -26.3327 		76.5579 		3.6938
v -26.3301 		76.5557 		3.6357
v -36.1829 		76.8964 		2.3432
v -101.318 		58.706 		2.998
v -28.316 		49.979 		4
v -50.005 		96.444 		2
v -23.505 		50.936 		4
v -36.1755 		76.9216 		2.5396
v -18.86 		52.513 		4
v -36.177 		76.916 		2.5527
v -26.2607 		76.4958 		4
v -36.1785 		76.9111 		2.5
v -49.873 		96.462 		2
v -26.2163 		76.4579 		4
v -101.543 		58.368 		2.998
v -36.177 		76.916 		2.5
v -50.1391 		96.434 		2
v -101.81 		58.064 		2.998
v -50.138 		96.433 		2
v -102.115 		57.796 		2.998
v -16.409 		63.681 		4
v -26.225 		76.465 		4
v -106.462 		62.143 		2.998
v -49.6165 		96.5154 		2
v -49.6177 		96.5151 		2
v -49.6181 		96.515 		2
v -49.745 		96.486 		2
v -106.195 		62.448 		2.998
v -49.617 		96.514 		2
v -36.1836 		76.8941 		2.3432
v -36.1833 		76.8951 		2.3432
v -36.1817 		76.9005 		2.4025
v -105.89 		62.715 		2.998
v -105.552 		62.941 		2.998
v -49.744 		96.485 		2
v -26.4527 		76.6659 		3.584
v -26.465 		76.6773 		3.4564
v -105.189 		63.12 		2.998
v -26.4049 		76.6227 		3.3592
v -26.3549 		76.577 		3.4079
v -104.805 		63.25 		2.998
v -26.3511 		76.5737 		3.584
v -104.407 		63.329 		2.998
v -26.4662 		76.6783 		3.4282
v -104.002 		63.356 		2.998
v -26.3494 		76.5723 		3.6645
v -26.3585 		76.58 		4
v -26.4125 		76.629 		4
v -103.598 		63.329 		2.998
v -26.3494 		76.5723 		3.6592
v -103.2 		63.25 		2.998
v -102.816 		63.12 		2.998
v -102.452 		62.941 		2.998
v -26.377 		76.596 		4
v -50.273 		96.429 		2
v -50.407 		96.43 		2
v -50.5417 		96.438 		2
v -50.5423 		96.438 		2
v -50.676 		96.452 		2
v -50.7808 		96.467 		2
v -50.7813 		96.467 		2
v -36.2683 		76.6242 		3.072
v -50.886 		96.487 		2
v -36.2478 		76.6832 		2.8963
v -50.9897 		96.5099 		2
v -36.2488 		76.6799 		3.072
v -50.9903 		96.5101 		2
v -51.093 		96.537 		2
v -102.115 		62.715 		2.998
v -51.194 		96.568 		2
v -101.81 		62.448 		2.998
v -36.2424 		76.7 		2.5093
v -36.2426 		76.6993 		2.5136
v -36.2432 		76.6974 		2.5173
v -36.2434 		76.697 		2.5034
v -50.54 		96.437 		2
v -101.543 		62.143 		2.998
v -50.406 		96.429 		2
v -23.292 		103.136 		2.859
v -101.318 		61.806 		2.998
v -36.6295 		75.7998 		3.4418
v -36.628 		75.8026 		3.4307
v -36.595 		75.8637 		3.5149
v -50.271 		96.428 		2
v -36.5664 		75.9167 		3.5879
v -101.138 		61.442 		2.998
v -36.5663 		75.9169 		3.6354
v -36.5971 		75.8588 		4
v -36.5756 		75.8989 		4
v -107.076 		114.465 		2.998
v -107.102 		114.06 		2.998
v -50.675 		96.451 		2
v -26.1434 		76.3964 		3.0379
v -26.0091 		76.2895 		3.0247
v -36.4488 		76.1605 		3.218
v -50.885 		96.486 		2
v -106.687 		112.51 		2.998
v -36.4433 		76.1731 		3.2043
v -36.4435 		76.1726 		3.2213
v -50.78 		96.466 		2
v -36.4486 		76.1609 		3.2538
v -36.4493 		76.1593 		3.255
v -36.4493 		76.1594 		3.25
v -106.867 		112.874 		2.998
v -36.5375 		75.9746 		3.667
v -106.997 		113.258 		2.998
v -36.5352 		75.9789 		3.5334
v -36.4687 		76.1177 		3.5334
v -50.989 		96.509 		2
v -36.4725 		76.1101 		3.667
v -25.8908 		76.1985 		3.0685
v -25.8286 		76.1525 		2.9205
v -51.091 		96.536 		2
v -107.076 		113.656 		2.998
v -36.4952 		76.0612 		4
v -36.5139 		76.0221 		4
v -36.4392 		76.1823 		3.1942
v -51.193 		96.567 		2
v -102.452 		111.375 		2.998
v -36.3389 		76.4273 		3.5134
v -36.3395 		76.4258 		3.5934
v -36.3931 		76.2892 		3.3802
v -36.3938 		76.2874 		3.3379
v -102.816 		111.196 		2.998
v -36.3222 		76.471 		3.2855
v -36.3226 		76.4698 		3.2736
v -36.3226 		76.47 		3.2453
v -103.2 		111.066 		2.998
v -103.598 		110.987 		2.998
v -36.3745 		76.3354 		4
v -36.3759 		76.3319 		3.9623
v -36.3624 		76.3661 		4
v -104.002 		110.96 		2.998
v -104.407 		110.987 		2.998
v -36.3172 		76.4849 		3.2136
v -36.3171 		76.4849 		3.2985
v -36.3203 		76.4759 		3.3339
v -104.805 		111.066 		2.998
v -52.3457 		97.28 		2
v -52.416 		97.354 		2
v -23.051 		103.228 		2.937
v -52.488 		97.436 		2
v -52.557 		97.521 		2
v -52.623 		97.609 		2
v -52.685 		97.699 		2
v -52.799 		97.885 		2
v -52.85 		97.981 		2
v -105.189 		111.196 		2.998
v -52.898 		98.079 		2
v -52.941 		98.178 		2
v -52.98 		98.278 		2
v -52.9893 		98.304 		2
v -36.2557 		76.6597 		4
v -36.2526 		76.6686 		3.6814
v -27.4296 		77.7339 		2.048
v -105.552 		111.375 		2.998
v -36.2479 		76.6845 		4
v -36.3068 		76.5137 		3.4852
v -105.89 		111.601 		2.998
v -36.3062 		76.5155 		3.4354
v -36.2871 		76.5702 		3.2324
v -106.195 		111.868 		2.998
v -106.462 		112.173 		2.998
v -36.298 		76.5385 		4
v -27.3883 		77.6797 		2.3363
v -27.3991 		77.6936 		2.7387
v -27.3595 		77.644 		2.3822
v -27.3669 		77.6531 		2.3363
v -36.321 		76.474 		3.25
v -100.929 		114.465 		2.998
v -26.9591 		77.1735 		4
v -26.9599 		77.1744 		3.9462
v -100.902 		114.06 		2.998
v -26.947 		77.16 		4
v -100.929 		113.656 		2.998
v -36.261 		76.642 		4
v -26.9411 		77.154 		3.9834
v -101.008 		113.258 		2.998
v -26.7395 		76.949 		4
v -101.138 		112.874 		2.998
v -26.6477 		76.8517 		4
v -101.318 		112.51 		2.998
v -36.449 		76.16 		3.25
v -101.543 		112.173 		2.998
v -52.744 		97.791 		2
v -36.501 		76.048 		4
v -101.81 		111.868 		2.998
v -102.115 		111.601 		2.998
v -36.372 		76.341 		4
v -33.211 		130.91 		4
v -36.9133 		130.7525 		4
v -36.925 		130.752 		4
v -106.997 		114.863 		2.998
v -36.579 		75.892 		4
v -26.763 		76.966 		4
v -106.867 		115.247 		2.998
v -26.669 		76.871 		4
v -106.687 		115.61 		2.998
v -51.2937 		96.6019 		2
v -51.2942 		96.6021 		2
v -51.392 		96.64 		2
v -40.5867 		130.2842 		4
v -51.4878 		96.6809 		2
v -40.612 		130.281 		4
v -51.4883 		96.6811 		2
v -51.582 		96.726 		2
v -106.462 		115.948 		2.998
v -106.195 		116.252 		2.998
v -105.89 		116.52 		2.998
v -44.2229 		129.5028 		4
v -44.245 		129.498 		4
v -105.552 		116.745 		2.998
v -36.243 		76.698 		2.5
v -47.7749 		128.4187 		4
v -47.8 		128.411 		4
v -105.189 		116.925 		2.998
v -51.2244 		127.0359 		4
v -51.249 		127.026 		4
v -104.805 		117.055 		2.998
v -23.137 		103.192 		2.877
v -54.5535 		125.3613 		4
v -54.568 		125.354 		4
v -51.6644 		96.769 		2
v -51.672 		96.773 		2
v -51.6918 		96.784 		2
v -26.948 		77.161 		4
v -51.763 		96.824 		2
v -104.407 		117.134 		2.998
v -51.8168 		96.857 		2
v -51.849 		96.877 		2
v -55.6962 		124.66 		4
v -57.7109 		123.4206 		4
v -51.935 		96.934 		2
v -57.733 		123.407 		4
v -51.9879 		96.972 		2
v -52.0208 		96.9959 		2
v -52.0212 		96.9961 		2
v -52.103 		97.06 		2
v -104.002 		117.161 		2.998
v -52.1838 		97.1269 		2
v -52.1842 		97.1272 		2
v -103.598 		117.134 		2.998
v -58.2605 		123.0173 		4
v -60.6952 		121.2188 		4
v -60.722 		121.199 		4
v -103.2 		117.055 		2.998
v -36.218 		76.7811 		2
v -36.2202 		76.774 		2.048
v -26.6688 		76.8708 		2.0009
v -102.816 		116.925 		2.998
v -26.6686 		76.8706 		2.003
v -63.4995 		118.756 		4
v -36.2358 		76.7219 		2.3973
v -63.512 		118.745 		4
v -19.412 		62.901 		2.001
v -36.2418 		76.7018 		2.5
v -102.452 		116.745 		2.998
v -16.641 		63.598 		4
v -102.115 		116.52 		2.998
v -32.768 		130.8912 		4
v -33.1874 		130.909 		4
v -101.81 		116.252 		2.998
v -16.859 		63.523 		4
v -26.9415 		77.1544 		2.0156
v -101.543 		115.948 		2.998
v -36.2378 		76.7153 		2.4417
v -101.318 		115.61 		2.998
v -101.138 		115.247 		2.998
v -101.008 		114.863 		2.998
v -16.86 		63.526 		4
v -16.642 		63.6 		4
v -16.41 		63.684 		4
v -19.657 		62.863 		4
v -19.658 		62.865 		4
v -19.88 		62.833 		4
v -26.9411 		77.154 		2.017
v -36.2621 		76.6408 		2
v -19.881 		62.836 		4
v -36.2619 		76.6412 		2
v -51.762 		96.823 		2
v -17.081 		63.451 		4
v -36.2824 		76.5828 		2.5765
v -36.3061 		76.5162 		3.0099
v -51.581 		96.725 		2
v -36.3095 		76.5066 		3.072
v -52.02 		96.995 		2
v -36.2528 		76.6682 		2.3223
v -17.316 		63.378 		4
v -0.3275 		116.0511 		4
v -0.338 		116.064 		4
v -52.102 		97.059 		2
v -36.2475 		76.6845 		2.4246
v -2.8985 		118.733 		4
v -52.183 		97.126 		2
v -2.91 		118.745 		4
v -5.6753 		121.1772 		4
v -17.317 		63.381 		4
v -5.7 		121.199 		4
v -17.082 		63.453 		4
v -51.487 		96.68 		2
v -8.6678 		123.3913 		4
v -8.689 		123.407 		4
v -36.261 		76.642 		2
v -51.39 		96.639 		2
v -17.555 		63.308 		4
v -51.292 		96.601 		2
v -10.7258 		124.66 		4
v -11.8405 		125.3457 		4
v -11.854 		125.354 		4
v -15.1495 		127.0142 		4
v -15.173 		127.026 		4
v -18.5979 		128.4013 		4
v -26.9622 		77.177 		3.7881
v -18.622 		128.411 		4
v -52.3413 		97.2753 		2
v -17.774 		63.248 		4
v -22.1515 		129.4905 		4
v -22.176 		129.498 		4
v -52.264 		97.2 		2
v -25.7871 		130.2761 		4
v -25.81 		130.281 		4
v -52.341 		97.275 		2
v -29.4853 		130.7505 		4
v -29.497 		130.752 		4
v -18.008 		63.187 		4
v -52.263 		97.199 		2
v -18.251 		63.127 		4
v -18.252 		63.129 		4
v -18.009 		63.189 		4
v -17.775 		63.25 		4
v -17.556 		63.311 		4
v -25.2075 		75.7517 		3.4137
v -25.2074 		75.7517 		3.4451
v -18.465 		63.078 		4
v -25.0344 		75.6571 		3.1607
v -25.0413 		75.6606 		3.2177
v -25.056 		75.6684 		3.1972
v -61.2533 		82.7103 		2
v -57.344 		83.6931 		2
v -25.0803 		75.6814 		3.1633
v -25.0808 		75.6816 		3.1288
v -25.0081 		75.6437 		2.9463
v -56.3429 		83.9448 		2
v -56.342 		83.945 		2
v -49.203 		83.853 		2
v -49.2287 		83.968 		2
v -49.311 		84.336 		2
v -49.402 		84.756 		2
v -49.534 		85.395 		2
v -49.5839 		85.6435 		2
v -49.584 		85.644 		2
v -36.3885 		76.3017 		2.048
v -36.3884 		76.3022 		2
v -36.3531 		76.3898 		2
v -36.353 		76.3901 		2
v 1.9826 		61.1232 		4
v 1.997 		61.141 		4
v 4.061 		64.1914 		4
v 4.079 		64.218 		4
v 4.8161 		65.536 		4
v -36.3747 		76.3354 		2.5549
v -36.3909 		76.2947 		2.7348
v -24.5833 		75.4427 		2
v -24.5843 		75.4431 		2
v -36.3406 		76.4221 		2.6434
v -24.576 		75.4397 		2
v -24.5847 		75.4433 		2
v -36.3278 		76.4562 		3.072
v -24.5852 		75.4435 		2
v -24.5852 		75.4435 		2
v -24.5853 		75.4436 		2
v -57.843 		89.985 		2
v -57.841 		89.985 		2
v 5.8768 		67.4328 		4
v 5.892 		67.46 		4
v -36.352 		76.391 		2
v 7.4122 		70.8212 		4
v 7.423 		70.845 		4
v 8.6524 		74.3217 		4
v 8.661 		74.346 		4
v 9.5916 		77.9156 		4
v 9.598 		77.94 		4
v -35.898 		80.0572 		2
v -35.898 		80.0569 		2
v -36.042 		81.893 		2
v -36.005 		81.5752 		2
v -35.982 		81.3431 		2
v -35.982 		81.3428 		2
v -35.958 		81.081 		2
v -35.933 		80.7609 		2
v -35.919 		80.5271 		2
v -35.919 		80.5269 		2
v -35.907 		80.292 		2
v -35.898 		80.058 		2
v -36.042 		81.893 		2
v -22.7687 		103.3824 		2.56
v -36.4502 		76.1574 		3.2213
v -18.7 		63.028 		4
v -24.5853 		75.4436 		2
v -24.5852 		75.4436 		2
v -24.5853 		75.4436 		2
v -24.5853 		75.4436 		2
v -24.5853 		75.4436 		2
v 10.222 		81.5779 		4
v 10.226 		81.601 		4
v -36.816 		75.4875 		3.625
v -18.936 		62.981 		4
v -36.8175 		75.4852 		3.667
v -36.864 		75.4155 		3.625
v 10.2532 		81.92 		4
v -35.9007 		78.848 		2
v -35.904 		78.759 		2
v -35.9119 		78.6275 		2
v -36.8526 		75.432 		4
v -36.864 		75.4151 		3.8564
v -36.8412 		75.449 		4
v -19.168 		62.939 		4
v -36.847 		75.44 		4
v -19.411 		62.899 		4
v -36.7542 		75.5846 		4
v -36.768 		75.5623 		3.6367
v -36.7204 		75.6414 		3.6367
v -36.7426 		75.6038 		4
v -35.891 		79.192 		2
v -36.752 		75.588 		4
v -35.896 		78.976 		2
v 10.539 		85.2775 		4
v 10.541 		85.301 		4
v -19.412 		62.901 		4
v -19.169 		62.941 		4
v -18.937 		62.983 		4
v -18.701 		63.03 		4
v -18.466 		63.08 		4
v 10.541 		89.015 		4
v 10.228 		92.6919 		4
v 10.226 		92.715 		4
v -37.3942 		74.752 		3.7288
v -37.3631 		74.7846 		3.7288
v -37.3805 		74.7663 		4
v 9.6023 		96.3506 		4
v 9.598 		96.376 		4
v -36.8791 		75.3929 		3.667
v -36.881 		75.39 		3.625
v -37.0948 		75.099 		2.5627
v -37.0933 		75.1009 		2.5569
v -37.104 		75.0868 		2.9785
v -37.1063 		75.0837 		3.072
v -35.917 		78.543 		2
v -35.933 		78.327 		2
v -35.954 		78.111 		2
v -37.1478 		75.0324 		3.072
v -35.98 		77.897 		2
v -37.1672 		75.0089 		2.84
v -35.9906 		77.824 		2
v -37.117 		75.07 		3.333
v -37.1086 		75.0807 		3.1602
v -37.0833 		75.114 		3.2534
v -37.0833 		75.114 		3.5
v -37.1044 		75.0864 		3.5342
v -37.117 		75.07 		3.5398
v -24.5852 		75.4435 		2
v -24.5852 		75.4435 		2
v -37.1308 		75.053 		3.2746
v -37.1308 		75.053 		3.6836
v -37.1308 		75.053 		3.5
v 8.6666 		99.9474 		4
v 8.661 		99.969 		4
v -37.116 		75.071 		3
v -22.73 		103.406 		2.5507
v -36.1736 		76.9341 		2
v 7.4301 		103.4508 		4
v -36.1928 		76.8648 		2
v 7.423 		103.471 		4
v 5.9005 		106.8363 		4
v 5.892 		106.855 		4
v 4.291 		109.7179 		4
v 4.0885 		110.0799 		4
v -37.116 		75.071 		3.5
v 4.079 		110.097 		4
v 2.648 		112.2118 		4
v 2.0063 		113.1602 		4
v 1.997 		113.174 		4
v -36.011 		77.683 		2
v -36.0431 		77.4989 		2
v -24.5852 		75.4436 		2
v -36.048 		77.471 		2
v -20.127 		62.805 		4
v -22.748 		103.393 		2.519
v -37.1565 		75.0215 		3.95
v -36.141 		77.052 		2
v -20.351 		62.784 		4
v -24.5853 		75.4436 		2
v -24.5853 		75.4436 		2
v -20.352 		62.786 		4
v -20.128 		62.808 		4
v -36.196 		76.8534 		2
v -36.2078 		76.8143 		2
v -36.2122 		76.8 		2
v -37.0858 		75.1102 		2.5283
v -36.198 		76.846 		2
v -20.593 		62.764 		4
v -37.3956 		74.752 		2.8008
v -37.3764 		74.7717 		2.7432
v -37.3764 		74.7717 		2.8237
v -37.3951 		74.752 		2.9781
v -37.2758 		74.8812 		2
v -37.2762 		74.8808 		2
v -20.834 		62.749 		4
v -37.2591 		74.9007 		2
v -37.2594 		74.9003 		2.048
v -21.086 		62.7388 		4
v -37.2699 		74.888 		2.074
v -37.2813 		74.875 		2.0564
v -37.26 		74.8994 		2.1421
v -21.0229 		62.7415 		4
v -37.2843 		74.8717 		2.0749
v -37.2971 		74.8576 		2.0749
v -37.3096 		74.8438 		2.0749
v -21.2599 		62.7343 		4
v -21.318 		62.733 		4
v -37.275 		74.882 		2
v -21.319 		62.735 		4
v -21.087 		62.741 		4
v -20.835 		62.752 		4
v -20.594 		62.767 		4
v -36.3922 		76.2927 		2
v -21.548 		62.731 		4
v -36.413 		76.242 		2
v -36.4207 		76.225 		2
v -36.501 		76.048 		2
v -21.787 		62.734 		4
v -37.3181 		74.8344 		2.0749
v -37.3453 		74.8045 		2.0749
v -36.579 		75.892 		2
v -36.6423 		75.776 		2
v -22.022 		62.742 		4
v -22.272 		62.754 		4
v -12.597 		132.72 		4
v -16.539 		134.302 		4
v -20.601 		135.545 		4
v -24.753 		136.439 		4
v -28.967 		136.978 		4
v -33.211 		137.158 		4
v -37.455 		136.978 		4
v -36.6841 		75.7025 		2
v -41.669 		136.439 		4
v -36.752 		75.588 		2
v -45.821 		135.545 		4
v -36.7549 		75.5835 		2
v -49.883 		134.302 		4
v -53.825 		132.72 		4
v -37.389 		74.7565 		2.048
v -37.3931 		74.752 		2.0161
v -22.7268 		103.408 		2.5467
v -37.3583 		74.7902 		2.0749
v -37.3855 		74.7603 		2.0749
v -36.663 		75.738 		2
v 1.435 		101.509 		4
v -36.847 		75.44 		2
v -36.864 		75.4155 		2
v -37.4623 		74.6837 		3.001
v -37.486 		74.6594 		3.072
v -37.888 		74.2891 		3.6434
v -37.884 		74.2923 		3.6442
v -37.8837 		74.2925 		3.6604
v -37.8836 		74.2926 		3.667
v -37.888 		74.289 		3.7309
v -37.6231 		74.5228 		3.549
v -37.7049 		74.4474 		3.667
v -37.7162 		74.4371 		3.549
v -36.9821 		75.2485 		2
v -37.0228 		75.1936 		2
v -37.0751 		75.1247 		2
v -37.1528 		75.0263 		2
v -37.1728 		75.0021 		2
v -37.6629 		74.4856 		4
v -37.2216 		74.9448 		2
v -37.6227 		74.5227 		3.9265
v -37.6234 		74.522 		4
v -37.5503 		74.5936 		3.2648
v -37.4639 		74.6791 		3.667
v -37.4727 		74.6702 		3.6979
v -37.4603 		74.6834 		3.5555
v -37.511 		74.631 		3.8341
v -37.5405 		74.6027 		3.643
v -37.4585 		74.6855 		3.5
v -36.947 		75.296 		2
v 14.641 		101.799 		4
v 13.225 		105.801 		4
v 11.476 		109.668 		4
v 9.404 		113.374 		4
v 7.025 		116.89 		4
v -37.4414 		74.7024 		4
v 4.357 		120.192 		4
v -37.451 		74.6924 		3.7288
v 1.417 		123.256 		4
v -37.499 		74.643 		3.5
v -37.394 		74.751 		4
v -22.881 		103.313 		2.555
v -37.161 		75.016 		2
v -37.052 		75.154 		2
v -37.644 		74.502 		4
v 1.132 		87.007 		4
v -37.6097 		74.5351 		3.549
v -37.6114 		74.5335 		3.667
v -37.2542 		74.9064 		2
v -37.5616 		74.582 		3.5652
v -37.5656 		74.5779 		3.3108
v 3.968 		82.263 		4
v 4.289 		87.158 		4
v 3.968 		92.053 		4
v 3.011 		96.864 		4
v -22.507 		62.771 		4
v 1.13 		87.007 		4
v -22.508 		62.774 		4
v -22.273 		62.757 		4
v -22.023 		62.744 		4
v -21.788 		62.737 		4
v -21.549 		62.734 		4
v -37.4065 		74.74 		3.072
v -22.741 		62.793 		4
v -22.989 		62.821 		4
v 16.789 		89.28 		4
v 16.429 		93.509 		4
v 15.711 		97.692 		4
v 16.789 		85.036 		4
v -37.3956 		74.7494 		2
v -37.3948 		74.7502 		2
v -23.223 		62.852 		4
v -37.394 		74.7511 		2.0095
v -37.3977 		74.7473 		2.0095
v -23.459 		62.889 		4
v -23.5169 		62.8993 		4
v -37.394 		74.751 		2
v 1.435 		72.808 		4
v 3.011 		77.452 		4
v -37.3983 		74.7467 		2.0095
v -37.3996 		74.7453 		2
v -23.459 		62.891 		4
v -23.223 		62.855 		4
v -22.99 		62.823 		4
v -22.742 		62.795 		4
v -23.69 		62.9307 		4
v -23.7484 		62.9425 		4
v -38.6869 		73.7465 		3.1063
v -38.6683 		73.7565 		3.1271
v -38.663 		73.7595 		3.1852
v -38.6647 		73.7585 		3.1909
v -38.7204 		73.728 		3.169
v -38.5578 		73.8202 		3.902
v -38.5747 		73.81 		3.6489
v -38.4461 		73.8873 		3.6364
v -38.4672 		73.8741 		3.9848
v -38.4682 		73.8735 		4
v -38.5247 		73.8397 		4
v -23.923 		62.977 		4
v -37.9722 		74.2227 		3.6406
v -37.9529 		74.2379 		3.6305
v -19.657 		62.863 		2
v -37.9188 		74.2642 		4
v 13.225 		68.515 		4
v -37.8996 		74.2795 		3.9014
v 14.641 		72.517 		4
v -37.9036 		74.2762 		3.9625
v 15.711 		76.624 		4
v 16.429 		80.807 		4
v -37.9069 		74.2735 		4
v -24.153 		63.029 		4
v -38.0227 		74.183 		3.667
v -19.658 		62.865 		2.001
v -19.88 		62.833 		2
v -24.382 		63.086 		4
v -38.0577 		74.1547 		3.9742
v -38.0703 		74.1452 		3.7715
v -19.881 		62.836 		2.001
v -20.127 		62.805 		2
v -37.911 		74.27 		4
v -23.085 		103.215 		2.081
v -20.128 		62.808 		2.001
v -38.049 		74.161 		4
v -23.222 		103.161 		2.123
v -24.383 		63.088 		4
v -24.154 		63.031 		4
v -23.291 		103.137 		2.457
v -23.924 		62.98 		4
v -20.351 		62.784 		2
v -23.691 		62.933 		4
v -38.0574 		74.1548 		4
v -23.222 		103.161 		2.373
v 1.417 		51.06 		4
v 4.357 		54.124 		4
v -20.352 		62.786 		2.001
v 7.025 		57.427 		4
v 9.404 		60.943 		4
v 11.476 		64.648 		4
v -38.475 		73.869 		4
v -25.757 		63.547 		4
v -15.918 		113.151 		4
v -38.4459 		73.8874 		3.6364
v -38.4479 		73.8862 		3.7211
v -25.977 		63.641 		4
v -38.4621 		73.8773 		3.9392
v -26.184 		63.736 		4
v -38.6978 		73.7402 		3.3
v -38.72 		73.728 		3.3089
v -26.394 		63.837 		4
v -38.718 		73.729 		3.25
v -6.694 		113.675 		4
v -10.382 		116.909 		4
v -14.461 		119.634 		4
v -18.86 		121.804 		4
v -23.505 		123.38 		4
v -26.62 		63.952 		4
v -28.316 		124.337 		4
v -12.968 		101.266 		4
v -37.5108 		74.6314 		2
v -37.5833 		74.5608 		2
v -3.027 		103.765 		4
v -37.5913 		74.553 		2
v -37.737 		74.4188 		2
v -37.776 		74.384 		2
v -37.8033 		74.3617 		2
v -37.5179 		74.6242 		2
v -0.735 		105.908 		4
v -3.46 		109.987 		4
v -37.517 		74.625 		2
v -37.644 		74.502 		2
v -45.056 		74.6412 		3.565
v -44.9633 		74.5571 		3.3131
v -44.9555 		74.55 		3.4142
v -3.03 		103.764 		4
v -20.593 		62.764 		2
v -12.969 		101.265 		4
v -44.9714 		74.5636 		3.656
v -45.0157 		74.6022 		4
v -20.594 		62.767 		2.001
v -44.9498 		74.5448 		3.4882
v -20.8342 		62.749 		2
v -26.621 		63.955 		4
v -26.395 		63.839 		4
v -26.185 		63.738 		4
v -25.977 		63.644 		4
v -20.834 		62.749 		2
v -25.758 		63.549 		4
v -27.635 		64.562 		4
v -23.223 		103.159 		2.094
v -20.835 		62.752 		2.001
v -44.3459 		74.082 		3.7754
v -44.3648 		74.0943 		4
v -23.085 		103.213 		2.063
v -44.4286 		74.1388 		4
v -44.4508 		74.1547 		3.9006
v -22.1122 		107.1998 		4
v -44.4463 		74.1513 		3.8201
v -44.3512 		74.0856 		3.76
v -44.397 		74.116 		4
v -23.292 		103.136 		2.344
v -22.846 		110.156 		4
v -21.086 		62.738 		2
v -21.0862 		62.738 		2
v -27.825 		64.694 		4
v -45.2161 		74.7865 		4
v -21.087 		62.741 		2.001
v -45.0907 		74.6728 		4
v -21.318 		62.733 		2
v -45.089 		74.667 		4
v -28.023 		64.84 		4
v -21.319 		62.735 		2.001
v -28.208 		64.982 		4
v -23.154 		103.185 		2.344
v -28.409 		65.145 		4
v -21.8578 		106.1741 		4
v -21.7871 		105.8858 		4
v -21.8286 		106.0564 		4
v -28.575 		65.286 		4
v -21.778 		105.8491 		4
v -23.153 		103.186 		2.457
v -28.576 		65.288 		4
v -28.409 		65.147 		4
v -28.208 		64.984 		4
v -28.024 		64.842 		4
v -27.825 		64.696 		4
v -27.636 		64.564 		4
v -26.823 		64.062 		4
v -21.7616 		105.7825 		4
v -21.7757 		105.8398 		4
v -21.757 		105.758 		4
v -21.7557 		105.7573 		4
v -37.8536 		74.3206 		2
v -21.756 		105.759 		4
v -37.888 		74.2925 		2
v -21.548 		62.731 		2
v -21.727 		105.5736 		4
v -21.728 		105.584 		4
v -21.741 		105.672 		4
v -38.7208 		73.7278 		3.1699
v -21.549 		62.734 		2.001
v -38.7209 		73.7275 		3.3093
v -38.7238 		73.726 		3.25
v -38.7273 		73.7242 		3.182
v -21.7172 		105.472 		4
v -21.719 		105.495 		4
v -27.027 		64.178 		4
v -21.787 		62.734 		2
v -38.049 		74.161 		2
v -38.1952 		74.0541 		2
v -38.336 		73.958 		2
v -38.475 		73.869 		2
v -38.616 		73.786 		2
v -38.7217 		73.728 		2
v -21.788 		62.737 		2.001
v -27.231 		64.3 		4
v -38.7213 		73.7273 		3.3094
v -27.449 		64.438 		4
v -22.022 		62.742 		2
v -39.633 		73.343 		3.1456
v -39.6574 		73.3357 		3.334
v -39.7171 		73.3176 		3.334
v -39.7282 		73.3142 		3.1456
v -22.023 		62.744 		2.001
v -38.191 		74.057 		2
v -22.272 		62.754 		2
v -39.6603 		73.3347 		3.3418
v -39.7041 		73.3214 		3.371
v -27.449 		64.44 		4
v -27.231 		64.302 		4
v -27.028 		64.181 		4
v -26.824 		64.064 		4
v -39.681 		73.328 		3.25
v -24.635 		63.155 		4
v -22.273 		62.757 		2.001
v -39.6727 		73.3306 		3.4595
v -22.507 		62.771 		2
v -22.508 		62.774 		2.001
v -39.6764 		73.3293 		3.4945
v -24.841 		63.216 		4
v -25.079 		63.293 		4
v -39.0536 		73.5617 		2
v -39.0536 		73.5616 		2
v -39.0537 		73.5616 		2
v -39.0549 		73.561 		2
v -21.8753 		104.448 		4
v -25.295 		63.368 		4
v -21.874 		104.451 		4
v -21.838 		104.546 		4
v -47.3336 		77.824 		2
v -21.8255 		104.5848 		4
v -47.441 		78.055 		2
v -47.5893 		78.3934 		2
v -47.717 		78.705 		2
v -47.907 		79.201 		2
v -47.997 		79.451 		2
v -21.715 		105.1445 		4
v -48.055 		79.619 		2
v -21.711 		105.22 		4
v -48.139 		79.871 		2
v -48.247 		80.21 		2
v -21.7108 		105.2362 		4
v -48.351 		80.55 		2
v -48.451 		80.892 		2
v -48.559 		81.277 		2
v -48.681 		81.726 		2
v -25.535 		63.458 		4
v -23.223 		103.159 		2.281
v -21.71 		105.313 		4
v -25.535 		63.46 		4
v -25.295 		63.37 		4
v -21.7114 		105.3774 		4
v -25.08 		63.295 		4
v -24.842 		63.218 		4
v -21.7142 		105.4331 		4
v -24.636 		63.157 		4
v -21.712 		105.405 		4
v -28.76 		65.45 		4
v -47.583 		78.378 		2
v -39.0537 		73.5616 		2
v -39.0537 		73.5616 		2
v -39.0565 		73.5604 		2
v -21.716 		105.126 		4
v -22.741 		62.793 		2
v -39.6677 		73.3311 		2
v -39.6677 		73.3311 		2
v -39.6684 		73.3309 		2
v -39.6469 		73.3378 		2
v -22.742 		62.795 		2.001
v -39.6669 		73.3314 		2
v -39.6669 		73.3314 		2
v -39.6839 		73.3265 		2
v -22.989 		62.821 		2
v -22.99 		62.823 		2.001
v -23.223 		62.852 		2
v -39.5117 		73.3811 		2
v -39.5117 		73.3811 		2
v -39.5122 		73.3809 		2
v -39.5122 		73.3809 		2
v -23.223 		62.855 		2.001
v -39.5116 		73.3811 		2
v -23.459 		62.889 		2
v -28.76 		65.452 		4
v -21.8103 		104.6317 		4
v -39.5703 		73.3623 		2
v -21.807 		104.642 		4
v -39.6289 		73.3435 		2
v -21.7909 		104.6994 		4
v -39.6669 		73.3314 		2
v -23.459 		62.891 		2.001
v -28.967 		37.338 		4
v -24.753 		37.877 		4
v -20.601 		38.772 		4
v -16.539 		40.014 		4
v -21.7241 		105.0469 		4
v -21.7671 		104.7923 		4
v -21.757 		104.837 		4
v -21.7499 		104.873 		4
v -21.7477 		104.8854 		4
v -21.7331 		104.9759 		4
v -21.726 		105.029 		4
v -23.3602 		103.117 		2
v -39.6677 		73.3311 		2
v -39.6684 		73.3309 		2
v -23.3781 		103.1124 		2
v -21.7189 		105.0983 		4
v -41.477 		61.166 		4
v -39.7117 		73.3185 		2
v -39.8238 		73.2863 		2
v -39.8239 		73.2863 		2
v -21.739 		104.932 		4
v -39.8249 		73.286 		2
v -41.274 		61.166 		4
v -22.813 		103.353 		2
v -21.78 		104.738 		4
v -22.8132 		103.3529 		2
v -22.9478 		103.2791 		2
v -39.8249 		73.286 		2
v -21.757 		104.835 		4
v -39.8239 		73.2863 		2
v -22.948 		103.279 		2
v -39.8498 		73.2796 		2
v -47.562 		52.513 		4
v -42.917 		50.936 		4
v -38.106 		49.979 		4
v -33.211 		49.658 		4
v -23.1855 		103.175 		2
v -23.1878 		103.174 		2
v -32.792 		65.397 		4
v -23.923 		62.977 		2
v -23.9228 		62.977 		2
v -23.3578 		103.1177 		2
v -23.3597 		103.1171 		2
v -32.906 		65.235 		4
v -23.924 		62.98 		2.001
v -23.1885 		103.1738 		2
v -33.036 		65.061 		4
v -24.153 		63.029 		2
v -33.156 		64.905 		4
v -39.0549 		73.561 		2
v -39.0538 		73.5616 		2
v -24.382 		63.086 		2
v -39.1021 		73.541 		2
v -39.1805 		73.5078 		2
v -33.295 		64.735 		4
v -39.2046 		73.4976 		2
v -39.2046 		73.4976 		2
v -24.383 		63.088 		2.001
v -24.154 		63.031 		2.001
v -33.425 		64.584 		4
v -22.006 		104.178 		4
v -21.9543 		104.2793 		4
v -21.8963 		104.3991 		4
v -22.059 		104.089 		4
v -39.2048 		73.4975 		2
v -39.2055 		73.4972 		2
v -23.6898 		62.93 		2
v -39.2061 		73.497 		2
v -33.425 		64.586 		4
v -23.69 		62.93 		2
v -33.295 		64.737 		4
v -39.2208 		73.4911 		2
v -22.1165 		104.0041 		4
v -33.156 		64.908 		4
v -33.036 		65.063 		4
v -32.906 		65.237 		4
v -32.792 		65.399 		4
v -22.1149 		104.0061 		4
v -22.1146 		104.0066 		4
v -23.691 		62.933 		2.001
v -33.56 		64.433 		4
v -22.1151 		104.0058 		4
v -22.115 		104.004 		4
v -22.006 		104.177 		4
v -21.958 		104.266 		4
v -33.696 		64.288 		4
v -21.914 		104.358 		4
v -33.696 		64.29 		4
v -33.56 		64.435 		4
v -33.839 		64.143 		4
v -43.7517 		73.728 		2
v -43.8088 		73.7586 		2
v -43.86 		73.786 		2
v -43.9203 		73.8204 		2
v -22.306 		103.766 		4
v -25.757 		63.547 		2
v -44.032 		73.8842 		2
v -22.238 		103.844 		4
v -22.231 		103.8527 		4
v -25.758 		63.549 		2.001
v -25.977 		63.641 		2
v -22.2454 		103.8356 		4
v -25.977 		63.644 		2.001
v -44.079 		73.911 		2
v -44.187 		73.977 		2
v -44.397 		74.116 		2
v -26.184 		63.736 		2
v -44.702 		74.341 		2
v -44.801 		74.42 		2
v -44.9236 		74.5224 		2
v -45.056 		74.6381 		2
v -22.175 		103.922 		4
v -33.992 		63.995 		4
v -26.185 		63.738 		2.001
v -26.394 		63.837 		2
v -22.239 		103.842 		4
v -34.138 		63.861 		4
v -39.358 		73.437 		2
v -39.3576 		73.4371 		2
v -26.395 		63.839 		2.001
v -26.62 		63.952 		2
v -39.2055 		73.4972 		2
v -34.286 		63.73 		4
v -39.2061 		73.497 		2
v -26.621 		63.955 		2.001
v -39.2238 		73.49 		2
v -39.3313 		73.4475 		2
v -39.3573 		73.4373 		2
v -44.898 		74.5 		2
v -34.444 		63.597 		4
v -27.635 		64.562 		2
v -22.525 		103.558 		4
v -46.0998 		75.776 		2
v -22.478 		103.5988 		4
v -46.116 		75.797 		2
v -46.23 		75.95 		2
v -22.3783 		103.6918 		4
v -46.414 		76.21 		2
v -46.485 		76.316 		2
v -22.375 		103.695 		4
v -46.603 		76.497 		2
v -46.834 		76.876 		2
v -46.965 		77.107 		2
v -47.132 		77.419 		2
v -22.4864 		103.5915 		4
v -47.252 		77.655 		2
v -47.329 		77.814 		2
v -27.636 		64.564 		2.001
v -23.0497 		103.2301 		2
v -22.5011 		103.5788 		4
v -22.506 		103.5745 		4
v -23.0508 		103.2296 		2
v -27.825 		64.694 		2
v -22.371 		103.6992 		4
v -39.424 		73.413 		2
v -39.5106 		73.3815 		2
v -39.5116 		73.3812 		2
v -39.358 		73.437 		2
v -22.376 		103.693 		4
v -27.825 		64.696 		2.001
v -39.3576 		73.4371 		2
v -22.434 		103.637 		4
v -23.361 		103.115 		2
v -23.189 		103.172 		2
v -28.023 		64.84 		2
v -28.024 		64.842 		2.001
v -45.548 		75.123 		2
v -45.584 		75.161 		2
v -45.712 		75.303 		2
v -34.444 		63.599 		4
v -45.795 		75.399 		2
v -45.958 		75.596 		2
v -34.286 		63.732 		4
v -46.038 		75.696 		2
v -34.138 		63.863 		4
v -33.992 		63.998 		4
v -33.839 		64.146 		4
v -28.208 		64.982 		2
v -34.612 		63.461 		4
v -28.208 		64.984 		2.001
v -28.409 		65.145 		2
v -34.772 		63.338 		4
v -28.409 		65.147 		2.001
v -34.772 		63.34 		4
v -34.612 		63.463 		4
v -45.089 		74.667 		2
v -45.274 		74.841 		2
v -45.409 		74.976 		2
v -22.6808 		103.4395 		4
v -34.941 		63.213 		4
v -22.7032 		103.424 		4
v -28.575 		65.286 		2
v -35.102 		63.1 		4
v -22.6163 		103.4864 		4
v -28.576 		65.288 		2.001
v -35.269 		62.987 		4
v -39.8249 		73.286 		2
v -22.6183 		103.4847 		4
v -22.618 		103.485 		4
v -22.6179 		103.4851 		4
v -35.453 		62.869 		4
v -39.8498 		73.2796 		2
v -39.936 		73.2574 		2
v -22.618 		103.483 		4
v -35.62 		62.765 		4
v -35.796 		62.662 		4
v -83.211 		85.036 		2
v -83.211 		89.28 		2
v 85 		12.658 		2
v 85 		12.658 		5
v 68.498 		12.658 		2
v -20.103 		12.658 		5
v -35.796 		62.664 		4
v -35.62 		62.768 		4
v -35.453 		62.871 		4
v -35.269 		62.989 		4
v -35.102 		63.102 		4
v -34.941 		63.215 		4
v -40.5968 		73.1389 		3.4815
v -40.5899 		73.1397 		3.4793
v -40.5873 		73.14 		3.4946
v -35.969 		62.564 		4
v -33.211 		37.155 		5
v -40.601 		73.1383 		3.584
v -40.6013 		73.1384 		3.516
v -40.5894 		73.1397 		3.5215
v -40.5999 		73.1384 		3.584
v -40.601 		73.1383 		3.5903
v -40.595 		73.139 		3.5
v 16.792 		37.155 		5
v -22.748 		103.393 		4
v 69.249 		18.356 		5
v 69.425 		18.27 		5
v 69.612 		18.207 		5
v -22.7062 		103.422 		4
v 68.699 		20.406 		5
v -40.6018 		73.1383 		3.5148
v -40.6027 		73.1382 		3.4834
v 68.612 		20.23 		5
v 68.549 		20.044 		5
v 68.511 		19.851 		5
v 68.498 		19.656 		5
v 68.511 		19.46 		5
v 68.549 		19.267 		5
v 68.612 		19.082 		5
v -36.148 		62.468 		4
v -39.9834 		73.2451 		2
v 68.699 		18.906 		5
v -39.9841 		73.245 		2
v 68.808 		18.742 		5
v 68.938 		18.595 		5
v 69.086 		18.465 		5
v -39.9826 		73.2454 		2
v -39.9827 		73.2453 		2
v 69.612 		21.104 		5
v 69.425 		21.041 		5
v -36.147 		62.47 		4
v -35.969 		62.567 		4
v 69.249 		20.955 		5
v 69.086 		20.846 		5
v 68.938 		20.716 		5
v -22.948 		103.279 		4
v -22.8187 		103.3499 		4
v -36.344 		62.367 		4
v -22.8175 		103.3506 		4
v 68.808 		20.569 		5
v 69.804 		18.168 		5
v -39.9834 		73.2451 		2
v 70 		18.156 		5
v -39.9841 		73.245 		2
v -22.8025 		103.3597 		4
v 70.197 		18.168 		5
v 70.389 		18.207 		5
v 70.575 		18.27 		5
v 70.752 		18.356 		5
v -23.051 		103.228 		2
v -22.848 		103.332 		4
v -22.949 		103.277 		4
v -22.949 		103.277 		2
v -36.516 		62.283 		4
v -38.76 		73.707 		2
v -38.907 		73.632 		2
v -38.912 		73.6297 		2
v -36.705 		62.195 		4
v -39.0547 		73.5627 		2
v -39.055 		73.563 		2
v -23.1049 		103.2065 		4
v -23.0942 		103.211 		4
v -22.814 		103.352 		2
v -23.085 		103.215 		4
v -23.1934 		103.1717 		4
v -23.1899 		103.1731 		4
v -36.704 		62.197 		4
v -36.515 		62.285 		4
v -36.344 		62.369 		4
v -26.823 		64.062 		2
v -23.3331 		103.1248 		4
v -23.3007 		103.1349 		4
v -26.824 		64.064 		2.001
v -36.895 		62.11 		4
v -37.084 		62.029 		4
v -23.2638 		103.1465 		4
v -37.267 		61.956 		4
v -23.207 		103.1665 		4
v -37.465 		61.88 		4
v 71.49 		19.851 		5
v 71.503 		19.656 		5
v 71.452 		20.044 		5
v -40.1157 		73.216 		2
v 71.389 		20.23 		5
v -37.654 		61.811 		4
v 71.302 		20.406 		5
v -23.24 		103.154 		4
v 70.915 		18.465 		5
v 71.063 		18.595 		5
v -37.846 		61.746 		4
v -40.1426 		73.2101 		2
v 71.192 		18.742 		5
v -40.143 		73.21 		2
v -40.1431 		73.21 		2
v 71.302 		18.906 		5
v 71.389 		19.082 		5
v 71.452 		19.267 		5
v -40.0405 		73.2326 		2
v -40.3043 		73.179 		2
v -40.1157 		73.216 		2
v 71.49 		19.46 		5
v -40.3039 		73.179 		2
v 71.192 		20.569 		5
v -40.3041 		73.179 		2
v 71.063 		20.716 		5
v -37.846 		61.748 		4
v 70.915 		20.846 		5
v -37.654 		61.814 		4
v -37.465 		61.882 		4
v -37.266 		61.958 		4
v -37.084 		62.032 		4
v -36.895 		62.112 		4
v 70.752 		20.955 		5
v 70.575 		21.041 		5
v -38.057 		61.678 		4
v 70.389 		21.104 		5
v 70.197 		21.143 		5
v 70 		21.156 		5
v 69.804 		21.143 		5
v -40.1431 		73.21 		2
v -40.4664 		73.154 		2
v -40.1426 		73.2101 		2
v -40.1428 		73.21 		2
v -40.1428 		73.21 		2
v -40.466 		73.154 		2
v 68.498 		16.556 		5
v -30.561 		67.653 		4
v -23.1716 		103.18 		4
v -16.595 		16.582 		5
v -40.603 		73.1372 		2
v -40.6289 		73.134 		2
v -17 		16.556 		5
v -17.405 		16.582 		5
v -17.803 		16.661 		5
v -18.187 		16.791 		5
v -18.551 		16.971 		5
v -18.889 		17.196 		5
v -23.085 		103.213 		4
v -19.194 		17.464 		5
v -40.6339 		73.1336 		2
v -19.461 		17.768 		5
v -30.562 		67.655 		4
v -19.687 		18.106 		5
v -27.027 		64.178 		2
v -19.866 		18.469 		5
v -30.683 		67.858 		4
v -19.997 		18.853 		5
v -20.076 		19.251 		5
v -38.236 		61.624 		4
v -20.103 		19.656 		5
v -20.076 		20.06 		5
v -19.997 		20.458 		5
v -27.028 		64.181 		2.001
v -17 		22.756 		5
v -16.595 		22.729 		5
v -38.436 		61.567 		4
v -30.683 		67.86 		4
v -19.866 		20.842 		5
v -27.231 		64.3 		2
v -19.687 		21.206 		5
v -28.653 		101.7862 		4
v -19.461 		21.543 		5
v -19.194 		21.848 		5
v -18.889 		22.115 		5
v -38.63 		61.515 		4
v -18.551 		22.34 		5
v -40.7914 		73.1191 		2
v -27.231 		64.302 		2.001
v -18.187 		22.52 		5
v -17.803 		22.65 		5
v -40.792 		73.119 		2
v -17.405 		22.729 		5
v -20.103 		22.756 		5
v -14.003 		20.458 		5
v -27.449 		64.438 		2
v -23.36 		103.117 		4
v -13.924 		20.06 		5
v -38.846 		61.462 		4
v -13.898 		19.656 		5
v -23.361 		103.115 		4
v -40.7996 		73.1185 		2
v -13.924 		19.251 		5
v -1.77 		126.062 		2
v -14.003 		18.853 		5
v -14.134 		18.469 		5
v -1.772 		126.06 		4
v -1.772 		126.06 		2
v -14.313 		18.106 		5
v -27.449 		64.44 		2.001
v -14.539 		17.768 		5
v -38.846 		61.465 		4
v -38.63 		61.518 		4
v -14.806 		17.464 		5
v -38.436 		61.569 		4
v -38.236 		61.626 		4
v -5.186 		128.585 		2
v -38.057 		61.68 		4
v -15.111 		17.196 		5
v -15.449 		16.971 		5
v -15.813 		16.791 		5
v -5.187 		128.584 		4
v -5.187 		128.584 		2
v -16.197 		16.661 		5
v -16.197 		22.65 		5
v -40.9738 		73.108 		2
v -40.9743 		73.108 		2
v -8.803 		130.811 		2
v -15.813 		22.52 		5
v -15.449 		22.34 		5
v -15.111 		22.115 		5
v -8.804 		130.809 		4
v -8.804 		130.809 		2
v -14.806 		21.848 		5
v -41.3392 		73.106 		2
v -41.3398 		73.106 		2
v -41.3402 		73.106 		2
v -41.3604 		73.1069 		2
v -14.539 		21.543 		5
v -24.635 		63.155 		2
v -14.313 		21.206 		5
v -41.5237 		73.1141 		2
v -41.5534 		73.1163 		2
v -14.134 		20.842 		5
v -41.5226 		73.114 		2
v -41.5231 		73.114 		2
v -33.211 		124.66 		2
v -24.636 		63.157 		2.001
v -41.7061 		73.128 		2
v -24.841 		63.216 		2
v -59.729 		113.676 		2
v -24.842 		63.218 		2.001
v -41.8886 		73.148 		2
v -41.8893 		73.148 		2
v -25.079 		63.293 		2
v -59.727 		113.675 		4
v -59.727 		113.675 		2
v -25.08 		63.295 		2.001
v -56.041 		116.91 		2
v -25.295 		63.368 		2
v -33.211 		37.155 		2
v -25.295 		63.37 		2.001
v -25.535 		63.458 		2
v -42.959 		73.395 		2
v -25.535 		63.46 		2.001
v -42.7847 		73.3379 		2
v -42.7853 		73.3381 		2
v -42.9598 		73.3929 		2
v -42.9601 		73.393 		2
v -42.9604 		73.3932 		2
v -42.961 		73.3934 		2
v 16.792 		37.155 		2
v -42.0697 		73.175 		2
v -42.0704 		73.1751 		2
v -42.0995 		73.1802 		2
v -42.2509 		73.207 		2
v 69.249 		18.356 		2
v 69.425 		18.27 		2
v -30.808 		68.079 		4
v 69.612 		18.207 		2
v -28.76 		65.45 		2
v -40.1431 		73.21 		2
v -42.4303 		73.2449 		2
v -40.3036 		73.1791 		2
v -40.3036 		73.1791 		2
v 68.699 		20.406 		2
v -42.4309 		73.245 		2
v -42.4312 		73.245 		2
v -42.4646 		73.2533 		2
v 68.612 		20.23 		2
v -39.038 		61.419 		4
v -42.6089 		73.289 		2
v 68.549 		20.044 		2
v -40.143 		73.21 		2
v 68.511 		19.851 		2
v 68.498 		19.656 		2
v 68.511 		19.46 		2
v 68.549 		19.267 		2
v 68.612 		19.082 		2
v -39.237 		61.378 		4
v 68.699 		18.906 		2
v 68.808 		18.742 		2
v 68.938 		18.595 		2
v 69.086 		18.465 		2
v -39.439 		61.34 		4
v -43.008 		73.413 		2
v -28.76 		65.452 		2.001
v -56.039 		116.909 		4
v 69.612 		21.104 		2
v -56.039 		116.909 		2
v 69.425 		21.041 		2
v -40.3043 		73.179 		2
v -40.448 		73.1568 		2
v -51.962 		119.635 		2
v 69.249 		20.955 		2
v 69.086 		20.846 		2
v -40.3041 		73.179 		2
v 68.938 		20.716 		2
v -40.3039 		73.179 		2
v 68.808 		20.569 		2
v -39.64 		61.306 		4
v -51.961 		119.634 		4
v -51.961 		119.634 		2
v -16.538 		40.012 		2
v 69.804 		18.168 		2
v 70 		18.156 		2
v -47.562 		121.805 		2
v -43.2174 		73.4899 		2
v 70.197 		18.168 		2
v -43.2724 		73.5101 		2
v -43.39 		73.5587 		2
v -43.4265 		73.5744 		2
v -43.5627 		73.6373 		2
v -43.6147 		73.6622 		2
v -16.539 		40.014 		2
v 70.389 		18.207 		2
v -39.842 		61.275 		4
v 70.575 		18.27 		2
v -20.6 		38.769 		2
v 70.752 		18.356 		2
v -47.562 		121.804 		4
v -47.562 		121.804 		2
v -20.601 		38.772 		2
v 71.503 		19.656 		2
v 71.49 		19.851 		2
v -24.753 		37.875 		2
v -42.917 		123.382 		2
v 71.452 		20.044 		2
v 71.389 		20.23 		2
v -39.841 		61.277 		4
v -24.753 		37.877 		2
v -39.639 		61.308 		4
v -39.439 		61.342 		4
v -39.237 		61.38 		4
v -39.038 		61.422 		4
v -40.466 		73.154 		2
v -28.967 		37.335 		2
v -42.917 		123.38 		4
v -42.917 		123.38 		2
v -40.4648 		73.1542 		2
v -40.4648 		73.1542 		2
v -28.967 		37.338 		2
v -40.041 		61.248 		4
v -38.106 		124.339 		2
v -43.302 		73.521 		2
v -33.211 		49.656 		2
v -38.106 		124.337 		4
v -38.106 		124.337 		2
v -38.106 		49.977 		2
v -33.211 		124.658 		4
v -33.211 		124.658 		2
v -31.2547 		68.8301 		3.9929
v -31.255 		68.8289 		4
v -40.603 		73.1372 		2
v -40.6278 		73.1341 		2
v -40.6278 		73.1341 		2
v -40.6279 		73.1341 		2
v -40.6289 		73.134 		2
v -31.2594 		68.8115 		3.7336
v -40.4664 		73.154 		2
v -40.466 		73.154 		2
v -43.5111 		73.6126 		2
v -43.4453 		73.5824 		2
v -62.962 		109.987 		4
v -43.47 		73.593 		2
v -40.256 		61.224 		4
v -40.6289 		73.134 		2
v -40.6279 		73.1341 		2
v -40.451 		61.205 		4
v -43.7447 		73.7244 		2
v -53.0569 		98.5118 		4
v -40.6278 		73.1341 		2
v -53.049 		98.482 		4
v 71.302 		20.406 		2
v -40.652 		61.19 		4
v -53.049 		98.4819 		4
v -40.6289 		73.134 		2
v -53.0428 		98.4623 		4
v -53.0397 		98.4522 		4
v -53.0397 		98.4522 		4
v -43.748 		73.726 		2
v 70.915 		18.465 		2
v 71.063 		18.595 		2
v -53.0383 		98.448 		4
v -53.0218 		98.3982 		4
v -40.875 		61.177 		4
v -40.6575 		73.1314 		2
v -40.7908 		73.1191 		2
v 71.192 		18.742 		2
v -40.7909 		73.1191 		2
v -40.7909 		73.1191 		2
v -40.7914 		73.1191 		2
v -60.792 		101.866 		4
v 71.302 		18.906 		2
v 71.389 		19.082 		2
v 71.452 		19.267 		2
v 71.49 		19.46 		2
v -40.874 		61.18 		4
v 71.192 		20.569 		2
v -40.652 		61.192 		4
v -40.451 		61.208 		4
v -40.255 		61.226 		4
v -40.041 		61.251 		4
v 71.063 		20.716 		2
v 70.915 		20.846 		2
v -64.892 		76.827 		2
v -64.8919 		76.8265 		2
v -64.894 		76.826 		2
v -31.336 		68.524 		4
v 70.752 		20.955 		2
v 70.575 		21.041 		2
v -57.344 		78.7251 		2
v -53.016 		98.379 		4
v 70.389 		21.104 		2
v -55.1822 		79.2687 		2
v 70.197 		21.143 		2
v 70 		21.156 		2
v 69.804 		21.143 		2
v -55.181 		79.269 		2
v -31.336 		68.526 		4
v -60.79 		101.865 		3.999
v -38.106 		49.979 		2
v -33.211 		49.658 		2
v -43.904 		61.485 		4
v -42.917 		50.934 		2
v -42.917 		50.936 		2
v -47.562 		52.511 		2
v -43.904 		61.487 		4
v -47.562 		52.513 		2
v -44.105 		61.539 		4
v -31.3217 		68.5761 		4
v -31.3077 		68.6293 		4
v -53.0751 		98.5835 		4
v -53.0569 		98.5118 		4
v -53.049 		98.482 		4
v -44.31 		61.6 		4
v -41.477 		61.166 		2
v -44.496 		61.658 		4
v -41.274 		61.166 		2
v -44.691 		61.724 		4
v -44.888 		61.795 		4
v -41.476 		61.168 		4
v -31.392 		68.333 		4
v -41.274 		61.168 		4
v -41.274 		61.168 		2.001
v -41.476 		61.168 		2.001
v -44.887 		61.797 		4
v -44.69 		61.727 		4
v -44.496 		61.661 		4
v -31.392 		68.335 		4
v -44.309 		61.602 		4
v -44.104 		61.542 		4
v -53.101 		98.6852 		4
v -53.101 		98.6852 		4
v -41.077 		61.169 		4
v -53.7106 		101.1407 		4
v -54.296 		103.499 		4
v -33.425 		64.584 		2
v -33.295 		64.735 		2
v -53.1132 		98.734 		4
v -52.349 		69.6861 		2
v -52.3489 		69.6859 		2
v -31.451 		68.143 		4
v -33.156 		64.905 		2
v -41.687 		61.17 		4
v -33.036 		65.061 		2
v -32.906 		65.235 		2
v -41.884 		61.177 		4
v -32.792 		65.397 		2
v -31.452 		68.145 		4
v -53.0218 		98.3982 		4
v -41.883 		61.18 		4
v -41.686 		61.172 		4
v -41.076 		61.172 		4
v -31.516 		67.949 		4
v -52.524 		70.063 		2
v -52.5239 		70.0628 		2
v -32.792 		65.399 		2.001
v -42.089 		61.189 		4
v -32.906 		65.237 		2.001
v -33.036 		65.063 		2.001
v -33.156 		64.908 		2.001
v -33.295 		64.737 		2.001
v -33.425 		64.586 		2.001
v -31.516 		67.951 		4
v -40.7909 		73.1191 		2
v -40.7909 		73.1191 		2
v -42.305 		61.207 		4
v -31.583 		67.76 		4
v -42.507 		61.227 		4
v -31.583 		67.762 		4
v -42.698 		61.25 		4
v -42.906 		61.279 		4
v -40.7909 		73.1191 		2
v -52.647 		70.337 		2
v -42.905 		61.282 		4
v -42.698 		61.253 		4
v -42.506 		61.229 		4
v -42.304 		61.209 		4
v -42.088 		61.192 		4
v -43.106 		61.312 		4
v -52.772 		70.6271 		2
v -52.7719 		70.6268 		2
v -30.808 		68.081 		4
v -40.7914 		73.1191 		2
v -40.792 		73.119 		2
v -40.8191 		73.1174 		2
v -40.96 		73.1088 		2
v -43.31 		61.35 		4
v -41.5204 		98.5508 		4
v -30.915 		68.278 		4
v -43.505 		61.39 		4
v -52.9239 		70.9958 		2
v -52.9241 		70.9962 		2
v -35.8946 		99.9647 		4
v -52.924 		70.996 		2
v -43.708 		61.436 		4
v -43.707 		61.438 		4
v -43.505 		61.392 		4
v -43.309 		61.352 		4
v -43.105 		61.314 		4
v -31.2414 		68.8786 		4
v -53.0751 		71.3831 		2
v -53.075 		71.3829 		2
v -52.9988 		98.3307 		4
v -53.0093 		98.3602 		4
v -49.09 		64.64 		4
v -52.9893 		98.304 		4
v -53.18 		71.6609 		2
v -33.696 		64.288 		2
v -53.252 		71.8621 		2
v -53.2519 		71.8618 		2
v -33.56 		64.433 		2
v -33.56 		64.435 		2.001
v -33.696 		64.29 		2.001
v -30.915 		68.28 		4
v -53.35 		72.1461 		2
v -49.089 		64.642 		4
v -53.35 		72.1459 		2
v -47.897 		63.517 		4
v -48.055 		63.648 		4
v -53.447 		72.4381 		2
v -53.447 		72.4379 		2
v -53.5083 		72.6329 		2
v -53.508 		72.632 		2
v -48.054 		63.651 		4
v -47.896 		63.519 		4
v -31.1925 		68.8465 		2.4166
v -48.217 		63.788 		4
v -31.2292 		68.9262 		2.6616
v -31.23 		68.928 		3.333
v -48.363 		63.919 		4
v -31.23 		68.928 		2.667
v -54.2957 		103.4976 		3.999
v -53.7101 		101.1389 		3.9995
v -53.117 		98.7495 		4
v -53.5991 		72.9324 		2
v -53.683 		73.227 		2
v -53.682 		73.228 		2
v -48.508 		64.053 		4
v -53.507 		72.634 		2
v -53.597 		72.933 		2
v -48.665 		64.203 		4
v -53.445 		72.44 		2
v -48.946 		64.488 		4
v -48.807 		64.344 		4
v -31.2133 		68.8936 		2.8184
v -31.1382 		68.7392 		2.6259
v -52.348 		69.688 		2
v -52.523 		70.065 		2
v -52.645 		70.339 		2
v -52.77 		70.629 		2
v -52.923 		70.998 		2
v -53.074 		71.384 		2
v -53.178 		71.663 		2
v -53.251 		71.863 		2
v -53.349 		72.147 		2
v -62.963 		109.988 		2
v -31.2217 		68.9109 		2.8224
v -51.2461 		67.6061 		2
v -31.1204 		68.7026 		3.565
v -30.9346 		68.3184 		4
v -62.962 		109.987 		2
v -51.2459 		67.6059 		2
v -31.2171 		68.9008 		2.6244
v -48.945 		64.49 		4
v -48.805 		64.347 		4
v -48.664 		64.205 		4
v -48.507 		64.055 		4
v -48.362 		63.921 		4
v -48.216 		63.79 		4
v -31.2292 		68.9263 		3.3347
v -31.2292 		68.9263 		2.6643
v -31.2292 		68.9263 		3.3357
v -57.618 		130.809 		4
v -51.349 		67.784 		2
v -51.3491 		67.7842 		2
v -61.235 		128.584 		4
v -46.379 		62.486 		4
v -60.792 		101.866 		2
v -64.65 		126.06 		4
v -60.79 		101.865 		2
v -51.5551 		68.1462 		2
v -51.555 		68.1459 		2
v -54.2957 		103.4976 		2
v -33.839 		64.143 		2
v -54.296 		103.499 		2
v -51.703 		68.416 		2
v -51.9449 		68.8719 		2
v -51.844 		68.678 		2
v -31.1204 		68.7026 		2.5802
v -51.945 		68.8721 		2
v -33.839 		64.146 		2.001
v -31.2217 		68.9109 		2.6494
v -1.528 		97.724 		4
v -1.5301 		97.7235 		4
v -1.53 		97.723 		4
v -31.2292 		68.9263 		2.6653
v -0.367 		93.047 		4
v -46.548 		62.583 		4
v -52.08 		69.1361 		2
v -52.0799 		69.1359 		2
v -8.1322 		96.0638 		4
v -11.469 		95.225 		4
v -10.308 		90.549 		4
v -4.3613 		92.0433 		4
v -0.369 		93.047 		4
v -0.3689 		93.0465 		4
v -34.444 		63.597 		2
v -46.721 		62.686 		4
v -34.286 		63.73 		2
v -8.749 		84.283 		4
v -52.2189 		69.4149 		2
v -34.138 		63.861 		2
v -52.219 		69.4151 		2
v -8.808 		84.508 		4
v -46.908 		62.803 		4
v -33.992 		63.995 		2
v -47.083 		62.917 		4
v -10.309 		90.548 		4
v -51.245 		67.608 		2
v -51.348 		67.786 		2
v -51.553 		68.148 		2
v -31.2292 		68.9262 		3.3384
v -33.992 		63.998 		2.001
v -34.138 		63.863 		2.001
v -51.702 		68.417 		2
v -34.286 		63.732 		2.001
v -51.842 		68.68 		2
v -34.444 		63.599 		2.001
v -51.944 		68.874 		2
v -52.079 		69.138 		2
v -52.217 		69.417 		2
v -8.81 		84.508 		4
v -11.47 		95.225 		4
v -50.0031 		65.7332 		2
v -50.003 		65.7329 		2
v -47.082 		62.919 		4
v -46.907 		62.805 		4
v -46.72 		62.689 		4
v -46.547 		62.585 		4
v -46.378 		62.488 		4
v -31.2292 		68.9262 		4
v -8.692 		84.053 		4
v -45.08 		61.869 		4
v -31.2292 		68.9262 		3.7824
v -31.2292 		68.9263 		3.7806
v -50.186 		65.981 		2
v -8.611 		83.699 		4
v -31.2292 		68.9262 		3.7721
v -50.002 		65.736 		2
v -50.185 		65.983 		2
v -31.23 		68.928 		4
v -45.265 		61.943 		4
v -8.5375 		83.3527 		4
v -8.5072 		83.2085 		4
v -45.456 		62.025 		4
v -50.3701 		66.2382 		2
v -50.37 		66.238 		2
v -45.654 		62.115 		4
v -8.439 		82.8524 		4
v -8.422 		82.762 		4
v -8.407 		82.6758 		4
v -34.772 		63.338 		2
v -45.824 		62.195 		4
v -29.886 		66.673 		4
v -8.3478 		82.3311 		4
v -34.612 		63.461 		2
v -46.01 		62.288 		4
v -29.887 		66.675 		2.001
v -34.612 		63.463 		2.001
v -34.772 		63.34 		2.001
v -8.305 		82.0665 		4
v -29.887 		66.675 		4
v -8.288 		81.949 		4
v -8.344 		82.303 		4
v -46.009 		62.29 		4
v -50.598 		66.5709 		2
v -45.823 		62.198 		4
v -45.653 		62.117 		4
v -30.033 		66.866 		4
v -45.455 		62.027 		4
v -45.264 		61.946 		4
v -45.08 		61.871 		4
v -50.5981 		66.5712 		2
v -46.19 		62.382 		4
v -8.424 		82.762 		4
v -8.515 		83.237 		4
v -8.612 		83.7 		4
v -8.694 		84.054 		4
v -30.033 		66.868 		2.001
v -8.751 		84.283 		4
v -30.033 		66.868 		4
v -31.5728 		90.171 		4
v -30.177 		67.066 		4
v -17.614 		90.112 		4
v -17.668 		90.335 		4
v -17.811 		90.897 		4
v -17.896 		91.229 		4
v -18.065 		91.87 		4
v -18.494 		93.459 		4
v -31.573 		90.171 		4
v -30.177 		67.068 		2.001
v -30.177 		67.068 		4
v -30.304 		67.25 		4
v -46.189 		62.385 		4
v -32.768 		90.112 		4
v -47.244 		63.026 		4
v -50.819 		66.9099 		2
v -30.304 		67.252 		4
v -50.8191 		66.9102 		2
v -16.773 		86.016 		4
v -16.817 		86.302 		4
v -16.871 		86.627 		4
v -16.928 		86.952 		4
v -16.988 		87.276 		4
v -17.116 		87.923 		4
v -17.252 		88.568 		4
v -17.3346 		88.9379 		4
v -17.448 		89.426 		4
v -30.438 		67.455 		4
v -47.415 		63.147 		4
v -53.0269 		98.415 		3.7507
v -53.0034 		98.3435 		3.7474
v -47.578 		63.268 		4
v -64.652 		126.062 		2
v -47.733 		63.387 		4
v -30.438 		67.457 		4
v -17.348 		88.998 		4
v -64.65 		126.06 		2
v -61.236 		128.585 		2
v -61.235 		128.584 		2
v -47.732 		63.389 		4
v -47.577 		63.27 		4
v -47.414 		63.15 		4
v -47.243 		63.029 		4
v -35.269 		62.987 		2
v -35.102 		63.1 		2
v -34.941 		63.213 		2
v -50.985 		67.174 		2
v -34.941 		63.215 		2.001
v -35.102 		63.102 		2.001
v -35.269 		62.989 		2.001
v -51.144 		67.434 		2
v -50.818 		66.912 		2
v -50.983 		67.176 		2
v -51.142 		67.436 		2
v -16.4759 		81.92 		4
v -57.619 		130.811 		2
v -16.469 		82.152 		4
v -16.468 		82.625 		4
v -16.4736 		82.8773 		4
v -16.493 		83.367 		4
v -16.505 		83.569 		4
v -16.523 		83.839 		4
v -16.556 		84.234 		4
v -63.395 		70.786 		2
v -16.598 		84.671 		4
v -16.661 		85.216 		4
v -16.704 		85.542 		4
v -16.767 		85.977 		4
v -63.392 		70.787 		2
v -75.5151 		98.304 		2
v -75.081 		99.969 		2
v -73.843 		103.471 		2
v -72.312 		106.855 		2
v -70.711 		109.7179 		2
v -70.499 		110.097 		2
v -69.068 		112.2122 		2
v -68.418 		113.173 		2
v -67.552 		114.2444 		2
v -28.932 		65.612 		4
v -67.858 		101.509 		2
v -28.933 		65.614 		2.001
v -33.211 		37.158 		4
v -45.821 		38.772 		4
v -41.669 		37.877 		4
v -37.455 		37.338 		4
v -67.856 		101.509 		2
v -28.933 		65.614 		4
v -57.618 		130.809 		2
v -66.082 		116.063 		2
v -35.62 		62.765 		2
v -35.453 		62.869 		2
v -29.112 		65.789 		4
v -65.689 		105.909 		2
v -1.528 		97.724 		2
v -1.5301 		97.7235 		2
v -29.112 		65.791 		2.001
v -65.687 		105.908 		2
v -59.727 		60.642 		4
v -56.039 		57.407 		4
v -51.961 		54.682 		4
v -29.112 		65.791 		4
v -0.367 		93.047 		2
v -49.228 		64.792 		4
v -16.474 		82.895 		4
v -29.268 		65.95 		4
v -8.1322 		96.0638 		2
v -11.469 		95.225 		2
v -67.841 		123.257 		2
v -10.308 		90.549 		2
v -4.3613 		92.0433 		2
v -62.962 		64.33 		4
v -29.268 		65.952 		2.001
v -10.309 		90.548 		2
v -29.268 		65.952 		4
v -67.839 		123.256 		2
v -81.065 		101.8 		2
v -0.3689 		93.0465 		2
v -8.749 		84.283 		2
v -29.431 		66.127 		4
v -49.357 		64.938 		4
v -8.808 		84.508 		2
v -29.431 		66.129 		2.001
v -31.1863 		88.064 		4
v -31.094 		87.6246 		4
v -30.9958 		87.1758 		4
v -49.492 		65.094 		4
v -30.9609 		87.0235 		4
v -29.431 		66.129 		4
v -30.865 		86.606 		4
v -30.768 		86.202 		4
v -30.7432 		86.1008 		4
v -31.3015 		88.6382 		4
v -79.65 		105.802 		2
v -31.2767 		88.5105 		4
v -31.207 		88.1664 		4
v -49.625 		65.254 		4
v -11.47 		95.225 		2
v -29.586 		66.304 		4
v -8.81 		84.508 		2
v -31.505 		89.762 		4
v -29.586 		66.306 		2.001
v -31.47 		89.557 		4
v -31.4113 		89.2314 		4
v -31.359 		88.9442 		4
v -31.345 		88.8675 		4
v -31.2019 		88.1409 		4
v -31.189 		88.077 		4
v -77.9 		109.669 		2
v -8.751 		84.283 		2
v -49.7217 		65.3739 		4
v -29.586 		66.306 		4
v -49.7698 		65.434 		4
v -8.692 		84.053 		2
v -29.736 		66.484 		4
v -31.505 		89.761 		4
v -75.828 		113.375 		2
v -8.694 		84.054 		2
v -31.341 		88.842 		4
v -8.6109 		83.6987 		2
v -29.736 		66.486 		2.001
v -8.611 		83.699 		2
v -31.282 		88.536 		4
v -29.736 		66.486 		4
v -49.753 		65.416 		4
v -49.624 		65.256 		4
v -49.49 		65.096 		4
v -49.356 		64.94 		4
v -73.449 		116.891 		2
v -49.227 		64.794 		4
v -30.993 		87.163 		4
v -8.612 		83.7 		2
v -30.769 		86.202 		4
v -70.78 		120.193 		2
v -8.49 		83.1231 		2
v -8.4899 		83.1227 		2
v -31.093 		87.62 		4
v -8.492 		83.123 		2
v -81.062 		101.799 		2
v -79.647 		105.801 		2
v -77.897 		109.668 		2
v -75.826 		113.374 		2
v -8.422 		82.762 		2
v -73.447 		116.89 		2
v -70.778 		120.192 		2
v -70.713 		87.158 		2
v -8.424 		82.762 		2
v -8.362 		82.4183 		2
v -8.3619 		82.4176 		2
v -8.362 		82.4179 		2
v -76.6732 		81.92 		2
v -29.7992 		82.664 		4
v -76.961 		85.301 		2
v -76.961 		89.015 		2
v -29.9253 		83.0857 		4
v -76.646 		92.715 		2
v -76.018 		96.375 		2
v -29.8082 		82.6928 		4
v -29.8007 		82.6685 		4
v -8.363 		82.418 		2
v -70.392 		82.263 		2
v -35.453 		62.871 		2.001
v -35.62 		62.768 		2.001
v -70.392 		92.053 		2
v -64.65 		48.256 		4
v -61.235 		45.733 		4
v -57.618 		43.507 		4
v -30.1737 		83.9397 		4
v -53.825 		41.597 		4
v -30.0694 		83.574 		4
v -30.0478 		83.4985 		4
v -30.0328 		83.4468 		4
v -32.067 		66.632 		2.001
v -69.435 		96.864 		2
v -29.7114 		82.3884 		4
v -29.5625 		81.934 		4
v -49.883 		40.014 		4
v -31.5728 		90.171 		2
v -30.5918 		85.4952 		4
v -30.553 		85.3437 		4
v -30.4743 		85.0416 		4
v -30.4237 		84.8525 		4
v -31.573 		90.171 		2
v -30.333 		84.5137 		4
v -30.2183 		84.1 		4
v -35.796 		62.662 		2
v -35.796 		62.664 		2.001
v -31.104 		87.671 		2
v -31.104 		87.6708 		2.006
v -67.554 		87.544 		2
v -31.1866 		88.064 		2.006
v -30.567 		85.394 		4
v -31.004 		87.2138 		2.006
v -30.462 		84.992 		4
v -70.39 		82.263 		2
v -70.711 		87.158 		2
v -70.39 		92.053 		2
v -69.433 		96.864 		2
v -30.8654 		86.6077 		2.006
v -30.34 		84.539 		4
v -30.865 		86.606 		2
v -30.768 		86.202 		2
v -30.188 		83.987 		4
v -36.148 		62.468 		2
v -29.805 		82.682 		4
v -67.552 		87.544 		2
v -30.035 		83.454 		4
v -35.969 		62.564 		2
v -31.505 		89.762 		2
v -31.47 		89.557 		2
v -29.6327 		82.1446 		4
v -82.853 		93.509 		2
v -31.4159 		89.2497 		2
v -29.6581 		82.2212 		4
v -31.36 		88.9439 		2
v -29.658 		82.2209 		4
v -35.969 		62.567 		2.001
v -29.658 		82.221 		4
v -36.147 		62.47 		2.001
v -82.135 		97.692 		2
v -31.3598 		88.9428 		2.006
v -31.2 		88.1278 		2.006
v -31.2 		88.128 		2
v -82.851 		93.509 		2
v -82.133 		97.692 		2
v -31.2609 		88.4337 		2
v -31.261 		88.4341 		2
v -31.655 		67.566 		4
v -71.2349 		65.536 		2
v -72.312 		67.462 		2
v -73.843 		70.846 		2
v -75.081 		74.347 		2
v -76.018 		77.941 		2
v -76.646 		81.601 		2
v -67.858 		72.806 		2
v -31.655 		67.568 		4
v -31.4162 		89.2509 		2.006
v -31.416 		89.2502 		2
v -69.435 		77.452 		2
v -8.1913 		81.2941 		4
v -31.729 		67.379 		4
v -8.179 		81.2027 		4
v -31.54 		89.966 		2
v -31.729 		67.381 		4
v -67.856 		72.808 		2
v -69.433 		77.452 		2
v -65.689 		68.407 		2
v -36.705 		62.195 		2
v -31.505 		89.761 		2
v -31.808 		67.19 		4
v -8.1322 		80.8432 		4
v -31.416 		89.25 		2
v -36.516 		62.283 		2
v -36.344 		62.367 		2
v -31.2 		88.128 		2
v -31.808 		67.192 		4
v -66.055 		81.503 		2
v -8.1438 		80.9329 		4
v -65.687 		68.408 		2
v -36.344 		62.369 		2.001
v -36.515 		62.285 		2.001
v -36.704 		62.197 		2.001
v -31.89 		67.004 		4
v -66.052 		81.504 		2
v -30.769 		86.202 		2
v -31.89 		67.006 		4
v -79.65 		68.514 		2
v -31.977 		66.814 		4
v -81.065 		72.516 		2
v -31.104 		87.671 		2
v -31.977 		66.816 		4
v -82.135 		76.623 		2
v -82.853 		80.807 		2
v -32.067 		66.63 		4
v -31.36 		88.944 		2
v -82.133 		76.624 		2
v -82.851 		80.807 		2
v -79.647 		68.515 		2
v -81.062 		72.517 		2
v -11.855 		48.964 		2
v -15.174 		47.292 		2
v -16.384 		46.8061 		2
v -32.067 		66.632 		4
v 0 		58.6734 		2
v -0.339 		58.254 		2
v -2.911 		55.573 		2
v -5.702 		53.119 		2
v -8.69 		50.911 		2
v -6.693 		60.64 		2
v -8.1015 		80.5861 		4
v -31.36 		88.9438 		2
v -8.0882 		80.4691 		4
v -31.3599 		88.9435 		2
v -31.262 		88.434 		2
v -8.0345 		79.9595 		4
v -8.0267 		79.8751 		4
v -8.041 		80.0209 		4
v -8.034 		79.933 		4
v -8.097 		80.53 		4
v -7.993 		79.4983 		4
v -32.16 		66.448 		2.001
v -30.1341 		83.7983 		2
v -30.134 		83.7982 		2.0003
v -8.0028 		79.6173 		4
v -30.134 		83.7981 		2
v -30.1339 		83.7978 		2
v -30.1337 		83.797 		2.006
v -10.381 		57.406 		2
v -29.9901 		83.2995 		2.006
v -30.0316 		83.4425 		3.9604
v -29.7993 		82.6642 		3.9606
v -29.8324 		82.7723 		3.4055
v -29.863 		82.8739 		2
v -8.002 		79.589 		4
v -29.9705 		83.2364 		3.667
v -29.8631 		82.8744 		2
v -32.355 		66.093 		2.001
v -7.972 		79.23 		4
v -32.258 		66.266 		2.001
v -29.9926 		83.3102 		3.5041
v -29.99 		83.2991 		2
v -14.46 		54.68 		2
v -7.941 		78.746 		4
v -29.6026 		82.0535 		2.7996
v -29.6164 		82.0941 		2
v -29.582 		81.9909 		2
v -7.919 		78.277 		4
v -32.571 		65.733 		2.001
v -7.908 		77.924 		4
v -29.7542 		82.5224 		2
v -29.7805 		82.6045 		3.4237
v -6.694 		60.642 		2
v -10.382 		57.407 		2
v -32.458 		65.918 		2.001
v -30.6691 		85.7983 		2
v -14.461 		54.682 		2
v -77.897 		64.648 		4
v -75.826 		60.943 		4
v -73.447 		57.427 		4
v -70.778 		54.124 		4
v -67.839 		51.06 		4
v -3.459 		64.328 		2
v -30.6689 		85.7976 		2.0007
v -30.5141 		85.1932 		2.0007
v -7.91 		77.925 		4
v -7.921 		78.277 		4
v -7.943 		78.746 		4
v -7.974 		79.231 		4
v -30.5139 		85.1927 		2.0013
v -8.138 		80.874 		4
v -30.5138 		85.1922 		2
v -30.3121 		84.4384 		2
v -8.184 		81.234 		4
v -53.826 		132.722 		2
v -30.3119 		84.4377 		2
v -7.904 		77.676 		4
v -30.312 		84.4381 		2
v -3.46 		64.33 		2
v -30.514 		85.1931 		2
v -30.514 		85.193 		2
v -53.825 		132.72 		2
v -49.884 		134.304 		2
v -13.037 		65.443 		2
v -49.883 		134.302 		2
v -32.676 		65.57 		2.001
v -45.822 		135.547 		2
v -45.821 		135.545 		2
v -13.229 		65.309 		2
v -41.669 		136.441 		2
v -32.16 		66.446 		4
v -41.669 		136.439 		2
v -37.455 		136.98 		2
v -37.455 		136.978 		2
v -30.6689 		85.7978 		2
v -33.211 		137.158 		2
v -32.16 		66.448 		4
v -30.669 		85.798 		2
v -28.967 		136.98 		2
v -28.967 		136.978 		2
v -24.753 		136.441 		2
v -32.258 		66.264 		4
v -24.753 		136.439 		2
v -20.6 		135.547 		2
v -30.514 		85.193 		2
v -32.258 		66.266 		4
v -20.601 		135.545 		2
v -30.313 		84.439 		2
v -16.538 		134.304 		2
v -16.539 		134.302 		2
v -32.355 		66.091 		4
v -12.596 		132.722 		2
v -12.597 		132.72 		2
v -32.355 		66.093 		4
v -29.864 		82.874 		2
v 1.436 		101.509 		2
v -32.458 		65.916 		4
v 1.435 		101.509 		2
v -32.458 		65.918 		4
v -29.583 		81.992 		2
v 1.419 		123.257 		2
v -32.571 		65.731 		4
v 1.417 		123.256 		2
v 4.358 		120.193 		2
v -29.6582 		82.2215 		3.9943
v -29.6579 		82.2208 		3.9943
v -32.571 		65.733 		4
v 4.357 		120.192 		2
v -13.427 		65.176 		2
v 7.027 		116.891 		2
v -32.676 		65.568 		4
v 7.025 		116.89 		2
v -13.631 		65.044 		2
v 9.406 		113.375 		2
v -13.827 		64.922 		2
v 9.404 		113.374 		2
v -32.676 		65.57 		4
v 11.478 		109.669 		2
v -14.037 		64.797 		2
v 11.476 		109.668 		2
v -48.3574 		96.8319 		4
v 13.228 		105.802 		2
v -48.0972 		96.8973 		4
v 13.225 		105.801 		2
v 14.643 		101.8 		2
v 14.641 		101.799 		2
v -47.588 		97.024 		4
v -29.99 		83.299 		2
v 4.291 		87.158 		2
v -30.134 		83.798 		2
v 3.013 		96.864 		2
v 3.011 		96.864 		2
v 3.97 		92.053 		2
v 3.968 		92.053 		2
v 4.289 		87.158 		2
v -36.088 		82.2399 		4
v -36.1045 		82.3557 		4
v 3.97 		82.263 		2
v -36.2195 		83.0905 		4
v 3.968 		82.263 		2
v -36.227 		83.1339 		2.0026
v -36.2271 		83.1343 		2.0001
v -36.2802 		83.4271 		4
v -36.374 		83.917 		4
v 1.132 		87.007 		2
v 1.13 		87.007 		2
v -36.3062 		83.57 		2.006
v -36.3219 		83.649 		4
v -36.3 		83.536 		4
v -36.306 		83.569 		2.0001
v 15.713 		97.692 		2
v -36.1982 		82.9605 		4
v -36.1421 		82.6158 		2.0026
v -8.167 		81.1118 		2
v -8.167 		81.1121 		2
v -36.142 		82.615 		4
v -8.169 		81.113 		2
v -8.121 		80.7541 		2
v -8.121 		80.7538 		2
v -8.123 		80.755 		2
v -36.428 		84.1778 		4
v -36.4483 		84.276 		4
v -36.4551 		84.3092 		2.0009
v -36.4902 		84.4716 		4
v -14.248 		64.676 		2
v -36.6401 		85.1345 		2.006
v -36.5604 		84.7886 		2.006
v -36.7018 		85.3929 		4
v -36.7229 		85.4805 		2.006
v -14.445 		64.567 		2
v -36.78 		85.7081 		4
v -36.8125 		85.8383 		4
v -36.8532 		86.0019 		2.006
v -36.8569 		86.016 		2.164
v -16.595 		16.582 		2.998
v -14.673 		64.446 		2
v -17 		16.556 		2.998
v -36.8569 		86.016 		2.1046
v -36.8569 		86.016 		2.006
v -17.405 		16.582 		2.998
v -17.803 		16.661 		2.998
v -18.187 		16.791 		2.998
v -14.869 		64.346 		2
v -18.551 		16.971 		2.998
v -18.889 		17.196 		2.998
v -36.6873 		85.3335 		4
v -15.298 		64.14 		2
v -36.677 		85.2908 		4
v -36.675 		85.2824 		3.9016
v -19.194 		17.464 		2.998
v -19.461 		17.768 		2.998
v -15.083 		64.241 		2
v -19.687 		18.106 		2.998
v -36.6024 		84.9666 		4
v -36.5165 		84.5914 		4
v -36.5599 		84.7867 		2.0009
v -19.866 		18.469 		2.998
v -19.997 		18.853 		2.998
v -20.076 		19.251 		2.998
v -15.525 		64.039 		2
v -20.103 		19.656 		2.998
v -37.586 		88.66 		4
v -20.076 		20.06 		2.998
v -19.997 		20.458 		2.998
v -36.864 		86.0434 		2.4713
v -36.8994 		86.1798 		4
v -15.735 		63.948 		2
v -37.0925 		86.9071 		4
v -37.127 		87.0359 		2.0002
v -16.595 		22.729 		2.998
v -17 		22.756 		2.998
v -36.9201 		86.2605 		2.0002
v -15.965 		63.853 		2
v -37.0407 		86.7127 		4
v -19.866 		20.842 		2.998
v -19.687 		21.206 		2.998
v -36.9282 		86.2922 		4
v -36.92 		86.2601 		2.006
v -36.9201 		86.2602 		2.0007
v -19.461 		21.543 		2.998
v -16.185 		63.766 		2
v -19.194 		21.848 		2.998
v -18.889 		22.115 		2.998
v -37.1253 		87.0253 		4
v -37.2585 		87.5097 		2.006
v -18.551 		22.34 		2.998
v -37.2265 		87.3887 		4
v -18.187 		22.52 		2.998
v -17.803 		22.65 		2.998
v -37.4059 		88.0315 		4
v -37.4015 		88.0159 		3.9171
v -17.405 		22.729 		2.998
v -37.5855 		88.6582 		2.006
v -37.4578 		88.2133 		4
v -37.846 		61.746 		2
v -14.003 		20.458 		2.998
v -13.924 		20.06 		2.998
v -40.9738 		73.108 		2
v -40.9739 		73.108 		2
v -37.654 		61.811 		2
v -40.9739 		73.108 		2
v -13.898 		19.656 		2.998
v -13.924 		19.251 		2.998
v -14.003 		18.853 		2.998
v -37.465 		61.88 		2
v -1.77 		48.254 		2
v -36.864 		86.0435 		2.006
v -14.134 		18.469 		2.998
v -36.9269 		86.287 		4
v -36.864 		86.0436 		2.2975
v -37.267 		61.956 		2
v -14.313 		18.106 		2.998
v -14.539 		17.768 		2.998
v -37.084 		62.029 		2
v -14.806 		17.464 		2.998
v -15.111 		17.196 		2.998
v -36.895 		62.11 		2
v -5.186 		45.73 		2
v -15.449 		16.971 		2.998
v -15.813 		16.791 		2.998
v -37.654 		61.814 		2.001
v -36.091 		82.269 		4
v -16.197 		16.661 		2.998
v -7.902 		77.317 		4
v -8.803 		43.505 		2
v -16.197 		22.65 		2.998
v -15.813 		22.52 		2.998
v -12.596 		41.594 		2
v -15.449 		22.34 		2.998
v -15.111 		22.115 		2.998
v -14.806 		21.848 		2.998
v -1.772 		48.256 		2
v -7.9042 		77.0464 		4
v -5.187 		45.733 		2
v -8.804 		43.507 		2
v -12.597 		41.597 		2
v -14.539 		21.543 		2.998
v -7.9058 		76.9269 		4
v -36.217 		83.077 		4
v -14.313 		21.206 		2.998
v -37.846 		61.748 		2.001
v -14.134 		20.842 		2.998
v -41.3392 		73.106 		2
v -18.623 		45.907 		2
v -41.3398 		73.106 		2
v -22.177 		44.82 		2
v -25.81 		44.037 		2
v -29.497 		43.566 		2
v -32.768 		43.4268 		2
v -40.974 		73.108 		2
v -40.9743 		73.108 		2
v -7.9125 		76.6669 		4
v -7.915 		76.5797 		4
v -7.9175 		76.5196 		4
v -18.86 		52.511 		2
v -41.3399 		73.106 		2
v -37.465 		61.882 		2.001
v -23.505 		50.934 		2
v -36.298 		83.526 		4
v -28.316 		49.977 		2
v -7.9332 		76.1621 		4
v -7.9365 		76.1019 		4
v -8.042 		80.0419 		2
v -8.068 		80.2867 		2
v -18.86 		52.513 		2
v -23.505 		50.936 		2
v -28.316 		49.979 		2
v -8.068 		80.2872 		2
v -16.409 		63.681 		2
v -7.9597 		75.7429 		4
v -7.9683 		75.6242 		4
v -7.9765 		75.5345 		4
v -8.07 		80.288 		2
v -36.445 		84.265 		4
v -16.641 		63.598 		2
v 16.792 		89.28 		2
v 16.792 		85.036 		2
v -16.859 		63.523 		2
v -36.501 		84.526 		4
v -41.5226 		73.114 		2
v -41.5229 		73.114 		2
v 68.938 		153.6 		2
v 69.086 		153.47 		2
v 69.249 		153.361 		2
v -17.081 		63.451 		2
v 69.425 		153.275 		2
v -41.3402 		73.106 		2
v -41.3608 		73.1069 		2
v -41.4318 		73.11 		2
v -41.4988 		73.1129 		2
v -17.316 		63.378 		2
v 15.711 		97.692 		2
v -8.044 		80.043 		2
v 16.431 		93.509 		2
v -17.555 		63.308 		2
v 16.429 		93.509 		2
v -36.681 		85.308 		4
v -8.011 		79.7052 		2
v 16.789 		89.28 		2
v -17.774 		63.248 		2
v -8.011 		79.7049 		2
v 16.789 		85.036 		2
v -37.266 		61.958 		2.001
v 3.013 		77.452 		2
v 3.011 		77.452 		2
v 1.436 		72.806 		2
v -8.013 		79.706 		2
v -36.798 		85.785 		4
v -8.0303 		74.9728 		4
v -41.5237 		73.1141 		2
v -41.7059 		73.128 		2
v -41.7061 		73.128 		2
v -8.017 		75.0931 		4
v -41.5231 		73.114 		2
v 1.435 		72.808 		2
v -18.008 		63.187 		2
v -36.931 		86.303 		4
v -8.021 		75.065 		4
v -7.968 		75.654 		4
v -41.7061 		73.128 		2
v -8.061 		74.7 		4
v -41.7365 		73.1313 		2
v -41.7888 		73.137 		2
v 16.431 		80.807 		2
v -7.972 		79.2303 		2
v -7.972 		79.23 		2
v -41.8117 		73.1395 		2
v -41.8877 		73.1479 		2
v 16.429 		80.807 		2
v -8.107 		74.355 		4
v 15.713 		76.623 		2
v -37.08 		86.864 		4
v -7.974 		79.231 		2
v 15.711 		76.624 		2
v -7.941 		78.746 		2
v 14.643 		72.516 		2
v -8.159 		74.004 		4
v 14.641 		72.517 		2
v -7.943 		78.746 		2
v 13.228 		68.514 		2
v -7.919 		78.277 		2
v -37.084 		62.032 		2.001
v 13.225 		68.515 		2
v -41.8886 		73.148 		2
v -7.921 		78.277 		2
v -7.908 		77.924 		2
v 11.478 		64.647 		2
v -37.415 		88.064 		4
v -41.8893 		73.148 		2
v -41.9516 		73.1573 		2
v -41.984 		73.1622 		2
v 11.476 		64.648 		2
v -8.161 		74.005 		4
v -7.91 		77.925 		2
v -8.108 		74.356 		4
v -8.063 		74.701 		4
v 9.406 		60.941 		2
v -7.937 		76.133 		4
v -7.916 		76.61 		4
v -7.907 		76.957 		4
v -7.904 		77.317 		4
v -7.905 		77.677 		4
v 9.404 		60.943 		2
v 7.027 		57.425 		2
v -8.2815 		81.9192 		4
v 7.025 		57.427 		2
v 4.358 		54.122 		2
v -7.904 		77.676 		2
v -8.2418 		81.6531 		4
v -8.2287 		81.5647 		4
v 4.357 		54.124 		2
v 1.419 		51.058 		2
v -7.905 		77.677 		2
v 1.417 		51.06 		2
v -7.902 		77.3167 		2
v -7.902 		77.317 		2
v 69.612 		153.212 		2
v -36.895 		62.112 		2.001
v -28.316 		124.339 		2
v 68.808 		155.574 		2
v -7.904 		77.317 		2
v 68.699 		155.41 		2
v 68.612 		155.235 		2
v -40.9739 		73.108 		2
v -7.908 		76.8398 		2
v 68.549 		155.049 		2
v -7.908 		76.8401 		2
v -28.316 		124.337 		2
v 68.511 		154.856 		2
v -23.505 		123.382 		2
v -7.909 		76.841 		2
v -8.235 		81.595 		4
v -7.918 		76.4921 		2
v -18.251 		63.127 		2
v -23.505 		123.38 		2
v -18.86 		121.805 		2
v -18.86 		121.804 		2
v -7.928 		76.2523 		2
v -14.46 		119.635 		2
v -0.735 		68.408 		4
v -18.465 		63.078 		2
v -7.928 		76.2519 		2
v -14.461 		119.634 		2
v -8.218 		73.654 		4
v -18.7 		63.028 		2
v -7.93 		76.253 		2
v -10.381 		116.91 		2
v -8.263 		73.404 		4
v -7.975 		75.5381 		2
v -10.382 		116.909 		2
v -18.936 		62.981 		2
v -6.693 		113.676 		2
v -7.941 		76.0121 		2
v -8.307 		73.184 		4
v -7.941 		76.0117 		2
v -6.694 		113.675 		2
v -8.357 		72.944 		4
v -7.977 		75.539 		2
v -7.943 		76.013 		2
v -8.41 		72.707 		4
v -8.008 		75.1804 		2
v -15.918 		113.151 		2
v -8.008 		75.1799 		2
v -8.412 		72.709 		4
v -8.359 		72.945 		4
v -8.308 		73.185 		4
v -8.265 		73.406 		4
v -8.219 		73.655 		4
v -8.01 		75.181 		2
v -8.464 		72.48 		4
v 68.498 		154.66 		2
v 68.511 		154.465 		2
v 68.549 		154.272 		2
v -42.7847 		73.3379 		2
v -42.7853 		73.3381 		2
v 68.612 		154.086 		2
v 68.699 		153.91 		2
v -42.7845 		73.3379 		2
v 68.808 		153.747 		2
v -42.8676 		73.3639 		2
v -42.9584 		73.3925 		2
v -42.9598 		73.3929 		2
v 69.612 		156.109 		2
v -42.9604 		73.3932 		2
v 69.425 		156.046 		2
v 69.249 		155.96 		2
v -42.9601 		73.393 		2
v 69.086 		155.851 		2
v 68.938 		155.721 		2
v -8.061 		74.7003 		2
v -8.061 		74.7 		2
v 69.804 		153.173 		2
v 70 		153.16 		2
v 70.197 		153.173 		2
v 70.389 		153.212 		2
v -8.063 		74.701 		2
v 70.575 		153.275 		2
v -8.107 		74.355 		2
v 70.752 		153.361 		2
v 70.915 		153.47 		2
v -42.0697 		73.175 		2
v -42.0698 		73.175 		2
v -42.0704 		73.1751 		2
v 71.063 		153.6 		2
v -8.108 		74.356 		2
v 71.503 		154.66 		2
v -42.0076 		73.1657 		2
v 71.49 		154.856 		2
v -8.159 		74.004 		2
v 71.452 		155.049 		2
v 71.389 		155.235 		2
v 71.302 		155.41 		2
v -8.161 		74.005 		2
v 71.192 		155.574 		2
v -38.846 		61.462 		2
v -38.63 		61.515 		2
v -38.436 		61.567 		2
v -8.524 		72.243 		4
v -38.236 		61.624 		2
v -38.057 		61.678 		2
v -8.584 		72.018 		4
v -7.92 		76.493 		2
v -38.057 		61.68 		2.001
v -8.648 		71.794 		4
v -8.268 		81.8298 		2
v -8.268 		81.8301 		2
v -8.27 		81.831 		2
v -8.216 		81.4771 		2
v -15.919 		113.148 		3.999
v -8.649 		71.796 		4
v -8.586 		72.02 		4
v -8.526 		72.245 		4
v -8.466 		72.481 		4
v -8.216 		81.4768 		2
v -8.716 		71.567 		4
v -42.2509 		73.207 		2
v -42.1941 		73.1969 		2
v -42.2157 		73.2008 		2
v -42.2498 		73.2068 		2
v -38.236 		61.626 		2.001
v -8.218 		81.478 		2
v -42.0704 		73.1751 		2
v 71.192 		153.747 		2
v 71.302 		153.91 		2
v 71.389 		154.086 		2
v -42.1565 		73.1903 		2
v -42.1657 		73.1919 		2
v 71.452 		154.272 		2
v 71.49 		154.465 		2
v 71.063 		155.721 		2
v -8.787 		71.341 		4
v -8.865 		71.108 		4
v -8.946 		70.88 		4
v -49.459 		96.555 		3.041
v -9.027 		70.66 		4
v -38.436 		61.569 		2.001
v -38.63 		61.518 		2.001
v -9.029 		70.661 		4
v -8.947 		70.881 		4
v -8.867 		71.109 		4
v -8.789 		71.343 		4
v -8.718 		71.568 		4
v -9.113 		70.439 		4
v -38.846 		61.465 		2.001
v -42.2509 		73.207 		2
v -42.3753 		73.2333 		2
v -42.4297 		73.2447 		2
v -42.4303 		73.2449 		2
v -50.1057 		96.4368 		4
v -50.006 		96.445 		4
v -9.207 		70.212 		4
v -9.299 		69.999 		4
v -9.404 		69.77 		4
v -9.406 		69.771 		4
v -9.301 		70.001 		4
v -9.209 		70.213 		4
v -9.115 		70.441 		4
v -15.919 		113.148 		2
v -42.4309 		73.245 		2
v -42.4312 		73.245 		2
v -42.4303 		73.2449 		2
v -3.459 		109.988 		2
v -9.501 		69.567 		4
v -42.5193 		73.2668 		2
v -42.5726 		73.28 		2
v -42.6077 		73.2887 		2
v -3.46 		109.987 		2
v -0.733 		105.909 		2
v -0.735 		105.908 		2
v -9.605 		69.361 		4
v -9.716 		69.15 		4
v 70.915 		155.851 		2
v 70.752 		155.96 		2
v -12.968 		101.266 		2
v 70.575 		156.046 		2
v 70.389 		156.109 		2
v 70.197 		156.148 		2
v 70 		156.161 		2
v 69.804 		156.148 		2
v -49.745 		96.486 		4
v -3.027 		103.765 		2
v 71.503 		161.658 		2
v -49.7132 		96.4933 		4
v -49.6275 		96.5144 		4
v -12.969 		101.265 		2
v 85 		161.658 		2
v -49.5527 		96.5314 		4
v -49.875 		96.463 		4
v -3.03 		103.764 		2
v -33.211 		137.16 		2
v -9.832 		68.941 		4
v -49.458 		96.554 		2.781
v -9.953 		68.734 		4
v -0.733 		68.407 		2
v -49.617 		96.514 		4
v -0.735 		68.408 		2
v -10.086 		68.518 		4
v -8.218 		73.654 		2
v -10.211 		68.323 		4
v -10.213 		68.325 		4
v -10.087 		68.519 		4
v -9.954 		68.736 		4
v -9.834 		68.943 		4
v -9.718 		69.152 		4
v -9.607 		69.363 		4
v -9.503 		69.569 		4
v -8.219 		73.655 		2
v -42.6089 		73.289 		2
v -10.347 		68.122 		4
v -42.6129 		73.2901 		2
v -8.263 		73.404 		2
v -8.265 		73.406 		2
v -8.307 		73.184 		2
v -22.1123 		107.2002 		3.9997
v -8.308 		73.185 		2
v -21.9376 		106.496 		3.9999
v -22.634 		109.3018 		3.9992
v -22.8454 		110.1537 		3.999
v -8.357 		72.944 		2
v -8.359 		72.945 		2
v -50.005 		96.444 		4
v -8.41 		72.707 		2
v -22.8454 		110.1537 		2
v -22.846 		110.156 		2
v -8.412 		72.709 		2
v -21.8286 		106.0564 		4
v -21.8578 		106.1741 		4
v -21.7871 		105.8858 		4
v -10.478 		67.939 		4
v -21.867 		106.2112 		4
v -10.623 		67.745 		4
v -8.464 		72.48 		2
v -10.625 		67.747 		4
v -10.479 		67.941 		4
v -10.349 		68.124 		4
v -8.466 		72.481 		2.001
v 5.89 		106.855 		2
v 7.421 		103.471 		2
v 8.659 		99.969 		2
v -10.773 		67.555 		4
v 1.996 		113.173 		2
v -8.524 		72.243 		2
v 4.077 		110.097 		2
v -21.776 		105.841 		4
v -10.923 		67.372 		4
v -8.526 		72.245 		2.001
v 0 		115.6434 		2
v -11.077 		67.194 		4
v -8.584 		72.018 		2
v -11.237 		67.018 		4
v -21.9227 		106.436 		3.9999
v -11.399 		66.846 		4
v -8.586 		72.02 		2.001
v -11.57 		66.674 		4
v -8.648 		71.794 		2
v -49.873 		96.462 		4
v -11.571 		66.676 		4
v -11.401 		66.848 		4
v -11.238 		67.02 		4
v -11.079 		67.196 		4
v -10.925 		67.374 		4
v -50.138 		96.433 		4
v -10.774 		67.556 		4
v -39.842 		61.275 		2
v -11.751 		66.499 		4
v -39.64 		61.306 		2
v -39.439 		61.34 		2
v -39.237 		61.378 		2
v -39.038 		61.419 		2
v -39.841 		61.277 		2.001
v -11.915 		66.346 		4
v -12.102 		66.18 		4
v -39.237 		61.38 		2.001
v -39.439 		61.342 		2.001
v -12.274 		66.033 		4
v -39.038 		61.422 		2.001
v -12.276 		66.035 		4
v -12.103 		66.182 		4
v -11.917 		66.348 		4
v -11.752 		66.501 		4
v -12.473 		65.87 		4
v -39.639 		61.308 		2.001
v -49.744 		96.485 		4
v -12.657 		65.725 		4
v -12.839 		65.587 		4
v 9.596 		96.375 		2
v 10.224 		92.715 		2
v 10.539 		89.015 		2
v 10.539 		85.301 		2
v -12.841 		65.589 		4
v -12.658 		65.727 		4
v -12.474 		65.872 		4
v -8.649 		71.796 		2.001
v -16.711 		79.872 		4
v -16.699 		79.928 		4
v -16.66 		80.13 		4
v -16.625 		80.331 		4
v -16.594 		80.533 		4
v -16.567 		80.735 		4
v -16.536 		81.005 		4
v -16.5156 		81.225 		4
v -16.492 		81.544 		4
v -16.481 		81.747 		4
v -16.511 		81.275 		4
v 10.224 		81.601 		2
v 9.596 		77.941 		2
v 8.659 		74.347 		2
v 7.421 		70.846 		2
v 5.89 		67.462 		2
v 4.8129 		65.536 		2
v -17.0037 		78.7888 		4
v -17.0274 		78.7203 		4
v -17.004 		78.788 		4
v -16.9447 		78.9701 		4
v -17.1102 		78.5024 		4
v -16.948 		78.959 		4
v -64.894 		76.826 		4
v -64.8919 		76.8265 		4
v -55.1822 		79.2687 		4
v -17.4034 		77.824 		4
v -17.39 		77.85 		4
v -17.313 		78.011 		4
v -17.24 		78.174 		4
v -17.17 		78.339 		4
v -17.1652 		78.3512 		4
v -17.1302 		78.446 		4
v -16.879 		79.189 		4
v -16.831 		79.361 		4
v -16.787 		79.535 		4
v -16.742 		79.727 		4
v -55.181 		79.269 		4
v -52.3827 		69.7565 		4
v -17.043 		78.675 		4
v -52.524 		70.063 		4
v -52.4266 		69.8509 		4
v -17.126 		78.45 		4
v -52.392 		69.782 		4
v -51.2 		96.5713 		3.2085
v -51.1745 		96.563 		3.072
v -51.093 		96.537 		3.722
v -51.093 		96.537 		4
v -52.6783 		70.4096 		4
v -40.875 		61.177 		2
v -52.647 		70.337 		4
v -17.408 		77.8151 		4
v -40.652 		61.19 		2
v -40.451 		61.205 		2
v -50.8331 		96.4769 		4
v -50.781 		96.467 		3.341
v -50.781 		96.467 		4
v -40.256 		61.224 		2
v -50.7267 		96.4595 		3.072
v -50.7306 		96.4598 		3.1395
v -40.041 		61.248 		2
v -50.6075 		96.4448 		3.2809
v -50.542 		96.438 		3.625
v -40.041 		61.251 		2.001
v -50.6139 		96.4459 		3.1535
v -50.7289 		96.4596 		4
v -50.5901 		96.443 		4
v -50.99 		96.51 		3.38
v -50.94 		96.4989 		4
v -50.99 		96.51 		4
v 4.077 		64.22 		2
v 1.996 		61.143 		2
v -50.273 		96.429 		3.959
v -50.3315 		96.4294 		3.5217
v -50.3089 		96.4293 		3.4329
v -50.4891 		96.4353 		3.2661
v -50.4876 		96.4348 		3.3556
v -50.4935 		96.4351 		4
v -50.2807 		96.4291 		4
v -52.523 		70.065 		4
v -50.2222 		96.4309 		3.2155
v -52.645 		70.339 		4
v -50.2239 		96.4308 		3.2083
v -50.2052 		96.432 		3.1051
v -40.255 		61.226 		2.001
v -50.2653 		96.4293 		4
v -50.273 		96.429 		4
v -50.542 		96.438 		4
v -40.874 		61.18 		2.001
v -52.8005 		70.6952 		4
v -21.756 		105.759 		4
v -21.756 		105.7592 		4
v -21.7616 		105.7825 		4
v -50.54 		96.437 		3.219
v -52.8386 		70.7876 		4
v -50.54 		96.437 		4
v -40.652 		61.192 		2.001
v -50.406 		96.429 		4
v -21.7757 		105.8398 		4
v -52.809 		70.719 		4
v -21.778 		105.8491 		4
v -50.675 		96.451 		4
v -50.271 		96.428 		4
v -50.271 		96.428 		3.468
v -18.058 		76.8 		4
v -18.0044 		76.8663 		4
v -17.8975 		77.007 		4
v -17.807 		77.136 		4
v -17.7271 		77.2559 		4
v -17.5851 		77.4892 		4
v -17.4546 		77.7248 		4
v -21.9282 		106.458 		3.9999
v -8.716 		71.567 		2
v -8.718 		71.568 		2.001
v -17.528 		77.587 		4
v -17.472 		77.691 		4
v -50.2146 		96.4312 		3.1051
v -52.924 		70.996 		4
v -8.787 		71.341 		2
v -17.647 		77.383 		4
v -8.789 		71.343 		2.001
v -17.709 		77.283 		4
v -21.7756 		105.839 		3.9836
v -52.923 		70.998 		4
v -21.7558 		105.7486 		3.1461
v -21.7593 		105.7656 		3.1165
v -8.865 		71.108 		2
v -21.7594 		105.7679 		3.3192
v -21.7589 		105.7662 		3.3725
v -21.757 		105.758 		3.4163
v -21.7555 		105.7501 		3.368
v -21.7552 		105.7474 		3.2959
v -17.978 		76.899 		4
v -17.908 		76.992 		4
v -21.757 		105.758 		3.304
v -53.0087 		71.2096 		4
v -53.0465 		71.3065 		4
v -50.3741 		96.4298 		3.072
v -21.7667 		105.8002 		3.072
v -21.7673 		105.8021 		3.1282
v -50.4432 		96.4324 		3.072
v -21.7647 		105.791 		3.072
v -18.1241 		76.7181 		4
v -18.1257 		76.7162 		4
v -18.1256 		76.7163 		4
v -10.7258 		124.658 		2
v -18.1242 		76.7179 		4
v -32.768 		130.8893 		2
v -29.497 		130.751 		2
v -25.81 		130.279 		2
v -22.177 		129.496 		2
v -53.035 		71.283 		4
v -18.623 		128.409 		2
v -15.174 		127.024 		2
v -11.855 		125.353 		2
v -21.7518 		105.7294 		3.2086
v -21.7514 		105.7281 		3.182
v -21.753 		105.7356 		3.1689
v -21.7524 		105.7328 		3.2248
v -40.451 		61.208 		2.001
v -53.1733 		71.6454 		4
v -9.6486 		123.995 		2
v -53.129 		71.5254 		4
v -8.1628 		123.0154 		2
v -8.69 		123.405 		2
v -53.1553 		71.595 		4
v -50.885 		96.486 		4
v -51.091 		96.536 		3.291
v -21.7665 		105.7997 		3.0568
v -53.146 		71.574 		4
v -51.091 		96.536 		4
v -3.7043 		119.4413 		2
v -50.989 		96.509 		4
v -5.702 		121.197 		2
v -21.8753 		104.448 		3.1494
v -21.8743 		104.4504 		3.1768
v -21.8753 		104.448 		3.2152
v -50.78 		96.466 		4
v -21.7663 		104.7991 		3.1035
v -21.7678 		104.7926 		3.072
v -21.7629 		104.8163 		3.072
v -2.911 		118.744 		2
v -0.339 		116.063 		2
v -21.7496 		104.8789 		3.072
v -21.7511 		104.8721 		3.1142
v -21.813 		104.6233 		3.4954
v -21.8319 		104.565 		3.3823
v -21.7939 		104.6908 		3.1104
v -21.7995 		104.671 		3.2229
v -21.7929 		104.6937 		3.072
v -21.8258 		104.5836 		3.1369
v -21.8147 		104.6208 		3.072
v -21.7251 		105.0404 		3.2822
v -21.7248 		105.0406 		3.3845
v -21.7249 		105.0399 		3.3886
v -21.7205 		105.086 		3.584
v -21.7194 		105.1005 		3.5542
v -50.6323 		96.4478 		3.072
v -21.713 		105.1829 		3.3846
v -21.7128 		105.1867 		3.3901
v -21.7135 		105.1733 		3.584
v -8.867 		71.109 		2.001
v -21.7277 		105.0184 		3.2884
v -21.7308 		104.9945 		3.177
v -21.7313 		104.9898 		3.132
v -21.7261 		105.0329 		3.132
v -51.1227 		96.5461 		4
v -21.7105 		105.2673 		3.1735
v -21.7104 		105.2744 		3.072
v -8.946 		70.88 		2
v -51.193 		96.567 		4
v -21.7101 		105.3008 		3.2114
v -21.7218 		105.0696 		3.6276
v -21.7215 		105.0722 		3.6123
v -8.947 		70.881 		2.001
v -51.1145 		96.5436 		2.7511
v -51.1145 		96.5436 		2.6799
v -21.7107 		105.3278 		3.072
v -21.7102 		105.3236 		3.1703
v -21.71 		105.313 		3.2252
v -21.711 		105.3592 		3.584
v -21.7109 		105.3552 		3.4923
v -50.886 		96.487 		2.791
v -21.7159 		105.4546 		3.5181
v -21.7156 		105.4516 		3.584
v -18.432 		76.3889 		4
v -9.027 		70.66 		2
v -18.361 		76.459 		4
v -18.241 		76.586 		4
v -9.029 		70.661 		2.001
v -18.125 		76.717 		4
v -50.407 		96.43 		2.8896
v -50.4123 		96.4303 		2.9088
v -21.726 		105.029 		3.301
v -21.807 		104.642 		3.25
v -50.406 		96.429 		2.719
v -18.9071 		75.9877 		4
v -18.81 		76.061 		4
v -18.714 		76.137 		4
v -18.6251 		76.2117 		4
v -18.529 		76.297 		4
v -18.444 		76.377 		4
v -50.4133 		96.4304 		2.9125
v -22.847 		110.153 		2
v -21.9387 		106.496 		2
v -50.4157 		96.4307 		2.9558
v -21.7227 		105.063 		3.177
v -18.62 		76.216 		4
v -21.726 		105.0344 		3.132
v -21.722 		105.0682 		3.132
v -22.8454 		110.1537 		2
v -53.3983 		72.2903 		4
v -53.374 		72.2172 		4
v -21.776 		105.841 		2
v -21.757 		105.758 		2
v -53.3013 		72.0036 		4
v -21.741 		105.672 		2
v -21.728 		105.584 		2
v -21.719 		105.495 		2
v -21.7172 		105.472 		2
v -18.9968 		75.924 		4
v -18.908 		75.987 		4
v -21.7724 		104.7732 		3.3569
v -21.7641 		104.8057 		3.2907
v -19.2207 		75.776 		4
v -19.214 		75.78 		4
v -19.11 		75.847 		4
v -19.008 		75.916 		4
v -21.7977 		104.675 		3.584
v -21.7963 		104.68 		3.5469
v -21.7873 		104.715 		3.4756
v -53.2767 		71.9325 		4
v -21.8014 		104.662 		3.4064
v -21.807 		104.642 		3.5317
v -21.7997 		104.6681 		3.636
v -53.283 		71.958 		4
v -53.381 		72.242 		4
v -19.4063 		75.6674 		4
v -19.3583 		75.695 		4
v -51.091 		96.536 		2.586
v -19.3207 		75.7166 		4
v -50.885 		96.486 		2.594
v -19.32 		75.717 		4
v -51.093 		96.537 		2.78
v -9.113 		70.439 		2
v -19.456 		75.6402 		4
v -19.428 		75.655 		4
v -50.8862 		96.4872 		2.8488
v -50.8859 		96.4871 		2.8488
v -50.8962 		96.4893 		2.8488
v -9.115 		70.441 		2.001
v -50.8862 		96.4872 		2.8488
v -21.757 		104.837 		3.427
v -9.207 		70.212 		2
v -19.99 		75.386 		4
v -19.8015 		75.4683 		4
v -19.761 		75.486 		4
v -21.7466 		104.8951 		3.407
v -19.7519 		75.4904 		4
v -50.9324 		96.4973 		3.0271
v -21.7512 		104.8666 		3.3508
v -9.209 		70.213 		2.001
v -21.7361 		104.96 		3.5343
v -9.299 		69.999 		2
v -50.989 		96.509 		3.035
v -21.7509 		104.8727 		3.1224
v -9.301 		70.001 		2.001
v -9.404 		69.77 		2
v -21.7357 		104.9621 		3.5384
v -21.7319 		104.9854 		3.584
v -50.875 		96.4849 		2.8488
v -21.7252 		105.0367 		3.407
v -9.406 		69.771 		2.001
v -21.726 		105.029 		3.4512
v -50.8396 		96.4783 		3.0143
v -21.7276 		105.0174 		3.3845
v -50.7257 		96.4594 		3.0542
v -21.7289 		105.0073 		3.6974
v -21.7499 		104.873 		3.8879
v -53.508 		72.632 		4
v -50.78 		96.466 		3.006
v -53.4927 		72.5834 		4
v -21.7314 		104.9888 		3.5908
v -50.8867 		96.4879 		3.0573
v -50.8368 		96.4776 		3.0488
v -21.7225 		105.0633 		3.6634
v -53.507 		72.634 		4
v -50.9344 		96.4977 		3.0653
v -50.8869 		96.4879 		3.0573
v -53.683 		73.227 		3.333
v -53.6197 		73.0117 		3.7333
v -53.682 		73.228 		3
v -50.676 		96.452 		2.8453
v -50.6822 		96.4529 		2.8639
v -50.6689 		96.4513 		2.8721
v -50.675 		96.451 		2.691
v -53.5764 		72.8647 		4
v -9.501 		69.567 		2
v -50.6689 		96.4513 		2.8721
v -50.6661 		96.4512 		2.9223
v -9.503 		69.569 		2.001
v -9.605 		69.361 		2
v -21.7352 		104.96 		2
v -21.739 		104.932 		2
v -21.7499 		104.873 		2
v -21.757 		104.8372 		2
v -21.757 		104.8368 		2
v -21.7674 		104.791 		2
v -21.78 		104.738 		2
v -21.807 		104.642 		2
v -21.838 		104.546 		2
v -21.874 		104.451 		2
v -9.607 		69.363 		2.001
v -21.8753 		104.448 		2
v -9.716 		69.15 		2
v -9.718 		69.152 		2.001
v -21.712 		105.405 		2
v -21.71 		105.313 		2
v -21.711 		105.22 		2
v -9.832 		68.941 		2
v -21.716 		105.126 		2
v -21.726 		105.029 		2
v -9.834 		68.943 		2.001
v -9.953 		68.734 		2
v -9.954 		68.736 		2.001
v -10.086 		68.518 		2
v -21.757 		104.835 		2
v -10.087 		68.519 		2.001
v -10.211 		68.323 		2
v -10.213 		68.325 		2.001
v -50.6857 		96.4536 		2.915
v -10.347 		68.122 		2
v -50.6824 		96.4529 		2.8646
v -10.349 		68.124 		2.001
v -10.478 		67.939 		2
v -10.479 		67.941 		2.001
v -10.623 		67.745 		2
v -22.175 		103.923 		2
v -22.2379 		103.8442 		2
v -22.2382 		103.8438 		2
v -22.305 		103.768 		2
v -22.3748 		103.6952 		2
v -10.625 		67.747 		2.001
v -22.3754 		103.6946 		2
v -22.3766 		103.6935 		2
v -22.5236 		103.5594 		2
v -22.5241 		103.5589 		2
v -22.5245 		103.5586 		2
v -20.48 		75.2134 		4
v -20.403 		75.236 		4
v -20.267 		75.2826 		4
v -21.914 		104.358 		2
v -21.9574 		104.2673 		2
v -22.006 		104.178 		2
v -22.0579 		104.0911 		2
v -22.0581 		104.0908 		2
v -22.115 		104.006 		2
v -10.773 		67.555 		2
v -51.194 		96.568 		2.644
v -22.525 		103.558 		2
v -22.376 		103.693 		2
v -19.593 		75.568 		4
v -51.1781 		96.5631 		2.6654
v -21.958 		104.266 		2
v -51.1986 		96.5696 		2.7002
v -51.1964 		96.5689 		2.6965
v -10.774 		67.556 		2.001
v -51.2 		96.57 		2.7137
v -51.1933 		96.5679 		2.6911
v -10.923 		67.372 		2
v -22.059 		104.089 		2
v -22.006 		104.177 		2
v -22.115 		104.004 		2
v -20.225 		75.297 		4
v -10.925 		67.374 		2.001
v -22.239 		103.842 		2
v -11.077 		67.194 		2
v -22.175 		103.922 		2
v -22.306 		103.766 		2
v -33.211 		43.408 		2
v -36.925 		43.566 		2
v -40.611 		44.037 		2
v -44.245 		44.82 		2
v -47.799 		45.907 		2
v -49.152 		46.4503 		2
v -11.079 		67.196 		2.001
v -21.7104 		105.2773 		3.032
v -21.7115 		105.3804 		2.6959
v -21.7115 		105.3636 		2.8788
v -21.7107 		105.328 		3.0672
v -11.237 		67.018 		2
v -21.7139 		105.4297 		2.7163
v -21.7153 		105.4453 		2.7352
v -21.7141 		105.4314 		2.7401
v -21.7149 		105.4429 		2.7989
v -21.71 		105.313 		3.062
v -11.238 		67.02 		2.001
v -21.504 		74.9965 		4
v -21.449 		75.003 		4
v -21.3579 		75.0161 		4
v -21.0281 		75.0735 		4
v -20.9638 		75.0866 		4
v -20.8158 		75.1202 		4
v -20.645 		75.165 		4
v -11.399 		66.846 		2
v -53.6411 		73.0797 		4
v -53.683 		73.227 		4
v -20.952 		75.089 		4
v -53.6054 		72.9621 		4
v -53.6197 		73.0117 		3.8165
v -11.401 		66.848 		2.001
v -53.682 		73.228 		4
v -21.7893 		104.7049 		2.9249
v -20.828 		75.117 		4
v -21.769 		104.7872 		3.0461
v -21.7725 		104.7696 		2.8571
v -21.7451 		104.899 		2.9466
v -21.757 		104.835 		3.07
v -21.324 		75.021 		4
v -21.2 		75.041 		4
v -21.075 		75.064 		4
v -22.6504 		103.4607 		2
v -22.6498 		103.4611 		2
v -22.6503 		103.4608 		2
v -22.65 		103.46 		2
v -22.528 		74.9644 		4
v -22.306 		74.955 		4
v -22.001 		74.9587 		4
v -21.826 		74.967 		4
v -21.7 		74.976 		4
v -21.575 		74.988 		4
v -21.7624 		104.8133 		2.2441
v -21.7674 		104.791 		2.342
v -51.349 		67.784 		4
v -51.3232 		67.7394 		4
v -21.7527 		104.859 		2.266
v -21.7499 		104.873 		2.3459
v -51.4667 		67.9901 		4
v -51.5183 		68.0808 		4
v -51.505 		68.061 		4
v -51.6659 		68.3484 		4
v -51.703 		68.416 		4
v -51.8693 		68.7266 		4
v -51.844 		68.678 		4
v -51.193 		96.567 		2.484
v -22.006 		104.178 		3.161
v -22.0176 		104.1585 		3.2972
v -11.57 		66.674 		2
v -22.0855 		104.0509 		3.0763
v -22.0855 		104.0509 		3.074
v -22.114 		104.009 		3.1549
v -22.0908 		104.0424 		3.1527
v -22.081 		104.058 		3.4292
v -22.0809 		104.0581 		3.4312
v -22.0847 		104.052 		3.5347
v -22.1572 		103.9476 		3.0956
v -22.1449 		103.9646 		3.1579
v -22.1608 		103.9427 		3.3218
v -22.1656 		103.936 		3.2815
v -22.1562 		103.9501 		3.4614
v -11.571 		66.676 		2.001
v -22.154 		103.9531 		3.4802
v -21.8757 		104.4472 		3.1398
v -21.878 		104.4418 		3.072
v -21.8852 		104.425 		3.584
v -50.369 		66.24 		2
v -11.751 		66.499 		2
v -22.006 		104.178 		3.698
v -22.0176 		104.1585 		3.6117
v -11.752 		66.501 		2.001
v -11.915 		66.346 		2
v -11.917 		66.348 		2.001
v -22.115 		104.004 		3.5
v -12.102 		66.18 		2
v -22.0857 		104.0505 		3.072
v -22.1533 		103.953 		3.072
v -22.0929 		74.955 		4
v -22.055 		74.9561 		4
v -12.103 		66.182 		2.001
v -22.078 		74.955 		4
v -12.274 		66.033 		2
v -22.006 		104.177 		3.273
v -12.276 		66.035 		2.001
v -22.006 		104.177 		3.625
v -22.0838 		104.0531 		3.584
v -22.0194 		104.1555 		3.6268
v -22.0821 		104.055 		3.6671
v -23.552 		75.1089 		4
v -23.524 		75.102 		4
v -23.2642 		75.0492 		4
v -23.1435 		75.0299 		4
v -12.473 		65.87 		2
v -22.8358 		74.9873 		4
v -22.7937 		74.9829 		4
v -22.614 		74.968 		4
v -23.224 		75.041 		4
v -12.474 		65.872 		2.001
v -12.657 		65.725 		2
v -12.658 		65.727 		2.001
v -22.0254 		104.1455 		3.2586
v -12.839 		65.587 		2
v -52.8863 		98.0551 		3.453
v -22.0742 		104.0668 		3.2587
v -52.8855 		98.0535 		3.439
v -22.0848 		104.051 		3.1521
v -52.8663 		98.016 		3.584
v -22.0638 		104.0836 		3.2587
v -52.8859 		98.0542 		3.4398
v -52.8661 		98.0155 		4
v -52.8114 		97.9084 		4
v -12.841 		65.589 		2.001
v -22.8256 		74.9859 		4
v -52.85 		97.981 		4
v -52.7888 		97.8675 		4
v -52.7429 		97.792 		3.7365
v -22.819 		74.985 		4
v -52.9495 		98.1998 		4
v -52.957 		98.219 		3.7054
v -52.956 		98.2166 		3.6958
v -52.9127 		98.1128 		3.6739
v -52.9267 		98.145 		4
v -52.9187 		98.1266 		3.611
v -17.2003 		78.2656 		3.4209
v -17.2009 		78.2638 		3.3684
v -17.1958 		78.2774 		3.2494
v -17.1373 		78.4313 		3.4645
v -52.8863 		98.0551 		3.7955
v -17.1863 		78.2994 		3.667
v -17.1955 		78.2771 		3.5044
v -52.8746 		98.0312 		4
v -23.8011 		75.1703 		4
v -17.2 		78.2664 		3.4455
v -23.8013 		75.1704 		4
v -22.1549 		103.9511 		3.584
v -52.941 		98.178 		4
v -24.576 		75.4424 		4
v -24.397 		75.367 		4
v -24.0212 		75.2352 		4
v -22.1662 		103.936 		3.6435
v -52.5426 		97.5032 		3.4496
v -22.1554 		103.9501 		3.6424
v -52.5454 		97.5067 		3.4691
v -52.5788 		97.5513 		3.2854
v -52.5862 		97.5612 		3.2449
v -52.5372 		97.4976 		3.2994
v -52.5999 		97.5783 		3.072
v -52.579 		97.5513 		3.072
v -52.5469 		97.5099 		3.1004
v -52.3745 		97.3114 		3.1687
v -52.3896 		97.3272 		3.2512
v -52.4282 		97.3679 		3.4626
v -52.4324 		97.3727 		3.4373
v -52.4374 		97.3794 		3.276
v -52.3669 		97.3029 		3.072
v -52.4541 		97.3974 		3.6564
v -52.4461 		97.3883 		3.7048
v -52.5274 		97.4845 		3.7247
v -52.5202 		97.4757 		3.675
v -17.8389 		77.0871 		2
v -17.772 		77.184 		2
v -17.772 		77.184 		2
v -17.7721 		77.1839 		2
v -52.4679 		97.4131 		4
v -17.7721 		77.1839 		2
v -23.8335 		75.179 		4
v -23.8334 		75.179 		4
v -17.8046 		77.1368 		2
v -17.8387 		77.0874 		2
v -52.416 		97.354 		3.271
v -24.015 		75.233 		4
v -52.557 		97.521 		3.304
v -23.82 		75.175 		4
v -52.488 		97.436 		4
v -17.9416 		76.9456 		2
v -17.9416 		76.9456 		2
v -17.9417 		76.9454 		2
v -17.9417 		76.9454 		2
v -17.9419 		76.9451 		2
v -17.8389 		77.0871 		2
v -52.7164 		97.7483 		3.584
v -52.712 		97.7412 		3.559
v -50.596 		66.573 		2
v -52.3561 		97.2922 		3.5298
v -52.3855 		97.3218 		3.584
v -52.3846 		97.321 		3.5758
v -55.6929 		124.66 		2
v -52.3441 		97.28 		3.5102
v -55.6962 		124.658 		2
v -52.3984 		97.3355 		3.4416
v -52.416 		97.354 		3.5368
v -36.925 		130.751 		2
v -33.211 		130.908 		2
v -54.567 		125.353 		2
v -51.248 		127.024 		2
v -47.799 		128.409 		2
v -44.245 		129.496 		2
v -40.611 		130.279 		2
v -52.3768 		97.3127 		4
v -52.3944 		97.3312 		3.6724
v -17.9423 		76.9447 		2
v -63.511 		118.744 		2
v -60.72 		121.197 		2
v -57.732 		123.405 		2
v -17.9418 		76.9453 		2
v -28.672 		79.7429 		4
v -28.6442 		79.6855 		4
v -28.6374 		79.6721 		4
v -28.494 		79.394 		4
v -28.365 		79.1568 		4
v -28.348 		79.1258 		4
v -28.328 		79.0902 		4
v -17.9419 		76.9451 		2
v -28.2111 		78.8886 		4
v -28.182 		78.839 		4
v -28.156 		78.7959 		4
v -28.051 		78.6243 		4
v -28.0147 		78.5674 		4
v -27.9053 		78.398 		4
v -27.8677 		78.3419 		4
v -27.7739 		78.2033 		4
v -17.9421 		76.9449 		2
v -27.7472 		78.1642 		4
v -27.7438 		78.1593 		4
v -27.588 		77.942 		4
v -27.4985 		77.824 		4
v -17.9421 		76.9449 		2
v -22.4294 		103.643 		3.4234
v -22.4511 		103.6228 		3.4371
v -22.4875 		103.5904 		3.1848
v -22.4869 		103.5911 		3.1685
v -28.183 		78.84 		4
v -28.339 		79.109 		4
v -22.3961 		103.6752 		3.1169
v -22.3938 		103.6769 		3.2169
v -27.745 		78.161 		4
v -22.4162 		103.6552 		3.4151
v -22.5052 		103.5752 		3.1673
v -22.5042 		103.576 		3.173
v -17.9423 		76.9447 		2
v -17.9597 		76.9225 		2
v -17.9638 		76.9174 		2
v -17.9998 		76.8717 		2
v -22.4517 		103.6224 		3.4532
v -18.0563 		76.8 		2
v -27.897 		78.384 		4
v -28.043 		78.611 		4
v -22.3736 		103.6972 		3.1828
v -22.4159 		103.6558 		3.4602
v -22.3377 		103.7346 		3.4593
v -28.642 		79.681 		4
v -22.3364 		103.7353 		3.584
v -22.175 		103.923 		3.203
v -22.2248 		103.8606 		3.4442
v -28.7345 		79.872 		4
v -22.2745 		103.8026 		3.584
v -29.4424 		81.5875 		4
v -22.2575 		103.8219 		3.4412
v -29.3569 		81.3526 		4
v -29.341 		81.309 		4
v -28.917 		80.265 		4
v -28.783 		79.972 		4
v -22.3363 		103.7354 		3.6026
v -52.7114 		97.7402 		3.5557
v -43.904 		61.485 		2
v -52.557 		97.521 		3.5501
v -52.5726 		97.5418 		3.4684
v -52.5282 		97.4855 		3.7304
v -44.888 		61.795 		2
v -52.5081 		97.4608 		4
v -44.691 		61.724 		2
v -22.2748 		103.8023 		3.5864
v -52.6419 		97.6365 		4
v -52.6558 		97.6566 		3.6296
v -52.5881 		97.5625 		3.7068
v -52.6009 		97.5795 		4
v -44.496 		61.658 		2
v -44.31 		61.6 		2
v -52.6534 		97.6531 		3.6058
v -52.5915 		97.567 		3.6679
v -44.105 		61.539 		2
v -52.7297 		97.7702 		4
v -52.7114 		97.7402 		3.8265
v -52.7191 		97.7522 		4
v -41.077 		61.169 		2
v -22.175 		103.922 		3.101
v -41.687 		61.17 		2
v -52.744 		97.791 		4
v -52.623 		97.609 		4
v -41.884 		61.177 		2
v -42.089 		61.189 		2
v -22.376 		103.693 		3.468
v -42.305 		61.207 		2
v -52.5296 		97.4882 		3.2538
v -52.5221 		97.478 		3.1222
v -22.239 		103.842 		3.437
v -52.4471 		97.3903 		3.2261
v -26.5957 		76.8 		4
v -52.4584 		97.4023 		3.079
v -52.4531 		97.3966 		3.072
v -52.3567 		97.2915 		2.9436
v -22.3504 		103.7206 		3.1436
v -25.2491 		75.776 		4
v -22.3231 		103.7491 		3.2466
v -22.324 		103.7488 		3.3519
v -52.6014 		97.5802 		3.0522
v -22.305 		103.768 		3.1216
v -22.34 		103.7315 		3.072
v -22.2995 		103.7743 		3.1589
v -54.2957 		103.4976 		2
v -22.238 		103.844 		3.177
v -43.904 		61.487 		2.001
v -54.2954 		103.4977 		2
v -52.184 		97.127 		3.247
v -54.294 		103.498 		2
v -52.1489 		97.0985 		3.072
v -52.1594 		97.1066 		3.1677
v -52.0514 		97.0197 		3.5032
v -53.016 		98.379 		2
v -53.0391 		98.4549 		2
v -53.1193 		98.7656 		2
v -52.0535 		97.0219 		3.2686
v -51.9608 		96.9525 		3.072
v -51.9879 		96.972 		3.4527
v -18.432 		76.388 		3.2057
v -18.4276 		76.3922 		3.2057
v -18.4317 		76.3883 		3.334
v -18.432 		76.388 		3.3353
v -51.8504 		96.8785 		3.1779
v -51.881 		96.8982 		3.1494
v -51.894 		96.9068 		3.072
v -18.1257 		76.7162 		3.9947
v -18.124 		76.7182 		3.9947
v -52.184 		97.127 		4
v -53.047 		98.481 		2
v -53.074 		98.583 		2
v -52.021 		96.996 		3.808
v -22.2078 		103.8819 		3.584
v -22.238 		103.844 		3.917
v -52.0393 		97.0103 		4
v -52.1411 		97.0915 		4
v -22.2001 		103.8916 		3.6473
v -51.9879 		96.972 		4
v -52.021 		96.996 		4
v -51.8298 		96.8656 		3.072
v -51.8242 		96.8616 		3.2023
v -51.8079 		96.8525 		3.4858
v -51.8168 		96.8579 		3.4214
v -51.7136 		96.7968 		3.5687
v -51.7138 		96.7969 		3.584
v -25.5559 		75.9643 		4
v -51.8223 		96.8604 		3.2133
v -51.7411 		96.8127 		3.2224
v -18.0867 		76.7613 		2
v -18.0868 		76.7612 		2
v -18.0868 		76.7612 		2
v -18.0873 		76.7606 		2
v -51.7155 		96.7973 		3.7357
v -51.6614 		96.768 		3.7546
v -18.087 		76.7609 		2
v -18.0869 		76.7611 		2
v -25.3951 		75.8619 		4
v -25.3875 		75.8573 		4
v -51.762 		96.823 		3.554
v -52.02 		96.995 		3.355
v -51.672 		96.773 		4
v -25.3962 		75.8626 		4
v -18.0867 		76.7614 		2
v -25.42 		75.877 		4
v -25.5452 		75.957 		4
v -52.102 		97.059 		4
v -25.495 		75.9246 		4
v -25.5397 		75.9532 		4
v -52.02 		96.995 		4
v -42.906 		61.279 		2
v -42.698 		61.25 		2
v -42.507 		61.227 		2
v -43.708 		61.436 		2
v -43.505 		61.39 		2
v -43.31 		61.35 		2
v -22.494 		103.583 		3.445
v -1.53 		97.723 		2
v -18.2402 		76.5848 		2
v -43.106 		61.312 		2
v -51.6904 		96.7838 		3.0781
v -51.6915 		96.7845 		3.072
v -18.2398 		76.5852 		2
v -51.672 		96.773 		3.08
v -0.369 		93.047 		2
v -49.09 		64.64 		2
v -18.0873 		76.7606 		2
v -18.1062 		76.7389 		2
v -18.2093 		76.6203 		2
v -18.2175 		76.6108 		2
v -18.2397 		76.5854 		2
v -18.2397 		76.5853 		2
v -18.087 		76.7609 		2
v -51.662 		96.768 		3.243
v -51.6622 		96.7681 		3.243
v -51.6958 		96.7868 		3.4372
v -51.7019 		96.7897 		3.2268
v -51.6996 		96.7884 		3.2443
v -44.104 		61.542 		2.001
v -44.309 		61.602 		2.001
v -44.496 		61.661 		2.001
v -44.69 		61.727 		2.001
v -44.887 		61.797 		2.001
v -22.434 		103.637 		3.172
v -47.897 		63.517 		2
v -22.4398 		103.6332 		3.5624
v -48.055 		63.648 		2
v -22.4406 		103.6323 		3.584
v -22.4258 		103.6462 		3.5491
v -22.4252 		103.6467 		3.584
v -26.573 		76.778 		4
v -26.4778 		76.6896 		4
v -52.183 		97.126 		4
v -26.2058 		76.4492 		4
v -26.0756 		76.3418 		4
v -26.0675 		76.3353 		4
v -25.966 		76.256 		4
v -25.752 		76.098 		4
v -22.501 		103.5784 		3.8794
v -48.665 		64.203 		2
v -22.4419 		103.631 		3.6173
v -22.4829 		103.5941 		3.8667
v -22.375 		103.695 		3.959
v -48.946 		64.488 		2
v -48.807 		64.344 		2
v -22.4244 		103.6473 		3.6214
v -48.217 		63.788 		2
v -22.4846 		103.5929 		3.9302
v -52.0769 		97.0401 		3.072
v -48.363 		63.919 		2
v -22.501 		103.5786 		3.9327
v -26.071 		76.338 		4
v -48.508 		64.053 		2
v -51.8072 		96.8517 		3.584
v -51.9015 		96.9118 		4
v -51.9239 		96.9266 		3.7559
v -51.8004 		96.8479 		4
v -47.083 		62.917 		2
v -51.8927 		96.906 		3.6425
v -51.8058 		96.8503 		3.7543
v -46.908 		62.803 		2
v -51.7729 		96.8301 		4
v -46.721 		62.686 		2
v -51.7526 		96.8182 		4
v -46.548 		62.583 		2
v -46.379 		62.486 		2
v -26.3464 		76.5697 		4
v -26.2104 		76.4529 		4
v -51.849 		96.877 		4
v -51.762 		96.823 		4
v -46.01 		62.288 		2
v -45.824 		62.195 		2
v -45.654 		62.115 		2
v -45.456 		62.025 		2
v -45.265 		61.943 		2
v -45.08 		61.869 		2
v -26.3481 		76.5711 		4
v -26.4422 		76.6566 		4
v -46.19 		62.382 		2
v -47.415 		63.147 		2
v -47.244 		63.026 		2
v -27.077 		77.3066 		4
v -27.425 		77.727 		4
v -27.256 		77.517 		4
v -27.126 		77.362 		4
v -47.578 		63.268 		2
v -47.733 		63.387 		2
v -18.2398 		76.5852 		2
v -18.2399 		76.5851 		2
v -51.228 		96.5803 		3.3585
v -51.2519 		96.588 		3.2297
v -51.2601 		96.5907 		3.3743
v -51.4609 		96.6694 		3.5728
v -51.4588 		96.6685 		3.584
v -51.6248 		96.7494 		3.3705
v -51.565 		96.7192 		3.1963
v -51.5097 		96.6914 		3.072
v -22.39 		103.681 		3.072
v -51.3445 		96.6218 		3.584
v -51.3428 		96.6216 		3.445
v -51.294 		96.602 		3.855
v -22.4952 		103.5837 		3.118
v -22.4956 		103.5833 		3.1011
v -51.2762 		96.5959 		4
v -22.4972 		103.5818 		3.1053
v -25.13 		75.709 		4
v -24.9761 		75.6269 		4
v -51.294 		96.602 		4
v -24.941 		75.6089 		4
v -24.677 		75.485 		4
v -22.4987 		103.5806 		3.1088
v -37.455 		37.335 		2
v -51.452 		96.6656 		3.6209
v -51.488 		96.681 		3.709
v -51.3453 		96.6219 		3.6555
v -18.494 		93.459 		2
v -18.337 		92.882 		2
v -18.1511 		92.1931 		2
v -17.875 		91.146 		2
v -41.669 		37.875 		2
v -17.6131 		90.112 		2
v -45.822 		38.769 		2
v -51.488 		96.681 		4
v -51.3941 		96.6428 		4
v -33.211 		37.158 		2
v -37.455 		37.338 		2
v -41.669 		37.877 		2
v -45.821 		38.772 		2
v -18.103 		92.015 		2
v -51.248 		47.292 		2
v -54.567 		48.964 		2
v -57.732 		50.911 		2
v -58.2592 		51.3006 		2
v -60.72 		53.119 		2
v -51.3115 		96.6088 		4
v -63.511 		55.573 		2
v -65.536 		57.6846 		2
v -51.962 		54.68 		2
v -51.6538 		96.7639 		3.7573
v -51.6526 		96.7632 		3.7577
v -22.115 		104.006 		2.8406
v -22.1049 		104.0213 		2.9228
v -22.1143 		104.0071 		2.8499
v -56.041 		57.406 		2
v -22.1146 		104.0066 		2.8425
v -22.0337 		104.1317 		2.56
v -22.0386 		104.1252 		2.801
v -59.729 		60.64 		2
v -24.952 		75.614 		4
v -22.0018 		104.1857 		2.8714
v -21.9983 		104.1921 		2.9649
v -21.9983 		104.1921 		2.9793
v -51.292 		96.601 		3.39
v -51.961 		54.682 		2
v -56.039 		57.407 		2
v -59.727 		60.642 		2
v -22.0176 		104.1585 		2.846
v -22.0328 		104.1332 		2.56
v -49.357 		64.938 		2
v -21.9977 		104.1933 		2.9728
v -21.8831 		104.4307 		3.0348
v -51.292 		96.601 		4
v -21.8793 		104.4386 		3.0316
v -62.963 		64.328 		2
v -22.006 		104.177 		2.871
v -51.39 		96.639 		4
v -49.228 		64.792 		2
v -22.115 		104.004 		2.637
v -62.962 		64.33 		2
v -49.492 		65.094 		2
v -51.6506 		96.7623 		3.072
v -51.6525 		96.7632 		3.1012
v -51.6615 		96.7677 		3.243
v -49.8171 		65.4941 		2
v -49.817 		65.4939 		2
v -51.6448 		96.7593 		3.5032
v -51.6481 		96.7611 		3.4774
v -17.602 		90.068 		2
v -17.473 		89.533 		2
v -17.361 		89.051 		2
v -17.252 		88.568 		2
v -17.182 		88.246 		2
v -17.115 		87.923 		2
v -17.019 		87.438 		2
v -51.6522 		96.7631 		3.4092
v -16.909 		86.844 		2
v -21.9859 		104.2149 		2.56
v -51.652 		96.7629 		3.3921
v -16.853 		86.519 		2
v -16.8 		86.194 		2
v -16.7727 		86.016 		2
v -49.624 		65.256 		2
v -49.816 		65.496 		2
v -51.6016 		96.7374 		3.2031
v -18.36 		76.458 		2
v -51.5505 		96.7109 		4
v -51.6317 		96.7519 		3.7651
v -18.2402 		76.5848 		2
v -51.6011 		96.736 		4
v -18.3317 		76.4879 		2
v -18.3597 		76.4583 		2
v -51.6334 		96.7534 		3.5931
v -22.0197 		104.1551 		2.8555
v -51.581 		96.725 		3.609
v -51.581 		96.725 		4
v -49.6251 		65.2541 		2
v -49.625 		65.254 		2
v -22.059 		104.089 		3.066
v -51.487 		96.68 		4
v -51.487 		96.68 		3.601
v -49.884 		40.012 		2
v -51.6459 		96.7593 		3.2114
v -51.6497 		96.7613 		3.2425
v -51.6346 		96.754 		3.584
v -53.826 		41.594 		2
v -57.619 		43.505 		2
v -61.236 		45.73 		2
v -64.652 		48.254 		2
v -49.883 		40.014 		2
v -53.825 		41.597 		2
v -57.618 		43.507 		2
v -61.235 		45.733 		2
v -64.65 		48.256 		2
v -16.75 		85.868 		2
v -16.719 		85.651 		2
v -16.675 		85.325 		2
v -16.635 		84.998 		2
v -16.587 		84.562 		2
v -16.546 		84.125 		2
v -16.523 		83.839 		2
v -16.503 		83.536 		2
v -16.486 		83.232 		2
v -66.082 		58.254 		2
v -16.478 		83.03 		2
v -16.467 		82.49 		2
v -16.468 		82.22 		2
v -16.474 		81.95 		2
v -16.4752 		81.92 		2
v -51.488 		96.681 		3.177
v -51.4609 		96.6694 		3.2956
v -51.3519 		96.6253 		3.3565
v -18.36 		76.458 		2
v -18.432 		76.3851 		2
v -22.175 		103.923 		2.864
v -51.487 		96.68 		3.281
v -51.487 		96.68 		3.072
v -22.192 		103.9017 		2.6301
v -22.1908 		103.9031 		2.6254
v -18.6206 		76.2151 		3.2203
v -18.6236 		76.2125 		3.3114
v -18.6385 		76.1997 		3.334
v -18.6394 		76.1989 		3.3174
v -18.6423 		76.1963 		3.2203
v -31.004 		87.214 		2
v -18.631 		76.206 		3.3566
v -22.3333 		103.7385 		3.0257
v -18.4573 		76.3637 		3.334
v -18.4595 		76.3616 		3.2057
v -51.392 		96.64 		3.1295
v -22.2389 		103.8459 		2.56
v -18.4332 		76.3868 		3.3397
v -18.4432 		76.377 		3.3713
v -18.454 		76.3668 		3.3457
v -18.443 		76.377 		3.25
v -51.3588 		96.6279 		3.3346
v -18.632 		76.205 		3.25
v -51.39 		96.639 		3.105
v -22.175 		103.922 		2.648
v -41.076 		61.172 		2.001
v -22.239 		103.842 		2.883
v -18.6239 		76.2122 		3.334
v -18.6303 		76.2066 		3.359
v -22.1969 		103.8955 		2.56
v -18.4419 		76.3751 		2
v -51.2601 		96.5905 		3.4441
v -18.4419 		76.3751 		2
v -18.4423 		76.3747 		2
v -18.4423 		76.3747 		2
v -18.4413 		76.3757 		2
v -18.528 		76.296 		2
v -18.5276 		76.2963 		2
v -18.5277 		76.2963 		2
v -29.633 		82.145 		2
v -29.72 		82.413 		2
v -18.528 		76.296 		2
v -18.5281 		76.2959 		2
v -51.2361 		96.5825 		3.072
v -52.224 		97.1646 		2.6153
v -52.1496 		97.0998 		2.7265
v -18.5369 		76.288 		2
v -52.1447 		97.0952 		3.0337
v -51.763 		96.824 		2.6416
v -51.772 		96.8295 		2.6814
v -51.7802 		96.8345 		2.6107
v -51.7758 		96.8319 		2.5788
v -18.9072 		75.9859 		2
v -18.907 		75.986 		2
v -51.7585 		96.8215 		2.6621
v -18.8091 		76.0599 		2
v -18.8091 		76.0599 		2
v -18.865 		76.0177 		2
v -18.9066 		75.9863 		2
v -51.74 		96.8111 		2.56
v -51.7405 		96.8113 		2.5639
v -51.7541 		96.819 		2.6826
v -18.8087 		76.0602 		2
v -18.8087 		76.0602 		2
v -18.8086 		76.0603 		2
v -51.778 		96.8336 		2.7716
v -51.9239 		96.9266 		2.894
v -51.9129 		96.9194 		2.7781
v -51.8301 		96.8659 		3.0639
v -51.7484 		96.8161 		2.7579
v -51.7492 		96.8165 		2.7538
v -51.762 		96.823 		2.57
v -51.849 		96.877 		3.062
v -68.418 		61.143 		2
v -70.499 		64.22 		2
v -67.841 		51.058 		2
v -31.279 		68.734 		4
v -51.7403 		96.8113 		2.5652
v -70.78 		54.122 		2
v -51.7247 		96.8028 		2.56
v -18.6187 		76.2142 		2
v -51.7553 		96.8193 		2.6077
v -18.6193 		76.2138 		2
v -73.449 		57.425 		2
v -18.6179 		76.215 		2
v -18.618 		76.2149 		2
v -75.828 		60.941 		2
v -77.9 		64.647 		2
v -67.839 		51.06 		2
v -70.778 		54.124 		2
v -73.447 		57.427 		2
v -75.826 		60.943 		2
v -77.897 		64.648 		2
v 16.792 		161.658 		5
v 85 		161.658 		5
v -51.7779 		96.8331 		2.56
v -51.9493 		96.9443 		2.911
v 16.792 		89.28 		5
v -52.041 		97.013 		2.8101
v -51.9546 		96.948 		2.8354
v 16.792 		85.036 		5
v 70.805 		57.261 		5
v 70.407 		57.182 		5
v 70.003 		57.156 		5
v 69.598 		57.182 		5
v 69.2 		57.261 		5
v 66.903 		60.256 		5
v 66.929 		60.66 		5
v 67.008 		61.058 		5
v 68.817 		57.391 		5
v -52.183 		97.126 		2.935
v 68.453 		57.571 		5
v 68.116 		57.796 		5
v 67.811 		58.064 		5
v 67.543 		58.368 		5
v -18.713 		76.136 		2
v -18.713 		76.136 		2
v -18.7131 		76.1359 		2
v 67.318 		58.706 		5
v -18.7127 		76.1363 		2
v 67.139 		59.069 		5
v 67.008 		59.453 		5
v -52.103 		97.06 		2.7791
v 66.929 		59.851 		5
v -52.1172 		97.0717 		2.8132
v -52.1207 		97.0747 		2.7697
v -52.1061 		97.0625 		2.7344
v 67.139 		61.442 		5
v -52.0755 		97.0385 		2.56
v -52.0951 		97.0539 		2.7375
v -52.1012 		97.0586 		2.7924
v 67.318 		61.806 		5
v 67.543 		62.143 		5
v 67.811 		62.448 		5
v -52.1186 		97.0736 		2.9574
v -22.306 		103.766 		2.986
v 68.116 		62.715 		5
v 68.453 		62.941 		5
v 68.817 		63.12 		5
v -52.102 		97.059 		2.74
v 69.2 		63.25 		5
v 69.598 		63.329 		5
v 72.997 		61.058 		5
v 73.076 		60.66 		5
v -52.0873 		97.0477 		2.7965
v -52.0924 		97.0517 		2.8585
v 73.103 		60.256 		5
v 73.076 		59.851 		5
v -52.0832 		97.0447 		2.7977
v -52.0917 		97.0512 		2.8785
v 72.997 		59.453 		5
v 72.867 		59.069 		5
v -52.088 		97.0487 		2.9787
v 72.688 		58.706 		5
v 72.462 		58.368 		5
v 72.195 		58.064 		5
v 71.89 		57.796 		5
v 71.553 		57.571 		5
v 71.189 		57.391 		5
v 70.003 		63.356 		5
v 70.407 		63.329 		5
v 70.805 		63.25 		5
v 71.189 		63.12 		5
v -22.498 		103.58 		2.84
v 71.553 		62.941 		5
v 71.89 		62.715 		5
v 72.195 		62.448 		5
v 72.462 		62.143 		5
v 72.688 		61.806 		5
v 72.867 		61.442 		5
v -13.039 		65.445 		2.001
v 66.903 		114.06 		5
v 66.929 		114.465 		5
v 69.598 		110.987 		5
v 69.2 		111.066 		5
v 68.817 		111.196 		5
v 68.453 		111.375 		5
v 68.116 		111.601 		5
v 67.811 		111.868 		5
v -13.23 		65.312 		2.001
v 67.543 		112.173 		5
v 67.318 		112.51 		5
v -18.6187 		76.2142 		2
v -18.6193 		76.2138 		2
v 67.139 		112.874 		5
v 67.008 		113.258 		5
v 66.929 		113.656 		5
v -18.7043 		76.1432 		2
v 73.076 		114.465 		5
v -18.7097 		76.1387 		2
v -18.7126 		76.1363 		2
v 73.103 		114.06 		5
v 73.076 		113.656 		5
v 72.997 		113.258 		5
v 72.867 		112.874 		5
v 72.688 		112.51 		5
v 72.462 		112.173 		5
v 72.195 		111.868 		5
v 71.89 		111.601 		5
v -52.1252 		97.0783 		2.56
v 71.553 		111.375 		5
v 71.189 		111.196 		5
v 70.805 		111.066 		5
v 70.407 		110.987 		5
v 70.003 		110.96 		5
v 73.103 		110.96 		5
v -31.028 		68.502 		4
v 67.008 		114.863 		5
v -31.13 		68.711 		4
v 67.139 		115.247 		5
v 67.318 		115.61 		5
v 67.543 		115.948 		5
v 67.811 		116.252 		5
v -31.2076 		68.8793 		4
v 68.116 		116.52 		5
v 68.453 		116.745 		5
v -31.1959 		68.8539 		4
v 68.817 		116.925 		5
v 69.2 		117.055 		5
v 69.598 		117.134 		5
v 70.003 		117.161 		5
v 70.407 		117.134 		5
v -51.4119 		96.6485 		2.6386
v -51.3963 		96.6418 		2.6022
v 70.805 		117.055 		5
v 71.189 		116.925 		5
v 71.553 		116.745 		5
v 71.89 		116.52 		5
v -51.3736 		96.6329 		2.56
v -51.3799 		96.6353 		2.5988
v 72.195 		116.252 		5
v 72.462 		115.948 		5
v 72.688 		115.61 		5
v 72.867 		115.247 		5
v -13.429 		65.178 		2.001
v 72.997 		114.863 		5
v -51.5244 		96.6994 		2.56
v 69.086 		153.47 		5
v 68.938 		153.6 		5
v 69.249 		153.361 		5
v -51.5087 		96.6909 		3.0698
v -51.5244 		96.6988 		2.9229
v -13.633 		65.046 		2.001
v 69.425 		153.275 		5
v 69.612 		153.212 		5
v -51.6496 		96.7617 		3.0562
v 68.808 		155.574 		5
v -13.828 		64.925 		2.001
v 68.699 		155.41 		5
v 68.612 		155.235 		5
v -51.39 		96.639 		2.605
v -18.7609 		76.0981 		2
v -14.039 		64.799 		2.001
v 68.549 		155.049 		5
v -51.392 		96.64 		2.806
v 68.511 		154.856 		5
v 68.498 		154.66 		5
v 68.511 		154.465 		5
v 68.549 		154.272 		5
v 68.612 		154.086 		5
v -14.249 		64.678 		2.001
v 68.699 		153.91 		5
v 68.808 		153.747 		5
v -51.3799 		96.6353 		2.7064
v 69.612 		156.109 		5
v 69.425 		156.046 		5
v 69.249 		155.96 		5
v 69.086 		155.851 		5
v 68.938 		155.721 		5
v -19.007 		75.914 		2
v 69.804 		153.173 		5
v 70 		153.16 		5
v -18.9072 		75.9859 		2
v -19.0058 		75.9149 		2
v -51.2743 		96.5967 		2.56
v -19.0058 		75.9148 		2
v 70.197 		153.173 		5
v -18.907 		75.986 		2
v 70.389 		153.212 		5
v 70.575 		153.275 		5
v 70.752 		153.361 		5
v -14.446 		64.569 		2.001
v 70.915 		153.47 		5
v 71.063 		153.6 		5
v -30.72 		67.5267 		4
v 71.49 		154.856 		5
v 71.503 		154.66 		5
v 71.452 		155.049 		5
v 71.389 		155.235 		5
v 71.302 		155.41 		5
v 71.192 		155.574 		5
v -51.487 		96.68 		2.883
v 71.192 		153.747 		5
v 71.302 		153.91 		5
v 71.389 		154.086 		5
v -19.1088 		75.8461 		2
v -19.1091 		75.8459 		2
v 71.452 		154.272 		5
v -51.4042 		96.6452 		2.56
v 71.49 		154.465 		5
v -14.674 		64.448 		2.001
v -19.007 		75.914 		2
v -19.019 		75.906 		2
v 71.063 		155.721 		5
v -19.1086 		75.8463 		2
v -19.1086 		75.8463 		2
v 70.915 		155.851 		5
v 70.752 		155.96 		5
v 70.575 		156.046 		5
v 70.389 		156.109 		5
v 70.197 		156.148 		5
v 70 		156.161 		5
v -14.871 		64.348 		2.001
v 69.804 		156.148 		5
v -22.3824 		103.6879 		2.957
v -22.3882 		103.6828 		3.0583
v -22.3743 		103.6961 		2.9555
v -51.5759 		96.7231 		2.6461
v -51.582 		96.726 		2.6225
v -22.305 		103.768 		2.613
v -51.5859 		96.728 		2.6418
v -15.085 		64.244 		2.001
v -51.5875 		96.7289 		2.6498
v -51.5741 		96.7224 		2.6958
v -22.3593 		103.7114 		2.9526
v -51.5899 		96.7303 		2.694
v -41.686 		61.172 		2.001
v -19.213 		75.779 		2
v -19.2133 		75.7788 		2
v -19.214 		75.7784 		2
v -19.2162 		75.7771 		2
v -19.2181 		75.776 		2
v -22.376 		103.693 		2.789
v -19.1088 		75.8461 		2
v -19.1091 		75.8459 		2
v -19.1789 		75.801 		2
v -19.2126 		75.7793 		2
v -19.2126 		75.7792 		2
v -51.2258 		96.579 		2.9703
v -19.213 		75.779 		2
v -19.2133 		75.7788 		2
v -15.299 		64.143 		2.001
v -52.1953 		97.1373 		2.0956
v -52.224 		97.1635 		2.282
v -51.328 		96.6152 		2.2781
v -51.5627 		96.7168 		2.5272
v -51.5608 		96.7158 		2.5346
v -52.176 		97.1204 		2.0956
v -52.0443 		97.0142 		2.2788
v -51.9879 		96.972 		2.2564
v -52.0072 		96.986 		2.1469
v -51.6215 		96.7466 		2.3933
v -51.6638 		96.7687 		2.048
v -51.8168 		96.857 		2.2111
v -51.6918 		96.784 		2.1254
v -15.526 		64.041 		2.001
v -15.736 		63.95 		2.001
v -15.966 		63.855 		2.001
v -16.186 		63.768 		2.001
v -19.284 		75.7373 		2
v -19.3729 		75.6851 		2
v -19.3729 		75.6851 		2
v -19.3732 		75.6849 		2
v -19.3732 		75.6849 		2
v -19.374 		75.6845 		2
v -19.417 		75.6613 		2
v -19.456 		75.6403 		2
v -22.433 		103.639 		2.311
v -20.1648 		75.3171 		2
v -20.1648 		75.3171 		2
v -20.1655 		75.3168 		2
v -20.1655 		75.3168 		2
v -19.9887 		75.3851 		2
v -19.9893 		75.3849 		2
v -36.3729 		83.9114 		4
v -19.9899 		75.3846 		2
v -20.05 		75.3614 		2
v -20.0902 		75.3459 		2
v -20.1658 		75.3167 		2
v -16.41 		63.684 		2.001
v -19.5915 		75.5672 		2
v -19.5915 		75.5672 		2
v -19.5922 		75.5669 		2
v -19.5922 		75.5669 		2
v -19.593 		75.5665 		2
v -19.6164 		75.5554 		2
v -16.642 		63.6 		2.001
v -19.5919 		75.567 		2
v -19.5919 		75.567 		2
v -22.0335 		104.132 		2.5466
v -16.86 		63.526 		2.001
v -21.9598 		104.2629 		2.048
v -19.6164 		75.5554 		2
v -19.8165 		75.4602 		2
v -19.8165 		75.4602 		2
v 85 		57.156 		5
v -19.8172 		75.4599 		2
v -19.8172 		75.4599 		2
v -19.8179 		75.4596 		2
v -19.8544 		75.4437 		2
v -19.8169 		75.4601 		2
v -19.8169 		75.4601 		2
v -16.485 		81.679 		2
v -16.496 		81.477 		2
v -16.506 		81.342 		2
v -16.529 		81.072 		2
v -16.567 		80.735 		2
v -16.594 		80.533 		2
v -16.625 		80.331 		2
v -16.673 		80.062 		2
v -16.7108 		79.872 		2
v -19.9887 		75.3851 		2
v -19.9893 		75.3849 		2
v -19.8544 		75.4437 		2
v -19.9357 		75.4082 		2
v -16.713 		79.861 		2
v -16.758 		79.66 		2
v -16.7971 		79.4974 		2
v -17.3003 		78.0393 		2
v -17.313 		78.011 		2
v -16.802 		79.477 		2
v -16.847 		79.304 		2
v -16.896 		79.131 		2
v -16.9183 		79.0574 		2
v -17.2634 		78.1218 		2
v -22.2848 		103.7912 		2.4912
v -20.4617 		75.2161 		2
v -20.4617 		75.2161 		2
v -20.4624 		75.2159 		2
v -20.4624 		75.2159 		2
v -20.342 		75.255 		2
v -20.3429 		75.2547 		2
v -20.3892 		75.2397 		2
v -20.4629 		75.2158 		2
v -20.48 		75.2109 		2
v -16.948 		78.959 		2
v -17.004 		78.788 		2
v -17.0661 		78.6103 		2
v -17.2257 		78.2076 		2
v -17.24 		78.174 		2
v -22.306 		103.766 		2.461
v -17.083 		78.562 		2
v -17.17 		78.339 		2
v -20.48 		75.2109 		2
v -41.883 		61.18 		2.001
v -17.364 		77.903 		2
v -17.4035 		77.824 		2
v -20.342 		75.255 		2
v -20.2896 		75.2734 		2
v -17.408 		77.815 		2
v -22.1977 		103.8945 		2.5518
v -17.774 		77.185 		2
v -17.417 		77.797 		2
v -17.472 		77.691 		2
v -17.528 		77.587 		2
v -17.587 		77.485 		2
v -17.647 		77.383 		2
v -20.9685 		75.0866 		3.5609
v -20.8669 		75.1099 		3.4829
v -21.0128 		75.0764 		3.6172
v -21.0125 		75.0765 		3.6089
v -20.7963 		75.1259 		3.4825
v -20.8148 		75.1205 		3.9722
v -20.7648 		75.133 		3.4822
v -51.7139 		96.797 		2.5565
v -49.152 		83.6329 		4
v -49.099 		83.402 		4
v -48.939 		82.734 		4
v -48.782 		82.113 		4
v -48.7315 		81.92 		4
v -51.2406 		96.5844 		2.5132
v 70.805 		57.261 		2.998
v 70.407 		57.182 		2.998
v 70.003 		57.156 		2.998
v 69.598 		57.182 		2.998
v 69.2 		57.261 		2.998
v 66.929 		60.66 		2.998
v 66.903 		60.256 		2.998
v 67.008 		61.058 		2.998
v 68.817 		57.391 		2.998
v 68.453 		57.571 		2.998
v 68.116 		57.796 		2.998
v 67.811 		58.064 		2.998
v 67.543 		58.368 		2.998
v 67.318 		58.706 		2.998
v 67.139 		59.069 		2.998
v 67.008 		59.453 		2.998
v 66.929 		59.851 		2.998
v 67.139 		61.442 		2.998
v -51.581 		96.725 		2.519
v 67.318 		61.806 		2.998
v 67.543 		62.143 		2.998
v 67.811 		62.448 		2.998
v 68.116 		62.715 		2.998
v 68.453 		62.941 		2.998
v 68.817 		63.12 		2.998
v -22.434 		103.637 		2.234
v -22.493 		103.585 		2.144
v -51.4503 		96.6649 		2.315
v -51.5511 		96.7112 		2.4635
v -22.494 		103.583 		2.109
v -20.9517 		75.0879 		2
v -21.1372 		75.051 		2
v -21.1671 		75.046 		2
v -20.9506 		75.0881 		2
v -20.9511 		75.088 		2
v -20.7047 		75.1471 		2
v -20.705 		75.147 		2
v -20.8268 		75.116 		2
v -21.1691 		75.0456 		2
v -21.3226 		75.0201 		2
v -21.3232 		75.02 		2
v -21.3739 		75.0127 		2
v -21.449 		75.002 		2
v -21.4497 		75.0019 		2
v -21.8246 		74.965 		2
v -22.0271 		74.9556 		2
v -22.0769 		74.954 		2
v -22.1097 		74.9537 		2
v -21.825 		74.965 		2
v -21.9508 		74.958 		2
v -21.9513 		74.958 		2
v -21.6958 		74.9754 		2
v -21.6999 		74.975 		2
v -22.2015 		74.953 		2
v -22.2019 		74.953 		2
v -22.2466 		74.9537 		2
v -22.3838 		74.9557 		2
v -22.4075 		74.956 		2
v -22.4084 		74.956 		2
v -22.6145 		74.966 		2
v -22.6149 		74.9661 		2
v -22.6138 		74.966 		2
v -23.0207 		75.008 		2
v -23.0214 		75.0081 		2
v -23.0553 		75.0134 		2
v -23.2235 		75.0401 		2
v -23.2239 		75.0402 		2
v -23.2228 		75.04 		2
v -23.552 		75.1084 		2
v -42.088 		61.192 		2.001
v 69.2 		63.25 		2.998
v 69.598 		63.329 		2.998
v 72.997 		61.058 		2.998
v 73.076 		60.66 		2.998
v -23.6217 		75.1229 		2
v -23.6224 		75.1231 		2
v -23.6376 		75.127 		2
v 73.103 		60.256 		2.998
v 73.076 		59.851 		2.998
v -23.8188 		75.174 		2
v -23.8193 		75.1741 		2
v -23.8382 		75.1797 		2
v 72.997 		59.453 		2.998
v -51.6644 		96.769 		2.0433
v 72.867 		59.069 		2.998
v -23.937 		75.2091 		2
v -24.014 		75.232 		2
v -24.0336 		75.2385 		2
v 72.688 		58.706 		2.998
v 72.462 		58.368 		2.998
v 72.195 		58.064 		2.998
v -24.2057 		75.2959 		2
v 71.89 		57.796 		2.998
v 71.553 		57.571 		2.998
v -24.2059 		75.296 		2
v -24.206 		75.296 		2
v -24.2064 		75.2962 		2
v -24.3969 		75.3659 		2
v 71.189 		57.391 		2.998
v 70.003 		63.356 		2.998
v 70.407 		63.329 		2.998
v 70.805 		63.25 		2.998
v 71.189 		63.12 		2.998
v 71.553 		62.941 		2.998
v 71.89 		62.715 		2.998
v 72.195 		62.448 		2.998
v 72.462 		62.143 		2.998
v 72.688 		61.806 		2.998
v 72.867 		61.442 		2.998
v 66.929 		114.465 		2.998
v 66.903 		114.06 		2.998
v 69.598 		110.987 		2.998
v -28.1415 		78.772 		2
v -28.182 		78.839 		2
v 69.2 		111.066 		2.998
v -27.588 		77.942 		2
v -27.6736 		78.06 		2
v -27.7059 		78.1049 		2
v -27.706 		78.105 		2
v 68.817 		111.196 		2.998
v -27.783 		78.216 		2
v -27.7831 		78.2161 		2
v -27.933 		78.44 		2
v -27.9331 		78.4401 		2
v -27.986 		78.5229 		2
v 68.453 		111.375 		2.998
v 68.116 		111.601 		2.998
v 67.811 		111.868 		2.998
v 67.543 		112.173 		2.998
v -28.2979 		79.0368 		2
v -28.298 		79.0371 		2
v -27.934 		78.441 		2
v -17.082 		63.453 		2.001
v -27.784 		78.217 		2
v -27.707 		78.106 		2
v -42.304 		61.209 		2.001
v -17.317 		63.381 		2.001
v 67.318 		112.51 		2.998
v 67.139 		112.874 		2.998
v 67.008 		113.258 		2.998
v 66.929 		113.656 		2.998
v 73.076 		114.465 		2.998
v -42.506 		61.229 		2.001
v -42.698 		61.253 		2.001
v -42.905 		61.282 		2.001
v 73.103 		114.06 		2.998
v 73.076 		113.656 		2.998
v 72.997 		113.258 		2.998
v 72.867 		112.874 		2.998
v 72.688 		112.51 		2.998
v 72.462 		112.173 		2.998
v 72.195 		111.868 		2.998
v 71.89 		111.601 		2.998
v 71.553 		111.375 		2.998
v 71.189 		111.196 		2.998
v -21.9576 		104.267 		2.0047
v 70.805 		111.066 		2.998
v 70.407 		110.987 		2.998
v 70.003 		110.96 		2.998
v 67.008 		114.863 		2.998
v 67.139 		115.247 		2.998
v 67.318 		115.61 		2.998
v -17.556 		63.311 		2.001
v 67.543 		115.948 		2.998
v -43.105 		61.314 		2.001
v -43.309 		61.352 		2.001
v -43.505 		61.392 		2.001
v -43.707 		61.438 		2.001
v 67.811 		116.252 		2.998
v 68.116 		116.52 		2.998
v 68.453 		116.745 		2.998
v 68.817 		116.925 		2.998
v 69.2 		117.055 		2.998
v 69.598 		117.134 		2.998
v -17.775 		63.25 		2.001
v 70.003 		117.161 		2.998
v 70.407 		117.134 		2.998
v 70.805 		117.055 		2.998
v 71.189 		116.925 		2.998
v 71.553 		116.745 		2.998
v 71.89 		116.52 		2.998
v 72.195 		116.252 		2.998
v 72.462 		115.948 		2.998
v 72.688 		115.61 		2.998
v 72.867 		115.247 		2.998
v 72.997 		114.863 		2.998
v -18.009 		63.189 		2.001
v -18.252 		63.129 		2.001
v -22.6109 		103.4905 		2.8816
v -22.597 		103.5013 		2.8266
v -22.6835 		103.4388 		2.6982
v -22.6487 		103.4633 		2.8106
v -49.089 		64.642 		2
v -22.5897 		103.507 		2.7978
v -22.555 		103.534 		3.145
v -18.466 		63.08 		2.001
v -18.701 		63.03 		2.001
v -22.618 		103.485 		2.384
v -18.937 		62.983 		2.001
v -22.618 		103.485 		2.6982
v -22.6001 		103.4989 		2.7613
v -22.6792 		103.4418 		2.618
v -22.618 		103.485 		3.479
v -22.6979 		103.4277 		3.8074
v -52.799 		97.885 		4
v -47.896 		63.519 		2
v -48.054 		63.651 		2
v -52.8937 		98.0703 		4
v -52.9727 		98.2592 		4
v -22.6687 		103.4479 		3.6951
v -52.898 		98.079 		4
v -52.98 		98.278 		4
v -22.618 		103.483 		3.109
v -22.618 		103.483 		2.637
v -52.4626 		97.407 		4
v -22.6939 		103.4303 		3.7232
v -22.6945 		103.4295 		3.6009
v -22.6824 		103.4382 		3.6453
v -22.7027 		103.424 		3.4419
v -22.7022 		103.4245 		3.3819
v -52.4203 		97.3589 		4
v -52.416 		97.354 		4
v -22.683 		103.437 		3.363
v -52.685 		97.699 		4
v -52.5623 		97.5281 		4
v -52.688 		97.7036 		4
v -52.7114 		97.7402 		4
v -22.618 		103.483 		3.5
v -52.557 		97.521 		4
v -22.6655 		103.4501 		3.8651
v -22.6655 		103.4501 		3.7308
v -22.6979 		103.4277 		3.8389
v -48.507 		64.055 		2
v -48.664 		64.205 		2
v -22.7032 		103.424 		3.9423
v -48.805 		64.347 		2
v -48.945 		64.49 		2
v -51.9865 		96.9709 		4
v -22.555 		103.532 		3.164
v -48.216 		63.79 		2
v -48.362 		63.921 		2
v -22.555 		103.534 		3.552
v -51.9477 		96.9431 		4
v -51.935 		96.934 		4
v -22.7032 		103.4249 		2.5867
v -22.703 		103.424 		3.359
v -22.555 		103.534 		2.77
v -52.2957 		97.2309 		4
v -52.264 		97.2 		4
v -52.341 		97.275 		4
v -22.555 		103.532 		2.859
v -52.263 		97.199 		4
v -22.555 		103.532 		2.578
v -57.843 		89.985 		4
v -57.841 		89.985 		4
v -57.344 		83.6931 		4
v -61.2533 		82.7103 		4
v -56.3429 		83.9448 		4
v -56.342 		83.945 		4
v -49.2289 		83.968 		4
v -49.5839 		85.6435 		4
v -49.515 		85.301 		4
v -49.385 		84.678 		4
v -49.256 		84.086 		4
v -49.584 		85.644 		4
v -22.618 		103.483 		2.289
v -35.894 		79.8882 		4
v -35.8958 		79.9693 		4
v -35.9057 		80.2613 		4
v -35.907 		80.2973 		4
v -35.9085 		80.3362 		4
v -35.9115 		80.3946 		4
v -35.926 		80.644 		4
v -35.9518 		81.006 		4
v -35.9538 		81.0316 		4
v -35.9914 		81.4421 		4
v -35.9941 		81.4692 		4
v -36.0368 		81.8495 		4
v -36.0453 		81.9146 		4
v -46.378 		62.488 		2.001
v -46.547 		62.585 		2.001
v -46.72 		62.689 		2.001
v -46.907 		62.805 		2.001
v -47.082 		62.919 		2.001
v -52.2507 		97.1878 		2.5754
v -52.264 		97.2 		2.691
v -52.261 		97.1972 		2.5218
v -35.98 		77.897 		4
v -35.954 		78.111 		4
v -35.933 		78.327 		4
v -35.9195 		78.5087 		4
v -22.7197 		103.4132 		3.3992
v -22.7029 		103.4239 		3.4562
v -52.2857 		97.2211 		3.072
v -52.3411 		97.2752 		2.8595
v -52.3412 		97.2752 		2.8571
v -52.3413 		97.2753 		2.8533
v -35.917 		78.543 		4
v -35.904 		78.759 		4
v -35.896 		78.976 		4
v -35.891 		79.192 		4
v -52.2639 		97.1999 		3.1567
v -52.264 		97.2 		3.1552
v -52.341 		97.275 		2.857
v -22.88 		103.315 		3.3076
v -22.8927 		103.3083 		3.3368
v -52.3413 		97.2753 		2.8588
v -52.263 		97.199 		2.519
v -22.8513 		103.3313 		3.4185
v -52.263 		97.199 		3.156
v -22.814 		103.352 		3.492
v -36.2122 		76.8 		4
v -36.198 		76.846 		4
v -36.111 		77.1828 		4
v -36.0817 		77.3058 		4
v -52.264 		97.2 		3.542
v -52.288 		97.2234 		3.4194
v -36.0943 		77.2474 		4
v -52.264 		97.2 		3.1602
v -22.7056 		103.4217 		3.584
v -36.0896 		77.2667 		4
v -36.0837 		77.296 		4
v -36.1106 		77.184 		4
v -22.949 		103.277 		3.226
v -45.455 		62.027 		2.001
v -45.653 		62.117 		2.001
v -45.823 		62.198 		2.001
v -46.009 		62.29 		2.001
v -36.6423 		75.776 		4
v -36.315 		76.491 		4
v -20.9518 		75.0878 		2
v -21.1368 		75.051 		2
v -21.1372 		75.051 		2
v -22.7082 		103.4206 		3.2119
v -20.705 		75.147 		2
v -20.7058 		75.1468 		2
v -20.7047 		75.1471 		2
v -20.5469 		75.1919 		2
v -20.6629 		75.159 		2
v -36.864 		75.4155 		4
v -36.8176 		75.4859 		4
v -36.6438 		75.7731 		4
v -45.08 		61.871 		2.001
v -45.264 		61.946 		2.001
v -36.663 		75.738 		4
v -36.6581 		75.7469 		4
v -36.7907 		75.5277 		4
v -22.8927 		103.3083 		3.4662
v -22.8687 		103.3216 		3.5835
v -22.8513 		103.3313 		3.5544
v -20.8268 		75.116 		2
v -20.8278 		75.1158 		2
v -20.8002 		75.1228 		2
v -20.7475 		75.1362 		2
v -20.7837 		75.127 		2
v -22.948 		103.279 		3.636
v -46.189 		62.385 		2.001
v -22.8181 		103.3502 		3.9766
v -37.3805 		74.7663 		4
v -22.8191 		103.3495 		3.9388
v -22.813 		103.353 		3.7597
v -22.8167 		103.3509 		3.8683
v -37.2089 		74.9615 		4
v -37.0154 		75.2064 		4
v -36.947 		75.296 		4
v -22.8048 		103.3583 		3.9792
v -20.9517 		75.0879 		2
v -20.9511 		75.088 		2
v -37.1564 		75.022 		4
v -37.1668 		75.0094 		4
v -20.9134 		75.0965 		2
v -20.9506 		75.0881 		2
v -47.414 		63.15 		2
v -47.577 		63.27 		2
v -37.161 		75.016 		4
v -21.3226 		75.0201 		2
v -21.3232 		75.02 		2
v -21.1372 		75.051 		2
v -47.732 		63.389 		2
v -21.1671 		75.046 		2
v -21.1691 		75.0456 		2
v -21.3238 		75.0199 		2
v -21.2126 		75.0384 		2
v -21.2385 		75.0341 		2
v -37.4415 		74.7024 		4
v -22.949 		103.277 		3.718
v -37.888 		74.29 		4
v -37.517 		74.625 		4
v -22.8684 		103.3217 		3.584
v -22.8552 		103.3291 		3.5794
v -22.8559 		103.3287 		3.584
v -22.859 		103.3269 		3.6036
v -21.449 		75.002 		2
v -21.4176 		75.0065 		2
v -21.4488 		75.002 		2
v -49.5839 		85.6435 		3.9962
v -21.449 		75.002 		2
v -21.4497 		75.0019 		2
v -21.504 		74.9961 		2
v -23.466 		103.089 		3.289
v -22.2233 		74.954 		3.072
v -22.2634 		74.954 		3.2926
v -22.2878 		74.9542 		3.381
v -22.341 		74.9553 		3.3622
v -22.3914 		74.9575 		3.072
v -22.284 		74.954 		3.25
v -35.9115 		80.3955 		3.9933
v -23.05 		103.23 		3.25
v -22.103 		74.9547 		3.8527
v -22.0305 		74.9568 		3.8497
v -23.136 		103.193 		3.169
v -47.243 		63.029 		2.001
v -35.962 		81.1228 		3.8355
v -35.9896 		81.4228 		3.8355
v -36.005 		81.5754 		2.0021
v -22.2075 		74.954 		2.9339
v -22.2036 		74.954 		2.9629
v -22.4053 		74.9589 		2.7828
v -36.042 		81.8929 		2.0021
v -22.4416 		74.9596 		2.7829
v -22.0271 		74.9556 		2
v -22.0734 		74.9541 		2
v -22.0769 		74.954 		2
v -21.9515 		74.958 		2
v -38.7217 		73.728 		4
v -22.0778 		74.954 		2
v -38.616 		73.786 		4
v -38.2154 		74.0409 		4
v -38.1671 		74.0745 		4
v -38.1976 		74.0526 		4
v -21.6999 		74.975 		2
v -21.6958 		74.9754 		2
v -21.6998 		74.975 		2
v -38.191 		74.057 		4
v -21.643 		74.9811 		2
v -21.6723 		74.978 		2
v -23.36 		103.117 		3.813
v -23.222 		103.161 		3.657
v -23.085 		103.215 		3.792
v -48.65 		81.609 		4
v -35.933 		80.7607 		2.006
v -48.548 		81.235 		4
v -48.439 		80.849 		4
v -48.3 		80.38 		4
v -48.221 		80.125 		4
v -48.167 		79.956 		4
v -48.0917 		79.7291 		4
v -47.967 		79.368 		4
v -47.876 		79.118 		4
v -35.924 		80.611 		3.9147
v -47.814 		78.952 		4
v -47.684 		78.623 		4
v -47.548 		78.297 		4
v -47.477 		78.135 		4
v -47.367 		77.894 		4
v -47.3331 		77.824 		4
v -21.825 		74.965 		2
v -21.8256 		74.965 		2
v -35.9021 		80.1656 		2.9848
v -21.6999 		74.975 		2
v -21.7409 		74.9717 		2
v -21.7883 		74.9679 		2
v -21.8246 		74.965 		2
v -13.898 		161.658 		5
v -33.211 		137.16 		5
v -48.083 		79.703 		4
v -21.9508 		74.958 		2
v -21.9513 		74.958 		2
v -16.595 		151.587 		5
v -23.223 		103.159 		3.242
v -17 		151.56 		5
v -17.405 		151.587 		5
v -17.803 		151.666 		5
v -18.187 		151.796 		5
v -18.551 		151.976 		5
v -18.889 		152.201 		5
v -19.194 		152.468 		5
v -23.361 		103.115 		3.359
v -19.461 		152.773 		5
v -19.687 		153.11 		5
v -19.866 		153.474 		5
v -19.997 		153.858 		5
v -20.076 		154.256 		5
v -22.2019 		74.953 		2
v -22.2028 		74.953 		2
v -20.103 		154.66 		5
v -20.076 		155.065 		5
v -22.1097 		74.9537 		2
v -19.997 		155.463 		5
v -22.1584 		74.9534 		2
v -22.2015 		74.953 		2
v -17 		157.761 		5
v -16.595 		157.734 		5
v -44.032 		73.8842 		4
v -43.9287 		73.8252 		4
v -19.866 		155.847 		5
v -23.085 		103.213 		3.343
v -19.687 		156.21 		5
v -19.461 		156.548 		5
v -19.194 		156.853 		5
v -18.889 		157.12 		5
v -49.227 		64.794 		2
v -49.356 		64.94 		2
v -18.551 		157.345 		5
v -18.187 		157.525 		5
v -43.86 		73.786 		4
v -43.7517 		73.728 		4
v -17.803 		157.655 		5
v -17.405 		157.734 		5
v -14.003 		155.463 		5
v -23.275 		103.142 		3.562
v -13.924 		155.065 		5
v -13.898 		154.66 		5
v -13.924 		154.256 		5
v -14.003 		153.858 		5
v -14.134 		153.474 		5
v -14.313 		153.11 		5
v -14.539 		152.773 		5
v -14.806 		152.468 		5
v -22.4075 		74.956 		2
v -15.111 		152.201 		5
v -15.449 		151.976 		5
v -15.813 		151.796 		5
v -44.994 		74.583 		4
v -16.197 		151.666 		5
v -22.4087 		74.956 		2
v -44.7047 		74.3432 		4
v -22.454 		74.9582 		2
v -22.528 		74.9618 		2
v -44.5739 		74.2437 		4
v -44.5686 		74.2399 		4
v -44.2016 		73.9884 		4
v -44.079 		73.911 		4
v -16.197 		157.655 		5
v -15.813 		157.525 		5
v -15.449 		157.345 		5
v -49.49 		65.096 		2
v -15.111 		157.12 		5
v -14.806 		156.853 		5
v -14.539 		156.548 		5
v -14.313 		156.21 		5
v -22.4075 		74.956 		2
v -22.4084 		74.956 		2
v -14.134 		155.847 		5
v -22.3323 		74.9549 		2
v -23.2023 		103.1682 		3.9832
v -44.7046 		74.3432 		4
v -16.595 		151.587 		2.998
v -17 		151.56 		2.998
v -17.405 		151.587 		2.998
v -17.803 		151.666 		2.998
v -18.187 		151.796 		2.998
v -49.816 		65.496 		2
v -49.816 		65.496 		2
v -18.551 		151.976 		2.998
v -18.889 		152.201 		2.998
v -49.816 		65.496 		2
v -19.194 		152.468 		2.998
v -19.461 		152.773 		2.998
v -19.687 		153.11 		2.998
v -19.866 		153.474 		2.998
v -44.293 		74.046 		4
v -44.2862 		74.0417 		4
v -44.4564 		74.1589 		4
v -19.997 		153.858 		2.998
v -20.076 		154.256 		2.998
v -20.103 		154.66 		2.998
v -20.076 		155.065 		2.998
v -19.997 		155.463 		2.998
v -16.595 		157.734 		2.998
v -17 		157.761 		2.998
v -19.866 		155.847 		2.998
v -22.83 		74.9867 		3.7281
v -22.7578 		74.9797 		3.8098
v -22.7575 		74.9797 		3.8657
v -19.687 		156.21 		2.998
v -44.602 		74.264 		4
v -19.461 		156.548 		2.998
v -19.194 		156.853 		2.998
v -18.889 		157.12 		2.998
v -18.551 		157.345 		2.998
v -44.6044 		74.2659 		4
v -18.187 		157.525 		2.998
v -17.803 		157.655 		2.998
v -22.8536 		74.989 		3.7013
v -22.8524 		74.9889 		3.7378
v -17.405 		157.734 		2.998
v -44.702 		74.341 		4
v -23.291 		103.137 		3.145
v -14.003 		155.463 		2.998
v -13.924 		155.065 		2.998
v -13.898 		154.66 		2.998
v -13.924 		154.256 		2.998
v -23.4615 		75.0872 		2.534
v -23.4621 		75.0873 		2.534
v -14.003 		153.858 		2.998
v -23.4641 		75.0878 		2.5326
v -14.134 		153.474 		2.998
v -14.313 		153.11 		2.998
v -23.4588 		75.0866 		2.534
v -14.539 		152.773 		2.998
v -23.5074 		75.0969 		2.5
v -23.4442 		75.084 		2.4394
v -14.806 		152.468 		2.998
v -15.111 		152.201 		2.998
v -15.449 		151.976 		2.998
v -22.8263 		74.9864 		2.4854
v -22.7743 		74.9807 		2.4854
v -22.7763 		74.9809 		2.5
v -22.7772 		74.9809 		2.5069
v -22.7798 		74.9812 		2.5106
v -15.813 		151.796 		2.998
v -22.8373 		74.9875 		2.5106
v -47.213 		77.576 		4
v -47.092 		77.34 		4
v -16.197 		151.666 		2.998
v -46.965 		77.107 		4
v -46.789 		76.8 		4
v -22.8425 		74.9881 		2.5
v -46.651 		76.572 		4
v -46.52 		76.369 		4
v -46.3896 		76.1753 		4
v -46.267 		76.002 		4
v -22.778 		74.981 		2.5
v -46.154 		75.848 		4
v -46.0984 		75.776 		4
v -16.197 		157.655 		2.998
v -15.813 		157.525 		2.998
v -15.449 		157.345 		2.998
v -22.7732 		74.9806 		2.4854
v -15.111 		157.12 		2.998
v -14.806 		156.853 		2.998
v -14.539 		156.548 		2.998
v -14.313 		156.21 		2.998
v -14.134 		155.847 		2.998
v -46.378 		76.158 		4
v -23.4314 		75.0813 		2.4651
v -23.4018 		75.0754 		2.3987
v -23.369 		75.0685 		2.3987
v -23.3915 		75.0726 		2.5
v -23.399 		75.074 		2.534
v -23.4462 		75.084 		2.534
v -23.4237 		75.0799 		2.4197
v -23.399 		75.074 		2.5
v -23.3636 		75.0673 		2.3987
v -45.3375 		74.9048 		4
v -45.274 		74.841 		4
v -45.998 		75.646 		4
v -45.836 		75.448 		4
v -23.0207 		75.008 		2
v -45.67 		75.255 		4
v -23.0214 		75.0081 		2
v -45.541 		75.114 		4
v -45.453 		75.021 		4
v -22.6144 		74.966 		2
v -22.6145 		74.966 		2
v -22.6138 		74.966 		2
v -22.6134 		74.966 		2
v -22.6149 		74.9661 		2
v -22.6844 		74.9733 		2
v -22.9649 		75.0022 		2
v -23.292 		103.136 		3.718
v -23.292 		103.136 		3.937
v -38.7539 		73.7103 		4
v -38.912 		73.6297 		4
v -38.9092 		73.631 		4
v -38.8913 		73.64 		4
v -38.7788 		73.6974 		4
v -22.5375 		74.9623 		2
v -38.76 		73.707 		4
v -38.907 		73.632 		4
v -39.824 		73.287 		4
v -39.386 		73.428 		4
v -39.358 		73.438 		4
v -39.249 		73.4808 		4
v -39.055 		73.563 		4
v -38.9199 		73.626 		4
v -39.205 		73.498 		4
v -23.2237 		75.0401 		2
v -23.2239 		75.0402 		2
v -23.2579 		75.0473 		2
v -23.552 		75.1084 		2
v -39.6514 		73.3371 		4
v -39.5195 		73.3805 		4
v -23.154 		103.185 		3.875
v -23.12 		103.199 		3.921
v -23.1894 		103.173 		3.9745
v -39.512 		73.383 		4
v -23.2235 		75.0401 		2
v -23.2235 		75.0401 		2
v -23.2228 		75.04 		2
v -39.667 		73.332 		4
v -23.0214 		75.0081 		2
v -23.1064 		75.0215 		2
v -23.1915 		75.035 		2
v -39.936 		73.2588 		4
v -40.743 		73.1244 		4
v -40.628 		73.135 		4
v -40.465 		73.155 		4
v -40.304 		73.181 		4
v -39.9886 		73.2458 		4
v -24.4598 		75.3916 		3.4568
v -39.983 		73.247 		4
v -24.4592 		75.3913 		3.498
v -24.459 		75.3912 		3.516
v -23.1932 		103.1716 		3.9692
v -24.4618 		75.3924 		3.5078
v -23.1966 		103.1702 		3.9675
v -24.462 		75.3925 		3.4711
v -24.463 		75.3928 		3.5046
v -23.1996 		103.1691 		3.9734
v -24.4651 		75.3937 		3.4912
v -23.8195 		75.1752 		3.8781
v -23.7815 		75.165 		3.8912
v -24.461 		75.392 		3.5
v -23.8861 		75.194 		3.4431
v -23.8834 		75.1933 		3.4368
v -23.8814 		75.1926 		3.5
v -23.8808 		75.1924 		3.5175
v -23.8856 		75.1938 		3.5122
v -40.791 		73.12 		4
v -40.8217 		73.1182 		4
v -23.8361 		75.1796 		3.8724
v -23.8927 		75.196 		3.4588
v -23.8861 		75.1939 		3.5117
v -40.96 		73.1098 		4
v -23.883 		75.193 		3.5
v -23.8724 		75.19 		3.4106
v -41.984 		73.1654 		4
v -41.9729 		73.1636 		4
v -41.6953 		73.1282 		4
v -41.523 		73.115 		4
v -41.34 		73.107 		4
v -41.023 		73.1087 		4
v -41.706 		73.129 		4
v -41.8911 		73.1505 		4
v -41.8837 		73.1495 		4
v -24.4475 		75.3867 		3.377
v -40.974 		73.109 		4
v -23.6217 		75.1229 		2
v -23.6224 		75.1231 		2
v -23.6029 		75.119 		2
v -23.6227 		75.1232 		2
v -41.888 		73.15 		4
v -43.008 		73.412 		4
v -42.9771 		73.4013 		4
v -42.8198 		73.351 		4
v -42.785 		73.34 		4
v -42.7291 		73.3242 		4
v -42.5617 		73.2786 		4
v -42.4719 		73.2564 		4
v -42.25 		73.208 		4
v -42.4279 		73.2456 		4
v -42.608 		73.29 		4
v -23.8193 		75.1741 		2
v -23.8197 		75.1742 		2
v -23.8188 		75.174 		2
v -23.6908 		75.1408 		2
v -23.7933 		75.1673 		2
v -42.43 		73.246 		4
v -23.8007 		75.1693 		2
v -42.959 		73.395 		4
v -43.4525 		73.5855 		4
v -43.39 		73.5587 		4
v -43.2475 		73.4999 		4
v -43.132 		73.455 		4
v -43.302 		73.521 		4
v -24.014 		75.232 		2
v -24.0147 		75.2322 		2
v -23.937 		75.2091 		2
v -23.946 		75.2118 		2
v -23.9954 		75.2265 		2
v -43.4624 		73.5897 		4
v -43.47 		73.593 		4
v -43.748 		73.726 		4
v -24.3969 		75.3659 		2
v -24.2067 		75.2962 		2
v -24.236 		75.307 		2
v -24.3198 		75.3377 		2
v -24.3737 		75.3575 		2
v -24.3965 		75.3658 		2
v -64.892 		76.827 		4
v -57.344 		78.7251 		4
v -24.3969 		75.3659 		2
v -24.2059 		75.296 		2
v -24.206 		75.296 		2
v -24.2064 		75.2962 		2
v -24.1475 		75.2765 		2
v -24.2057 		75.2959 		2
v -27.9889 		78.5276 		2.048
v -28.3345 		79.1017 		2.048
v -28.353 		79.1347 		3.6656
v -28.356 		79.14 		3.1268
v -28.145 		78.7778 		3.7188
v -28.0548 		78.6303 		3.7188
v -27.7627 		78.1866 		3.4269
v -27.6736 		78.06 		2.561
v -27.6833 		78.0735 		2.5117
v -27.7206 		78.1259 		2.9946
v -28.0577 		78.635 		3.1589
v -28.1415 		78.772 		3.2093
v -53.597 		72.933 		4
v -28.6248 		79.6473 		3.6875
# 6348 vertices

g group_0_2829873

usemtl color_2829873
s 0

f 14 	12 	13
f 5658 	16 	702
f 21 	26 	702
f 26 	5658 	702
f 21 	702 	31
f 31 	702 	30
f 36 	30 	702
f 702 	1416 	52
f 68 	15 	67
f 15 	68 	71
f 71 	68 	97
f 99 	101 	104
f 99 	104 	105
f 111 	15 	104
f 105 	104 	15
f 873 	850 	49
f 99 	105 	117
f 115 	117 	105
f 120 	117 	121
f 127 	130 	132
f 137 	52 	1603
f 126 	6069 	125
f 125 	1848 	124
f 128 	6072 	126
f 51 	702 	52
f 1613 	1609 	52
f 1609 	1585 	52
f 1585 	1583 	52
f 1063 	873 	53
f 1583 	1603 	52
f 49 	53 	873
f 80 	78 	1599
f 1599 	1597 	80
f 85 	109 	425
f 1565 	1563 	80
f 1567 	1565 	80
f 1597 	1596 	80
f 1596 	1567 	80
f 102 	161 	27
f 157 	85 	425
f 23 	783 	113
f 176 	157 	73
f 75 	73 	157
f 76 	157 	425
f 87 	127 	19
f 73 	129 	176
f 187 	186 	702
f 208 	702 	213
f 228 	232 	192
f 195 	213 	702
f 195 	702 	196
f 196 	702 	197
f 253 	702 	186
f 197 	702 	250
f 250 	702 	265
f 265 	702 	270
f 270 	702 	252
f 2782 	2830 	6311
f 6290 	6311 	2831
f 2831 	2832 	6290
f 6307 	6291 	2833
f 6292 	6307 	2833
f 6293 	6292 	2833
f 253 	252 	702
f 320 	702 	329
f 317 	337 	702
f 316 	702 	337
f 187 	702 	316
f 318 	317 	702
f 326 	329 	702
f 318 	702 	320
f 327 	326 	702
f 328 	702 	298
f 328 	327 	702
f 299 	298 	702
f 352 	299 	702
f 352 	702 	303
f 305 	303 	702
f 176 	367 	114
f 517 	518 	374
f 741 	742 	374
f 379 	374 	393
f 168 	167 	401
f 389 	401 	167
f 405 	401 	389
f 405 	389 	388
f 362 	1712 	285
f 114 	367 	65
f 119 	81 	441
f 445 	80 	119
f 137 	53 	448
f 742 	517 	374
f 395 	702 	207
f 425 	401 	405
f 405 	460 	425
f 207 	702 	208
f 395 	394 	702
f 425 	460 	136
f 146 	168 	401
f 450 	52 	137
f 518 	714 	374
f 710 	711 	374
f 547 	1543 	1368
f 372 	556 	557
f 372 	557 	191
f 372 	191 	263
f 191 	58 	263
f 58 	56 	263
f 56 	42 	263
f 263 	42 	40
f 568 	522 	520
f 183 	42 	56
f 183 	56 	66
f 66 	220 	183
f 535 	542 	536
f 577 	536 	542
f 536 	577 	398
f 398 	577 	399
f 542 	544 	577
f 544 	599 	577
f 372 	5856 	593
f 593 	556 	372
f 650 	819 	1922
f 820 	1923 	819
f 599 	552 	551
f 600 	1934 	598
f 603 	1919 	600
f 694 	698 	374
f 695 	694 	374
f 698 	702 	374
f 393 	374 	702
f 394 	393 	702
f 711 	712 	374
f 658 	1025 	659
f 599 	659 	709
f 599 	709 	552
f 712 	695 	374
f 708 	659 	599
f 544 	546 	599
f 708 	599 	546
f 137 	448 	450
f 119 	441 	445
f 154 	65 	367
f 147 	114 	93
f 714 	710 	374
f 94 	93 	114
f 176 	114 	147
f 85 	157 	86
f 176 	86 	157
f 86 	176 	139
f 147 	139 	176
f 76 	75 	157
f 161 	102 	100
f 19 	3395 	20
f 107 	106 	161
f 783 	23 	22
f 783 	22 	766
f 766 	29 	161
f 4007 	3992 	3869
f 3872 	3853 	719
f 29 	27 	161
f 763 	783 	766
f 763 	766 	20
f 769 	766 	161
f 106 	769 	161
f 3053 	547 	1368
f 547 	4310 	5744
f 778 	3853 	4250
f 815 	811 	810
f 823 	2300 	821
f 798 	797 	942
f 638 	811 	873
f 815 	873 	811
f 802 	801 	815
f 850 	873 	851
f 860 	857 	856
f 851 	873 	801
f 803 	815 	804
f 846 	869 	860
f 847 	846 	860
f 810 	804 	815
f 849 	847 	860
f 815 	803 	802
f 638 	873 	588
f 589 	588 	873
f 4234 	4250 	3854
f 3855 	4237 	3854
f 815 	801 	873
f 877 	860 	869
f 528 	507 	568
f 900 	893 	891
f 900 	891 	895
f 507 	504 	568
f 502 	568 	504
f 889 	900 	890
f 895 	890 	900
f 568 	905 	528
f 919 	909 	908
f 568 	988 	966
f 568 	966 	905
f 919 	966 	988
f 970 	909 	988
f 919 	988 	909
f 988 	568 	906
f 906 	568 	529
f 991 	979 	978
f 911 	988 	912
f 912 	988 	906
f 933 	930 	1006
f 958 	957 	3197
f 5085 	3197 	957
f 520 	529 	568
f 982 	980 	993
f 917 	916 	1012
f 911 	970 	988
f 948 	999 	3184
f 3857 	4239 	3856
f 4249 	4256 	778
f 3856 	4152 	3855
f 4250 	4249 	778
f 942 	1308 	943
f 3290 	3251 	964
f 3289 	3290 	964
f 965 	940 	952
f 974 	953 	1310
f 952 	1310 	953
f 3248 	3271 	964
f 3234 	3248 	964
f 943 	1310 	939
f 940 	939 	1310
f 1310 	952 	940
f 1020 	1027 	658
f 709 	659 	1025
f 1025 	658 	1027
f 568 	502 	501
f 942 	937 	798
f 1041 	990 	1072
f 987 	1072 	990
f 928 	1006 	930
f 964 	967 	1072
f 967 	1035 	1072
f 1035 	1039 	1072
f 1039 	1041 	1072
f 978 	982 	993
f 978 	993 	991
f 1072 	3234 	964
f 3287 	3289 	964
f 3271 	3287 	964
f 997 	964 	3266
f 3251 	3266 	964
f 928 	1047 	1006
f 3266 	3184 	997
f 950 	948 	3184
f 999 	997 	3184
f 1024 	1026 	5085
f 3184 	5085 	1026
f 1026 	950 	3184
f 1022 	958 	3197
f 957 	1024 	5085
f 920 	1012 	910
f 913 	910 	1012
f 3197 	3261 	1022
f 3383 	3298 	926
f 1013 	1022 	3261
f 1012 	920 	1069
f 1012 	1069 	917
f 987 	1142 	1072
f 915 	1012 	916
f 1006 	934 	933
f 1068 	873 	1062
f 1081 	2663 	1083
f 1083 	2663 	1084
f 1068 	589 	873
f 1084 	2663 	1085
f 1086 	1085 	1457
f 1063 	1062 	873
f 1080 	1012 	1082
f 915 	1082 	1012
f 511 	1129 	513
f 1054 	513 	1129
f 1055 	1054 	1129
f 1093 	934 	1006
f 1055 	1129 	1056
f 514 	1056 	1129
f 522 	568 	497
f 497 	568 	505
f 501 	505 	568
f 1116 	1129 	511
f 1108 	1107 	1135
f 1121 	516 	1129
f 514 	1129 	516
f 1135 	1107 	1115
f 1135 	1115 	1114
f 1124 	1135 	1114
f 1111 	1135 	1113
f 1127 	1113 	1135
f 1129 	1125 	1123
f 2182 	1072 	1142
f 1108 	1135 	1101
f 1102 	1101 	1135
f 1111 	1102 	1135
f 1129 	1144 	1143
f 1116 	1144 	1129
f 987 	1464 	1142
f 1143 	1145 	1129
f 1145 	1125 	1129
f 1119 	1126 	1464
f 1126 	1148 	1464
f 1148 	1142 	1464
f 1123 	1121 	1129
f 1167 	1160 	1159
f 1167 	1159 	1163
f 1153 	1167 	1155
f 1163 	1155 	1167
f 1153 	1152 	1157
f 1153 	1157 	1167
f 941 	940 	965
f 1149 	1167 	1150
f 1132 	1119 	1464
f 1161 	1167 	1149
f 1157 	1150 	1167
f 1197 	1132 	1464
f 1191 	1197 	1464
f 1205 	1189 	1464
f 1189 	1191 	1464
f 1213 	1205 	1464
f 1047 	1225 	1006
f 1209 	1213 	1464
f 1224 	1006 	1225
f 1080 	1207 	1012
f 1006 	1224 	1093
f 1192 	1870 	813
f 1206 	1012 	1207
f 1012 	1206 	913
f 1259 	1486 	1260
f 1262 	1486 	1263
f 1262 	1260 	1486
f 1250 	1249 	1282
f 1263 	1486 	1264
f 1486 	1265 	1264
f 1253 	1252 	1486
f 1255 	1253 	1486
f 1277 	1289 	1271
f 1273 	1271 	1289
f 1256 	1255 	1486
f 1215 	1214 	1296
f 1486 	1298 	1258
f 1486 	1258 	1257
f 1257 	1256 	1486
f 1299 	1228 	1223
f 1299 	1223 	1221
f 1244 	1243 	1302
f 1298 	1486 	1259
f 1307 	1202 	1200
f 1307 	1200 	1198
f 1310 	943 	1308
f 1229 	1299 	1218
f 1220 	1218 	1299
f 1278 	1281 	352
f 1279 	1278 	352
f 1201 	1307 	1194
f 1195 	1194 	1307
f 1280 	352 	1281
f 816 	974 	1310
f 816 	1310 	817
f 1233 	1302 	1234
f 1245 	1234 	1302
f 942 	797 	1308
f 1290 	1308 	797
f 1192 	1333 	1883
f 1239 	1238 	1282
f 1238 	1250 	1282
f 1339 	1308 	1290
f 1186 	1185 	1326
f 1361 	1416 	1366
f 1185 	1369 	1326
f 1366 	1416 	1379
f 1369 	1379 	1326
f 1364 	1362 	337
f 1177 	1175 	1289
f 775 	776 	4248
f 774 	775 	4246
f 4256 	4248 	776
f 1326 	1188 	1187
f 1248 	1282 	1249
f 329 	1377 	320
f 1289 	1175 	1274
f 1274 	1273 	1289
f 1337 	1486 	1338
f 1336 	1397 	1486
f 1393 	1338 	1486
f 1393 	1486 	1342
f 1343 	1486 	1346
f 329 	1339 	1377
f 1348 	1346 	1486
f 1389 	1377 	1339
f 1404 	1399 	1486
f 1399 	1348 	1486
f 1397 	1413 	1486
f 1464 	1486 	1231
f 1417 	1419 	1486
f 326 	1426 	329
f 1360 	1416 	1361
f 1419 	1231 	1486
f 1337 	1336 	1486
f 1231 	1226 	1464
f 317 	1364 	337
f 1407 	1404 	1486
f 1343 	1342 	1486
f 1326 	1379 	1416
f 1435 	1486 	1428
f 1290 	1389 	1339
f 1439 	1486 	1435
f 1395 	1416 	1396
f 1416 	1282 	1396
f 1398 	1396 	1282
f 1339 	329 	1426
f 1252 	1428 	1486
f 1407 	1486 	1439
f 1400 	1405 	1416
f 1395 	1400 	1416
f 1362 	316 	337
f 1285 	1284 	1339
f 1326 	1416 	1405
f 1339 	1426 	1285
f 1226 	1222 	1464
f 1222 	1209 	1464
f 1326 	1405 	1188
f 1280 	299 	352
f 1248 	1398 	1282
f 1289 	1179 	1177
f 303 	1268 	352
f 1187 	1186 	1326
f 1444 	4476 	1443
f 1443 	4526 	1442
f 1268 	1279 	352
f 1270 	1267 	1289
f 1179 	1289 	1267
f 3202 	1486 	1451
f 860 	856 	1445
f 1446 	1445 	856
f 1302 	1233 	1236
f 1454 	1450 	1449
f 1282 	1240 	1239
f 1450 	1454 	1453
f 1462 	1457 	1463
f 1464 	1463 	1457
f 1449 	1448 	1454
f 1455 	1454 	1448
f 1457 	1458 	1086
f 860 	1445 	849
f 1459 	1458 	1457
f 1460 	1459 	1457
f 1462 	1461 	1457
f 1461 	1460 	1457
f 1476 	547 	1477
f 1479 	547 	1476
f 1413 	1417 	1486
f 1457 	1486 	1464
f 1457 	1456 	1486
f 1456 	1452 	1486
f 1452 	1451 	1486
f 1480 	1477 	547
f 1282 	1416 	1489
f 1254 	1883 	1333
f 1475 	1474 	1489
f 1478 	1481 	1489
f 1474 	1478 	1489
f 547 	3053 	1480
f 1282 	1489 	1481
f 1481 	1240 	1282
f 1466 	1465 	1489
f 1465 	1475 	1489
f 1296 	1214 	1212
f 1296 	1212 	1230
f 1244 	1302 	1235
f 1236 	1235 	1302
f 1498 	1071 	1499
f 1508 	1071 	1498
f 1211 	1208 	1296
f 1230 	1211 	1296
f 1067 	1071 	1508
f 1296 	1216 	1215
f 97 	1499 	3390
f 1071 	3390 	1499
f 1299 	1221 	1220
f 3390 	3326 	71
f 71 	97 	3390
f 1510 	1216 	1296
f 105 	15 	3326
f 15 	71 	3326
f 1208 	1510 	1296
f 132 	19 	127
f 120 	3395 	132
f 121 	3395 	120
f 1195 	1307 	1196
f 1198 	1196 	1307
f 91 	76 	425
f 425 	1507 	91
f 107 	1507 	87
f 127 	87 	1507
f 115 	3395 	121
f 1605 	374 	1484
f 1605 	1484 	1512
f 1527 	1531 	1528
f 1521 	1519 	1531
f 1521 	1531 	1529
f 1538 	1536 	1535
f 1534 	1533 	1538
f 100 	91 	1507
f 1535 	1534 	1538
f 1531 	1519 	1522
f 1543 	2938 	1542
f 1545 	2957 	1543
f 1545 	1543 	1544
f 1441 	4525 	1546
f 1546 	4475 	1545
f 107 	161 	1507
f 161 	100 	1507
f 109 	94 	401
f 1528 	1531 	1555
f 1556 	1555 	1531
f 146 	401 	94
f 94 	114 	146
f 114 	65 	1537
f 1537 	146 	114
f 598 	1840 	702
f 1525 	1524 	65
f 1524 	1539 	65
f 1539 	1537 	65
f 401 	425 	109
f 1642 	702 	1643
f 1581 	1558 	1557
f 1557 	1566 	1581
f 1572 	1591 	1573
f 1591 	1572 	1571
f 1552 	1551 	1711
f 1522 	1556 	1531
f 1566 	1564 	1581
f 1526 	1525 	65
f 1581 	1576 	1591
f 1578 	1591 	1576
f 1562 	1561 	81
f 1561 	1526 	65
f 1576 	1581 	1564
f 3098 	3117 	1598
f 1601 	232 	1582
f 1591 	1578 	1602
f 65 	81 	1561
f 1602 	1577 	1591
f 1573 	1591 	1577
f 1569 	1560 	1581
f 81 	119 	1562
f 1563 	1562 	119
f 1559 	1581 	1560
f 1542 	3120 	1387
f 1608 	3071 	1607
f 1387 	3108 	1391
f 1391 	3085 	1608
f 1569 	1591 	1570
f 1581 	1591 	1569
f 1571 	1570 	1591
f 119 	80 	1563
f 1613 	52 	1610
f 1612 	1558 	1581
f 1729 	1638 	1728
f 53 	137 	1063
f 78 	49 	850
f 1559 	1612 	1581
f 850 	1599 	78
f 1711 	1551 	1550
f 1641 	702 	1642
f 1610 	52 	1611
f 1603 	1063 	137
f 2967 	1605 	2955
f 1635 	1636 	1638
f 1637 	1638 	1636
f 1611 	52 	1360
f 1630 	1629 	1634
f 1630 	1634 	1631
f 1623 	1622 	1634
f 2934 	2955 	1515
f 1360 	52 	1416
f 1416 	702 	1489
f 1627 	1623 	1634
f 1625 	1634 	1626
f 1489 	702 	1466
f 1625 	1627 	1634
f 1466 	702 	1639
f 1629 	1626 	1634
f 1639 	702 	1641
f 3053 	3069 	1482
f 1634 	1646 	1645
f 1643 	702 	1647
f 1647 	702 	1648
f 1645 	1631 	1634
f 1582 	1667 	1601
f 1648 	702 	1670
f 1668 	1646 	1747
f 246 	5759 	247
f 1658 	702 	1660
f 1634 	1747 	1646
f 1669 	1747 	1665
f 1660 	702 	1662
f 3098 	1598 	1575
f 1672 	702 	1673
f 1662 	702 	1672
f 1670 	702 	1658
f 1482 	1480 	3053
f 741 	374 	1605
f 1883 	1254 	285
f 3117 	1515 	1514
f 1514 	1598 	3117
f 1606 	2955 	1605
f 1673 	702 	1700
f 1694 	1710 	1695
f 1697 	1695 	1710
f 1708 	1706 	1711
f 1790 	1680 	1677
f 1678 	1677 	1680
f 2298 	285 	1712
f 1678 	1680 	1679
f 1684 	702 	1685
f 1714 	702 	1686
f 1692 	1691 	1715
f 1710 	1698 	1697
f 228 	1582 	232
f 1685 	702 	1714
f 1700 	702 	1684
f 1667 	247 	5759
f 1601 	1667 	5759
f 1687 	702 	1713
f 1686 	702 	1687
f 1717 	1715 	1718
f 1691 	1718 	1715
f 1710 	1721 	1720
f 1710 	1720 	1698
f 1689 	1715 	1682
f 1683 	1682 	1715
f 1688 	702 	1690
f 1694 	1696 	1710
f 1699 	1710 	1696
f 1622 	702 	1634
f 1719 	702 	1622
f 1713 	702 	1688
f 1550 	1708 	1711
f 1601 	263 	232
f 1731 	1638 	1730
f 1729 	1730 	1638
f 1732 	1638 	1731
f 1635 	1638 	1732
f 1607 	3058 	1638
f 362 	372 	1712
f 1616 	1710 	1618
f 1618 	1617 	1616
f 1733 	1618 	1710
f 1699 	1733 	1710
f 1616 	1615 	1710
f 1693 	1721 	1710
f 1675 	1710 	1674
f 1674 	1710 	1615
f 1693 	1710 	1675
f 1690 	702 	1719
f 1669 	1668 	1747
f 1747 	1744 	1743
f 1743 	1666 	1747
f 1665 	1747 	1666
f 1750 	1744 	1751
f 1747 	1751 	1744
f 1753 	1754 	1638
f 1755 	1638 	1754
f 1728 	1638 	1755
f 1681 	1683 	1715
f 1792 	1391 	1608
f 1717 	1681 	1715
f 1790 	1677 	1676
f 372 	2308 	1712
f 1608 	1607 	1792
f 1368 	1783 	3053
f 1712 	2308 	2298
f 1542 	1387 	1368
f 1783 	1368 	1387
f 263 	1601 	372
f 1391 	1788 	1783
f 1391 	1783 	1387
f 1680 	1790 	1775
f 1777 	1775 	1790
f 1792 	1788 	1391
f 1800 	1638 	1798
f 1752 	1638 	1800
f 1753 	1638 	1752
f 1798 	1638 	1796
f 1787 	1786 	1793
f 1607 	1805 	1792
f 1793 	1786 	1801
f 1768 	1809 	1763
f 1764 	1763 	1809
f 1783 	1788 	3053
f 1792 	3053 	1788
f 1805 	3053 	1792
f 1980 	1638 	1979
f 1780 	1777 	1790
f 1766 	1809 	1767
f 1812 	1809 	1813
f 1815 	1813 	1809
f 1849 	1607 	1638
f 1766 	1815 	1809
f 1818 	1817 	1820
f 1771 	1770 	1793
f 1860 	1849 	1637
f 1638 	1637 	1849
f 1770 	1782 	1787
f 1770 	1787 	1793
f 1793 	1790 	1771
f 1676 	1771 	1790
f 1765 	1764 	1809
f 1812 	1765 	1809
f 1634 	702 	1747
f 1636 	1860 	1637
f 1762 	1759 	1758
f 1759 	1820 	1760
f 1751 	702 	1829
f 1820 	1817 	1761
f 1761 	1760 	1820
f 1829 	702 	1839
f 1849 	1860 	3053
f 1836 	702 	1830
f 1839 	702 	1836
f 1747 	702 	1751
f 1846 	2867 	1844
f 1849 	1805 	1607
f 1854 	1638 	1853
f 1855 	1638 	1854
f 1879 	1848 	1847
f 1850 	1843 	1847
f 1879 	1843 	1842
f 1879 	1847 	1843
f 1879 	1842 	1841
f 1849 	3053 	1805
f 1869 	1862 	1861
f 1869 	1861 	1868
f 1869 	1868 	1867
f 1864 	1869 	1865
f 1867 	1865 	1869
f 1636 	1876 	1860
f 1635 	1881 	1876
f 1635 	1876 	1636
f 1841 	1875 	1879
f 2295 	1863 	285
f 1876 	3053 	1860
f 1881 	3053 	1876
f 1883 	285 	1863
f 1894 	1638 	1893
f 1893 	1638 	1892
f 1896 	1638 	1895
f 1938 	1638 	1896
f 1895 	1638 	1894
f 1830 	702 	1832
f 1731 	1730 	1933
f 1840 	598 	1833
f 1832 	702 	1840
f 1944 	1933 	1729
f 1730 	1729 	1933
f 1833 	598 	1834
f 1834 	598 	1835
f 1729 	1728 	1944
f 1835 	598 	1902
f 1881 	1910 	3053
f 1902 	598 	1904
f 605 	1921 	603
f 1732 	1910 	1881
f 1881 	1635 	1732
f 1911 	1818 	1820
f 1909 	1820 	1762
f 1732 	1731 	1924
f 1732 	1924 	1910
f 1759 	1762 	1820
f 1820 	1909 	1913
f 1913 	1912 	1820
f 1731 	1933 	1924
f 1900 	1908 	1901
f 1820 	1912 	1926
f 1924 	3053 	1910
f 1926 	1911 	1820
f 1907 	1906 	1846
f 1915 	1846 	1906
f 1939 	1638 	1938
f 1940 	1638 	1939
f 1941 	1638 	1940
f 1852 	1638 	1941
f 1930 	1929 	1942
f 1930 	1942 	1936
f 1904 	598 	1918
f 1918 	598 	1934
f 1908 	1907 	1846
f 1901 	1908 	1846
f 1942 	1945 	1936
f 1934 	600 	1919
f 1919 	603 	1920
f 1942 	1929 	1932
f 1944 	1728 	1947
f 1920 	603 	1921
f 1937 	1942 	1931
f 1932 	1931 	1942
f 1728 	1998 	1947
f 1948 	1945 	1942
f 1998 	3053 	1947
f 1944 	3053 	1933
f 1924 	1933 	3053
f 1947 	3053 	1944
f 1937 	1948 	1942
f 1728 	1755 	1998
f 824 	3169 	1951
f 1755 	1754 	1998
f 1979 	1638 	1857
f 1982 	1638 	1980
f 1795 	1638 	1985
f 1796 	1638 	1795
f 1754 	1753 	2009
f 1977 	1192 	1883
f 1986 	1846 	1984
f 1915 	1914 	1846
f 1984 	1846 	1914
f 1846 	1986 	1981
f 1978 	1846 	1981
f 1959 	2803 	1961
f 1961 	2803 	1988
f 1753 	1752 	2009
f 1988 	2803 	1962
f 1962 	2803 	1963
f 1971 	1846 	1978
f 1968 	1846 	1971
f 1966 	1846 	1968
f 1964 	1963 	2663
f 1965 	1964 	2663
f 1990 	1989 	3313
f 1992 	1846 	1966
f 1998 	1754 	2003
f 3638 	2000 	1999
f 1754 	2009 	2003
f 1891 	1638 	2012
f 2009 	1752 	2019
f 1192 	1977 	1870
f 1859 	1870 	1977
f 2018 	3677 	1999
f 1859 	1977 	1883
f 2003 	3053 	1998
f 3053 	2003 	2009
f 3053 	2009 	2019
f 3677 	2018 	2016
f 1958 	1846 	1960
f 1846 	1958 	1957
f 2013 	1846 	2015
f 2010 	3677 	2006
f 2182 	1870 	1859
f 2183 	1883 	1863
f 2007 	2006 	3677
f 2007 	3677 	2014
f 2014 	3677 	2016
f 1798 	1796 	2064
f 2024 	1846 	2035
f 2030 	1846 	2024
f 2029 	1846 	2030
f 1992 	2035 	1846
f 2044 	2017 	1846
f 2027 	2048 	1846
f 2048 	2044 	1846
f 2039 	3592 	2049
f 2017 	2015 	1846
f 2029 	2040 	1846
f 2040 	2028 	1846
f 2028 	2027 	1846
f 2033 	3638 	2037
f 3638 	2033 	2032
f 3638 	2032 	2000
f 2019 	2099 	3053
f 2064 	2078 	3053
f 3638 	2038 	2037
f 2078 	1796 	2077
f 1795 	2077 	1796
f 3324 	2076 	2075
f 1796 	2078 	2064
f 2077 	3053 	2078
f 6213 	6212 	2234
f 3372 	6215 	3381
f 3279 	6215 	3372
f 2019 	1752 	2099
f 1800 	2099 	1752
f 2099 	1800 	2064
f 1800 	1798 	2064
f 2084 	2076 	3324
f 2064 	3053 	2099
f 1972 	1970 	2663
f 2153 	2164 	2899
f 2083 	2102 	1846
f 1974 	1973 	2663
f 1974 	2663 	1975
f 1975 	2663 	1081
f 2070 	3330 	2069
f 1857 	1855 	2122
f 2103 	2083 	1846
f 2104 	2103 	1846
f 2069 	3330 	2072
f 1855 	1854 	2122
f 2090 	2189 	2088
f 2088 	2196 	2108
f 2104 	1846 	2106
f 2106 	1846 	2082
f 2013 	1960 	1846
f 2082 	1846 	1955
f 1955 	1846 	1957
f 2072 	3330 	2073
f 1854 	1853 	2139
f 1853 	1852 	2144
f 1853 	2144 	2139
f 2119 	2122 	3053
f 1990 	3313 	2070
f 2111 	3009 	2112
f 3330 	2070 	3313
f 2112 	3009 	2113
f 1857 	2122 	2119
f 2122 	1854 	2133
f 3297 	3315 	1953
f 1854 	2139 	2133
f 2116 	3009 	2123
f 2124 	2123 	3009
f 2169 	2170 	2899
f 2125 	2124 	3009
f 2125 	3009 	2127
f 2148 	3009 	2129
f 2133 	3053 	2122
f 2139 	3053 	2133
f 2144 	3053 	2139
f 2128 	3009 	2148
f 2127 	3009 	2128
f 3324 	2143 	2141
f 3324 	2141 	2084
f 2143 	3324 	2145
f 2146 	3324 	2147
f 2146 	2145 	3324
f 2965 	2964 	2899
f 2154 	3009 	2155
f 2157 	3009 	2158
f 2155 	3009 	2157
f 1895 	2179 	2167
f 3009 	3010 	2158
f 1896 	1895 	2167
f 2162 	2803 	2163
f 3010 	2886 	2160
f 2884 	2899 	2963
f 2963 	2962 	2884
f 2962 	2961 	2884
f 2102 	2131 	1846
f 2151 	2223 	2899
f 1973 	1972 	2663
f 1969 	2663 	1970
f 2166 	2803 	1959
f 2165 	2803 	2166
f 2163 	2803 	2165
f 1967 	1965 	2663
f 2164 	2169 	2899
f 2177 	3324 	2174
f 2175 	2174 	3324
f 2177 	2180 	3324
f 1895 	1894 	2179
f 2147 	3324 	2180
f 2185 	2179 	1894
f 2194 	2088 	2192
f 2195 	2088 	2194
f 2196 	2088 	2195
f 2107 	2108 	2196
f 2192 	2088 	2189
f 2093 	2094 	2189
f 2964 	2963 	2899
f 2236 	2237 	2096
f 2199 	2185 	1893
f 2185 	1894 	1893
f 1893 	2202 	2199
f 2090 	2093 	2189
f 1893 	1892 	2202
f 1891 	2214 	2202
f 1892 	1891 	2202
f 2216 	3592 	2221
f 2208 	2965 	2223
f 2965 	2899 	2223
f 2237 	2203 	2096
f 2095 	2096 	2203
f 2094 	2095 	2203
f 2203 	2204 	2094
f 2204 	2189 	2094
f 2170 	2151 	2899
f 2239 	2248 	2240
f 2245 	2240 	2248
f 2248 	2246 	2245
f 2247 	2246 	2248
f 2243 	2248 	2244
f 2248 	2243 	2247
f 2250 	2965 	2254
f 2244 	2248 	2256
f 2257 	2256 	2248
f 2239 	2238 	2248
f 2238 	2257 	2248
f 2254 	2965 	2210
f 2096 	3412 	2236
f 3412 	3402 	2236
f 2221 	3592 	2222
f 2272 	2222 	3592
f 3556 	2273 	3592
f 2182 	1859 	2183
f 2295 	2183 	1863
f 2290 	2965 	2250
f 2282 	2965 	2284
f 2296 	2965 	2282
f 2129 	3009 	2130
f 2284 	2965 	2290
f 2130 	3009 	2205
f 2205 	3009 	2206
f 2295 	285 	2298
f 2206 	3009 	2207
f 2210 	2965 	2208
f 2186 	3009 	2187
f 2207 	3009 	2186
f 2190 	3009 	2191
f 2188 	3009 	2190
f 2187 	3009 	2188
f 2160 	2158 	3010
f 2152 	3009 	2154
f 2193 	3009 	2152
f 2191 	3009 	2193
f 2183 	1859 	1883
f 2297 	2965 	2296
f 650 	1922 	649
f 649 	1922 	605
f 1922 	819 	1923
f 2302 	2301 	824
f 2300 	823 	2301
f 1923 	820 	2300
f 1921 	605 	1922
f 3053 	2167 	2179
f 3053 	2179 	2185
f 3053 	2185 	2199
f 3053 	2199 	2202
f 2214 	2531 	3053
f 2202 	2214 	3053
f 824 	1951 	2302
f 1951 	2304 	2302
f 2305 	2302 	2304
f 3394 	6215 	2236
f 1852 	2318 	2144
f 6222 	6221 	2277
f 2182 	813 	1870
f 1605 	2967 	741
f 2323 	2965 	2310
f 2318 	1852 	1941
f 3069 	1575 	1574
f 2289 	2287 	3556
f 2273 	3556 	2287
f 3402 	3394 	2236
f 2277 	2232 	6222
f 6215 	6213 	2235
f 3381 	6215 	3389
f 3389 	6215 	3394
f 2235 	2236 	6215
f 1606 	1515 	2955
f 2272 	3592 	2273
f 2343 	2289 	3556
f 2311 	2965 	2373
f 2310 	2965 	2311
f 813 	2182 	3422
f 2387 	518 	517
f 2398 	2318 	1940
f 1941 	1940 	2318
f 518 	2387 	2402
f 2332 	2965 	2323
f 2398 	1939 	2413
f 2373 	2965 	2383
f 2425 	2965 	2332
f 2383 	2965 	2297
f 1940 	1939 	2398
f 1939 	2434 	2413
f 1939 	1938 	2434
f 2442 	6279 	2440
f 2440 	6278 	2439
f 2351 	6284 	2442
f 824 	2301 	823
f 821 	2300 	820
f 2434 	1938 	2167
f 1938 	1896 	2167
f 2686 	2579 	2717
f 2437 	6276 	2436
f 2144 	2318 	3053
f 3053 	2318 	2398
f 3053 	2398 	2413
f 3053 	2413 	2434
f 2167 	3053 	2434
f 2472 	2077 	1985
f 1795 	1985 	2077
f 1985 	1983 	2476
f 1985 	2476 	2472
f 2966 	2958 	2425
f 1983 	1982 	2482
f 1983 	2482 	2476
f 2368 	2367 	3556
f 2343 	3556 	2345
f 1982 	1980 	2486
f 1982 	2486 	2482
f 2345 	3556 	2367
f 2368 	3576 	2369
f 1980 	1979 	2489
f 1980 	2489 	2486
f 2489 	1979 	2119
f 1857 	2119 	1979
f 3053 	2077 	2472
f 3053 	2472 	2476
f 3053 	2476 	2482
f 3053 	2482 	2486
f 2119 	3053 	2489
f 2486 	2489 	3053
f 2506 	2518 	3576
f 3576 	2508 	2506
f 2369 	3576 	2518
f 1891 	2012 	2531
f 2214 	1891 	2531
f 2488 	2495 	2530
f 2012 	3038 	2531
f 3038 	3053 	2531
f 2536 	3818 	2537
f 3818 	2536 	2541
f 2541 	2543 	3818
f 3818 	2543 	2509
f 2578 	2579 	2577
f 2576 	2577 	2579
f 2439 	6277 	2437
f 2574 	2576 	2579
f 2537 	3818 	2584
f 2585 	2584 	3835
f 3818 	3835 	2584
f 2495 	3009 	2530
f 2552 	2530 	3009
f 2554 	2552 	3009
f 2589 	2554 	3009
f 2599 	2598 	3835
f 2555 	2589 	3009
f 2605 	3835 	2604
f 2585 	3835 	2605
f 2598 	2604 	3835
f 2556 	2555 	3009
f 2607 	2556 	3009
f 2603 	2917 	2596
f 2612 	2601 	3859
f 2558 	2557 	3009
f 2606 	3009 	2557
f 2616 	2599 	3835
f 2609 	2607 	3009
f 2600 	2616 	3835
f 2606 	2609 	3009
f 2625 	2614 	3009
f 2614 	2558 	3009
f 2162 	2161 	2803
f 2110 	2625 	3009
f 2116 	2113 	3009
f 2110 	3009 	2111
f 2612 	3859 	2621
f 2631 	2621 	3859
f 2645 	2579 	2644
f 2646 	2579 	2645
f 2647 	2579 	2646
f 2574 	2579 	2647
f 2642 	2644 	2579
f 2623 	2665 	2628
f 2622 	2665 	2623
f 2629 	2628 	2665
f 2664 	2694 	600
f 2650 	2656 	2651
f 2656 	2659 	2803
f 2663 	2803 	2659
f 1457 	1085 	2663
f 1969 	1967 	2663
f 2657 	2629 	2665
f 2904 	2579 	2903
f 2620 	2665 	2622
f 603 	2694 	605
f 2714 	2729 	605
f 2672 	2579 	2696
f 2763 	2579 	2762
f 2677 	2665 	2678
f 2678 	2665 	2679
f 2620 	2679 	2665
f 2664 	600 	598
f 2603 	2676 	2664
f 2686 	2690 	2689
f 2688 	2686 	2689
f 2696 	2579 	2695
f 2695 	2579 	2693
f 2693 	2579 	2692
f 2692 	2579 	2691
f 603 	600 	2694
f 2714 	605 	2694
f 2704 	2665 	2698
f 2677 	2698 	2665
f 2717 	2579 	2716
f 2688 	2579 	2686
f 2436 	6280 	2579
f 2579 	2688 	2718
f 2579 	2718 	2642
f 2715 	2629 	2657
f 2725 	3324 	2724
f 2726 	3324 	2725
f 2727 	3324 	2726
f 2728 	3324 	2727
f 605 	2729 	649
f 2631 	3859 	2632
f 2730 	2632 	3859
f 2729 	2735 	650
f 2729 	650 	649
f 2724 	2722 	2095
f 2096 	2095 	2722
f 2744 	2579 	2743
f 2743 	2579 	2742
f 2716 	2579 	2744
f 2741 	2742 	2579
f 2762 	2579 	2672
f 2748 	714 	518
f 2724 	2094 	2725
f 2095 	2094 	2724
f 518 	2402 	2748
f 2094 	2726 	2725
f 2094 	2093 	2726
f 2738 	3997 	2749
f 2750 	3997 	2751
f 2726 	2090 	2727
f 2093 	2090 	2726
f 2764 	2765 	2579
f 2765 	2740 	2579
f 2740 	2741 	2579
f 2764 	2579 	2763
f 2728 	2727 	2088
f 2090 	2088 	2727
f 702 	2797 	598
f 2657 	5800 	2770
f 2769 	2770 	5800
f 2803 	3026 	2656
f 598 	2795 	2664
f 2664 	2795 	2603
f 2176 	3713 	2010
f 2779 	3324 	2778
f 2216 	2049 	3592
f 2088 	2778 	2728
f 2778 	2088 	2108
f 2748 	2780 	710
f 2748 	710 	714
f 2779 	2778 	2107
f 2108 	2107 	2778
f 2791 	2579 	2790
f 2999 	2579 	2998
f 2998 	2579 	2997
f 2657 	2665 	5800
f 2779 	2107 	2196
f 2795 	598 	2797
f 695 	712 	2792
f 2797 	702 	2794
f 698 	2794 	702
f 2663 	1963 	2803
f 2803 	2161 	2806
f 2798 	2665 	2799
f 2704 	2800 	2665
f 2665 	2800 	2799
f 2814 	2161 	2813
f 2815 	2161 	2814
f 2816 	2161 	2815
f 2817 	2161 	2816
f 2818 	2161 	2817
f 2819 	2161 	2818
f 2820 	2161 	2819
f 2821 	2161 	2820
f 2808 	2161 	2821
f 2805 	2161 	2808
f 2806 	2161 	2805
f 2890 	2195 	2194
f 2835 	2579 	6275
f 6281 	6275 	2579
f 6289 	6281 	2579
f 2790 	2579 	2835
f 2194 	2192 	2890
f 2823 	2858 	2811
f 2855 	710 	2780
f 2825 	2855 	2780
f 2862 	2836 	2795
f 2862 	2795 	2797
f 1486 	2665 	2846
f 2829 	2792 	711
f 2792 	712 	711
f 2794 	2837 	2797
f 2728 	2778 	3324
f 2779 	2857 	3324
f 2857 	2889 	3324
f 2889 	2890 	3324
f 2812 	2811 	2858
f 2812 	2858 	2855
f 710 	2855 	2858
f 2779 	2196 	2857
f 2196 	2195 	2889
f 2196 	2889 	2857
f 2858 	2829 	710
f 711 	710 	2829
f 2837 	2862 	2797
f 2826 	2825 	2780
f 2838 	2795 	2836
f 2750 	2749 	3997
f 2871 	2870 	2872
f 2884 	2898 	2870
f 2898 	1727 	2870
f 2872 	2870 	1727
f 2890 	2892 	3324
f 2894 	3324 	2892
f 2935 	3324 	2894
f 2935 	2936 	3324
f 2135 	2114 	1846
f 2161 	2160 	2886
f 3011 	2886 	3010
f 2891 	2161 	2887
f 2893 	2161 	2891
f 2895 	2161 	2893
f 2897 	2161 	2896
f 2813 	2161 	2897
f 2896 	2161 	2895
f 2917 	2603 	2795
f 2867 	1846 	2899
f 2861 	2860 	2867
f 2860 	1844 	2867
f 2131 	2135 	1846
f 2838 	2888 	2795
f 2903 	2579 	2902
f 2970 	2579 	2906
f 2906 	2579 	2905
f 2890 	2889 	2195
f 1952 	1951 	3169
f 3315 	3313 	1989
f 2192 	2892 	2890
f 2597 	2596 	2917
f 2189 	2894 	2892
f 2189 	2892 	2192
f 2935 	2894 	2189
f 2907 	2917 	2910
f 2911 	2910 	2917
f 2795 	2914 	2917
f 2911 	2917 	2914
f 2888 	2914 	2795
f 3324 	3713 	2175
f 2075 	2073 	3330
f 1989 	1953 	3315
f 3117 	3120 	2934
f 2189 	2204 	2935
f 2943 	2579 	2941
f 2944 	2579 	2943
f 2946 	2579 	2944
f 2947 	2579 	2946
f 2948 	2579 	2947
f 2691 	2579 	2948
f 2204 	2203 	2936
f 2204 	2936 	2935
f 2957 	2955 	2934
f 2984 	2993 	2884
f 2181 	2153 	2899
f 2178 	2181 	2899
f 2899 	1846 	2178
f 2114 	2178 	1846
f 2934 	2938 	2957
f 2846 	2665 	2849
f 2798 	2849 	2665
f 2936 	2203 	2237
f 2967 	2955 	2957
f 2968 	2967 	2957
f 3006 	2237 	2236
f 6023 	813 	3422
f 2236 	2235 	3006
f 2982 	2981 	2884
f 2941 	2579 	2970
f 2905 	2579 	2904
f 741 	2967 	2974
f 2958 	2965 	2425
f 2960 	2984 	2884
f 2993 	2983 	2884
f 2983 	2982 	2884
f 2961 	2960 	2884
f 2971 	2966 	2425
f 2974 	2967 	2968
f 2952 	2953 	3024
f 742 	741 	2992
f 2657 	2988 	2987
f 2232 	3159 	2233
f 2987 	2715 	2657
f 741 	2974 	2992
f 2770 	2988 	2657
f 2978 	2977 	2898
f 3324 	2936 	3005
f 3006 	3324 	3005
f 2956 	2898 	2977
f 2977 	2976 	2956
f 2992 	517 	742
f 2954 	2956 	2976
f 6298 	6305 	2835
f 3000 	2579 	2999
f 2902 	2579 	3000
f 2997 	2579 	2791
f 2976 	3025 	2954
f 2953 	2954 	3025
f 3025 	3024 	2953
f 2387 	517 	2992
f 2898 	2884 	2978
f 2979 	2978 	2884
f 3158 	3324 	3007
f 3007 	3324 	3006
f 2980 	2979 	2884
f 2981 	2980 	2884
f 1515 	3117 	2934
f 2885 	2886 	3011
f 2887 	2161 	2886
f 3005 	2936 	2237
f 2237 	3006 	3005
f 2651 	2656 	3026
f 3079 	3098 	1575
f 3006 	2235 	3007
f 3007 	2235 	3158
f 3023 	3022 	2952
f 2012 	3044 	3038
f 3022 	3020 	2952
f 3024 	3023 	2952
f 2235 	2234 	3158
f 3020 	3019 	2952
f 3019 	3018 	2952
f 3018 	3017 	2952
f 3061 	3016 	2952
f 3044 	3058 	3038
f 3053 	3038 	3058
f 3016 	3015 	2952
f 3017 	3061 	2952
f 2940 	2951 	3014
f 3015 	3014 	2952
f 2951 	2952 	3014
f 3069 	3053 	3058
f 3014 	3012 	2940
f 3071 	3069 	3058
f 2870 	3067 	3070
f 2870 	3070 	2884
f 3074 	2872 	3441
f 3012 	4018 	2940
f 2939 	2940 	4018
f 4017 	4019 	3727
f 3069 	3071 	3079
f 3085 	3079 	3071
f 3441 	1727 	3096
f 2898 	3096 	1727
f 3094 	2899 	2884
f 3094 	2884 	3070
f 3063 	2867 	2899
f 3063 	2899 	3094
f 3108 	3098 	3079
f 3108 	3079 	3085
f 3096 	2898 	2956
f 3096 	2956 	3106
f 2956 	2954 	3114
f 2956 	3114 	3106
f 2731 	3991 	2634
f 3103 	3652 	3104
f 3098 	3108 	3117
f 3120 	3117 	3108
f 3127 	3643 	3084
f 3084 	3463 	3086
f 6294 	6293 	2833
f 2833 	2834 	6294
f 2834 	2835 	6299
f 6296 	6295 	2835
f 3128 	3114 	2953
f 2954 	2953 	3114
f 3086 	3489 	3129
f 2938 	2934 	3120
f 3133 	3643 	3127
f 3128 	2952 	3134
f 3081 	3544 	3133
f 3080 	3652 	3081
f 3104 	3652 	3080
f 3134 	2951 	3143
f 3115 	3652 	3119
f 3079 	1575 	3069
f 3112 	2971 	3099
f 2966 	2971 	3112
f 2971 	3652 	3099
f 1574 	1482 	3069
f 3156 	2951 	2940
f 3159 	3324 	3158
f 2940 	2939 	3156
f 3156 	2939 	3822
f 3156 	3143 	2951
f 2952 	2951 	3134
f 3128 	2953 	2952
f 3159 	3158 	2233
f 2234 	2233 	3158
f 3169 	3297 	1952
f 2966 	3239 	3179
f 3174 	2958 	2966
f 3174 	2966 	3179
f 3183 	3324 	3159
f 2232 	3183 	3159
f 821 	3262 	823
f 3190 	3594 	3196
f 3151 	14 	3154
f 3168 	14 	3151
f 3203 	14 	3168
f 3154 	67 	3201
f 3262 	824 	823
f 2722 	2724 	3324
f 3155 	5820 	3148
f 3201 	5820 	3155
f 3148 	5820 	3171
f 3171 	5820 	3210
f 3215 	3324 	3213
f 3215 	3256 	3324
f 3183 	3213 	3324
f 1953 	1952 	3297
f 3212 	5818 	3207
f 3214 	5818 	3212
f 3207 	5818 	763
f 3210 	5818 	3214
f 3167 	14 	3203
f 3166 	3557 	3167
f 3183 	2232 	3213
f 3199 	3451 	3166
f 3677 	2010 	3713
f 2277 	3213 	2232
f 650 	3232 	819
f 2735 	3232 	650
f 3188 	3439 	3190
f 3129 	3614 	3188
f 3119 	3652 	3103
f 3638 	2039 	2038
f 2277 	3215 	3213
f 820 	819 	3240
f 3232 	3240 	819
f 2277 	2276 	3215
f 2966 	3112 	3239
f 3245 	3239 	3112
f 3233 	3115 	3248
f 3233 	3100 	3115
f 3240 	3252 	821
f 3240 	821 	820
f 3218 	3290 	3103
f 3251 	3290 	3218
f 3119 	3103 	3290
f 3713 	3324 	3258
f 3257 	3258 	3324
f 3256 	3257 	3324
f 3127 	3084 	3195
f 3260 	3202 	1451
f 3252 	3262 	821
f 2635 	2634 	3989
f 3988 	3989 	2634
f 3989 	3997 	2635
f 3261 	3129 	3373
f 3215 	2314 	3256
f 3197 	3086 	3129
f 3197 	3129 	3261
f 3215 	2276 	2314
f 3195 	3189 	3127
f 3185 	3184 	3266
f 3133 	3127 	3189
f 3133 	3189 	3185
f 3267 	824 	3262
f 3185 	3266 	3187
f 3185 	3081 	3133
f 2314 	3257 	3256
f 3266 	3251 	3187
f 3218 	3187 	3251
f 3257 	2314 	2313
f 3271 	3115 	3217
f 824 	3267 	3169
f 3279 	3169 	3267
f 3257 	2312 	3258
f 3217 	3115 	3119
f 2313 	2312 	3257
f 3279 	3372 	3169
f 3217 	3287 	3271
f 3289 	3217 	3290
f 3119 	3290 	3217
f 3248 	3115 	3271
f 3234 	3233 	3248
f 3245 	3112 	3099
f 3245 	3099 	3206
f 2075 	3330 	3324
f 3310 	3294 	4011
f 4011 	4010 	3310
f 4012 	4011 	3294
f 4013 	4012 	3294
f 3295 	4013 	3294
f 3346 	4014 	3295
f 3324 	3361 	2722
f 3297 	3169 	3372
f 3373 	3129 	3188
f 3297 	3381 	3315
f 3380 	3188 	3190
f 3372 	3381 	3297
f 3190 	3196 	3383
f 3383 	3196 	3199
f 3313 	3315 	3389
f 3381 	3389 	3315
f 3203 	3168 	3306
f 3154 	3201 	3308
f 3201 	3390 	3308
f 3316 	3311 	3308
f 3316 	3308 	3390
f 3327 	3390 	3201
f 3326 	3390 	3327
f 3327 	3201 	3307
f 3155 	3307 	3201
f 3389 	3394 	3330
f 3389 	3330 	3313
f 763 	20 	3395
f 763 	3395 	3320
f 3321 	3320 	3395
f 3324 	3330 	3402
f 3394 	3402 	3330
f 2600 	3835 	3851
f 3400 	3210 	3214
f 3361 	3324 	3412
f 3402 	3412 	3324
f 2096 	2722 	3412
f 3361 	3412 	2722
f 3401 	3400 	3214
f 763 	3320 	3207
f 3212 	3401 	3214
f 3203 	3306 	3305
f 3423 	3305 	3390
f 3305 	3316 	3390
f 3303 	3302 	3425
f 3638 	1999 	3677
f 3203 	3305 	3303
f 3317 	3305 	3423
f 2176 	2175 	3713
f 3199 	3166 	3303
f 3199 	3303 	3425
f 3303 	3167 	3203
f 3199 	3425 	3299
f 3301 	3299 	3425
f 3298 	3383 	3299
f 3199 	3299 	3383
f 3345 	3190 	3383
f 3347 	3345 	3383
f 2508 	3576 	2509
f 3380 	3190 	3345
f 3380 	3345 	3356
f 3339 	3188 	3340
f 3373 	3188 	3339
f 3380 	3340 	3188
f 1727 	3441 	2872
f 3355 	3340 	3380
f 3339 	3370 	3373
f 2601 	2600 	3852
f 3455 	3452 	3346
f 3859 	3991 	2730
f 3556 	3576 	2368
f 3592 	2039 	3638
f 2738 	2635 	3997
f 3988 	2634 	3991
f 3985 	4072 	3534
f 926 	3557 	3451
f 3534 	4072 	3536
f 926 	3451 	3574
f 1003 	925 	3436
f 1003 	3436 	3574
f 3574 	3436 	3448
f 3574 	3448 	926
f 3437 	1003 	3594
f 923 	1003 	3437
f 4072 	3586 	3585
f 4072 	3585 	3536
f 3349 	3346 	3452
f 1007 	922 	3445
f 1007 	3445 	3594
f 3594 	3445 	3437
f 3591 	3580 	4072
f 3580 	3578 	4072
f 3586 	4072 	3578
f 3443 	3442 	3594
f 1007 	3594 	3442
f 901 	3439 	3609
f 3455 	3295 	3608
f 945 	1010 	3458
f 1010 	3614 	3458
f 961 	3491 	1013
f 3614 	1013 	3491
f 3491 	3458 	3614
f 3295 	3294 	3608
f 3608 	3294 	3628
f 3622 	3591 	4072
f 1013 	3614 	3462
f 3484 	3483 	3632
f 3623 	3622 	4072
f 3489 	3462 	3614
f 3461 	958 	1022
f 1024 	957 	3464
f 3464 	3461 	3632
f 3616 	3615 	4072
f 3615 	3625 	4072
f 3625 	3624 	4072
f 3624 	3623 	4072
f 2355 	2354 	3638
f 1026 	1024 	3643
f 3468 	950 	1026
f 3294 	3310 	3642
f 3592 	2354 	3556
f 4072 	3645 	3649
f 4072 	3649 	3616
f 3513 	3542 	3652
f 3642 	3628 	3294
f 3468 	3652 	3474
f 3542 	3474 	3652
f 1035 	967 	3504
f 1035 	3504 	3667
f 3668 	3310 	3344
f 3507 	3514 	3504
f 3667 	3504 	3514
f 3657 	4072 	3658
f 3658 	4072 	3662
f 3344 	3343 	3674
f 3344 	3674 	3668
f 1039 	1035 	3667
f 3655 	4072 	3657
f 3663 	3662 	4072
f 3343 	3342 	3680
f 3343 	3680 	3674
f 3677 	2355 	3638
f 1039 	3520 	1041
f 3683 	1041 	3520
f 3342 	3341 	3689
f 3342 	3689 	3680
f 3683 	3529 	3528
f 3654 	3693 	3691
f 3653 	3654 	3691
f 3690 	3691 	3693
f 3688 	3690 	3693
f 3694 	4051 	3693
f 3695 	4048 	3694
f 3344 	3310 	4010
f 4010 	4009 	3344
f 3668 	3642 	3310
f 1041 	3683 	3528
f 1041 	3528 	990
f 3346 	3295 	3455
f 3592 	3638 	2354
f 2353 	3556 	2354
f 3679 	3663 	4072
f 3522 	3520 	3667
f 1039 	3667 	3520
f 3341 	3697 	3708
f 3341 	3708 	3689
f 3525 	3683 	3526
f 3520 	3526 	3683
f 3697 	3696 	3716
f 3697 	3716 	3708
f 3652 	3667 	3513
f 3514 	3513 	3667
f 3468 	3643 	3469
f 1026 	3643 	3468
f 3716 	3695 	3726
f 2939 	4017 	3727
f 3501 	3500 	3643
f 3759 	3760 	3693
f 3696 	4026 	3695
f 3544 	3652 	3545
f 3695 	3694 	3726
f 3469 	3643 	3500
f 3545 	3652 	3473
f 3468 	3473 	3652
f 2312 	2357 	3713
f 3713 	3258 	2312
f 3463 	3643 	3464
f 1024 	3464 	3643
f 3741 	3694 	3693
f 3481 	3464 	3632
f 3461 	1022 	3462
f 1013 	3462 	1022
f 3461 	3484 	3632
f 3609 	3614 	1010
f 3677 	3713 	2356
f 2357 	2356 	3713
f 3754 	3654 	3753
f 3609 	1010 	901
f 1007 	3442 	921
f 1003 	3574 	3594
f 2356 	2355 	3677
f 3557 	926 	1067
f 3534 	3719 	3985
f 3762 	3693 	3761
f 3760 	3761 	3693
f 3763 	3693 	3762
f 3688 	3693 	3763
f 3997 	3985 	3719
f 2752 	2751 	3997
f 3654 	3653 	3764
f 3533 	2752 	3997
f 3533 	3997 	3719
f 3654 	3764 	3753
f 3776 	3775 	4072
f 3773 	4072 	3769
f 3775 	3770 	4072
f 3653 	3791 	3764
f 3770 	3769 	4072
f 3791 	3691 	3690
f 3791 	3690 	3800
f 3576 	3556 	2351
f 2353 	2351 	3556
f 2351 	2442 	3576
f 3690 	3688 	3808
f 3690 	3808 	3800
f 3796 	3802 	4072
f 3904 	1846 	1844
f 3685 	4072 	3686
f 3653 	3691 	3791
f 3802 	3686 	4072
f 3684 	4072 	3685
f 3654 	3754 	3693
f 3754 	3741 	3693
f 3741 	3817 	3694
f 3817 	3726 	3694
f 3797 	3796 	4072
f 3716 	3696 	3695
f 3052 	3904 	2860
f 1844 	2860 	3904
f 3693 	4037 	3828
f 3759 	3693 	3828
f 4234 	3854 	4236
f 4236 	3854 	4237
f 2939 	3727 	3822
f 3836 	3349 	3452
f 3836 	3727 	3349
f 3836 	3822 	3727
f 3842 	3841 	4072
f 3841 	3837 	4072
f 3797 	4072 	3837
f 3818 	2509 	3576
f 3832 	3842 	4072
f 3832 	4072 	3833
f 3827 	4141 	3826
f 4248 	4247 	775
f 3828 	4142 	3827
f 3826 	4114 	3825
f 3904 	3900 	1846
f 3862 	3861 	4072
f 3860 	4072 	3861
f 3834 	4072 	3860
f 719 	720 	3871
f 4247 	4246 	775
f 4006 	4007 	3870
f 3818 	3576 	2442
f 4072 	3875 	3874
f 3874 	3876 	4072
f 4072 	3876 	3862
f 3818 	2440 	3835
f 2442 	2440 	3818
f 3851 	3835 	2439
f 2440 	2439 	3835
f 1846 	3900 	3824
f 3873 	3824 	3900
f 3852 	3851 	2437
f 2439 	2437 	3851
f 3910 	3422 	3907
f 3880 	3879 	4072
f 3879 	3875 	4072
f 4005 	4006 	3870
f 3870 	3871 	4005
f 720 	4005 	3871
f 3869 	3870 	4007
f 3871 	3872 	719
f 2437 	2436 	3859
f 2437 	3859 	3852
f 3688 	3763 	3808
f 3922 	3808 	3763
f 3881 	4072 	3923
f 3925 	3923 	4072
f 4072 	3009 	3782
f 3777 	3776 	4072
f 3922 	3762 	3927
f 3782 	3777 	4072
f 3922 	3763 	3762
f 3779 	3782 	3009
f 3851 	3852 	2600
f 3762 	3930 	3927
f 3761 	3930 	3762
f 3646 	4072 	3655
f 3684 	3679 	4072
f 2601 	3852 	3859
f 3834 	3833 	4072
f 3931 	4120 	3929
f 1126 	1119 	3971
f 3881 	3880 	4072
f 3929 	3824 	3932
f 3932 	3824 	3933
f 1119 	3936 	3971
f 3773 	3925 	4072
f 3935 	3930 	3760
f 3761 	3760 	3930
f 2495 	3779 	3009
f 2731 	2730 	3991
f 3873 	3938 	3824
f 3824 	3938 	3933
f 3940 	3935 	3759
f 3760 	3759 	3935
f 3828 	3951 	3759
f 4099 	1846 	3824
f 3940 	3759 	3951
f 3949 	3950 	3948
f 3915 	3948 	3950
f 3916 	3948 	3915
f 3941 	3824 	3942
f 3959 	3824 	1889
f 3951 	3828 	3961
f 3827 	3961 	3828
f 3942 	3824 	3945
f 3941 	3943 	3824
f 1889 	3824 	3943
f 3646 	3645 	4072
f 3945 	3824 	3966
f 3961 	3827 	3968
f 3826 	3968 	3827
f 2436 	2579 	3859
f 3991 	3859 	2579
f 3917 	3918 	3976
f 3975 	3976 	3918
f 3916 	3917 	3976
f 3978 	3916 	3976
f 3948 	3916 	3978
f 4089 	4112 	3977
f 4112 	1132 	1197
f 3972 	3973 	3918
f 3973 	3974 	3918
f 3995 	3972 	3918
f 3854 	4250 	3853
f 3971 	1148 	1126
f 3974 	3975 	3918
f 3993 	3994 	3920
f 3921 	3869 	3992
f 3971 	3998 	1148
f 3919 	3920 	3995
f 3994 	3995 	3920
f 3918 	3919 	3995
f 3992 	3993 	3920
f 3920 	3921 	3992
f 780 	719 	3853
f 2574 	3985 	3997
f 778 	780 	3853
f 4246 	4245 	774
f 3826 	3825 	3968
f 4008 	3968 	3825
f 3998 	3910 	3907
f 4015 	3349 	4016
f 4017 	2939 	4018
f 4016 	3349 	4019
f 2579 	2578 	3988
f 2579 	3988 	3991
f 4014 	3346 	4015
f 4013 	3295 	4014
f 3349 	3727 	4019
f 4009 	4045 	3343
f 2182 	1142 	3422
f 4045 	4044 	3343
f 3342 	3343 	4044
f 4044 	4043 	3342
f 3989 	3988 	2577
f 2578 	2577 	3988
f 4033 	2651 	3026
f 4033 	3026 	311
f 2577 	3997 	3989
f 3997 	2577 	2576
f 1457 	2663 	4046
f 4046 	2663 	2659
f 4046 	2659 	4034
f 3341 	3342 	4042
f 2576 	2574 	3997
f 2803 	4340 	3026
f 311 	3026 	4340
f 1142 	3998 	3907
f 4042 	4029 	3341
f 3697 	3341 	4029
f 1142 	3907 	3422
f 3696 	3697 	4029
f 4031 	3696 	4029
f 4026 	3696 	4031
f 4048 	3695 	4027
f 1142 	1148 	3998
f 4043 	4042 	3342
f 4051 	3694 	4048
f 2646 	2645 	4168
f 4040 	3693 	4051
f 4039 	3693 	4040
f 4038 	3693 	4039
f 4037 	3693 	4038
f 4028 	3695 	4026
f 3977 	3936 	1119
f 2645 	2644 	4168
f 2813 	4052 	2814
f 4027 	3695 	4028
f 3343 	3344 	4009
f 4036 	3828 	4037
f 4035 	3828 	4036
f 3349 	4015 	3346
f 4630 	3009 	4072
f 3985 	2574 	2647
f 4090 	2815 	4088
f 2814 	4088 	2815
f 4624 	3951 	4625
f 3961 	4625 	3951
f 4625 	3961 	3968
f 3959 	1899 	3824
f 4101 	4100 	3824
f 4102 	4104 	4106
f 4101 	3824 	1899
f 1889 	4109 	3959
f 4107 	1899 	3959
f 4060 	3828 	4035
f 4119 	3828 	4060
f 4123 	3828 	4124
f 4118 	3828 	4123
f 4130 	3828 	4128
f 4110 	4104 	4102
f 4112 	4111 	3977
f 1901 	1846 	4099
f 3824 	4100 	4099
f 2816 	4090 	4108
f 4111 	4112 	4106
f 2816 	2815 	4090
f 4091 	4112 	4089
f 3824 	3929 	4120
f 4089 	3977 	4092
f 3977 	1119 	4092
f 4008 	3857 	4122
f 3825 	3857 	4008
f 4091 	4125 	4112
f 1132 	4112 	4125
f 4128 	3828 	4118
f 1119 	1132 	4092
f 4120 	3966 	3824
f 4132 	2817 	4108
f 4129 	4122 	3856
f 3857 	3856 	4122
f 4117 	3828 	4130
f 4124 	3828 	4119
f 4112 	4083 	4082
f 4106 	4112 	4082
f 4106 	4085 	4102
f 4084 	4102 	4085
f 4134 	4133 	4143
f 4142 	3828 	4115
f 4115 	3828 	4116
f 4143 	4139 	4138
f 4082 	4085 	4106
f 4137 	4136 	4143
f 4109 	4131 	3959
f 4141 	3827 	4142
f 4116 	3828 	4117
f 4114 	3826 	4141
f 4151 	3825 	4113
f 4113 	3825 	4114
f 4244 	4146 	4112
f 4147 	4143 	4148
f 4136 	4148 	4143
f 2817 	4160 	2818
f 4083 	4112 	4146
f 4150 	4134 	4143
f 3959 	4131 	4107
f 4102 	4084 	4149
f 4138 	4137 	4143
f 4143 	4140 	4139
f 4143 	4166 	4165
f 4336 	4313 	4175
f 4166 	4143 	4133
f 4143 	4165 	4167
f 4164 	4167 	4165
f 4167 	4140 	4143
f 4160 	4178 	2818
f 4072 	3985 	2647
f 4143 	4147 	4177
f 4177 	4150 	4143
f 4176 	4179 	4181
f 2647 	2646 	4093
f 2647 	4093 	4072
f 2646 	4168 	4093
f 4168 	2644 	4105
f 4329 	4110 	4068
f 4329 	4068 	4067
f 4068 	4110 	4070
f 4102 	4073 	4070
f 4102 	4070 	4110
f 2642 	4097 	4105
f 2642 	4105 	2644
f 4097 	2718 	5100
f 2718 	4097 	2642
f 2819 	4178 	2820
f 4054 	4053 	4176
f 4129 	3856 	4210
f 3855 	4210 	3856
f 4219 	4179 	4176
f 4219 	4176 	5106
f 3855 	3854 	4210
f 4223 	4210 	3854
f 4232 	4230 	1986
f 4239 	3857 	4155
f 4152 	3856 	4153
f 4232 	1986 	4233
f 1984 	4233 	1986
f 4223 	3854 	4238
f 4269 	4276 	879
f 3853 	4238 	3854
f 879 	795 	4269
f 4270 	4269 	795
f 4230 	4229 	1986
f 4153 	3856 	4239
f 4229 	1981 	1986
f 4155 	3857 	4151
f 4209 	4208 	4207
f 4207 	1992 	4209
f 1966 	4209 	1992
f 874 	876 	4289
f 4228 	4444 	4220
f 4220 	4444 	4216
f 4217 	4216 	4444
f 4214 	4213 	4242
f 4199 	4243 	4200
f 4146 	4244 	4240
f 4221 	4334 	1992
f 4222 	4221 	1992
f 4202 	4201 	4242
f 3052 	3063 	3904
f 3904 	3063 	3900
f 4204 	1992 	4205
f 4222 	1992 	4204
f 4207 	4205 	1992
f 878 	879 	4276
f 4149 	4254 	4102
f 4240 	4244 	4241
f 4241 	4244 	4251
f 4102 	4251 	4244
f 4275 	4274 	876
f 4251 	4102 	4254
f 4258 	4242 	4255
f 4201 	4255 	4242
f 4257 	4242 	4258
f 4252 	4259 	3938
f 3094 	4409 	3900
f 3938 	3873 	4253
f 4252 	3938 	4253
f 876 	878 	4275
f 4242 	4257 	4214
f 4265 	4263 	3900
f 4274 	4273 	876
f 4276 	4275 	878
f 4243 	4199 	4195
f 4243 	4195 	4194
f 4273 	4291 	876
f 4185 	4184 	4183
f 4187 	4466 	4188
f 4243 	4197 	4196
f 4198 	4243 	4196
f 4291 	4289 	876
f 4112 	1197 	4244
f 4262 	3873 	4263
f 4253 	3873 	4262
f 1019 	874 	4287
f 4287 	4286 	1019
f 4286 	4295 	1019
f 4278 	4277 	2044
f 4125 	4092 	1132
f 4282 	4281 	4243
f 795 	774 	4270
f 3825 	4151 	3857
f 4245 	4270 	774
f 4285 	2821 	4284
f 2820 	4284 	2821
f 2017 	2044 	4283
f 4283 	2044 	4277
f 4194 	4282 	4243
f 4410 	4307 	1016
f 4295 	4294 	1017
f 4271 	4279 	2044
f 4279 	4278 	2044
f 4272 	4271 	2044
f 1016 	1017 	4294
f 4272 	4466 	4187
f 4243 	4281 	4197
f 1017 	1019 	4295
f 4307 	4305 	1016
f 4294 	4410 	1016
f 1015 	1016 	4305
f 4212 	4211 	4242
f 4213 	4212 	4242
f 3853 	3872 	4299
f 4238 	3853 	4299
f 4289 	4287 	874
f 3872 	4310 	4299
f 4310 	3872 	3871
f 4290 	4288 	4313
f 3871 	3870 	4315
f 3871 	4315 	4310
f 2808 	2821 	4285
f 4321 	4315 	3869
f 3870 	3869 	4315
f 4349 	4321 	3869
f 4300 	4290 	4298
f 4296 	4290 	4300
f 4297 	4290 	4296
f 4313 	4298 	4290
f 4298 	4313 	4308
f 4329 	4290 	4319
f 4297 	4319 	4290
f 4349 	4361 	4321
f 4323 	4329 	4319
f 4335 	2805 	2808
f 4242 	4324 	4322
f 4331 	2040 	4326
f 2029 	4326 	2040
f 4332 	4175 	4333
f 4337 	4175 	4332
f 4336 	4175 	4337
f 4175 	4329 	4333
f 4323 	4333 	4329
f 4320 	4203 	4242
f 4203 	4202 	4242
f 4322 	4320 	4242
f 4313 	4336 	4308
f 5379 	5377 	4238
f 4313 	4288 	4176
f 4181 	4313 	4176
f 4175 	4313 	4181
f 4110 	4329 	4186
f 4067 	4325 	4329
f 4460 	311 	4340
f 2803 	2806 	4340
f 4223 	4238 	5348
f 5411 	4299 	4310
f 4367 	3900 	4369
f 4267 	3900 	4268
f 4266 	3900 	4267
f 4265 	3900 	4266
f 3873 	3900 	4263
f 3869 	3921 	4349
f 3921 	3920 	4361
f 3921 	4361 	4349
f 3920 	3919 	4364
f 3920 	4364 	4361
f 4344 	4102 	4244
f 3919 	3918 	4371
f 3919 	4371 	4364
f 4268 	3900 	4365
f 4343 	4347 	4344
f 4341 	4343 	4344
f 3918 	3917 	4373
f 3918 	4373 	4371
f 4365 	3900 	4366
f 4366 	3900 	4367
f 4329 	4342 	4344
f 4105 	4097 	4514
f 2035 	1992 	4334
f 3917 	3916 	4376
f 3917 	4376 	4373
f 4352 	3900 	4353
f 4102 	4344 	4347
f 4347 	4348 	4102
f 4375 	3900 	4356
f 4353 	3900 	4375
f 4348 	4206 	4102
f 4073 	4102 	4206
f 4369 	3900 	4370
f 3916 	3915 	4378
f 3916 	4378 	4376
f 2044 	2048 	4466
f 4382 	4378 	3950
f 3915 	3950 	4378
f 4359 	3900 	4360
f 4358 	3900 	4359
f 4357 	3900 	4358
f 4360 	3900 	4362
f 4315 	4321 	4361
f 4310 	4315 	4361
f 4361 	4364 	4310
f 4364 	4371 	4310
f 4371 	4373 	4310
f 4373 	4376 	4310
f 4378 	4310 	4376
f 4356 	3900 	4357
f 4351 	3900 	4352
f 4370 	3900 	4351
f 4421 	3900 	4426
f 4329 	4325 	4379
f 4329 	4379 	4381
f 4381 	4342 	4329
f 4341 	4344 	4342
f 4290 	4329 	4344
f 3950 	3949 	4384
f 3950 	4384 	4382
f 2048 	4327 	4466
f 4329 	4175 	4186
f 3949 	3948 	4391
f 3949 	4391 	4384
f 4176 	4288 	4224
f 4054 	4176 	4224
f 2028 	2040 	4327
f 4225 	4224 	4288
f 4391 	4415 	4310
f 4378 	4382 	4310
f 4382 	4384 	4310
f 4391 	4310 	4384
f 4427 	3900 	4409
f 2040 	4466 	4327
f 2027 	4327 	2048
f 4305 	4304 	1015
f 4466 	4272 	2044
f 3948 	3978 	4391
f 4362 	3900 	4400
f 4304 	4303 	1385
f 1384 	1385 	4303
f 4415 	4391 	3978
f 1385 	1015 	4304
f 4412 	3900 	4420
f 4309 	2040 	4306
f 4466 	2040 	4309
f 4311 	4306 	2040
f 4318 	4317 	2040
f 4400 	3900 	4401
f 4303 	4422 	1384
f 4415 	3976 	4423
f 4309 	4314 	4466
f 4314 	4193 	4466
f 4411 	4288 	4493
f 4225 	4288 	4411
f 4401 	3900 	4412
f 3978 	3976 	4415
f 1383 	1384 	4398
f 4311 	2040 	4317
f 4413 	4414 	4493
f 4399 	4398 	1384
f 4411 	4493 	4417
f 4414 	4417 	4493
f 4211 	4324 	4242
f 4318 	2040 	4331
f 4419 	3900 	4421
f 4420 	3900 	4419
f 4434 	4423 	3975
f 3976 	3975 	4423
f 4422 	4399 	1384
f 4335 	4340 	2805
f 4237 	3855 	4152
f 4340 	2806 	2805
f 4443 	4441 	4440
f 3975 	3974 	4445
f 3975 	4445 	4434
f 4444 	4438 	4437
f 4444 	4437 	4436
f 4440 	4442 	4443
f 4340 	4335 	4339
f 4345 	4339 	4335
f 4438 	4444 	4226
f 4227 	4226 	4444
f 4436 	4435 	4444
f 4449 	1410 	4450
f 4227 	4444 	4228
f 4435 	4217 	4444
f 3974 	4459 	4445
f 4398 	4397 	1383
f 4424 	3900 	4427
f 4426 	3900 	4424
f 4451 	1410 	4452
f 4461 	4200 	4243
f 1410 	1412 	4452
f 4457 	4460 	4458
f 4462 	1410 	4451
f 4409 	3094 	4408
f 4340 	4339 	4460
f 4456 	1410 	4462
f 4458 	4460 	4339
f 4335 	2808 	4285
f 4464 	4466 	4465
f 2820 	4178 	4284
f 4450 	1410 	4456
f 4469 	1410 	4449
f 4198 	4461 	4243
f 2819 	2818 	4178
f 4464 	4463 	4466
f 2817 	4132 	4160
f 4466 	4463 	4188
f 4108 	2817 	2816
f 4468 	1410 	4469
f 2814 	4052 	4088
f 4465 	4466 	4192
f 2813 	122 	4052
f 4193 	4192 	4466
f 4448 	1410 	4467
f 4447 	1410 	4448
f 4528 	1442 	4526
f 4467 	1410 	4468
f 4473 	4408 	3094
f 4480 	4484 	4375
f 4481 	4480 	4375
f 4485 	4375 	4484
f 2886 	4488 	2887
f 4290 	1222 	4288
f 2887 	4488 	128
f 2887 	128 	2891
f 4353 	4375 	4485
f 128 	126 	2893
f 128 	2893 	2891
f 2308 	4473 	4947
f 4375 	4356 	4481
f 2895 	126 	125
f 3973 	4459 	3974
f 125 	2896 	2895
f 2298 	2308 	4947
f 2295 	2298 	4947
f 1213 	4344 	1205
f 2897 	124 	122
f 2182 	2183 	4947
f 2813 	2897 	122
f 2183 	2295 	4947
f 3094 	4947 	4473
f 2897 	2896 	124
f 2896 	125 	124
f 2895 	2893 	126
f 4488 	2886 	133
f 2886 	2885 	133
f 4344 	1213 	4290
f 4509 	4459 	3972
f 3973 	3972 	4459
f 4509 	3972 	4518
f 4434 	4445 	4310
f 4459 	4310 	4445
f 4518 	4310 	4509
f 4630 	4072 	4093
f 3972 	3995 	4518
f 4479 	1410 	4446
f 4474 	1545 	4475
f 1189 	4344 	4244
f 3995 	3994 	4520
f 3995 	4520 	4518
f 4521 	4499 	4505
f 4521 	4505 	4733
f 4244 	1191 	1189
f 4478 	1410 	4479
f 4477 	1410 	4478
f 4446 	1410 	4447
f 1191 	4244 	1197
f 5039 	4523 	4498
f 4526 	1443 	4476
f 4527 	4520 	3993
f 3994 	3993 	4520
f 4524 	4972 	4733
f 4475 	1546 	4525
f 4530 	4495 	4532
f 4476 	1444 	4477
f 4503 	4502 	4521
f 4501 	4521 	4502
f 4344 	1189 	1205
f 4495 	4517 	4532
f 4525 	1441 	4528
f 3993 	3992 	4531
f 3993 	4531 	4527
f 1209 	4290 	1213
f 1412 	1383 	4452
f 4520 	4310 	4518
f 4527 	4310 	4520
f 4531 	4310 	4527
f 4415 	4423 	4310
f 4423 	4434 	4310
f 4459 	4509 	4310
f 1209 	1222 	4290
f 3992 	4007 	4531
f 2696 	4850 	2672
f 1226 	4288 	1222
f 4545 	4531 	4007
f 4533 	4503 	4521
f 4288 	1226 	4493
f 4535 	2083 	4534
f 4534 	2083 	4532
f 4517 	4534 	4532
f 1231 	4493 	1226
f 4521 	2083 	4535
f 4535 	4533 	4521
f 4579 	4581 	2387
f 4547 	4545 	4006
f 4007 	4006 	4545
f 4543 	1545 	4474
f 4542 	1545 	4543
f 4554 	4552 	4556
f 4006 	4005 	4559
f 4006 	4559 	4547
f 4556 	4561 	4554
f 4558 	4554 	4561
f 720 	4559 	4005
f 4498 	4497 	5039
f 4553 	5039 	4497
f 5039 	4553 	4521
f 4564 	1545 	4542
f 4539 	1545 	4541
f 4545 	4310 	4531
f 4547 	4310 	4545
f 4559 	4310 	4547
f 5245 	4310 	4559
f 4521 	4553 	4500
f 4500 	4499 	4521
f 4560 	1545 	4564
f 4541 	1545 	4560
f 4556 	4550 	4561
f 4530 	5039 	4548
f 4530 	4548 	4495
f 4555 	5039 	4551
f 4548 	5039 	4555
f 4521 	4551 	5039
f 4501 	4551 	4521
f 2748 	2402 	4620
f 4544 	1545 	4539
f 4506 	4508 	4521
f 4733 	4507 	4521
f 4506 	4521 	4507
f 4550 	4575 	4561
f 4510 	4521 	4508
f 4578 	4561 	4575
f 4583 	4569 	4568
f 4583 	4568 	4570
f 4027 	4574 	4048
f 4566 	4565 	4583
f 4570 	4567 	4566
f 4570 	4566 	4583
f 4573 	4051 	4574
f 4048 	4574 	4051
f 5283 	5281 	4941
f 4051 	4573 	4572
f 4051 	4572 	4576
f 4051 	4576 	4040
f 4572 	4571 	4577
f 4572 	4577 	4576
f 4586 	4585 	2780
f 4571 	4580 	4577
f 4614 	4613 	2780
f 4618 	4586 	2780
f 4608 	3940 	4609
f 4596 	4595 	4619
f 4600 	4599 	4617
f 4609 	3951 	4610
f 2131 	2102 	4521
f 4585 	4584 	5281
f 2826 	2780 	4585
f 4615 	4610 	3951
f 4615 	3951 	4616
f 4613 	4618 	2780
f 2102 	2083 	4521
f 4584 	4941 	5281
f 4621 	4611 	4604
f 4621 	4604 	4603
f 4590 	4588 	4619
f 4606 	4605 	4621
f 4605 	4715 	4621
f 4587 	2131 	4589
f 4582 	4589 	4510
f 4510 	4589 	4521
f 4589 	2131 	4521
f 2103 	4532 	2083
f 4562 	4735 	4563
f 4598 	4597 	4617
f 4617 	4597 	4602
f 4983 	4530 	2106
f 4532 	2106 	4530
f 4532 	2103 	2104
f 4532 	2104 	2106
f 4513 	4185 	2106
f 4511 	2106 	4183
f 4185 	4183 	2106
f 4652 	4625 	3968
f 2082 	4513 	2106
f 4674 	4669 	3968
f 3968 	4660 	4652
f 4660 	3968 	4669
f 4623 	3951 	4624
f 4627 	3951 	4623
f 3951 	4627 	4616
f 4671 	4683 	2917
f 4672 	4671 	2917
f 4670 	2917 	4683
f 4668 	2917 	4670
f 4693 	2917 	4668
f 4694 	2917 	4693
f 4679 	2917 	4694
f 4657 	2917 	4680
f 4656 	2917 	4657
f 4655 	2917 	4656
f 4698 	2917 	4655
f 4688 	3968 	4689
f 4654 	5843 	4698
f 4653 	5843 	4654
f 4707 	136 	129
f 4599 	4638 	4617
f 4617 	4638 	4637
f 4647 	5795 	4632
f 4646 	5795 	4647
f 4633 	4632 	5795
f 4633 	5795 	4631
f 4617 	4637 	4598
f 4591 	4619 	4592
f 4594 	4592 	4619
f 4704 	5815 	4706
f 113 	5815 	4704
f 4628 	4735 	4629
f 4711 	4629 	4735
f 4563 	4735 	4628
f 4505 	4504 	4733
f 4721 	4720 	4736
f 4721 	4736 	4726
f 176 	405 	367
f 4504 	4524 	4733
f 4709 	5843 	4702
f 4702 	5843 	4653
f 4708 	5844 	4709
f 4711 	4735 	4730
f 4731 	4730 	4735
f 4714 	4713 	4619
f 154 	5846 	4708
f 367 	5846 	154
f 4736 	4723 	4722
f 4736 	4722 	4727
f 4514 	2916 	280
f 4619 	4713 	4590
f 129 	460 	176
f 4717 	4621 	4715
f 5711 	5712 	5957
f 4706 	136 	4707
f 4591 	4714 	4619
f 4674 	3968 	4687
f 4727 	4726 	4736
f 783 	5815 	113
f 4687 	3968 	4688
f 4588 	4593 	4619
f 763 	5818 	783
f 3951 	4609 	3940
f 4617 	4601 	4600
f 4603 	4606 	4621
f 3196 	3574 	3199
f 4699 	4697 	4739
f 4703 	4743 	4705
f 4617 	4747 	4746
f 4699 	4739 	4710
f 2114 	4710 	4739
f 4742 	4596 	4619
f 4742 	4619 	4741
f 4593 	4741 	4619
f 4743 	4703 	4719
f 4719 	2114 	4743
f 4617 	4746 	4744
f 4617 	4744 	4601
f 4710 	2114 	4719
f 4748 	4747 	4617
f 4595 	4753 	4619
f 4602 	4748 	4617
f 4619 	4753 	4594
f 5713 	4759 	5957
f 4752 	4751 	4739
f 4752 	4739 	4697
f 4122 	5032 	5031
f 4754 	5210 	4751
f 4842 	4841 	4008
f 4743 	5210 	4756
f 4756 	4705 	4743
f 2696 	2695 	4851
f 1265 	1486 	4766
f 4743 	4701 	4700
f 4743 	4700 	4733
f 4762 	4768 	2849
f 4762 	2849 	4757
f 4762 	4757 	4760
f 4239 	4155 	4780
f 4700 	4507 	4733
f 4779 	4153 	4239
f 2695 	2693 	4851
f 4773 	5095 	4774
f 4780 	4779 	4239
f 1486 	2846 	4766
f 5095 	4773 	4772
f 2849 	4768 	2846
f 4768 	4783 	2846
f 4783 	4782 	2846
f 4767 	4766 	2846
f 4782 	4767 	2846
f 4692 	4690 	3968
f 857 	2917 	4750
f 4843 	4842 	4122
f 4793 	4792 	5147
f 4800 	4799 	4811
f 4743 	4785 	4701
f 4785 	4743 	4789
f 2131 	4789 	4743
f 4587 	4789 	2131
f 4802 	4801 	4008
f 4808 	4802 	4008
f 4810 	2917 	877
f 4809 	2917 	4810
f 860 	2917 	857
f 2114 	2135 	4743
f 4816 	2917 	4814
f 4008 	4801 	3968
f 4798 	2917 	4817
f 4812 	4818 	4821
f 4815 	3968 	4801
f 893 	2917 	4819
f 900 	2917 	893
f 4814 	2917 	4809
f 4817 	2917 	4820
f 889 	2917 	900
f 4690 	4689 	3968
f 5171 	5174 	4770
f 4771 	4770 	4812
f 889 	4820 	2917
f 4790 	4771 	4821
f 4812 	4821 	4771
f 5101 	4743 	4733
f 4796 	4811 	4797
f 280 	278 	4514
f 4805 	4811 	4813
f 4806 	4805 	4813
f 2135 	2131 	4743
f 4815 	4692 	3968
f 4805 	4797 	4811
f 4832 	4835 	4833
f 4008 	4122 	4842
f 3070 	3067 	3096
f 3441 	3096 	3067
f 4836 	3074 	3067
f 3067 	3074 	3441
f 3096 	3106 	5063
f 4800 	4811 	4848
f 4835 	4848 	4811
f 3094 	3900 	3063
f 4829 	3063 	3052
f 4832 	4848 	4835
f 5004 	4835 	4845
f 4675 	4855 	4676
f 4684 	4855 	4675
f 4739 	4855 	4684
f 4828 	4676 	4855
f 4849 	4811 	4847
f 4835 	4811 	4849
f 4796 	4847 	4811
f 4828 	4691 	4676
f 4845 	4835 	4846
f 4846 	4835 	4849
f 4696 	4739 	4684
f 4816 	4819 	2917
f 4818 	5185 	4864
f 4763 	5122 	5185
f 4764 	4763 	5185
f 4818 	4764 	5185
f 4764 	4818 	4765
f 4812 	4769 	4765
f 4812 	4765 	4818
f 4899 	2917 	4865
f 4869 	2917 	4798
f 4880 	4769 	4812
f 4868 	2917 	4869
f 5147 	4776 	4793
f 4794 	4811 	4795
f 4799 	4795 	4811
f 4866 	2917 	4883
f 276 	3009 	4630
f 4867 	4883 	2917
f 4868 	4867 	2917
f 4739 	2178 	2114
f 4853 	5957 	4852
f 4852 	5957 	4851
f 4854 	5957 	4853
f 4850 	4851 	5957
f 4898 	2917 	1124
f 4857 	4691 	4828
f 1135 	2917 	1127
f 1127 	2917 	4899
f 4900 	4901 	4811
f 4861 	4739 	4860
f 4696 	4860 	4739
f 4866 	4865 	2917
f 4859 	4857 	4828
f 4872 	4859 	4828
f 4739 	4861 	4877
f 4739 	4877 	2181
f 4901 	4813 	4811
f 4886 	4900 	4887
f 4890 	4887 	4900
f 4877 	4872 	2181
f 1160 	2917 	4908
f 1167 	2917 	1160
f 1124 	2917 	1135
f 4908 	2917 	4898
f 4794 	4885 	4811
f 4872 	4828 	2181
f 4890 	4900 	4891
f 4811 	4885 	4891
f 4811 	4891 	4900
f 4739 	2181 	2178
f 1161 	2917 	1167
f 4909 	2917 	1161
f 4863 	2917 	4909
f 4862 	2917 	4863
f 4862 	4745 	2917
f 817 	2917 	4745
f 2916 	2915 	281
f 5035 	5028 	4813
f 4828 	2151 	4870
f 4882 	4870 	2151
f 2170 	4882 	2151
f 4873 	2181 	4828
f 4870 	4873 	4828
f 1339 	2917 	1308
f 1310 	1308 	2917
f 4843 	4122 	4919
f 4873 	4879 	2181
f 4879 	2153 	2181
f 4739 	4682 	4855
f 4681 	4855 	4682
f 4838 	4008 	4839
f 4838 	4844 	4008
f 4695 	4682 	4739
f 4844 	4808 	4008
f 4695 	4739 	4749
f 4739 	5210 	4749
f 4681 	4929 	4855
f 3114 	3128 	5065
f 3134 	5066 	3128
f 3114 	5065 	3106
f 3143 	5067 	3134
f 3096 	5020 	3070
f 5017 	3070 	5020
f 4952 	4950 	3070
f 4960 	4949 	3094
f 4759 	2672 	4850
f 1284 	2917 	1339
f 4913 	2917 	1284
f 4916 	2917 	4913
f 817 	1310 	2917
f 4855 	4678 	4677
f 4677 	4828 	4855
f 4915 	2917 	4916
f 2696 	4851 	4850
f 4828 	4677 	4686
f 4685 	5784 	4686
f 2916 	281 	280
f 4915 	4914 	2917
f 4914 	4673 	2917
f 4673 	4672 	2917
f 4679 	4680 	2917
f 4851 	2693 	4852
f 4855 	4934 	4933
f 4678 	4855 	4933
f 4855 	5238 	4934
f 4934 	5238 	4936
f 4936 	5238 	4942
f 4980 	2917 	4940
f 4940 	2917 	4941
f 4630 	278 	276
f 5288 	5291 	4941
f 5291 	5283 	4941
f 4937 	2917 	4938
f 3009 	276 	275
f 4938 	2917 	4980
f 4983 	4982 	4996
f 2106 	4991 	4983
f 4997 	4993 	4984
f 4999 	4733 	4972
f 274 	3011 	275
f 3010 	275 	3011
f 4973 	5039 	4974
f 4976 	4974 	5039
f 4960 	3094 	4950
f 4972 	4976 	4999
f 4971 	4970 	4813
f 4982 	4981 	4996
f 4813 	4970 	4806
f 4949 	4948 	3094
f 4948 	4947 	3094
f 3174 	2182 	4947
f 1072 	2182 	3179
f 3239 	1072 	3179
f 3179 	2182 	3174
f 274 	2885 	3011
f 4992 	4991 	2106
f 4994 	4992 	2106
f 274 	133 	2885
f 3010 	3009 	275
f 3094 	3070 	4950
f 4981 	5018 	4996
f 4853 	4852 	2692
f 2693 	2692 	4852
f 5008 	5035 	5016
f 5007 	5035 	5008
f 4840 	4839 	4008
f 4977 	5464 	4999
f 4854 	4853 	2691
f 2692 	2691 	4853
f 5010 	5009 	3070
f 5009 	4952 	3070
f 5011 	5010 	3070
f 5012 	5011 	3070
f 4978 	4977 	4999
f 5002 	4835 	5003
f 5014 	5013 	3070
f 5013 	5012 	3070
f 5888 	4854 	2691
f 5017 	5015 	3070
f 5015 	5014 	3070
f 2915 	2916 	5024
f 5023 	5024 	2916
f 4750 	2917 	4937
f 860 	877 	2917
f 2907 	4941 	2917
f 4419 	5464 	4996
f 4988 	4996 	4989
f 4630 	4514 	278
f 5281 	2826 	4585
f 281 	2915 	282
f 5025 	5035 	4927
f 5036 	5035 	4813
f 4530 	4983 	4996
f 1410 	4477 	1444
f 776 	778 	4256
f 1442 	4528 	1441
f 4523 	5039 	4973
f 4999 	4976 	5039
f 5040 	5041 	5035
f 5040 	5035 	5036
f 4996 	5034 	5039
f 4978 	5039 	5034
f 4971 	4813 	5028
f 4988 	5034 	4996
f 4397 	4452 	1383
f 1985 	1638 	1983
f 5028 	5035 	5033
f 1983 	1638 	1982
f 4999 	5039 	4978
f 4421 	4426 	4999
f 5003 	4835 	5043
f 5035 	5043 	4835
f 4538 	4537 	2992
f 5025 	5043 	5035
f 1545 	4538 	2974
f 1857 	1638 	1855
f 3120 	1542 	2938
f 1853 	1638 	1852
f 5035 	4835 	5044
f 4835 	5004 	5044
f 5007 	5045 	5035
f 5044 	5019 	5035
f 5019 	5016 	5035
f 5045 	5033 	5035
f 4530 	4996 	5039
f 5022 	3096 	5055
f 5020 	3096 	5021
f 4511 	4512 	2106
f 4984 	4931 	4930
f 4994 	2106 	4512
f 4122 	5031 	5029
f 5029 	4920 	4122
f 4924 	5041 	4925
f 4944 	4925 	5041
f 4997 	4944 	5041
f 4919 	4122 	4920
f 4944 	4997 	4946
f 4984 	4946 	4997
f 4946 	4984 	4930
f 5401 	2690 	2717
f 5021 	3096 	5022
f 4122 	5112 	5108
f 2716 	5519 	2717
f 5055 	3096 	5056
f 5056 	3096 	5057
f 5057 	3096 	5058
f 5058 	3096 	5059
f 5059 	3096 	5060
f 5060 	3096 	5061
f 5061 	3096 	5062
f 5073 	4122 	5074
f 5032 	4122 	5073
f 5077 	4928 	5076
f 5062 	3096 	5063
f 5063 	3106 	5065
f 4927 	5076 	4928
f 5065 	3128 	5066
f 5066 	3134 	5067
f 4927 	5035 	5076
f 5067 	3143 	5068
f 5076 	5035 	5041
f 5041 	4924 	5076
f 5071 	5076 	4924
f 4931 	4984 	5072
f 5093 	5092 	5095
f 5094 	5093 	5095
f 5083 	5082 	5086
f 5083 	5086 	5097
f 5095 	5092 	4775
f 4775 	4774 	5095
f 5094 	5095 	5088
f 5089 	5088 	5095
f 5097 	5081 	5080
f 5098 	5076 	5090
f 5071 	5090 	5076
f 5079 	5078 	5099
f 5078 	5091 	5101
f 5099 	5078 	5101
f 5090 	5096 	4984
f 5072 	4984 	5096
f 5098 	5090 	4984
f 5103 	5102 	5081
f 5103 	5081 	5097
f 3356 	3347 	921
f 3347 	3383 	921
f 5091 	5500 	5101
f 4997 	5041 	5040
f 5086 	5103 	5097
f 921 	897 	3355
f 3355 	3356 	921
f 5084 	5083 	5097
f 3370 	3355 	945
f 901 	1010 	3355
f 4053 	4921 	4176
f 4772 	5089 	5095
f 897 	901 	3355
f 4922 	4984 	4923
f 5080 	5084 	5097
f 1010 	945 	3355
f 3261 	3373 	961
f 945 	961 	3373
f 5104 	5079 	5099
f 3245 	1072 	3239
f 3206 	1072 	3245
f 3234 	1072 	3206
f 961 	1013 	3261
f 2718 	2689 	5100
f 4993 	4219 	4984
f 2688 	2689 	2718
f 4921 	5106 	4176
f 4984 	4219 	5106
f 4984 	5106 	4923
f 5107 	4122 	5108
f 5110 	4122 	5107
f 5118 	5413 	4984
f 4922 	5118 	4984
f 5115 	5114 	105
f 19 	132 	3395
f 115 	105 	5114
f 5110 	5074 	4122
f 3321 	115 	5114
f 3395 	115 	3321
f 3317 	3423 	1071
f 3326 	5115 	105
f 3390 	1071 	3423
f 3302 	3317 	1071
f 3425 	1071 	3301
f 3298 	3301 	1071
f 3425 	3302 	1071
f 925 	1003 	3383
f 926 	925 	3383
f 1067 	926 	3298
f 1071 	1067 	3298
f 923 	922 	3383
f 1003 	923 	3383
f 3380 	3356 	3355
f 5131 	5138 	4223
f 3373 	3370 	945
f 1007 	921 	3383
f 922 	1007 	3383
f 5138 	5139 	4223
f 5146 	5147 	5124
f 5146 	5124 	5123
f 5132 	5131 	4223
f 5136 	5156 	5129
f 4833 	4835 	5144
f 5133 	5132 	4223
f 5147 	5143 	5140
f 5124 	5147 	5140
f 480 	3202 	3260
f 5144 	5136 	5145
f 5112 	4122 	4129
f 5113 	5112 	4129
f 2992 	2974 	4538
f 4792 	5143 	5147
f 5146 	5135 	5134
f 4129 	5116 	5113
f 5135 	5146 	5152
f 5146 	5156 	5152
f 5152 	5156 	5154
f 5123 	5156 	5146
f 5123 	5129 	5156
f 5159 	5121 	4129
f 5156 	5136 	4835
f 5136 	5144 	4835
f 5146 	5126 	5125
f 5146 	5125 	5147
f 5116 	4129 	5117
f 5147 	5125 	5142
f 5117 	4129 	5121
f 5160 	5159 	4210
f 5146 	5428 	5170
f 5146 	5170 	5126
f 480 	3260 	586
f 5174 	5173 	4812
f 5147 	5142 	5141
f 5147 	5141 	4778
f 5147 	4778 	4777
f 4812 	4770 	5174
f 5516 	5512 	3726
f 5513 	3753 	5514
f 5512 	5511 	3726
f 3930 	4608 	3927
f 3927 	4608 	3922
f 3922 	5531 	3808
f 3808 	5529 	3800
f 4733 	4999 	5099
f 4754 	4756 	5210
f 4739 	4751 	5210
f 5203 	5423 	5214
f 4743 	5101 	5210
f 5099 	5101 	4733
f 5219 	5204 	5214
f 4812 	5219 	5214
f 5223 	5219 	4812
f 5223 	4812 	5173
f 5197 	5214 	5199
f 5185 	5199 	5214
f 5197 	5205 	5214
f 5199 	5185 	5209
f 5122 	5209 	5185
f 720 	5245 	4559
f 5224 	4812 	5220
f 4812 	5214 	5220
f 5205 	5220 	5214
f 5227 	4880 	5224
f 4812 	5224 	4880
f 4776 	5147 	4777
f 5194 	4223 	5191
f 720 	719 	5254
f 720 	5254 	5245
f 1801 	5974 	2917
f 1780 	1790 	2917
f 5932 	1780 	2917
f 1689 	5932 	2917
f 1715 	1689 	2917
f 5974 	5979 	2917
f 5254 	4310 	5245
f 5309 	4310 	5254
f 5201 	5200 	5214
f 5185 	5214 	5200
f 5200 	5120 	5185
f 5254 	719 	780
f 5119 	5185 	5120
f 5194 	5265 	4223
f 5933 	1692 	2917
f 5317 	780 	778
f 5201 	5214 	5274
f 1407 	5274 	5214
f 4210 	4223 	5265
f 5204 	5203 	5214
f 778 	776 	5317
f 1790 	1793 	2917
f 4210 	5258 	5257
f 4210 	5257 	5160
f 5855 	5185 	5853
f 1692 	1715 	2917
f 5288 	4941 	2907
f 5335 	775 	774
f 5262 	5258 	4210
f 774 	795 	5335
f 5262 	4210 	5264
f 780 	5309 	5254
f 5317 	5309 	780
f 5265 	5264 	4210
f 776 	5322 	5317
f 5326 	5192 	4223
f 5325 	5304 	5303
f 775 	5327 	5322
f 775 	5322 	776
f 2780 	2748 	4614
f 4620 	4614 	2748
f 4581 	4620 	2402
f 2387 	2992 	4537
f 2402 	2387 	4581
f 4544 	4538 	1545
f 4536 	4579 	2387
f 4537 	4536 	2387
f 5192 	5191 	4223
f 5335 	5327 	775
f 5326 	4223 	5139
f 4310 	5309 	5317
f 4310 	5317 	5322
f 4310 	5322 	5327
f 4310 	5327 	5335
f 5375 	5356 	795
f 5335 	5356 	4310
f 5098 	5338 	5325
f 5338 	5304 	5325
f 795 	5356 	5335
f 4493 	5545 	5098
f 5375 	4310 	5356
f 4223 	5348 	5347
f 4223 	5347 	5352
f 4223 	5352 	5133
f 5430 	4310 	5416
f 5416 	4310 	5396
f 5325 	5298 	5297
f 5325 	5297 	5366
f 5311 	5366 	5297
f 795 	879 	5375
f 5298 	5325 	5373
f 879 	5387 	5375
f 4755 	4749 	5210
f 5087 	4755 	5210
f 879 	878 	5387
f 5366 	5316 	5077
f 4928 	5077 	5315
f 5315 	5077 	5316
f 5002 	5320 	4835
f 2957 	1545 	2968
f 2938 	1543 	2957
f 3085 	1391 	3108
f 2968 	1545 	2974
f 5396 	5387 	876
f 878 	876 	5387
f 4238 	5376 	5350
f 5380 	5379 	4299
f 5517 	5516 	3817
f 3817 	3741 	5517
f 3726 	3817 	5516
f 3741 	3754 	5517
f 5513 	5517 	3754
f 3753 	5513 	3754
f 3764 	5494 	3753
f 3791 	5520 	3764
f 3800 	5528 	3791
f 3708 	3716 	5510
f 5392 	5398 	5366
f 5366 	5564 	5392
f 5393 	5392 	5564
f 5395 	5564 	5397
f 5393 	5564 	5395
f 4835 	5397 	5564
f 5316 	5366 	5398
f 5397 	4835 	5400
f 5320 	5400 	4835
f 5564 	5539 	4835
f 5156 	4835 	5154
f 5539 	5154 	4835
f 3716 	3726 	5511
f 5511 	5510 	3716
f 5481 	5480 	3452
f 5480 	5479 	3836
f 3689 	3708 	5497
f 5366 	5077 	5098
f 5076 	5098 	5077
f 5325 	5366 	5098
f 5389 	4855 	5390
f 5407 	4855 	5389
f 4929 	5390 	4855
f 5391 	5407 	5389
f 5414 	4310 	5415
f 5412 	4310 	5414
f 5391 	5399 	5407
f 5407 	5399 	5210
f 4413 	4493 	4416
f 4299 	5410 	5409
f 4299 	5409 	5408
f 4299 	5408 	5380
f 5087 	5210 	5399
f 4984 	4493 	5098
f 5396 	874 	5416
f 4984 	5413 	4493
f 876 	874 	5396
f 4416 	4493 	5413
f 5396 	4310 	5387
f 5375 	5387 	4310
f 2686 	2717 	2690
f 5401 	2717 	5519
f 5430 	5416 	1019
f 874 	1019 	5416
f 4841 	4840 	4008
f 1017 	5430 	1019
f 3071 	1608 	3085
f 3058 	1607 	3071
f 3108 	1387 	3120
f 3044 	1638 	3058
f 1892 	1638 	1891
f 2012 	1638 	3044
f 5432 	1017 	1016
f 5159 	4129 	4210
f 1016 	1015 	5433
f 1016 	5433 	5432
f 4238 	5350 	5348
f 5379 	4238 	4299
f 5431 	4310 	5430
f 1017 	5431 	5430
f 3935 	4608 	3930
f 3940 	4608 	3935
f 5514 	3753 	5499
f 5498 	5497 	3708
f 5510 	5498 	3708
f 5377 	5376 	4238
f 6211 	6210 	2233
f 2232 	2233 	6210
f 5979 	5975 	2917
f 5432 	5431 	1017
f 5784 	4942 	5238
f 5434 	5406 	547
f 5404 	547 	5405
f 5405 	547 	5406
f 5407 	5238 	4855
f 5434 	547 	5435
f 5438 	5435 	547
f 5439 	5438 	547
f 5407 	5571 	5238
f 3267 	6215 	3279
f 6216 	6211 	2234
f 3252 	6215 	3262
f 3262 	6215 	3267
f 5463 	5455 	547
f 5440 	5439 	547
f 2425 	3422 	2971
f 4310 	5412 	5411
f 5410 	4299 	5411
f 3910 	5810 	3422
f 3971 	5810 	3998
f 5454 	5433 	1385
f 1015 	1385 	5433
f 1385 	1384 	5454
f 5433 	5454 	4310
f 5444 	547 	5445
f 547 	5453 	5445
f 547 	5444 	5452
f 5451 	5450 	547
f 5451 	547 	5452
f 5431 	5432 	4310
f 5454 	1384 	5461
f 5441 	5440 	547
f 5401 	5919 	5924
f 5455 	5441 	547
f 547 	5459 	5458
f 5458 	5463 	547
f 5465 	5461 	1383
f 1384 	1383 	5461
f 5678 	5465 	1383
f 5433 	4310 	5432
f 5454 	5461 	4310
f 5465 	4310 	5461
f 5465 	5678 	4310
f 5401 	5519 	5957
f 5472 	5476 	547
f 5468 	547 	5476
f 5459 	547 	5467
f 3156 	3822 	5069
f 5477 	5069 	3822
f 5473 	5472 	547
f 5069 	5068 	3156
f 5478 	5477 	3822
f 3822 	3836 	5478
f 3143 	3156 	5068
f 5479 	5478 	3836
f 5468 	5467 	547
f 3836 	3452 	5480
f 5490 	5485 	3668
f 3642 	3668 	5484
f 3628 	3642 	5483
f 3455 	3608 	5481
f 5482 	5481 	3608
f 3452 	3455 	5481
f 3439 	3188 	3609
f 3614 	3129 	3489
f 3683 	2971 	3529
f 5488 	5473 	547
f 5486 	5489 	547
f 5489 	5488 	547
f 5487 	5486 	547
f 5450 	5487 	547
f 3608 	3628 	5483
f 5483 	5482 	3608
f 5401 	5752 	5785
f 5484 	5483 	3642
f 5018 	5466 	4412
f 5018 	4412 	4996
f 5508 	5503 	547
f 5502 	5507 	547
f 5507 	5506 	547
f 5485 	5484 	3668
f 5515 	5101 	5500
f 5503 	5502 	547
f 5492 	5491 	3674
f 5491 	5490 	3674
f 3668 	3674 	5490
f 5496 	5495 	3680
f 5495 	5492 	3680
f 3674 	3680 	5492
f 5497 	5496 	3689
f 3680 	3689 	5496
f 5494 	3764 	5520
f 5493 	3753 	5494
f 5499 	3753 	5493
f 2744 	5519 	2716
f 5508 	547 	5518
f 5530 	3808 	5531
f 5520 	3791 	5521
f 5521 	3791 	5524
f 5522 	5523 	547
f 5506 	5522 	547
f 2743 	5615 	2744
f 5526 	5531 	4608
f 5453 	547 	5523
f 5104 	5099 	5525
f 5099 	4424 	5525
f 5500 	5525 	4424
f 5500 	4424 	5515
f 5689 	2742 	2741
f 5515 	5407 	5210
f 2741 	2740 	5689
f 3525 	2971 	3683
f 3522 	2971 	3525
f 3667 	2971 	3522
f 3652 	2971 	3667
f 5524 	3791 	5527
f 3544 	3081 	3652
f 3643 	3133 	3501
f 3501 	3133 	3544
f 3463 	3084 	3643
f 3481 	3086 	3463
f 3632 	3086 	3481
f 3497 	3529 	2971
f 4996 	4420 	4419
f 5527 	3791 	5528
f 3483 	3086 	3632
f 5528 	3800 	5529
f 4996 	4412 	4420
f 5529 	3808 	5530
f 5531 	3922 	4608
f 4450 	4456 	5534
f 5535 	5534 	4456
f 5449 	3190 	3439
f 3574 	3196 	3594
f 3451 	3199 	3574
f 3489 	3086 	3483
f 4462 	4451 	5537
f 3557 	3166 	3451
f 3443 	3190 	5449
f 3594 	3190 	3443
f 3100 	3652 	3115
f 3099 	3652 	3100
f 5537 	5538 	4462
f 5538 	5536 	4462
f 3497 	2971 	3422
f 3609 	3188 	3614
f 5464 	4419 	4999
f 5541 	4046 	5542
f 5419 	5545 	4493
f 5325 	5303 	5419
f 5325 	5419 	1419
f 5540 	5804 	5541
f 5338 	5098 	5349
f 5349 	5098 	5545
f 5427 	5426 	5564
f 4989 	4996 	5464
f 5146 	5134 	5429
f 5426 	5539 	5564
f 5101 	5515 	5210
f 5422 	1407 	5417
f 5418 	5417 	1407
f 5099 	4999 	4426
f 5274 	1407 	5422
f 5425 	1399 	5423
f 1399 	5214 	5423
f 1399 	5425 	5424
f 5420 	5564 	5421
f 5564 	5366 	5421
f 5421 	5366 	5311
f 3998 	5810 	3910
f 5401 	5918 	5919
f 5325 	1413 	5573
f 5373 	5325 	5573
f 3977 	5810 	3936
f 1413 	5564 	5574
f 5420 	5574 	5564
f 5574 	5573 	1413
f 5798 	5571 	5575
f 4110 	5810 	4104
f 5407 	5515 	5571
f 4106 	5810 	4111
f 5401 	5781 	5782
f 4493 	1231 	1419
f 5401 	5924 	5751
f 5401 	5751 	5752
f 4179 	5810 	4181
f 5519 	5615 	5957
f 5615 	5681 	5957
f 5519 	2744 	5615
f 5681 	5688 	5957
f 5401 	5957 	5918
f 5401 	5778 	5779
f 5401 	5779 	5781
f 5401 	5786 	5778
f 51 	36 	702
f 16 	5670 	702
f 5677 	5679 	702
f 5670 	5677 	702
f 1383 	1412 	5678
f 5688 	5689 	5957
f 5661 	305 	702
f 5662 	5661 	702
f 5680 	5662 	702
f 2743 	5681 	5615
f 5679 	5680 	702
f 5682 	5678 	1410
f 1412 	1410 	5678
f 2743 	2742 	5688
f 2743 	5688 	5681
f 5682 	1410 	5708
f 1410 	1444 	5708
f 5678 	5682 	4310
f 5708 	4310 	5682
f 5690 	5957 	5689
f 5690 	5710 	5957
f 5689 	5688 	2742
f 1442 	5720 	1443
f 2740 	5690 	5689
f 5733 	1442 	1441
f 4409 	4408 	5575
f 5701 	4401 	4412
f 5711 	5957 	5710
f 5713 	5957 	5712
f 4850 	5957 	4759
f 5708 	1444 	5720
f 1444 	1443 	5720
f 5466 	5701 	4412
f 5710 	5690 	2765
f 2740 	2765 	5690
f 2765 	2764 	5711
f 2765 	5711 	5710
f 2764 	2763 	5712
f 2764 	5712 	5711
f 5720 	4310 	5708
f 5733 	4310 	5732
f 2763 	2762 	5713
f 2763 	5713 	5712
f 4999 	4419 	4421
f 5713 	2762 	4759
f 2762 	2672 	4759
f 5732 	5720 	1442
f 4424 	5099 	4426
f 1442 	5733 	5732
f 5732 	4310 	5720
f 4409 	5571 	5515
f 4409 	5515 	4427
f 4424 	4427 	5515
f 5741 	5733 	1546
f 1546 	1545 	5742
f 5575 	5571 	4409
f 1545 	1544 	5744
f 547 	5744 	1543
f 1544 	1543 	5744
f 1542 	1368 	1543
f 4104 	5810 	4106
f 4186 	5810 	4110
f 5733 	5741 	4310
f 4175 	5810 	4186
f 4181 	5810 	4175
f 3977 	4111 	5810
f 5733 	1441 	1546
f 5741 	1546 	5742
f 5741 	5742 	4310
f 5744 	4310 	5742
f 5742 	1545 	5744
f 5739 	5735 	5796
f 5734 	5737 	5758
f 5736 	60 	232
f 5737 	5736 	5758
f 5735 	5734 	5796
f 4630 	4105 	4514
f 4168 	4630 	4093
f 4168 	4105 	4630
f 5759 	5746 	5796
f 5739 	5796 	5746
f 5745 	5746 	5759
f 5745 	5759 	5747
f 4310 	547 	5415
f 4993 	5800 	4219
f 4179 	4219 	5810
f 4561 	5800 	4558
f 5750 	5800 	4562
f 4578 	5800 	4561
f 5753 	5800 	4578
f 5756 	5800 	5753
f 4569 	5800 	5756
f 4583 	5800 	4569
f 5754 	5757 	5800
f 5796 	5734 	5758
f 5899 	5881 	547
f 4558 	5800 	5750
f 4583 	4565 	5800
f 4565 	5754 	5800
f 5800 	5757 	2772
f 2772 	2769 	5800
f 4621 	5800 	4611
f 232 	263 	5758
f 5760 	4611 	5800
f 263 	5768 	5758
f 4646 	5767 	5800
f 4735 	4562 	5800
f 2250 	5749 	5761
f 5762 	5773 	5865
f 5762 	5865 	5761
f 5769 	5771 	5800
f 5763 	5773 	5762
f 5865 	5773 	5768
f 5800 	5771 	5772
f 4731 	5800 	5772
f 4735 	5800 	4731
f 5752 	5751 	2790
f 2791 	2790 	5751
f 5773 	5763 	5755
f 5800 	5770 	4723
f 4736 	4720 	5800
f 5774 	5800 	4717
f 5774 	5770 	5800
f 4720 	5769 	5800
f 4723 	4736 	5800
f 5760 	5800 	5766
f 5767 	5766 	5800
f 4621 	4717 	5800
f 5775 	2223 	5776
f 2208 	2223 	5775
f 2223 	5773 	5776
f 2250 	5777 	5749
f 2831 	5781 	5779
f 5404 	5415 	547
f 4818 	5800 	4821
f 4864 	5800 	4818
f 5782 	5781 	2830
f 2831 	2830 	5781
f 5800 	4813 	4901
f 2830 	2782 	5782
f 4790 	5800 	5783
f 5789 	5800 	4886
f 4900 	5800 	4901
f 4900 	4886 	5800
f 2835 	5785 	5752
f 5755 	5776 	5773
f 5789 	5788 	5800
f 5788 	5783 	5800
f 5797 	5800 	4864
f 2223 	2151 	5773
f 4828 	5773 	2151
f 5752 	2790 	2835
f 5036 	4813 	5800
f 5785 	2835 	5786
f 5786 	2835 	2834
f 5758 	5784 	5796
f 5773 	5784 	5758
f 5778 	5786 	2833
f 2834 	2833 	5786
f 5768 	5765 	5764
f 5764 	5838 	5768
f 5778 	2833 	5779
f 5779 	2833 	2832
f 59 	192 	60
f 5779 	2832 	2831
f 5738 	5782 	2782
f 5790 	5747 	5759
f 5790 	5759 	246
f 60 	192 	232
f 232 	5758 	5736
f 2690 	6082 	2689
f 5023 	2916 	5100
f 5100 	2689 	5023
f 2689 	6082 	5023
f 4473 	2308 	372
f 5765 	5768 	5791
f 5758 	5768 	5773
f 4473 	1601 	5811
f 1601 	4473 	372
f 2906 	2905 	5826
f 2905 	2904 	5826
f 5040 	5036 	5800
f 2904 	2903 	5828
f 4997 	5800 	4993
f 5810 	4219 	5800
f 5040 	5800 	4997
f 4790 	4821 	5800
f 2903 	2902 	5828
f 5795 	5800 	5797
f 4646 	5800 	5795
f 5738 	6047 	5401
f 5401 	5785 	5786
f 5738 	5401 	5782
f 5238 	5571 	5798
f 586 	5802 	480
f 6048 	2690 	5401
f 6082 	2690 	6048
f 5801 	5800 	5802
f 5803 	5800 	5801
f 5804 	5800 	5803
f 5419 	4493 	1419
f 5629 	5427 	5564
f 5796 	5798 	5759
f 5811 	5759 	5798
f 5805 	5809 	5804
f 5809 	5808 	5804
f 5808 	5807 	5804
f 5811 	1601 	5759
f 5807 	5806 	5804
f 5540 	5805 	5804
f 4046 	5541 	5804
f 5543 	5542 	4046
f 480 	5802 	5800
f 5800 	5804 	5810
f 5806 	5810 	5804
f 3971 	3936 	5810
f 3497 	3422 	5810
f 5146 	5429 	1393
f 1338 	1393 	5429
f 4408 	4473 	5811
f 1342 	5428 	1393
f 5146 	1393 	5428
f 1336 	5629 	1397
f 1397 	5629 	5564
f 5424 	1348 	1399
f 5811 	5798 	4408
f 4408 	5798 	5575
f 1404 	5214 	1399
f 130 	783 	5817
f 4685 	4942 	5784
f 5214 	1404 	1407
f 5564 	1413 	1397
f 5818 	3210 	5819
f 5817 	783 	5818
f 5238 	5798 	5796
f 5784 	5238 	5796
f 5820 	3201 	5821
f 99 	3210 	5820
f 14 	3167 	3557
f 5784 	5773 	4828
f 5822 	3154 	13
f 13 	3154 	14
f 67 	3154 	5822
f 5325 	1419 	1417
f 4828 	4686 	5784
f 5821 	3201 	67
f 1417 	1413 	5325
f 5819 	3210 	99
f 5957 	5827 	5829
f 5828 	5829 	5827
f 5826 	5827 	5957
f 5815 	783 	130
f 136 	4706 	5814
f 460 	129 	136
f 5814 	4706 	5815
f 5846 	367 	388
f 5844 	4708 	5845
f 2917 	4698 	5843
f 2906 	5826 	5825
f 5826 	2904 	5827
f 5842 	5841 	5849
f 5841 	5852 	5849
f 2904 	5828 	5827
f 5832 	5853 	5830
f 5185 	5830 	5853
f 405 	176 	460
f 5119 	5830 	5185
f 388 	367 	405
f 5828 	2902 	5829
f 3000 	5957 	2902
f 5836 	2917 	5843
f 5835 	2917 	5836
f 5834 	2917 	5835
f 5845 	4708 	5846
f 1407 	5853 	5418
f 5832 	5418 	5853
f 5833 	2917 	5834
f 5843 	4709 	5844
f 1435 	1428 	5842
f 2691 	2948 	5888
f 1435 	5842 	5849
f 5833 	399 	2917
f 1435 	5849 	5853
f 2948 	2947 	5888
f 5853 	5849 	5855
f 5853 	1439 	1435
f 4864 	5185 	5855
f 5853 	1407 	1439
f 399 	577 	2917
f 5840 	5839 	5849
f 5849 	5839 	5855
f 5847 	5855 	5848
f 599 	2917 	577
f 5848 	5855 	5839
f 5852 	5840 	5849
f 551 	2917 	599
f 5858 	2917 	5859
f 5873 	2943 	2941
f 2250 	5761 	5865
f 5867 	2917 	5860
f 551 	5860 	2917
f 5866 	2917 	5867
f 5855 	5797 	4864
f 2250 	2254 	5780
f 5780 	5777 	2250
f 970 	2917 	5866
f 5797 	5855 	5795
f 5863 	2917 	970
f 4635 	4631 	5795
f 5862 	4635 	5795
f 5864 	5862 	5855
f 5847 	5864 	5855
f 5795 	5855 	5862
f 1254 	6042 	5869
f 5857 	2917 	5858
f 5868 	2917 	5863
f 5869 	362 	285
f 5532 	4462 	5533
f 5536 	5533 	4462
f 1254 	5869 	285
f 4854 	5888 	5957
f 5870 	5871 	5957
f 5871 	5872 	5957
f 5872 	5873 	5957
f 5873 	5902 	5957
f 5902 	5825 	5957
f 5532 	5535 	4462
f 4456 	4462 	5535
f 5865 	5838 	5856
f 5837 	5856 	5838
f 5768 	5838 	5865
f 1228 	2917 	1243
f 1307 	2917 	1202
f 5865 	5856 	2250
f 5887 	2917 	5874
f 5870 	2946 	5871
f 2944 	5871 	2946
f 5875 	2917 	1277
f 5877 	5876 	547
f 263 	40 	5768
f 5879 	5768 	40
f 1289 	2917 	1270
f 1277 	2917 	1289
f 5857 	1270 	2917
f 2943 	5872 	5871
f 2943 	5871 	2944
f 1302 	2917 	1245
f 1245 	2917 	5875
f 5873 	5872 	2943
f 1243 	2917 	1302
f 5837 	595 	5856
f 1299 	2917 	1228
f 595 	593 	5856
f 5518 	547 	5883
f 5879 	5791 	5768
f 1229 	2917 	1299
f 5856 	372 	362
f 5883 	547 	5884
f 5851 	5850 	5869
f 5868 	5859 	2917
f 1229 	1202 	2917
f 1307 	1201 	2917
f 1201 	5874 	2917
f 5887 	5891 	2917
f 1538 	1533 	2917
f 5882 	547 	5880
f 5884 	547 	5882
f 5856 	362 	5854
f 5850 	5854 	362
f 362 	5869 	5850
f 5880 	547 	5881
f 5889 	5957 	5888
f 5870 	5957 	5889
f 5890 	2917 	5891
f 1538 	2917 	1536
f 5892 	2917 	1533
f 1529 	2917 	5886
f 5892 	5886 	2917
f 5890 	1536 	2917
f 5888 	2947 	5889
f 1531 	1527 	2917
f 1527 	5885 	2917
f 5889 	2947 	5870
f 2946 	5870 	2947
f 1529 	1531 	2917
f 5910 	5909 	2917
f 5915 	5908 	2917
f 5825 	5826 	5957
f 5900 	5899 	547
f 5898 	5900 	547
f 5896 	5898 	547
f 5902 	5873 	2970
f 2941 	2970 	5873
f 2917 	5885 	5910
f 5897 	5896 	547
f 5902 	2970 	5825
f 2906 	5825 	2970
f 5897 	547 	5917
f 1552 	2917 	5904
f 5908 	5904 	2917
f 5917 	5916 	5897
f 2296 	2282 	5903
f 2296 	5903 	5905
f 5905 	5907 	2296
f 5906 	5856 	2296
f 5912 	5913 	547
f 5911 	2250 	5906
f 2290 	2250 	5911
f 2250 	5856 	5906
f 5913 	5917 	547
f 5915 	2917 	5920
f 5931 	5894 	5893
f 5851 	5869 	5893
f 5931 	5893 	5869
f 5920 	2917 	5914
f 5914 	2917 	5909
f 5854 	5895 	5856
f 5975 	5973 	2917
f 5877 	547 	5923
f 5930 	2917 	1706
f 5921 	547 	5922
f 5926 	5925 	547
f 1711 	2917 	1552
f 2999 	5919 	5918
f 1793 	1801 	2917
f 5923 	547 	5925
f 3202 	480 	1486
f 5924 	5919 	2997
f 5926 	547 	5928
f 1711 	1706 	2917
f 5933 	2917 	5930
f 5907 	5906 	2296
f 5922 	547 	5927
f 5929 	547 	5921
f 2791 	5751 	2997
f 2997 	5751 	5924
f 5802 	586 	1451
f 1451 	586 	3260
f 5803 	1456 	1457
f 5803 	1457 	5804
f 5804 	1457 	4046
f 5931 	2297 	2296
f 5931 	5934 	5894
f 5810 	5806 	5941
f 5936 	5937 	5856
f 5895 	5935 	5856
f 5935 	5936 	5856
f 1463 	1464 	5941
f 5810 	5941 	1464
f 5810 	1464 	987
f 5810 	987 	3497
f 5939 	5927 	547
f 5931 	2296 	5937
f 5934 	5931 	5937
f 5939 	547 	5940
f 2296 	5856 	5937
f 5800 	2665 	1486
f 5869 	6042 	5931
f 5800 	1486 	480
f 547 	5943 	5942
f 547 	5942 	5940
f 5948 	5947 	5951
f 5949 	5948 	5951
f 5947 	5946 	5951
f 5955 	5954 	4528
f 4526 	5955 	4528
f 4528 	5954 	4525
f 5829 	2902 	5957
f 5950 	5949 	5951
f 5951 	5946 	5961
f 5962 	5961 	5946
f 5963 	5951 	5961
f 5965 	5951 	5963
f 5951 	5965 	5950
f 5973 	1767 	2917
f 2597 	2917 	1767
f 5918 	5957 	2999
f 3000 	2999 	5957
f 3232 	2735 	5972
f 2998 	5919 	2999
f 5967 	5966 	547
f 5919 	2998 	2997
f 5968 	5967 	547
f 5966 	5969 	547
f 5971 	5968 	547
f 3240 	3232 	5970
f 2676 	5151 	1767
f 5151 	2597 	1767
f 1767 	1809 	2676
f 2664 	2676 	1809
f 2694 	2664 	1809
f 5980 	547 	5981
f 2714 	2694 	1809
f 1809 	1768 	2714
f 5977 	547 	5978
f 1768 	5972 	2729
f 5972 	5970 	3232
f 2735 	2729 	5972
f 5981 	547 	5977
f 5970 	6209 	3240
f 5944 	547 	5980
f 547 	6006 	6005
f 547 	6005 	5978
f 136 	1507 	425
f 5814 	6004 	136
f 6003 	6002 	547
f 6002 	6008 	547
f 6008 	6007 	547
f 1507 	136 	6004
f 6004 	5815 	130
f 1507 	6004 	130
f 5998 	4460 	5999
f 5997 	5996 	4460
f 5999 	4460 	6000
f 4046 	4460 	5996
f 6007 	6006 	547
f 5994 	4046 	5996
f 5993 	4046 	5994
f 130 	127 	1507
f 6011 	4046 	5993
f 5817 	5952 	130
f 5952 	132 	130
f 5995 	132 	5952
f 132 	5995 	5818
f 5992 	4046 	6011
f 6013 	6012 	547
f 6003 	547 	6012
f 5987 	4046 	5988
f 5990 	4046 	5991
f 1192 	6015 	1333
f 5985 	4046 	5987
f 5988 	4046 	5989
f 5969 	6013 	547
f 120 	132 	5986
f 5818 	5986 	132
f 117 	5819 	99
f 5985 	5544 	4046
f 5543 	4046 	5544
f 120 	5986 	117
f 5820 	101 	99
f 15 	111 	5958
f 5959 	67 	15
f 5821 	67 	5959
f 5958 	5959 	15
f 1499 	97 	5960
f 14 	5960 	97
f 1508 	1498 	5964
f 1508 	5964 	14
f 6042 	2383 	5931
f 5401 	6047 	6048
f 547 	6033 	5971
f 6036 	6035 	547
f 6033 	547 	6035
f 6078 	6077 	275
f 6029 	6036 	547
f 5964 	5960 	14
f 14 	3557 	1067
f 6071 	547 	6073
f 1508 	14 	1067
f 67 	5822 	68
f 6091 	2332 	2323
f 14 	97 	12
f 68 	12 	97
f 6087 	6090 	547
f 6030 	547 	6090
f 6088 	6087 	547
f 3126 	6048 	6047
f 6071 	6088 	547
f 6075 	6122 	133
f 6072 	128 	6092
f 6098 	5024 	6099
f 5876 	5912 	547
f 6099 	5024 	5023
f 5928 	547 	5929
f 6102 	5024 	6098
f 274 	275 	6107
f 5024 	6102 	2915
f 6077 	6108 	275
f 6098 	6099 	6102
f 5943 	547 	5944
f 547 	6030 	6029
f 6107 	1862 	274
f 1862 	1869 	274
f 133 	274 	1869
f 3126 	6047 	5738
f 5738 	2782 	3126
f 1869 	1864 	133
f 1864 	6109 	133
f 6109 	6076 	133
f 6076 	6075 	133
f 2332 	6230 	6207
f 6048 	3126 	3124
f 6119 	6118 	4564
f 4488 	133 	6122
f 6108 	6107 	275
f 6119 	4564 	6120
f 4542 	6120 	4564
f 6127 	4488 	6122
f 3124 	3123 	6048
f 6023 	6056 	6015
f 4564 	6118 	6130
f 6133 	4488 	6127
f 6092 	128 	6133
f 4560 	4564 	6131
f 6130 	6131 	4564
f 6069 	126 	6072
f 5023 	3121 	6099
f 1848 	125 	6069
f 5100 	2916 	4097
f 2916 	4514 	4097
f 6156 	6155 	6169
f 6164 	6169 	6152
f 6153 	6152 	6169
f 6154 	6169 	6155
f 6175 	6153 	6169
f 6154 	6175 	6169
f 6168 	4285 	6170
f 6170 	4178 	6171
f 6156 	6169 	6158
f 6164 	6158 	6169
f 6181 	4285 	6168
f 6167 	4335 	6181
f 6166 	4457 	6167
f 6188 	6189 	6183
f 6184 	6183 	6189
f 6147 	6189 	6148
f 6188 	6148 	6189
f 6160 	4460 	6162
f 6159 	4460 	6160
f 6162 	4460 	6163
f 6186 	6185 	6189
f 6190 	6184 	6189
f 6185 	6190 	6189
f 1192 	813 	6023
f 6145 	6189 	6139
f 6000 	4460 	6001
f 6001 	4460 	6159
f 5991 	4046 	5992
f 5989 	4046 	5990
f 5998 	5997 	4460
f 6082 	6048 	3123
f 6140 	6139 	6142
f 6142 	6139 	6189
f 6186 	6189 	6187
f 6147 	6142 	6189
f 6187 	6189 	6145
f 5023 	6082 	3122
f 3123 	3122 	6082
f 1879 	124 	1848
f 1875 	122 	1879
f 6192 	122 	1875
f 6015 	1192 	6023
f 6191 	4052 	6192
f 6199 	4088 	6191
f 6198 	4090 	6199
f 547 	6201 	6200
f 547 	6200 	6202
f 6196 	4090 	6198
f 6203 	547 	6202
f 2425 	6208 	6207
f 6023 	2425 	6207
f 6194 	4132 	6196
f 6201 	547 	6204
f 6193 	4160 	6194
f 2915 	6102 	282
f 6023 	6207 	6056
f 6195 	547 	6197
f 6206 	547 	6195
f 6171 	4178 	6193
f 6165 	4460 	6166
f 6163 	4460 	6165
f 4108 	4090 	6196
f 4088 	6199 	4090
f 282 	6102 	3121
f 6099 	3121 	6102
f 3121 	5023 	3122
f 6204 	547 	6205
f 6205 	547 	6206
f 2332 	6207 	6208
f 6221 	6223 	2277
f 6073 	547 	6074
f 6223 	6220 	2277
f 6214 	547 	6203
f 6218 	6233 	2314
f 6233 	6229 	2314
f 6042 	1254 	1333
f 2276 	2277 	6220
f 3252 	3240 	6215
f 6209 	6215 	3240
f 2729 	2714 	1768
f 6074 	547 	6214
f 6042 	1333 	6015
f 2313 	2314 	6228
f 6237 	6217 	2312
f 6229 	6228 	2314
f 6228 	6237 	2313
f 2312 	2313 	6237
f 6225 	547 	6226
f 6224 	547 	6225
f 6232 	2373 	6231
f 6217 	6241 	2357
f 6231 	6042 	6230
f 6241 	6248 	2356
f 2356 	2357 	6241
f 6231 	2373 	2383
f 2355 	2356 	6248
f 2357 	2312 	6217
f 6042 	6231 	2383
f 6248 	6246 	2355
f 6246 	6245 	2355
f 2354 	2355 	6245
f 6245 	6244 	2354
f 2297 	5931 	2383
f 6238 	6197 	547
f 6236 	547 	6234
f 6235 	6234 	547
f 547 	6236 	6240
f 6239 	6238 	547
f 6240 	6239 	547
f 6015 	6056 	6230
f 6243 	2351 	6244
f 6224 	6235 	547
f 6242 	2351 	6243
f 6231 	6230 	6251
f 6253 	6251 	6230
f 2353 	2354 	6244
f 6257 	6255 	6260
f 6230 	2332 	6253
f 6256 	6253 	2332
f 4620 	4581 	6259
f 6260 	6255 	6252
f 6260 	6252 	6250
f 2351 	2353 	6244
f 6251 	6232 	6231
f 2332 	6091 	6256
f 6242 	6266 	2351
f 6056 	6207 	6230
f 6267 	2351 	6266
f 6272 	6265 	6264
f 6271 	2351 	6267
f 6282 	2579 	6280
f 6219 	6218 	2314
f 6268 	4614 	4620
f 6015 	6230 	6042
f 6270 	6265 	6272
f 6262 	6261 	6272
f 6261 	6269 	6272
f 2233 	2234 	6211
f 6210 	6222 	2232
f 6212 	6216 	2234
f 2234 	2235 	6213
f 6269 	6270 	6272
f 2314 	2276 	6219
f 6220 	6219 	2276
f 6264 	6263 	6272
f 6259 	6258 	4620
f 6268 	4620 	6258
f 2332 	6208 	2425
f 6263 	6273 	6272
f 6262 	6272 	6273
f 6023 	3422 	2425
f 6249 	6260 	6250
f 6249 	6283 	6260
f 6257 	6260 	6254
f 6247 	6254 	6260
f 6283 	6247 	6260
f 6278 	2440 	6279
f 6279 	2442 	6284
f 6271 	6284 	2351
f 6277 	2439 	6278
f 6276 	2437 	6277
f 6280 	2436 	6276
f 6289 	2579 	6282
f 6227 	547 	6285
f 6286 	6285 	547
f 6285 	6287 	6227
f 6297 	6298 	2835
f 6275 	6274 	2835
f 6274 	6297 	2835
f 6226 	547 	6227
f 6288 	6286 	547
f 6291 	6290 	2833
f 6312 	6309 	3123
f 2832 	2833 	6290
f 3126 	2782 	6311
f 2830 	2831 	6311
f 6295 	6299 	2835
f 6311 	6310 	3126
f 6288 	547 	6303
f 3123 	3124 	6312
f 3122 	3123 	6309
f 6301 	6300 	547
f 6300 	6302 	547
f 6302 	6306 	547
f 6309 	6308 	3122
f 6303 	547 	6304
f 6308 	6318 	3122
f 6318 	6319 	3122
f 3121 	3122 	6319
f 282 	3121 	6319
f 6304 	547 	6306
f 6319 	6320 	282
f 6320 	6052 	281
f 281 	282 	6320
f 280 	281 	6052
f 547 	6315 	6301
f 6314 	6313 	547
f 6313 	6317 	547
f 6316 	6315 	547
f 276 	278 	6078
f 278 	280 	6051
f 6317 	6316 	547
f 6051 	6040 	278
f 6052 	6051 	280
f 275 	276 	6078
f 6040 	6039 	278
f 3124 	3126 	6312
f 6039 	6078 	278
f 124 	1879 	122
f 4052 	6191 	4088
f 6310 	6312 	3126
f 6299 	6294 	2834
f 6305 	6296 	2835
f 6324 	547 	6325
f 6322 	547 	6323
f 6323 	547 	6324
f 6326 	6325 	547
f 6327 	4033 	6328
f 311 	6328 	4033
f 4457 	6166 	4460
f 6329 	547 	1479
f 547 	6329 	6326
f 547 	6333 	6314
f 6330 	547 	6331
f 6334 	547 	6330
f 6332 	547 	6322
f 6331 	547 	6332
f 6333 	547 	6334
f 311 	4460 	6328
f 4034 	6328 	4460
f 4046 	4034 	4460
f 450 	4698 	718
f 6348 	718 	4698
f 4680 	4679 	21
f 4679 	6346 	26
f 5658 	26 	6346
f 6335 	5677 	5670
f 4178 	6170 	4284
f 4335 	4285 	6181
f 4284 	6170 	4285
f 4160 	6193 	4178
f 4335 	6167 	4345
f 4345 	6167 	6347
f 4132 	6194 	4160
f 6347 	6167 	4457
f 4108 	6196 	4132
f 122 	6192 	4052
f 4488 	6133 	128
f 6335 	6345 	5677
f 4694 	5677 	6345
f 5677 	4693 	5679
f 5680 	5679 	4683
f 5680 	6343 	6342
f 6343 	5680 	6344
f 5680 	4683 	6344
f 4671 	6344 	4683
f 6342 	5662 	5680
f 4668 	6341 	4693
f 5679 	4693 	6341
f 4670 	4683 	6341
f 5679 	6341 	4683
f 4693 	5677 	4694
f 4679 	4694 	6339
f 6346 	4679 	6339
f 6340 	6339 	4694
f 6345 	6340 	4694
f 21 	4679 	26
f 31 	6336 	21
f 6338 	4680 	21
f 6336 	6338 	21
f 4657 	4680 	6337
f 6338 	6337 	4680
f 4655 	6348 	4698
f 725 	4654 	4698
f 725 	4698 	450
# 4387 faces

g group_0_15277357

usemtl color_15277357
s 0

f 2 	3 	5
f 1 	3 	2
f 4 	5 	3
f 6 	7 	8
f 380 	431 	455
f 431 	430 	458
f 685 	683 	28
f 64 	7 	110
f 39 	57 	38
f 47 	841 	44
f 54 	55 	44
f 48 	61 	45
f 50 	61 	48
f 43 	45 	61
f 57 	39 	55
f 39 	44 	55
f 63 	38 	62
f 70 	7 	64
f 79 	7 	74
f 41 	7 	79
f 74 	7 	70
f 683 	681 	25
f 25 	28 	683
f 602 	597 	108
f 564 	602 	108
f 110 	7 	108
f 103 	108 	597
f 123 	131 	825
f 822 	825 	131
f 143 	9 	142
f 148 	9 	143
f 84 	88 	9
f 148 	84 	9
f 140 	142 	9
f 155 	61 	153
f 50 	153 	61
f 158 	61 	155
f 165 	169 	224
f 169 	171 	224
f 160 	61 	158
f 171 	172 	224
f 222 	224 	172
f 173 	175 	291
f 180 	289 	179
f 185 	287 	182
f 38 	63 	190
f 188 	287 	185
f 116 	286 	188
f 63 	199 	190
f 202 	203 	184
f 184 	189 	202
f 181 	184 	203
f 206 	181 	203
f 200 	202 	189
f 199 	200 	189
f 189 	190 	199
f 57 	62 	38
f 61 	245 	198
f 209 	61 	205
f 193 	5 	211
f 160 	163 	224
f 226 	61 	224
f 233 	234 	225
f 225 	181 	233
f 206 	233 	181
f 237 	223 	235
f 234 	235 	223
f 223 	225 	234
f 240 	61 	238
f 236 	61 	229
f 242 	61 	240
f 2411 	2414 	210
f 243 	2249 	241
f 245 	61 	242
f 2418 	2411 	210
f 212 	2418 	210
f 264 	266 	334
f 254 	269 	249
f 266 	267 	334
f 257 	272 	254
f 267 	215 	334
f 262 	277 	257
f 215 	219 	331
f 11 	331 	219
f 331 	334 	215
f 10 	11 	219
f 269 	254 	268
f 221 	283 	262
f 219 	173 	10
f 164 	165 	224
f 61 	160 	224
f 268 	254 	272
f 223 	237 	221
f 272 	257 	277
f 283 	221 	237
f 273 	5 	271
f 277 	262 	284
f 284 	262 	283
f 279 	288 	5
f 273 	279 	5
f 290 	5 	288
f 358 	360 	260
f 289 	182 	287
f 295 	5 	293
f 297 	349 	295
f 302 	325 	296
f 290 	293 	5
f 321 	323 	306
f 323 	324 	302
f 325 	302 	324
f 302 	306 	323
f 333 	428 	330
f 338 	340 	357
f 355 	356 	343
f 363 	365 	248
f 251 	255 	363
f 260 	261 	358
f 347 	295 	349
f 348 	295 	347
f 357 	319 	338
f 319 	321 	338
f 306 	338 	321
f 356 	357 	340
f 340 	343 	356
f 354 	355 	343
f 354 	343 	346
f 346 	384 	422
f 349 	297 	351
f 466 	465 	430
f 458 	455 	431
f 436 	466 	430
f 435 	436 	430
f 368 	364 	5
f 376 	368 	5
f 440 	438 	430
f 385 	5 	386
f 391 	295 	348
f 307 	406 	304
f 386 	295 	391
f 400 	5 	402
f 361 	5 	364
f 403 	5 	359
f 402 	5 	403
f 361 	359 	5
f 387 	419 	384
f 419 	420 	384
f 351 	304 	406
f 409 	411 	439
f 387 	439 	411
f 419 	387 	411
f 408 	409 	439
f 410 	406 	307
f 310 	416 	412
f 420 	422 	384
f 354 	346 	422
f 310 	312 	416
f 312 	313 	423
f 269 	548 	249
f 429 	2 	430
f 2 	440 	430
f 313 	314 	424
f 424 	423 	313
f 442 	408 	439
f 446 	457 	442
f 444 	440 	2
f 438 	435 	430
f 449 	464 	446
f 447 	444 	2
f 452 	471 	451
f 451 	472 	449
f 408 	442 	453
f 456 	469 	452
f 453 	442 	457
f 339 	342 	365
f 344 	248 	365
f 434 	468 	456
f 457 	446 	464
f 255 	258 	363
f 258 	260 	360
f 360 	363 	258
f 248 	251 	363
f 470 	452 	469
f 468 	469 	456
f 471 	452 	470
f 472 	451 	471
f 473 	449 	472
f 464 	449 	473
f 467 	468 	434
f 474 	2 	477
f 479 	2 	481
f 484 	2 	486
f 495 	512 	492
f 509 	510 	496
f 400 	396 	5
f 396 	494 	5
f 2 	5 	494
f 2 	494 	491
f 489 	2 	491
f 486 	2 	489
f 500 	508 	496
f 423 	416 	312
f 307 	310 	410
f 412 	410 	310
f 427 	424 	314
f 314 	322 	427
f 322 	428 	427
f 506 	671 	500
f 508 	509 	496
f 495 	496 	510
f 512 	495 	510
f 484 	481 	2
f 479 	477 	2
f 447 	2 	474
f 465 	458 	430
f 455 	454 	380
f 336 	365 	333
f 322 	330 	428
f 342 	344 	365
f 336 	339 	365
f 482 	519 	434
f 467 	434 	519
f 526 	527 	485
f 524 	525 	488
f 492 	524 	488
f 512 	523 	492
f 524 	492 	523
f 485 	488 	525
f 525 	526 	485
f 482 	485 	527
f 519 	482 	527
f 304 	351 	297
f 383 	5 	385
f 5 	295 	386
f 5 	383 	382
f 5 	382 	381
f 381 	376 	5
f 539 	2249 	532
f 227 	61 	226
f 227 	229 	61
f 236 	238 	61
f 198 	205 	61
f 211 	61 	209
f 291 	10 	173
f 163 	164 	224
f 219 	222 	172
f 172 	173 	219
f 289 	291 	175
f 175 	179 	289
f 182 	289 	180
f 239 	2249 	541
f 540 	2249 	539
f 239 	241 	2249
f 540 	541 	2249
f 549 	604 	426
f 426 	249 	549
f 334 	358 	264
f 118 	825 	116
f 131 	135 	822
f 135 	138 	822
f 9 	818 	140
f 138 	140 	818
f 88 	25 	681
f 261 	264 	358
f 428 	333 	365
f 365 	369 	428
f 369 	375 	428
f 432 	428 	375
f 375 	380 	432
f 454 	432 	380
f 558 	7 	560
f 566 	564 	7
f 569 	566 	7
f 570 	569 	7
f 532 	2249 	5196
f 576 	7 	579
f 5195 	5196 	2249
f 558 	585 	7
f 585 	583 	7
f 581 	7 	583
f 426 	604 	591
f 548 	549 	249
f 590 	693 	37
f 592 	590 	95
f 606 	591 	604
f 609 	626 	608
f 607 	591 	606
f 587 	591 	607
f 596 	592 	98
f 95 	98 	592
f 613 	7 	615
f 621 	633 	618
f 2231 	623 	620
f 625 	623 	2231
f 626 	587 	608
f 607 	608 	587
f 625 	2231 	627
f 633 	621 	632
f 632 	621 	631
f 630 	631 	624
f 673 	618 	633
f 624 	631 	621
f 624 	626 	630
f 630 	626 	609
f 645 	647 	5261
f 641 	9 	643
f 648 	2231 	651
f 637 	5168 	654
f 478 	654 	5168
f 5168 	476 	478
f 653 	651 	2231
f 655 	653 	2231
f 660 	655 	2231
f 660 	2231 	666
f 665 	676 	506
f 618 	673 	665
f 666 	2231 	667
f 668 	643 	9
f 508 	500 	669
f 669 	500 	671
f 671 	506 	676
f 676 	665 	674
f 674 	665 	673
f 672 	9 	675
f 681 	675 	9
f 32 	33 	687
f 690 	687 	33
f 640 	5168 	637
f 5260 	5261 	647
f 697 	2 	696
f 696 	2 	429
f 37 	95 	590
f 693 	690 	33
f 33 	37 	693
f 687 	28 	32
f 597 	596 	103
f 699 	2 	697
f 6027 	6028 	6010
f 28 	687 	685
f 9 	88 	681
f 9 	672 	670
f 9 	670 	668
f 641 	639 	9
f 635 	2231 	639
f 636 	2231 	635
f 667 	2231 	636
f 648 	627 	2231
f 9 	639 	2231
f 620 	7 	2231
f 617 	7 	620
f 617 	615 	7
f 613 	560 	7
f 581 	579 	7
f 7 	576 	575
f 7 	575 	572
f 7 	572 	571
f 571 	570 	7
f 98 	103 	596
f 564 	108 	7
f 41 	43 	7
f 61 	7 	43
f 5 	7 	61
f 5 	61 	211
f 5 	193 	194
f 271 	5 	194
f 724 	836 	722
f 721 	722 	836
f 727 	836 	724
f 731 	4 	730
f 733 	4 	731
f 730 	4 	729
f 734 	4 	733
f 740 	743 	4
f 836 	4 	743
f 745 	836 	743
f 721 	836 	745
f 748 	3 	747
f 751 	4 	750
f 729 	4 	751
f 736 	4 	734
f 727 	754 	836
f 755 	3090 	754
f 757 	3090 	755
f 764 	3125 	762
f 768 	3130 	765
f 765 	3125 	764
f 781 	1 	777
f 791 	1 	782
f 781 	782 	1
f 787 	788 	2990
f 788 	790 	2990
f 1 	2990 	790
f 770 	1 	790
f 794 	1 	793
f 800 	3 	796
f 807 	3 	805
f 3 	807 	808
f 3 	808 	812
f 812 	747 	3
f 750 	3 	748
f 758 	3105 	757
f 760 	3113 	758
f 762 	3113 	760
f 836 	754 	3208
f 715 	836 	3208
f 713 	836 	715
f 784 	3065 	768
f 1 	770 	771
f 1 	771 	772
f 772 	777 	1
f 791 	793 	1
f 796 	3 	794
f 805 	3 	800
f 1 	794 	3
f 829 	831 	680
f 830 	831 	829
f 325 	680 	831
f 831 	830 	833
f 834 	835 	833
f 831 	833 	835
f 736 	737 	4
f 738 	740 	4
f 737 	738 	4
f 3 	750 	4
f 835 	834 	838
f 839 	841 	838
f 835 	838 	841
f 841 	839 	845
f 841 	845 	54
f 844 	6 	840
f 863 	8 	861
f 861 	8 	859
f 868 	54 	866
f 845 	866 	54
f 870 	875 	8
f 872 	55 	871
f 55 	54 	871
f 868 	871 	54
f 867 	870 	8
f 881 	883 	8
f 882 	57 	880
f 57 	55 	880
f 872 	880 	55
f 883 	885 	8
f 875 	881 	8
f 62 	57 	884
f 882 	884 	57
f 6 	8 	885
f 62 	884 	887
f 888 	62 	887
f 840 	6 	885
f 894 	63 	892
f 63 	62 	892
f 888 	892 	62
f 894 	898 	63
f 904 	836 	903
f 836 	904 	907
f 855 	836 	907
f 859 	8 	855
f 924 	6 	918
f 4995 	296 	47
f 938 	6 	936
f 963 	199 	960
f 898 	960 	199
f 898 	199 	63
f 962 	5049 	956
f 969 	200 	968
f 200 	199 	968
f 963 	968 	199
f 972 	202 	971
f 202 	200 	971
f 969 	971 	200
f 976 	2230 	973
f 977 	203 	975
f 203 	202 	975
f 972 	975 	202
f 973 	2230 	938
f 977 	983 	206
f 977 	206 	203
f 981 	4951 	976
f 233 	206 	989
f 986 	989 	206
f 983 	986 	206
f 998 	5046 	994
f 985 	4953 	981
f 1000 	5046 	998
f 944 	5047 	1000
f 181 	2593 	184
f 184 	2593 	189
f 1002 	5150 	962
f 189 	2669 	190
f 210 	2548 	212
f 1018 	836 	1014
f 1014 	836 	1011
f 2570 	214 	212
f 2581 	216 	2570
f 836 	5161 	1011
f 836 	1018 	1021
f 836 	1021 	1023
f 902 	836 	896
f 1023 	896 	836
f 903 	836 	902
f 1029 	233 	1028
f 989 	1028 	233
f 994 	5042 	985
f 946 	5047 	944
f 949 	5048 	946
f 956 	5048 	949
f 1009 	1011 	5161
f 5161 	5158 	1009
f 1031 	234 	1030
f 234 	233 	1030
f 1029 	1030 	233
f 914 	918 	6
f 6 	924 	931
f 6 	931 	935
f 935 	936 	6
f 6 	938 	2230
f 1034 	235 	1033
f 235 	234 	1033
f 1031 	1033 	234
f 1037 	237 	1036
f 237 	235 	1036
f 1034 	1036 	235
f 864 	8 	863
f 836 	855 	8
f 865 	8 	864
f 865 	867 	8
f 914 	6 	844
f 8 	4 	836
f 1037 	1032 	237
f 5 	4 	8
f 5 	8 	7
f 291 	713 	10
f 3590 	223 	221
f 715 	3208 	11
f 713 	715 	11
f 713 	11 	10
f 3595 	225 	223
f 25 	1087 	1045
f 25 	1045 	1046
f 25 	1046 	28
f 28 	1046 	1048
f 28 	1048 	32
f 3541 	241 	239
f 1050 	33 	32
f 1050 	32 	1048
f 1053 	37 	33
f 1053 	33 	1050
f 1092 	37 	1053
f 244 	243 	3563
f 1057 	43 	41
f 1057 	41 	1058
f 2548 	210 	244
f 1059 	45 	43
f 1059 	43 	1057
f 1060 	48 	45
f 1060 	45 	1059
f 1038 	283 	1032
f 283 	237 	1032
f 1064 	50 	48
f 1064 	48 	1060
f 1042 	284 	1040
f 284 	283 	1040
f 1038 	1040 	283
f 1136 	50 	1064
f 277 	1044 	1043
f 1049 	277 	1043
f 277 	284 	1044
f 1042 	1044 	284
f 1070 	64 	1097
f 272 	1052 	1051
f 1061 	272 	1051
f 1073 	70 	64
f 1073 	64 	1070
f 272 	277 	1052
f 1049 	1052 	277
f 1074 	74 	70
f 1074 	70 	1073
f 268 	1066 	1065
f 1075 	268 	1065
f 1076 	79 	74
f 1076 	74 	1074
f 268 	272 	1066
f 1061 	1066 	272
f 79 	1076 	1058
f 79 	1058 	41
f 1078 	269 	1077
f 269 	268 	1077
f 1075 	1077 	268
f 84 	1133 	1079
f 1078 	1469 	269
f 84 	1079 	1087
f 84 	1087 	88
f 88 	1087 	25
f 37 	1092 	95
f 3285 	254 	249
f 95 	1092 	1094
f 95 	1094 	98
f 98 	1094 	1095
f 98 	1095 	103
f 103 	1095 	1096
f 103 	1096 	108
f 262 	257 	3318
f 3304 	3318 	257
f 1097 	110 	108
f 1097 	108 	1096
f 1097 	64 	110
f 262 	3318 	221
f 3590 	221 	3318
f 116 	1199 	1099
f 116 	1099 	1100
f 116 	1100 	118
f 118 	1100 	1103
f 118 	1103 	123
f 1109 	131 	123
f 1109 	123 	1103
f 1110 	135 	131
f 1110 	131 	1109
f 1112 	138 	135
f 1112 	135 	1110
f 319 	555 	594
f 601 	319 	594
f 1117 	140 	138
f 1117 	138 	1112
f 319 	601 	610
f 616 	321 	610
f 319 	610 	321
f 1128 	142 	140
f 1128 	140 	1117
f 321 	616 	619
f 629 	323 	619
f 321 	619 	323
f 1131 	143 	142
f 1131 	142 	1128
f 323 	629 	634
f 646 	324 	634
f 323 	634 	324
f 1133 	148 	143
f 1133 	143 	1131
f 324 	646 	652
f 677 	325 	652
f 324 	652 	325
f 1133 	84 	148
f 325 	677 	680
f 50 	1136 	153
f 1141 	155 	153
f 1141 	153 	1136
f 3231 	302 	296
f 1146 	158 	155
f 1146 	155 	1141
f 1147 	160 	158
f 1147 	158 	1146
f 1151 	163 	160
f 1151 	160 	1147
f 1154 	164 	163
f 1154 	163 	1151
f 1156 	165 	164
f 1156 	164 	1154
f 331 	3208 	334
f 1158 	169 	165
f 1158 	165 	1156
f 1162 	171 	169
f 1162 	169 	1158
f 490 	354 	483
f 437 	483 	354
f 1164 	172 	171
f 1164 	171 	1162
f 354 	490 	493
f 499 	355 	493
f 354 	493 	355
f 1165 	173 	172
f 1165 	172 	1164
f 355 	499 	503
f 515 	356 	503
f 355 	503 	356
f 173 	1165 	175
f 1166 	175 	1165
f 550 	357 	515
f 356 	515 	357
f 1182 	175 	1166
f 357 	550 	555
f 357 	555 	319
f 1182 	179 	175
f 1184 	180 	179
f 1184 	179 	1182
f 180 	1184 	1190
f 180 	1190 	182
f 338 	3157 	340
f 1193 	185 	182
f 1193 	182 	1190
f 1199 	188 	185
f 1199 	185 	1193
f 340 	3142 	343
f 1199 	116 	188
f 343 	3170 	346
f 1203 	194 	193
f 1203 	193 	1204
f 1210 	198 	1276
f 1217 	205 	198
f 1217 	198 	1210
f 1219 	209 	205
f 1219 	205 	1217
f 358 	3073 	360
f 1227 	211 	209
f 1227 	209 	1219
f 211 	1227 	1204
f 211 	1204 	193
f 215 	1301 	1232
f 1237 	219 	1232
f 215 	1232 	219
f 219 	1237 	1241
f 219 	1241 	222
f 222 	1241 	1242
f 222 	1242 	224
f 224 	1242 	1246
f 224 	1246 	226
f 341 	408 	335
f 226 	1246 	1247
f 226 	1247 	227
f 334 	3216 	358
f 3073 	358 	3216
f 227 	1247 	1251
f 227 	1251 	229
f 408 	341 	345
f 350 	409 	345
f 408 	345 	409
f 229 	1251 	1261
f 229 	1261 	236
f 409 	350 	353
f 366 	411 	353
f 409 	353 	411
f 1269 	238 	1261
f 236 	1261 	238
f 411 	366 	378
f 411 	378 	419
f 419 	378 	377
f 390 	419 	377
f 238 	1269 	1272
f 238 	1272 	240
f 419 	390 	392
f 404 	420 	392
f 419 	392 	420
f 240 	1272 	1275
f 240 	1275 	242
f 420 	404 	407
f 433 	422 	407
f 420 	407 	422
f 1276 	245 	242
f 1276 	242 	1275
f 422 	433 	437
f 422 	437 	354
f 1276 	198 	245
f 248 	1283 	1286
f 248 	1286 	251
f 3037 	387 	384
f 1288 	255 	251
f 1288 	251 	1286
f 1291 	258 	255
f 1291 	255 	1288
f 1293 	260 	258
f 1293 	258 	1291
f 1295 	261 	260
f 1295 	260 	1293
f 1297 	264 	261
f 1297 	261 	1295
f 1300 	266 	264
f 1300 	264 	1297
f 1301 	267 	266
f 1301 	266 	1300
f 429 	3013 	696
f 1301 	215 	267
f 467 	1303 	1304
f 1305 	468 	1304
f 467 	1304 	468
f 194 	1203 	271
f 1306 	271 	1203
f 1309 	273 	271
f 1309 	271 	1306
f 430 	3013 	429
f 1311 	279 	273
f 1311 	273 	1309
f 1320 	279 	1311
f 468 	1305 	1315
f 1317 	469 	1315
f 468 	1315 	469
f 279 	1320 	288
f 2990 	2995 	431
f 1321 	290 	288
f 1321 	288 	1320
f 1322 	293 	290
f 1322 	290 	1321
f 469 	1317 	1323
f 1324 	470 	1323
f 469 	1323 	470
f 1325 	295 	293
f 1325 	293 	1322
f 470 	1324 	1327
f 1328 	471 	1327
f 470 	1327 	471
f 295 	1325 	297
f 1329 	297 	1325
f 471 	1328 	1330
f 1331 	472 	1330
f 471 	1330 	472
f 1332 	304 	297
f 1332 	297 	1329
f 472 	1331 	1334
f 1335 	473 	1334
f 472 	1334 	473
f 1341 	307 	304
f 1341 	304 	1332
f 464 	1344 	1345
f 1347 	464 	1345
f 1352 	310 	307
f 1352 	307 	1341
f 473 	1335 	1344
f 473 	1344 	464
f 457 	1356 	1357
f 1358 	457 	1357
f 1355 	312 	310
f 1355 	310 	1352
f 1359 	313 	312
f 1359 	312 	1355
f 464 	1347 	1356
f 464 	1356 	457
f 1363 	314 	313
f 1363 	313 	1359
f 453 	457 	1365
f 1367 	453 	1365
f 314 	1363 	322
f 1370 	322 	1363
f 1358 	1365 	457
f 1372 	330 	322
f 1372 	322 	1370
f 408 	453 	335
f 1367 	335 	453
f 467 	1373 	1374
f 1303 	467 	1374
f 1375 	333 	330
f 1375 	330 	1372
f 333 	1375 	1378
f 333 	1378 	336
f 1380 	339 	336
f 1380 	336 	1378
f 1381 	342 	339
f 1381 	339 	1380
f 1382 	344 	342
f 1382 	342 	1381
f 1283 	248 	344
f 1283 	344 	1382
f 2538 	2551 	449
f 452 	2571 	456
f 475 	686 	2452
f 476 	475 	2441
f 2452 	2441 	475
f 476 	2441 	2428
f 476 	2428 	478
f 1403 	508 	1402
f 508 	669 	1402
f 1408 	509 	1406
f 509 	508 	1406
f 1403 	1406 	508
f 509 	1408 	1409
f 1411 	510 	1409
f 509 	1409 	510
f 510 	1411 	1414
f 1415 	512 	1414
f 510 	1414 	512
f 512 	1415 	1420
f 1421 	523 	1420
f 1422 	523 	1421
f 512 	1420 	523
f 523 	1422 	1423
f 1424 	524 	1423
f 523 	1423 	524
f 524 	1424 	1425
f 1427 	525 	1425
f 524 	1425 	525
f 525 	1427 	1430
f 1431 	526 	1430
f 525 	1430 	526
f 526 	1431 	1433
f 1434 	527 	1433
f 526 	1433 	527
f 527 	1434 	1436
f 1437 	519 	1436
f 527 	1436 	519
f 519 	1437 	1373
f 519 	1373 	467
f 482 	3714 	485
f 485 	3731 	488
f 488 	3731 	492
f 492 	3734 	495
f 3692 	532 	3682
f 531 	3682 	532
f 532 	3692 	539
f 539 	3702 	540
f 3702 	541 	540
f 541 	3707 	239
f 1470 	548 	1469
f 548 	269 	1469
f 1472 	549 	1471
f 549 	548 	1471
f 1470 	1471 	548
f 1472 	1473 	549
f 3612 	3659 	554
f 554 	3659 	578
f 578 	3666 	580
f 580 	3671 	584
f 3675 	531 	584
f 1488 	604 	1487
f 549 	1473 	604
f 1487 	604 	1473
f 1491 	606 	1490
f 606 	604 	1490
f 1488 	1490 	604
f 1493 	607 	1492
f 607 	606 	1492
f 1491 	1492 	606
f 724 	347 	349
f 724 	349 	351
f 1495 	608 	1494
f 608 	607 	1494
f 1493 	1494 	607
f 1518 	609 	1517
f 609 	608 	1517
f 1495 	1517 	608
f 1518 	1523 	609
f 591 	3639 	3641
f 587 	3639 	591
f 612 	3446 	3629
f 611 	3446 	612
f 738 	382 	383
f 738 	383 	385
f 1541 	630 	1540
f 1523 	1540 	630
f 1523 	630 	609
f 1541 	1547 	631
f 1541 	631 	630
f 1549 	632 	1548
f 632 	631 	1548
f 1547 	1548 	631
f 1554 	633 	1553
f 633 	632 	1553
f 1549 	1553 	632
f 1554 	1579 	633
f 618 	3426 	621
f 621 	3424 	624
f 3639 	587 	626
f 642 	3409 	644
f 644 	3413 	645
f 645 	3417 	3420
f 647 	645 	3420
f 3446 	611 	647
f 647 	3420 	3446
f 1580 	673 	1579
f 673 	633 	1579
f 432 	768 	428
f 478 	3396 	654
f 637 	654 	3399
f 3396 	3399 	654
f 435 	771 	436
f 1586 	674 	1584
f 674 	673 	1584
f 1580 	1584 	673
f 771 	435 	438
f 1588 	676 	1587
f 676 	674 	1587
f 1586 	1587 	674
f 1590 	671 	1589
f 1592 	671 	1590
f 676 	1589 	671
f 1588 	1589 	676
f 669 	1593 	1594
f 1595 	669 	1594
f 669 	671 	1593
f 1592 	1593 	671
f 1595 	1402 	669
f 768 	432 	454
f 665 	3391 	618
f 679 	678 	3374
f 3376 	679 	3374
f 682 	679 	3379
f 3376 	3379 	679
f 466 	790 	465
f 684 	3379 	3384
f 682 	3379 	684
f 436 	790 	466
f 686 	684 	3387
f 3384 	3387 	684
f 3387 	2452 	686
f 794 	793 	479
f 697 	696 	3350
f 3362 	699 	3358
f 697 	3358 	699
f 794 	479 	481
f 699 	3365 	700
f 3362 	3365 	699
f 700 	3365 	703
f 3905 	703 	3368
f 1045 	1094 	1046
f 1048 	1092 	1053
f 1048 	1053 	1050
f 1151 	1147 	1045
f 1092 	1048 	1094
f 1046 	1094 	1048
f 1151 	1045 	1154
f 1156 	1154 	1045
f 1158 	1156 	1045
f 1165 	1164 	1045
f 1162 	1045 	1164
f 1158 	1045 	1162
f 1247 	1246 	1325
f 1246 	1242 	1325
f 1242 	1241 	1325
f 1241 	1237 	1325
f 1237 	1232 	1325
f 1232 	1301 	1325
f 1251 	1247 	1325
f 1329 	1325 	1297
f 1261 	1251 	1325
f 1332 	1329 	1297
f 1355 	1297 	1359
f 1352 	1297 	1355
f 1079 	1099 	1087
f 1133 	1099 	1079
f 1131 	1099 	1133
f 1199 	1045 	1099
f 1128 	1117 	1099
f 1128 	1099 	1131
f 1045 	1087 	1099
f 1100 	1099 	1117
f 1103 	1100 	1117
f 1112 	1110 	1117
f 1109 	1117 	1110
f 1103 	1117 	1109
f 1199 	1193 	1045
f 1182 	1166 	1045
f 1165 	1045 	1166
f 1182 	1045 	1184
f 1193 	1190 	1045
f 1184 	1045 	1190
f 1301 	1300 	1325
f 1300 	1297 	1325
f 1341 	1332 	1297
f 1352 	1341 	1297
f 1293 	1291 	1295
f 1291 	1288 	1295
f 1297 	1295 	1288
f 1297 	1288 	1286
f 1297 	1286 	1283
f 1380 	1378 	1297
f 1370 	1363 	1297
f 1359 	1297 	1363
f 1372 	1370 	1297
f 1375 	1372 	1297
f 1283 	1382 	1297
f 1382 	1381 	1297
f 1380 	1297 	1381
f 1378 	1375 	1297
f 1074 	1045 	1076
f 1073 	1045 	1074
f 1076 	1045 	1058
f 1070 	1045 	1073
f 1097 	1045 	1070
f 1058 	1045 	1057
f 1059 	1045 	1060
f 1057 	1045 	1059
f 1136 	1064 	1045
f 1097 	1096 	1045
f 1096 	1095 	1045
f 1094 	1045 	1095
f 1146 	1045 	1147
f 1141 	1045 	1146
f 1136 	1045 	1141
f 1064 	1060 	1045
f 1219 	1261 	1227
f 1217 	1261 	1219
f 1210 	1261 	1217
f 1204 	1227 	1261
f 1272 	1261 	1275
f 1276 	1275 	1261
f 1269 	1261 	1272
f 1210 	1276 	1261
f 1203 	1204 	1261
f 1306 	1203 	1261
f 1311 	1309 	1261
f 1309 	1306 	1261
f 1261 	1325 	1322
f 1261 	1322 	1321
f 1261 	1321 	1320
f 1320 	1311 	1261
f 747 	400 	748
f 402 	750 	400
f 748 	400 	750
f 402 	403 	750
f 750 	403 	751
f 805 	489 	807
f 489 	491 	807
f 348 	347 	721
f 722 	721 	347
f 724 	722 	347
f 351 	727 	724
f 351 	406 	727
f 406 	754 	727
f 729 	751 	359
f 403 	359 	751
f 361 	730 	359
f 729 	359 	730
f 364 	731 	361
f 730 	361 	731
f 368 	733 	364
f 731 	364 	733
f 734 	733 	376
f 368 	376 	733
f 381 	736 	376
f 734 	376 	736
f 382 	737 	736
f 382 	736 	381
f 737 	382 	738
f 385 	740 	738
f 740 	385 	743
f 386 	743 	385
f 391 	745 	743
f 391 	743 	386
f 745 	391 	721
f 348 	721 	391
f 747 	396 	400
f 754 	406 	755
f 410 	755 	406
f 410 	412 	755
f 757 	755 	412
f 416 	758 	412
f 757 	412 	758
f 416 	423 	758
f 760 	758 	423
f 423 	424 	760
f 762 	760 	424
f 762 	424 	764
f 427 	764 	424
f 764 	427 	765
f 428 	765 	427
f 768 	765 	428
f 771 	770 	436
f 438 	772 	771
f 440 	777 	772
f 440 	772 	438
f 440 	444 	777
f 781 	777 	444
f 444 	447 	781
f 782 	781 	447
f 447 	474 	782
f 454 	784 	768
f 784 	454 	786
f 455 	786 	454
f 458 	787 	786
f 458 	786 	455
f 787 	458 	788
f 465 	788 	458
f 790 	788 	465
f 436 	770 	790
f 791 	782 	474
f 477 	793 	474
f 791 	474 	793
f 477 	479 	793
f 481 	796 	794
f 796 	481 	800
f 484 	800 	481
f 484 	486 	800
f 805 	800 	486
f 489 	805 	486
f 808 	807 	491
f 491 	494 	808
f 812 	808 	494
f 812 	494 	747
f 396 	747 	494
f 560 	914 	844
f 592 	902 	896
f 902 	592 	903
f 602 	564 	907
f 615 	918 	914
f 918 	615 	924
f 981 	976 	651
f 655 	985 	981
f 994 	985 	655
f 670 	1004 	1002
f 1004 	670 	1005
f 1008 	675 	681
f 1008 	681 	1009
f 1009 	681 	1011
f 840 	558 	844
f 907 	564 	855
f 861 	570 	863
f 863 	570 	864
f 579 	875 	870
f 581 	881 	579
f 875 	579 	881
f 881 	581 	883
f 585 	885 	883
f 840 	885 	585
f 602 	907 	904
f 914 	613 	615
f 620 	931 	924
f 935 	931 	620
f 946 	944 	636
f 946 	635 	949
f 956 	949 	639
f 651 	976 	973
f 653 	981 	651
f 981 	653 	655
f 994 	655 	660
f 994 	660 	998
f 666 	998 	660
f 666 	667 	998
f 636 	944 	1000
f 675 	1008 	1005
f 1018 	687 	1021
f 1021 	690 	693
f 1021 	693 	1023
f 558 	840 	585
f 560 	844 	558
f 859 	855 	566
f 564 	566 	855
f 569 	861 	566
f 859 	566 	861
f 861 	569 	570
f 570 	571 	864
f 864 	571 	865
f 572 	865 	571
f 575 	867 	865
f 575 	865 	572
f 575 	576 	867
f 870 	867 	576
f 579 	870 	576
f 583 	883 	581
f 585 	883 	583
f 1023 	693 	896
f 896 	590 	592
f 596 	903 	592
f 903 	596 	904
f 597 	904 	596
f 602 	904 	597
f 914 	560 	613
f 924 	615 	617
f 924 	617 	620
f 623 	935 	620
f 623 	625 	935
f 936 	935 	625
f 936 	625 	938
f 627 	938 	625
f 648 	973 	627
f 635 	946 	636
f 639 	949 	635
f 641 	956 	639
f 956 	641 	962
f 643 	962 	641
f 1002 	962 	668
f 938 	627 	973
f 651 	973 	648
f 1000 	998 	667
f 1000 	667 	636
f 643 	668 	962
f 1002 	668 	670
f 1005 	670 	672
f 1005 	672 	675
f 683 	1011 	681
f 1011 	683 	1014
f 685 	1014 	683
f 687 	1018 	1014
f 687 	1014 	685
f 690 	1021 	687
f 590 	896 	693
f 2228 	2229 	2230
f 2230 	2229 	2231
f 7 	6 	2231
f 2230 	2231 	6
f 89 	2231 	82
f 89 	92 	2231
f 214 	2418 	212
f 216 	2418 	214
f 2252 	2251 	2371
f 2255 	2249 	2258
f 2258 	2249 	2259
f 2260 	2259 	2249
f 2251 	2271 	2371
f 2271 	2270 	2371
f 2269 	2371 	2270
f 2280 	2249 	2285
f 2279 	2249 	2280
f 2253 	2371 	2286
f 2293 	2229 	2294
f 2329 	5470 	2331
f 2294 	2229 	2333
f 2334 	2333 	2229
f 2337 	2334 	2229
f 2340 	2337 	2229
f 2341 	2340 	2229
f 2342 	2341 	2229
f 2346 	2342 	2229
f 5470 	2348 	2331
f 2350 	2348 	5470
f 2352 	5470 	2358
f 2359 	5470 	2361
f 2362 	2361 	5177
f 5176 	5177 	2361
f 5231 	5232 	2361
f 5233 	5176 	2361
f 5230 	5231 	2361
f 2274 	2364 	5179
f 5470 	5230 	2361
f 2359 	2358 	5470
f 2352 	2350 	5470
f 2327 	2229 	2329
f 5470 	2329 	2229
f 2325 	2229 	2327
f 2326 	2229 	2325
f 2326 	2346 	2229
f 2292 	2229 	2293
f 2229 	2292 	2291
f 2288 	2371 	2291
f 2286 	2371 	2288
f 2253 	2252 	2371
f 2229 	2291 	2371
f 2382 	2231 	2381
f 2388 	2231 	2386
f 2386 	2231 	2384
f 2392 	82 	2390
f 2388 	2390 	2231
f 2393 	2395 	82
f 2242 	82 	2396
f 2409 	2418 	2408
f 2411 	2418 	2409
f 2414 	2415 	210
f 2415 	2417 	210
f 2417 	2399 	210
f 2449 	2453 	210
f 2407 	2408 	2418
f 2424 	2249 	2422
f 3396 	478 	2428
f 2435 	2371 	2433
f 2430 	2371 	2429
f 2438 	2371 	2435
f 2443 	2371 	2438
f 2445 	2371 	2444
f 2374 	2231 	2448
f 2448 	2231 	2445
f 2454 	2455 	244
f 2463 	2249 	2458
f 2465 	2249 	2463
f 2468 	2249 	2465
f 2455 	2458 	2249
f 3714 	434 	2471
f 456 	2588 	434
f 244 	210 	2453
f 2453 	2454 	244
f 243 	244 	2455
f 2249 	243 	2455
f 2400 	2449 	210
f 2399 	2400 	210
f 446 	442 	2475
f 2249 	2468 	2419
f 2419 	2422 	2249
f 2371 	2249 	2427
f 2427 	2429 	2371
f 2430 	2433 	2371
f 2444 	2371 	2443
f 2424 	2427 	2249
f 2269 	2267 	2371
f 2264 	2249 	2267
f 2249 	2371 	2267
f 2249 	2264 	2263
f 2249 	2263 	2262
f 2249 	2262 	2261
f 2261 	2260 	2249
f 2255 	2285 	2249
f 2377 	2231 	2374
f 2371 	2445 	2231
f 2378 	2231 	2377
f 2379 	2231 	2378
f 2380 	2231 	2379
f 2381 	2231 	2380
f 2382 	2384 	2231
f 2229 	2371 	2231
f 2395 	2396 	82
f 2392 	2393 	82
f 2397 	2242 	2396
f 2405 	2418 	2403
f 2397 	2403 	2242
f 2407 	2418 	2405
f 216 	2242 	2418
f 2242 	2403 	2418
f 2231 	2390 	82
f 852 	2231 	92
f 2231 	852 	9
f 2502 	2230 	2501
f 2504 	2230 	2502
f 2519 	2496 	2517
f 2514 	2517 	2496
f 2520 	2496 	2519
f 2522 	2496 	2521
f 2483 	446 	2475
f 2527 	2230 	2526
f 2528 	2230 	2527
f 2538 	449 	2483
f 2501 	2230 	2528
f 446 	2483 	449
f 2510 	2496 	2544
f 2514 	2496 	2510
f 2550 	2553 	2230
f 2563 	212 	2548
f 451 	449 	2551
f 2571 	451 	2551
f 2564 	2228 	2562
f 2563 	2570 	212
f 451 	2571 	452
f 214 	2570 	216
f 2588 	456 	2571
f 2593 	181 	2590
f 2471 	434 	2588
f 3901 	2228 	2618
f 2627 	2228 	2626
f 2626 	2228 	2564
f 2638 	2228 	2633
f 2633 	2228 	2627
f 2639 	2228 	2638
f 2640 	2228 	2639
f 2641 	2228 	2640
f 2568 	2228 	2641
f 2648 	3901 	2643
f 2643 	3901 	2618
f 2654 	3901 	2649
f 2661 	3789 	2660
f 2660 	3789 	2658
f 2533 	3787 	2662
f 2662 	3788 	2661
f 2540 	3675 	2539
f 2539 	3671 	2535
f 2496 	3692 	2542
f 2542 	3682 	2540
f 2230 	2562 	2228
f 2228 	2568 	2569
f 2228 	2569 	2572
f 2573 	2618 	2228
f 2572 	2573 	2228
f 2649 	3901 	2648
f 2655 	3794 	2654
f 2658 	3792 	2655
f 2504 	2549 	2230
f 2549 	2550 	2230
f 2230 	2553 	2560
f 2560 	2562 	2230
f 2669 	189 	2593
f 2542 	2544 	2496
f 2520 	2521 	2496
f 2496 	2522 	2523
f 2523 	2525 	2496
f 2525 	2526 	2496
f 2230 	2496 	2526
f 1004 	5150 	1002
f 3901 	5470 	2228
f 2229 	2228 	5470
f 2581 	2485 	2242
f 2671 	190 	2669
f 82 	2242 	2485
f 2671 	4969 	190
f 2517 	2260 	2519
f 2260 	2520 	2519
f 2271 	2501 	2528
f 2535 	2278 	2539
f 2539 	2278 	2540
f 2544 	2285 	2510
f 2326 	2569 	2568
f 387 	3050 	2822
f 439 	2822 	442
f 2475 	442 	2822
f 380 	3065 	431
f 2995 	3013 	430
f 430 	431 	2995
f 3030 	3037 	3029
f 3031 	3050 	3030
f 3028 	3029 	3037
f 3033 	3050 	3032
f 3350 	696 	3013
f 3037 	3030 	3050
f 2822 	3050 	3033
f 2648 	2350 	2649
f 2655 	2361 	2658
f 2658 	2361 	2660
f 2660 	2363 	2661
f 2363 	2364 	2661
f 3216 	3208 	754
f 2253 	2504 	2502
f 3090 	757 	3105
f 3216 	754 	3073
f 3073 	754 	3090
f 3125 	765 	3130
f 3142 	3157 	3149
f 3153 	3027 	3170
f 3027 	3028 	3170
f 3037 	3170 	3028
f 3152 	3160 	3150
f 3032 	3050 	3031
f 3147 	3149 	3157
f 3235 	3229 	3157
f 3142 	3150 	3160
f 3149 	3150 	3142
f 3152 	3153 	3160
f 3170 	3160 	3153
f 3227 	3231 	3226
f 3228 	3231 	3227
f 3147 	3157 	3230
f 3231 	3243 	3226
f 3231 	3228 	3235
f 3229 	3235 	3228
f 3230 	3157 	3229
f 3225 	3226 	3243
f 2521 	2263 	2522
f 3268 	3265 	836
f 2522 	2263 	2523
f 2523 	2267 	2525
f 3265 	3263 	836
f 2269 	2526 	2267
f 2525 	2267 	2526
f 2270 	2527 	2269
f 2526 	2269 	2527
f 2271 	2528 	2527
f 2271 	2527 	2270
f 713 	3269 	836
f 3268 	836 	3269
f 2542 	2285 	2544
f 3283 	3284 	3304
f 3304 	3285 	3283
f 3276 	3318 	3284
f 3282 	3283 	3285
f 2253 	2286 	2504
f 2286 	2288 	2549
f 3280 	3281 	3285
f 3281 	3282 	3285
f 2553 	2291 	2560
f 2292 	2293 	2560
f 2333 	2626 	2564
f 2572 	2327 	2573
f 2618 	2573 	2329
f 2626 	2333 	2627
f 2334 	2627 	2333
f 2334 	2337 	2627
f 2633 	2627 	2337
f 2340 	2638 	2633
f 2340 	2633 	2337
f 3304 	3284 	3318
f 3318 	3276 	3277
f 3285 	3338 	3280
f 3358 	697 	3350
f 2638 	2340 	2639
f 2341 	2639 	2340
f 2342 	2640 	2639
f 2342 	2639 	2341
f 2641 	2640 	2342
f 2326 	2568 	2641
f 2350 	2648 	2643
f 2352 	2649 	2350
f 3365 	3368 	703
f 2649 	2352 	2654
f 2359 	2655 	2654
f 2655 	2359 	2361
f 2662 	2661 	2364
f 2533 	2662 	2364
f 2501 	2271 	2251
f 2501 	2251 	2502
f 2252 	2502 	2251
f 2502 	2252 	2253
f 2510 	2255 	2258
f 2510 	2258 	2514
f 2517 	2514 	2259
f 2258 	2259 	2514
f 2517 	2259 	2260
f 2261 	2520 	2260
f 2521 	2520 	2262
f 2262 	2520 	2261
f 2521 	2262 	2263
f 2264 	2523 	2263
f 2523 	2264 	2267
f 3426 	618 	3391
f 2364 	2274 	2533
f 2533 	2274 	2275
f 2533 	2275 	2535
f 2535 	2275 	2278
f 2540 	2278 	2279
f 2540 	2279 	2542
f 2280 	2542 	2279
f 2542 	2280 	2285
f 3405 	637 	3399
f 2510 	2285 	2255
f 2549 	2504 	2286
f 2550 	2549 	2288
f 640 	637 	3405
f 2550 	2288 	2553
f 2291 	2553 	2288
f 640 	3405 	642
f 3409 	642 	3405
f 2292 	2560 	2291
f 2562 	2560 	2293
f 2562 	2293 	2564
f 2294 	2564 	2293
f 2294 	2333 	2564
f 2325 	2569 	2326
f 644 	3409 	3413
f 2327 	2572 	2569
f 2327 	2569 	2325
f 3417 	645 	3413
f 621 	3426 	3428
f 3424 	621 	3428
f 626 	624 	3424
f 3433 	626 	3424
f 3433 	3639 	626
f 2329 	2573 	2327
f 2331 	2618 	2329
f 2643 	2618 	2348
f 2346 	2641 	2342
f 2326 	2641 	2346
f 2331 	2348 	2618
f 2350 	2643 	2348
f 2352 	2358 	2654
f 2359 	2654 	2358
f 2660 	2361 	2362
f 2660 	2362 	2363
f 2374 	3470 	3472
f 2374 	3472 	2377
f 2377 	3472 	3475
f 2377 	3475 	2378
f 2378 	3475 	3476
f 2378 	3476 	2379
f 2379 	3476 	3477
f 2379 	3477 	2380
f 2380 	3477 	3479
f 2380 	3479 	2381
f 2381 	3479 	3480
f 2381 	3480 	2382
f 2382 	3480 	3485
f 2382 	3485 	2384
f 3486 	2386 	2384
f 3486 	2384 	3485
f 3488 	2388 	2386
f 3488 	2386 	3486
f 3492 	2388 	3488
f 3492 	2390 	2388
f 3493 	2392 	2390
f 3493 	2390 	3492
f 3494 	2393 	2392
f 3494 	2392 	3493
f 2393 	3494 	3496
f 2393 	3496 	2395
f 3498 	2396 	2395
f 3498 	2395 	3496
f 3499 	2397 	2396
f 3499 	2396 	3498
f 3499 	2403 	2397
f 3505 	2400 	2399
f 3505 	2399 	3506
f 3561 	2400 	3505
f 3510 	2403 	3499
f 3511 	2405 	2403
f 3511 	2403 	3510
f 3515 	2407 	2405
f 3515 	2405 	3511
f 3517 	2408 	2407
f 3517 	2407 	3515
f 3518 	2409 	2408
f 3518 	2408 	3517
f 3521 	2411 	2409
f 3521 	2409 	3518
f 3523 	2414 	2411
f 3523 	2411 	3521
f 3524 	2415 	2414
f 3524 	2414 	3523
f 3527 	2417 	2415
f 3527 	2415 	3524
f 3506 	2399 	2417
f 3506 	2417 	3527
f 2419 	3577 	3531
f 2419 	3531 	3532
f 2419 	3532 	2422
f 2422 	3532 	3537
f 2422 	3537 	2424
f 3538 	2427 	2424
f 3538 	2424 	3537
f 3539 	2429 	2427
f 3539 	2427 	3538
f 3543 	2430 	2429
f 3543 	2429 	3539
f 3547 	2433 	2430
f 3547 	2430 	3543
f 3548 	2435 	2433
f 3548 	2433 	3547
f 3550 	2438 	2435
f 3550 	2435 	3548
f 3551 	2443 	2438
f 3551 	2438 	3550
f 3554 	2444 	2443
f 3554 	2443 	3551
f 3555 	2445 	2444
f 3555 	2444 	3554
f 3558 	2448 	2445
f 3558 	2445 	3555
f 3470 	2374 	2448
f 3470 	2448 	3558
f 2400 	3561 	2449
f 3562 	2453 	2449
f 3562 	2449 	3561
f 2230 	2563 	2496
f 3564 	2454 	2453
f 3564 	2453 	3562
f 3565 	2455 	2454
f 3565 	2454 	3564
f 3566 	2458 	2455
f 3566 	2455 	3565
f 3572 	2463 	2458
f 3572 	2458 	3566
f 3575 	2465 	2463
f 3575 	2463 	3572
f 3577 	2468 	2465
f 3577 	2465 	3575
f 3577 	2419 	2468
f 3581 	3582 	3593
f 3595 	3593 	3582
f 3583 	3595 	3582
f 3277 	3278 	3590
f 3488 	3472 	3492
f 3486 	3472 	3488
f 3485 	3472 	3486
f 3470 	3498 	3472
f 3472 	3485 	3480
f 3472 	3480 	3479
f 3472 	3479 	3477
f 3472 	3477 	3476
f 3472 	3476 	3475
f 3590 	3318 	3277
f 3492 	3472 	3493
f 3493 	3472 	3494
f 3494 	3472 	3496
f 3470 	3558 	3498
f 3496 	3472 	3498
f 3579 	3581 	3593
f 3278 	3579 	3590
f 3499 	3564 	3510
f 3505 	3510 	3561
f 3505 	3506 	3510
f 3506 	3527 	3510
f 3527 	3524 	3510
f 3524 	3523 	3510
f 3523 	3521 	3510
f 3511 	3510 	3521
f 3518 	3515 	3521
f 3517 	3515 	3518
f 3511 	3521 	3515
f 3593 	3590 	3579
f 2590 	3595 	3583
f 3577 	3499 	3531
f 3532 	3531 	3499
f 3498 	3537 	3499
f 3532 	3499 	3537
f 3554 	3551 	3498
f 3555 	3554 	3498
f 3558 	3555 	3498
f 3551 	3550 	3498
f 3550 	3548 	3498
f 3548 	3547 	3498
f 3547 	3543 	3498
f 3543 	3539 	3498
f 3538 	3498 	3539
f 3537 	3498 	3538
f 3572 	3499 	3575
f 3566 	3499 	3572
f 3565 	3499 	3566
f 3564 	3499 	3565
f 3562 	3510 	3564
f 3561 	3510 	3562
f 3577 	3575 	3499
f 3666 	3659 	2535
f 3909 	426 	3641
f 578 	3659 	3666
f 3671 	580 	3666
f 3675 	584 	3671
f 531 	3675 	3682
f 539 	3692 	3699
f 539 	3699 	3702
f 541 	3702 	3707
f 3541 	239 	3707
f 3671 	3666 	2535
f 3712 	2535 	3612
f 434 	3714 	482
f 3399 	3396 	3768
f 3725 	485 	3714
f 3768 	3771 	3399
f 3767 	3768 	3396
f 3731 	485 	3725
f 3734 	492 	3731
f 3742 	495 	3734
f 496 	495 	3742
f 3747 	496 	3742
f 3617 	3618 	3413
f 3420 	3417 	3619
f 3611 	3629 	3712
f 3629 	3446 	3712
f 3612 	3611 	3712
f 3446 	3420 	3712
f 3783 	3897 	3781
f 3897 	3783 	3784
f 3718 	3721 	2441
f 3787 	2533 	3712
f 3788 	2662 	3787
f 3792 	2658 	3790
f 3794 	2655 	3792
f 3799 	2654 	3795
f 3795 	2654 	3794
f 3807 	3901 	3806
f 3806 	3901 	3805
f 500 	496 	3877
f 3877 	506 	500
f 3845 	3901 	3809
f 3807 	3809 	3901
f 3840 	3901 	3839
f 3838 	3839 	2654
f 3843 	3901 	3840
f 3901 	2654 	3839
f 3844 	3901 	3843
f 3801 	3901 	3844
f 3877 	496 	3747
f 3883 	506 	3877
f 3888 	3897 	3887
f 3891 	3897 	3890
f 3893 	3897 	3892
f 3893 	3894 	3897
f 3897 	3894 	3778
f 3781 	3897 	3780
f 3778 	3780 	3897
f 3789 	2661 	3788
f 3790 	2658 	3789
f 3659 	3612 	2535
f 3901 	3801 	3803
f 3901 	3803 	3805
f 3845 	3887 	3901
f 3890 	3897 	3888
f 3892 	3897 	3891
f 3901 	3887 	3897
f 3417 	3413 	3618
f 3619 	3621 	3420
f 3621 	3712 	3420
f 3774 	3617 	3413
f 3618 	3619 	3417
f 3771 	3772 	3405
f 3396 	2428 	3766
f 3883 	665 	506
f 3391 	665 	3883
f 3838 	2654 	3799
f 2535 	3712 	2533
f 591 	3641 	426
f 249 	426 	3909
f 1 	3368 	3365
f 3365 	3362 	1
f 3376 	3374 	3897
f 3905 	1 	3374
f 3368 	1 	3905
f 784 	786 	3065
f 1 	3350 	3013
f 786 	787 	2990
f 3130 	768 	3065
f 3113 	762 	3125
f 3105 	758 	3113
f 3358 	3350 	1
f 3358 	1 	3362
f 3897 	3374 	1
f 3376 	3897 	3379
f 3897 	3384 	3379
f 3387 	3384 	3897
f 3387 	3897 	2452
f 3391 	3883 	3952
f 3952 	3953 	3391
f 3958 	3952 	3883
f 3717 	3718 	2452
f 2428 	2441 	3724
f 3715 	3717 	2452
f 2441 	2452 	3718
f 3721 	3724 	2441
f 3724 	3766 	2428
f 4002 	3428 	4001
f 3954 	4001 	3426
f 3424 	3428 	4003
f 4004 	3424 	4003
f 3954 	3391 	3953
f 3954 	3426 	3391
f 3426 	4001 	3428
f 4002 	4003 	3428
f 3424 	4004 	3433
f 3766 	3767 	3396
f 3405 	3399 	3771
f 4022 	3639 	4021
f 4020 	4021 	3433
f 4023 	3641 	4022
f 4004 	4020 	3433
f 3433 	4021 	3639
f 4024 	3641 	4023
f 3639 	4022 	3641
f 3409 	3405 	3772
f 3772 	3774 	3409
f 3413 	3409 	3774
f 4080 	3338 	4079
f 3280 	3338 	4080
f 3909 	4079 	3338
f 4025 	4079 	3909
f 3641 	4024 	3909
f 3671 	2539 	3675
f 3541 	2496 	3553
f 3675 	2540 	3682
f 3682 	2542 	3692
f 3692 	2496 	3699
f 3702 	3699 	2496
f 3560 	3553 	2496
f 3702 	2496 	3707
f 3541 	3707 	2496
f 4157 	4158 	3714
f 4159 	3725 	4158
f 4162 	4163 	3734
f 4154 	3734 	4163
f 4161 	4162 	3731
f 4173 	3734 	4170
f 3714 	4158 	3725
f 4154 	4170 	3734
f 4180 	3742 	4182
f 4159 	4161 	3725
f 3731 	4162 	3734
f 3731 	3725 	4161
f 4172 	4182 	3742
f 4173 	4172 	3742
f 4190 	4191 	3747
f 3734 	4173 	3742
f 3962 	3747 	4191
f 4190 	3747 	4180
f 3742 	4180 	3747
f 3958 	3877 	3956
f 3747 	3962 	3877
f 3962 	3956 	3877
f 3958 	3883 	3877
f 3560 	2496 	3563
f 3563 	2496 	2548
f 2570 	2563 	2230
f 2548 	2496 	2563
f 2570 	2230 	2581
f 2485 	2581 	2230
f 3583 	3584 	2590
f 3584 	4428 	2590
f 4431 	2669 	4430
f 4429 	2593 	2590
f 4429 	2590 	4428
f 4429 	4430 	2593
f 4432 	2669 	4431
f 2669 	2593 	4430
f 4432 	4433 	2671
f 2669 	4432 	2671
f 2671 	4961 	4969
f 3784 	3715 	2452
f 3897 	3784 	2452
f 4639 	4640 	2471
f 4642 	2538 	4641
f 3714 	2471 	4157
f 4156 	4157 	2471
f 4640 	4156 	2471
f 4644 	4645 	2571
f 2588 	2571 	4645
f 4645 	4639 	2588
f 2471 	2588 	4639
f 4634 	2538 	4636
f 4636 	2538 	4651
f 2483 	2475 	4650
f 4650 	4651 	2483
f 4649 	4650 	2475
f 4641 	2538 	4634
f 2483 	4651 	2538
f 2551 	2538 	4642
f 4642 	4643 	2551
f 2571 	2551 	4643
f 4643 	4644 	2571
f 2822 	3033 	3034
f 3034 	3035 	2822
f 3046 	2822 	3035
f 4649 	2475 	3046
f 2822 	3046 	2475
f 2990 	3065 	786
f 2990 	1 	2995
f 2995 	1 	3013
f 4943 	2485 	976
f 2230 	976 	2485
f 4951 	4943 	976
f 4951 	981 	4953
f 4433 	4961 	2671
f 4962 	4969 	4961
f 4964 	4975 	4963
f 4965 	4975 	4964
f 4967 	4979 	4965
f 4962 	4963 	4969
f 4968 	4979 	4967
f 4969 	4963 	4975
f 4975 	4965 	4979
f 4968 	5064 	4979
f 5064 	5148 	4995
f 3050 	387 	3037
f 4953 	985 	5042
f 2822 	439 	387
f 5048 	956 	5049
f 5046 	1000 	5047
f 5042 	994 	5046
f 2990 	431 	3065
f 375 	3065 	380
f 5047 	946 	5048
f 3073 	3090 	360
f 360 	3090 	363
f 3105 	363 	3090
f 3113 	363 	3105
f 363 	3113 	365
f 365 	3113 	369
f 3125 	369 	3113
f 369 	3125 	375
f 3130 	375 	3125
f 3065 	375 	3130
f 306 	3235 	338
f 3142 	340 	3157
f 3160 	343 	3142
f 3170 	343 	3160
f 3037 	346 	3170
f 384 	346 	3037
f 3225 	3243 	5149
f 3243 	4995 	5149
f 5148 	5149 	4995
f 4995 	4979 	5064
f 331 	11 	3208
f 5049 	962 	5150
f 334 	3208 	3216
f 1005 	1008 	5158
f 5150 	1004 	5153
f 1008 	1009 	5158
f 1004 	1005 	5153
f 5158 	5153 	1005
f 5162 	5161 	836
f 306 	302 	3231
f 3235 	306 	3231
f 5162 	836 	3263
f 3157 	338 	3235
f 3243 	296 	4995
f 3231 	296 	3243
f 3897 	5169 	3901
f 5169 	3897 	5168
f 584 	531 	5198
f 531 	532 	5196
f 5196 	5198 	531
f 580 	584 	5182
f 825 	3263 	286
f 3265 	286 	3263
f 578 	580 	5183
f 5261 	5246 	645
f 476 	5168 	475
f 3265 	287 	286
f 287 	3265 	289
f 3268 	289 	3265
f 2364 	2363 	5179
f 5184 	5186 	2278
f 289 	3268 	291
f 3269 	291 	3268
f 713 	291 	3269
f 2249 	2279 	5186
f 2279 	2278 	5186
f 5187 	2249 	5186
f 5188 	2249 	5187
f 5189 	2249 	5188
f 5193 	2249 	5189
f 3304 	254 	3285
f 5195 	2249 	5193
f 5202 	5206 	554
f 5175 	554 	5207
f 5207 	5208 	5175
f 254 	3304 	257
f 5211 	5212 	5172
f 5208 	5211 	5172
f 5213 	5250 	5212
f 5218 	5470 	5217
f 5221 	5470 	5218
f 5225 	5470 	5222
f 249 	3909 	3338
f 3338 	3285 	249
f 5230 	5470 	5229
f 5232 	5233 	2361
f 2363 	2362 	5177
f 5177 	5178 	2363
f 5241 	5280 	5240
f 5243 	5470 	5242
f 5244 	5470 	5243
f 5217 	5470 	5244
f 5249 	5215 	5248
f 5250 	5215 	5249
f 5255 	5256 	612
f 611 	612 	5259
f 5259 	5260 	611
f 647 	611 	5260
f 644 	645 	5247
f 642 	644 	5282
f 5270 	5280 	5269
f 5271 	5280 	5270
f 5272 	5280 	5271
f 5273 	5280 	5272
f 5268 	5269 	5280
f 5275 	5280 	5273
f 5276 	5216 	5275
f 5277 	5216 	5276
f 5278 	5216 	5277
f 5279 	5216 	5278
f 5279 	5248 	5216
f 5292 	5168 	5290
f 5293 	5318 	5292
f 5286 	5287 	5168
f 5168 	5287 	5289
f 5307 	5169 	5306
f 5314 	5292 	5318
f 5312 	5292 	5314
f 5323 	5321 	5168
f 5324 	5323 	5168
f 5328 	5324 	5168
f 5330 	5328 	5168
f 5334 	5168 	5336
f 5337 	5292 	5313
f 5336 	5168 	5337
f 5321 	5343 	5168
f 5343 	5342 	5168
f 5341 	5168 	5342
f 5318 	5293 	5319
f 5345 	5319 	5294
f 5353 	5351 	5296
f 5354 	5353 	5299
f 5296 	5299 	5353
f 5364 	5363 	5169
f 5362 	5169 	5363
f 5365 	5364 	5169
f 5355 	5354 	5300
f 5300 	5301 	5355
f 5369 	5368 	5169
f 5372 	5369 	5169
f 5374 	5372 	5169
f 5378 	5169 	5381
f 5382 	5169 	5383
f 5384 	5169 	5385
f 5168 	5341 	5340
f 5339 	5388 	5168
f 5386 	5169 	5388
f 5169 	5168 	5388
f 5385 	5169 	5386
f 5340 	5339 	5168
f 5295 	5296 	5351
f 5351 	5346 	5295
f 5346 	5345 	5295
f 5294 	5295 	5345
f 5299 	5300 	5354
f 5357 	5355 	5301
f 5358 	5357 	5301
f 5367 	5358 	5301
f 5368 	5367 	5301
f 5169 	5368 	5301
f 5384 	5383 	5169
f 5382 	5381 	5169
f 5365 	5169 	5378
f 5306 	5169 	5305
f 5305 	5169 	5302
f 5302 	5169 	5301
f 5169 	5362 	5360
f 5361 	5374 	5169
f 5360 	5361 	5169
f 5308 	5169 	5307
f 5310 	5169 	5308
f 5312 	5313 	5292
f 5292 	5337 	5168
f 5334 	5333 	5168
f 5168 	5333 	5332
f 5168 	5332 	5331
f 5331 	5330 	5168
f 5216 	5248 	5215
f 5251 	5212 	5250
f 5252 	5172 	5251
f 5246 	5247 	645
f 5280 	5275 	5216
f 5280 	5216 	5234
f 5280 	5234 	5235
f 5280 	5235 	5236
f 5280 	5236 	5237
f 5280 	5237 	5239
f 5239 	5240 	5280
f 5242 	5280 	5241
f 4025 	3909 	4024
f 3553 	241 	3541
f 3560 	241 	3553
f 3560 	243 	241
f 243 	3560 	3563
f 2548 	244 	3563
f 3593 	223 	3590
f 3593 	3595 	223
f 3595 	2590 	225
f 181 	225 	2590
f 5169 	5310 	5263
f 5169 	5263 	5266
f 5169 	5266 	5267
f 5268 	5280 	5267
f 5169 	5267 	5280
f 5280 	5242 	5470
f 5221 	5222 	5470
f 5226 	5470 	5225
f 5228 	5470 	5226
f 5229 	5470 	5228
f 5178 	5179 	2363
f 5169 	5280 	5470
f 5183 	5202 	578
f 5182 	5183 	580
f 5181 	5182 	584
f 5198 	5181 	584
f 554 	578 	5202
f 5206 	5207 	554
f 5172 	5175 	5208
f 5252 	5253 	5172
f 5253 	5255 	5172
f 612 	5172 	5255
f 5256 	5259 	612
f 5212 	5251 	5172
f 5215 	5250 	5213
f 5247 	5282 	644
f 5282 	5284 	642
f 640 	642 	5284
f 5168 	640 	5284
f 5286 	5168 	5285
f 5284 	5285 	5168
f 5289 	5290 	5168
f 5294 	5319 	5293
f 5180 	5184 	2275
f 2278 	2275 	5184
f 5179 	5180 	2274
f 2275 	2274 	5180
f 5169 	5470 	3901
f 3629 	3611 	612
f 5172 	612 	3611
f 5175 	3612 	554
f 5172 	3611 	3612
f 5172 	3612 	5175
f 5176 	5644 	5546
f 5176 	5546 	5547
f 5176 	5547 	5177
f 5177 	5547 	5548
f 5177 	5548 	5178
f 5549 	5179 	5178
f 5549 	5178 	5548
f 5550 	5180 	5179
f 5550 	5179 	5549
f 5554 	5180 	5550
f 5551 	5182 	5181
f 5551 	5181 	5552
f 5553 	5183 	5182
f 5553 	5182 	5551
f 5553 	5202 	5183
f 5180 	5554 	5184
f 5555 	5186 	5554
f 5184 	5554 	5186
f 5186 	5555 	5556
f 5186 	5556 	5187
f 5187 	5556 	5557
f 5187 	5557 	5188
f 5558 	5189 	5188
f 5558 	5188 	5557
f 5559 	5193 	5189
f 5559 	5189 	5558
f 5560 	5195 	5193
f 5560 	5193 	5559
f 5561 	5196 	5195
f 5561 	5195 	5560
f 5562 	5198 	5196
f 5562 	5196 	5561
f 5198 	5562 	5552
f 5198 	5552 	5181
f 5563 	5202 	5553
f 5565 	5206 	5202
f 5565 	5202 	5563
f 5566 	5207 	5206
f 5566 	5206 	5565
f 5567 	5208 	5207
f 5567 	5207 	5566
f 5568 	5211 	5208
f 5568 	5208 	5567
f 5569 	5212 	5211
f 5569 	5211 	5568
f 5570 	5213 	5212
f 5570 	5212 	5569
f 5616 	5215 	5213
f 5616 	5213 	5570
f 5617 	5216 	5215
f 5617 	5215 	5616
f 5217 	5654 	5618
f 5217 	5618 	5619
f 5217 	5619 	5218
f 5218 	5619 	5623
f 5218 	5623 	5221
f 5624 	5222 	5221
f 5624 	5221 	5623
f 5628 	5225 	5222
f 5628 	5222 	5624
f 5630 	5226 	5225
f 5630 	5225 	5628
f 5634 	5228 	5226
f 5634 	5226 	5630
f 5635 	5229 	5228
f 5635 	5228 	5634
f 5636 	5230 	5229
f 5636 	5229 	5635
f 5638 	5231 	5230
f 5638 	5230 	5636
f 5639 	5232 	5231
f 5639 	5231 	5638
f 5644 	5233 	5232
f 5644 	5232 	5639
f 5644 	5176 	5233
f 5216 	5617 	5234
f 5645 	5234 	5617
f 5646 	5235 	5234
f 5646 	5234 	5645
f 5647 	5236 	5235
f 5647 	5235 	5646
f 5648 	5237 	5236
f 5648 	5236 	5647
f 5237 	5648 	5239
f 5649 	5239 	5648
f 5650 	5240 	5239
f 5650 	5239 	5649
f 5651 	5241 	5240
f 5651 	5240 	5650
f 5652 	5242 	5241
f 5652 	5241 	5651
f 5653 	5243 	5242
f 5653 	5242 	5652
f 5654 	5244 	5243
f 5654 	5243 	5653
f 5654 	5217 	5244
f 5655 	5247 	5246
f 5655 	5246 	5656
f 5248 	5657 	5660
f 5248 	5660 	5249
f 5249 	5660 	5665
f 5249 	5665 	5250
f 5671 	5251 	5665
f 5250 	5665 	5251
f 5251 	5671 	5672
f 5251 	5672 	5252
f 5252 	5672 	5673
f 5252 	5673 	5253
f 5674 	5255 	5253
f 5674 	5253 	5673
f 5683 	5256 	5255
f 5683 	5255 	5674
f 5684 	5259 	5256
f 5684 	5256 	5683
f 5685 	5260 	5259
f 5685 	5259 	5684
f 5686 	5261 	5260
f 5686 	5260 	5685
f 5261 	5686 	5656
f 5261 	5656 	5246
f 5263 	5687 	5691
f 5263 	5691 	5266
f 5692 	5267 	5266
f 5692 	5266 	5691
f 5693 	5268 	5267
f 5693 	5267 	5692
f 5694 	5269 	5268
f 5694 	5268 	5693
f 5695 	5270 	5269
f 5695 	5269 	5694
f 5696 	5271 	5270
f 5696 	5270 	5695
f 5697 	5272 	5271
f 5697 	5271 	5696
f 5698 	5273 	5272
f 5698 	5272 	5697
f 5699 	5275 	5273
f 5699 	5273 	5698
f 5700 	5276 	5275
f 5700 	5275 	5699
f 5702 	5277 	5276
f 5702 	5276 	5700
f 5703 	5278 	5277
f 5703 	5277 	5702
f 5278 	5703 	5704
f 5278 	5704 	5279
f 5657 	5248 	5279
f 5657 	5279 	5704
f 5247 	5655 	5282
f 5705 	5282 	5655
f 5706 	5284 	5282
f 5706 	5282 	5705
f 5707 	5285 	5284
f 5707 	5284 	5706
f 5709 	5286 	5285
f 5709 	5285 	5707
f 5714 	5287 	5286
f 5714 	5286 	5709
f 5715 	5289 	5287
f 5715 	5287 	5714
f 5716 	5290 	5289
f 5716 	5289 	5715
f 5717 	5292 	5290
f 5716 	5717 	5290
f 5718 	5293 	5292
f 5718 	5292 	5717
f 5719 	5294 	5293
f 5719 	5293 	5718
f 5294 	5719 	5295
f 5721 	5295 	5719
f 5722 	5296 	5295
f 5722 	5295 	5721
f 5723 	5299 	5296
f 5723 	5296 	5722
f 5724 	5300 	5299
f 5724 	5299 	5723
f 5300 	5725 	5301
f 5724 	5725 	5300
f 5726 	5302 	5301
f 5726 	5301 	5725
f 5727 	5305 	5302
f 5727 	5302 	5726
f 5728 	5306 	5305
f 5728 	5305 	5727
f 5729 	5307 	5306
f 5729 	5306 	5728
f 5730 	5308 	5307
f 5730 	5307 	5729
f 5731 	5310 	5308
f 5731 	5308 	5730
f 5687 	5263 	5310
f 5687 	5310 	5731
f 5314 	3619 	5312
f 3619 	5314 	5318
f 5332 	3767 	5331
f 3767 	5332 	5333
f 5339 	5340 	3780
f 3780 	5340 	5341
f 3783 	5341 	5342
f 3783 	5342 	5343
f 3789 	5346 	5351
f 5353 	3790 	5351
f 5374 	3844 	5372
f 3844 	5374 	5361
f 3888 	3887 	5382
f 3888 	5382 	5383
f 5388 	3894 	5386
f 5546 	5617 	5547
f 5547 	5617 	5548
f 5548 	5617 	5549
f 5554 	5550 	5617
f 5617 	5616 	5554
f 5570 	5554 	5616
f 5569 	5554 	5570
f 5617 	5546 	5644
f 5550 	5549 	5617
f 5648 	5647 	5644
f 5617 	5644 	5645
f 5646 	5644 	5647
f 5645 	5644 	5646
f 5657 	5714 	5660
f 5657 	5704 	5703
f 5657 	5703 	5702
f 5657 	5702 	5700
f 5657 	5700 	5699
f 5717 	5716 	5657
f 5721 	5719 	5657
f 5719 	5718 	5657
f 5717 	5657 	5718
f 5697 	5696 	5657
f 5725 	5724 	5657
f 5724 	5723 	5657
f 5722 	5657 	5723
f 5721 	5657 	5722
f 5644 	5639 	5654
f 5618 	5654 	5639
f 5619 	5618 	5639
f 5636 	5624 	5638
f 5623 	5619 	5638
f 5639 	5638 	5619
f 5635 	5628 	5636
f 5634 	5628 	5635
f 5630 	5628 	5634
f 5624 	5636 	5628
f 5623 	5638 	5624
f 5654 	5653 	5644
f 5653 	5652 	5644
f 5652 	5651 	5644
f 5651 	5650 	5644
f 5650 	5649 	5644
f 5648 	5644 	5649
f 5699 	5698 	5657
f 5697 	5657 	5698
f 5694 	5657 	5695
f 5693 	5657 	5694
f 5692 	5657 	5693
f 5696 	5695 	5657
f 5691 	5657 	5692
f 5687 	5657 	5691
f 5731 	5657 	5687
f 5731 	5730 	5657
f 5730 	5729 	5657
f 5729 	5728 	5657
f 5728 	5727 	5657
f 5727 	5726 	5657
f 5725 	5657 	5726
f 5561 	5560 	5562
f 5552 	5562 	5560
f 5560 	5559 	5552
f 5551 	5552 	5559
f 5551 	5559 	5558
f 5557 	5556 	5551
f 5555 	5551 	5556
f 5554 	5563 	5555
f 5558 	5557 	5551
f 5551 	5555 	5553
f 5565 	5554 	5566
f 5563 	5554 	5565
f 5553 	5555 	5563
f 5567 	5566 	5554
f 5569 	5568 	5554
f 5567 	5554 	5568
f 5685 	5684 	5686
f 5656 	5686 	5684
f 5684 	5683 	5656
f 5683 	5674 	5656
f 5674 	5673 	5656
f 5673 	5672 	5656
f 5655 	5656 	5672
f 5665 	5655 	5671
f 5672 	5671 	5655
f 5655 	5665 	5705
f 5706 	5705 	5665
f 5716 	5715 	5657
f 5715 	5714 	5657
f 5665 	5660 	5714
f 5714 	5709 	5665
f 5707 	5665 	5709
f 5706 	5665 	5707
f 3778 	5388 	5339
f 3778 	5339 	3780
f 5341 	3781 	3780
f 3781 	5341 	3783
f 3892 	5385 	3893
f 5386 	3894 	3893
f 3894 	5388 	3778
f 5313 	5312 	3617
f 3618 	3617 	5312
f 5312 	3619 	3618
f 5318 	3621 	3619
f 5318 	5319 	3621
f 3712 	3621 	5319
f 5345 	3787 	5319
f 5343 	5321 	3784
f 5323 	3717 	5321
f 3715 	5321 	3717
f 3718 	3717 	5324
f 5323 	5324 	3717
f 5328 	3721 	5324
f 3718 	5324 	3721
f 3724 	3721 	5330
f 5328 	5330 	3721
f 5331 	3766 	5330
f 3724 	5330 	3766
f 3767 	3766 	5331
f 5333 	3768 	3767
f 5334 	3771 	3768
f 5334 	3768 	5333
f 3771 	5334 	3772
f 5336 	3772 	5334
f 5337 	3774 	3772
f 5337 	3772 	5336
f 3774 	5337 	3617
f 5313 	3617 	5337
f 4943 	82 	2485
f 4951 	82 	4943
f 4951 	89 	82
f 5343 	3784 	3783
f 4953 	92 	89
f 4953 	89 	4951
f 5321 	3715 	3784
f 4953 	5042 	92
f 3712 	5319 	3787
f 852 	92 	5042
f 5345 	5346 	3787
f 3788 	3787 	5346
f 3788 	5346 	3789
f 2581 	2242 	216
f 3789 	5351 	3790
f 5354 	3792 	3790
f 5354 	3790 	5353
f 38 	190 	4969
f 5354 	5355 	3792
f 3794 	3792 	5355
f 4969 	39 	38
f 3794 	5355 	3795
f 5357 	3795 	5355
f 5357 	5358 	3795
f 3799 	3795 	5358
f 4975 	39 	4969
f 3801 	5361 	3803
f 5360 	3803 	5361
f 3803 	5360 	3805
f 5362 	3805 	5360
f 5363 	3806 	3805
f 5363 	3805 	5362
f 44 	39 	4975
f 4979 	44 	4975
f 5363 	5364 	3806
f 3807 	3806 	5364
f 5364 	5365 	3807
f 3809 	3807 	5365
f 3845 	3809 	5378
f 5378 	3809 	5365
f 5367 	3838 	3799
f 5367 	3799 	5358
f 3838 	5367 	3839
f 5368 	3839 	5367
f 5369 	3840 	3839
f 5369 	3839 	5368
f 3840 	5369 	3843
f 5372 	3843 	5369
f 3844 	3843 	5372
f 5361 	3801 	3844
f 5381 	3887 	5378
f 3845 	5378 	3887
f 5381 	5382 	3887
f 5383 	3890 	3888
f 3890 	5383 	3891
f 5384 	3891 	5383
f 5384 	5385 	3891
f 3892 	3891 	5385
f 5386 	3893 	5385
f 3897 	1 	6009
f 5168 	3897 	6009
f 2 	6009 	1
f 679 	6021 	678
f 686 	6068 	684
f 6026 	6027 	6010
f 6019 	679 	6018
f 6018 	682 	6017
f 6025 	678 	6024
f 2 	700 	6028
f 6031 	2 	6028
f 47 	44 	4979
f 6046 	2 	6045
f 6049 	2 	6046
f 6045 	2 	6044
f 6053 	6009 	6050
f 6049 	6050 	2
f 6037 	6009 	6054
f 6054 	6009 	6053
f 4995 	47 	4979
f 6057 	5168 	6055
f 6058 	6059 	5168
f 6061 	6062 	5168
f 6060 	6061 	5168
f 475 	5168 	6062
f 6066 	686 	6064
f 6068 	686 	6067
f 6080 	6009 	6079
f 6084 	6009 	6083
f 6085 	5168 	6084
f 6055 	5168 	6089
f 6009 	6037 	6038
f 6009 	6038 	6079
f 6081 	6009 	6080
f 6083 	6009 	6081
f 6086 	5168 	6085
f 6089 	5168 	6086
f 6057 	6058 	5168
f 6059 	6060 	5168
f 6063 	475 	6062
f 6063 	6064 	475
f 6067 	686 	6066
f 6070 	684 	6068
f 6009 	6084 	5168
f 6014 	684 	6070
f 6017 	684 	6016
f 6016 	684 	6014
f 6020 	679 	6019
f 6021 	679 	6020
f 6022 	678 	6021
f 6024 	678 	6022
f 6026 	6010 	6025
f 475 	6064 	686
f 699 	700 	2
f 678 	6025 	6010
f 682 	6018 	679
f 684 	6017 	682
f 703 	6010 	6028
f 700 	703 	6028
f 2 	6031 	6032
f 2 	6032 	6034
f 2 	6034 	6041
f 6043 	2 	6041
f 6044 	2 	6043
f 2 	6050 	6009
f 678 	6010 	3374
f 6010 	3905 	3374
f 703 	3905 	6010
f 6014 	6161 	6093
f 6014 	6093 	6094
f 6014 	6094 	6016
f 6016 	6094 	6095
f 6016 	6095 	6017
f 6017 	6095 	6096
f 6017 	6096 	6018
f 6018 	6096 	6097
f 6018 	6097 	6019
f 6019 	6097 	6100
f 6019 	6100 	6020
f 6020 	6100 	6101
f 6020 	6101 	6021
f 6021 	6101 	6103
f 6021 	6103 	6022
f 6104 	6024 	6022
f 6104 	6022 	6103
f 6105 	6025 	6024
f 6105 	6024 	6104
f 6106 	6026 	6025
f 6106 	6025 	6105
f 6110 	6027 	6026
f 6110 	6026 	6106
f 6111 	6028 	6027
f 6111 	6027 	6110
f 6028 	6111 	6112
f 6028 	6112 	6031
f 6113 	6032 	6031
f 6113 	6031 	6112
f 6114 	6034 	6032
f 6114 	6032 	6113
f 6115 	6038 	6037
f 6115 	6037 	6116
f 6172 	6038 	6115
f 6034 	6114 	6041
f 6117 	6041 	6114
f 6121 	6043 	6041
f 6121 	6041 	6117
f 6123 	6044 	6043
f 6123 	6043 	6121
f 6124 	6045 	6044
f 6124 	6044 	6123
f 6125 	6046 	6045
f 6125 	6045 	6124
f 6126 	6049 	6046
f 6126 	6046 	6125
f 6128 	6050 	6049
f 6128 	6049 	6126
f 6129 	6053 	6050
f 6129 	6050 	6128
f 6132 	6054 	6053
f 6132 	6053 	6129
f 6116 	6037 	6054
f 6116 	6054 	6132
f 6055 	6135 	6136
f 6055 	6136 	6057
f 6057 	6136 	6137
f 6057 	6137 	6058
f 6138 	6059 	6058
f 6138 	6058 	6137
f 6141 	6060 	6059
f 6141 	6059 	6138
f 6143 	6061 	6060
f 6143 	6060 	6141
f 6144 	6062 	6061
f 6144 	6061 	6143
f 6146 	6063 	6062
f 6146 	6062 	6144
f 6149 	6064 	6063
f 6149 	6063 	6146
f 6150 	6066 	6064
f 6150 	6064 	6149
f 6151 	6067 	6066
f 6151 	6066 	6150
f 6157 	6068 	6067
f 6157 	6067 	6151
f 6161 	6070 	6068
f 6161 	6068 	6157
f 6161 	6014 	6070
f 6172 	6079 	6038
f 6173 	6080 	6079
f 6173 	6079 	6172
f 6174 	6081 	6080
f 6174 	6080 	6173
f 6176 	6083 	6081
f 6176 	6081 	6174
f 6177 	6084 	6083
f 6177 	6083 	6176
f 6178 	6085 	6084
f 6178 	6084 	6177
f 6179 	6086 	6085
f 6179 	6085 	6178
f 6180 	6089 	6086
f 6180 	6086 	6179
f 6135 	6055 	6089
f 6135 	6089 	6180
f 6161 	6106 	6093
f 6105 	6104 	6093
f 6094 	6093 	6104
f 6094 	6104 	6103
f 6094 	6103 	6101
f 6094 	6101 	6100
f 6097 	6096 	6100
f 6095 	6100 	6096
f 6094 	6100 	6095
f 6106 	6161 	6110
f 6111 	6110 	6161
f 6112 	6111 	6161
f 6114 	6113 	6161
f 6112 	6161 	6113
f 6117 	6161 	6121
f 6114 	6161 	6117
f 6123 	6121 	6161
f 6172 	6115 	6161
f 6115 	6116 	6161
f 6116 	6132 	6161
f 6132 	6129 	6161
f 6129 	6128 	6161
f 6128 	6126 	6161
f 6126 	6125 	6161
f 6125 	6124 	6161
f 6123 	6161 	6124
f 6157 	6151 	6161
f 6161 	6151 	6150
f 6161 	6150 	6149
f 6161 	6149 	6146
f 6161 	6146 	6144
f 6161 	6144 	6143
f 6161 	6143 	6141
f 6161 	6141 	6138
f 6137 	6161 	6138
f 6136 	6161 	6137
f 6135 	6161 	6136
f 6105 	6093 	6106
f 6161 	6135 	6180
f 6161 	6180 	6179
f 6161 	6179 	6178
f 6161 	6178 	6177
f 6161 	6177 	6176
f 6161 	6176 	6174
f 6161 	6174 	6173
f 6161 	6173 	6172
f 706 	9 	704
f 704 	9 	34
f 818 	9 	706
f 822 	138 	818
f 118 	123 	825
f 287 	188 	286
f 286 	116 	825
f 835 	47 	831
f 841 	47 	835
f 54 	44 	841
f 47 	296 	831
f 325 	831 	296
f 854 	9 	852
f 858 	9 	854
f 862 	9 	858
f 34 	9 	862
f 5046 	854 	5042
f 852 	5042 	854
f 5047 	858 	5046
f 858 	854 	5046
f 5047 	862 	858
f 862 	5047 	5048
f 5049 	34 	5048
f 862 	5048 	34
f 5150 	704 	5049
f 34 	5049 	704
f 704 	5150 	706
f 5153 	706 	5150
f 5158 	818 	706
f 5158 	706 	5153
f 822 	818 	5158
f 5161 	822 	5158
f 5162 	825 	5161
f 822 	5161 	825
f 3263 	825 	5162
# 2884 faces

g group_0_16448250

usemtl color_16448250
s 0

f 19 	20 	17
f 22 	112 	766
f 23 	112 	22
f 5063 	5065 	80
f 5062 	5063 	80
f 59 	60 	58
f 60 	5736 	58
f 96 	90 	3068
f 76 	77 	75
f 73 	75 	77
f 72 	94 	5061
f 5061 	5062 	72
f 65 	69 	5062
f 69 	72 	5062
f 77 	85 	86
f 100 	107 	5058
f 93 	94 	72
f 90 	4047 	3068
f 29 	769 	27
f 27 	769 	102
f 100 	102 	769
f 100 	106 	107
f 5060 	5061 	94
f 109 	5060 	94
f 77 	76 	5059
f 76 	91 	5059
f 91 	100 	5059
f 5058 	5059 	100
f 17 	3322 	5058
f 19 	17 	5058
f 113 	112 	23
f 17 	20 	112
f 77 	134 	73
f 129 	73 	134
f 139 	134 	86
f 77 	86 	134
f 134 	139 	141
f 93 	72 	147
f 72 	149 	147
f 141 	139 	149
f 139 	147 	149
f 149 	72 	152
f 166 	3055 	150
f 150 	3055 	145
f 168 	146 	167
f 144 	167 	146
f 170 	3055 	166
f 178 	3055 	170
f 5812 	174 	151
f 156 	151 	174
f 156 	174 	159
f 177 	159 	174
f 183 	5740 	42
f 217 	3055 	204
f 204 	3055 	201
f 201 	3055 	178
f 59 	58 	191
f 59 	191 	192
f 230 	3055 	218
f 252 	253 	197
f 208 	186 	207
f 218 	3055 	217
f 195 	186 	213
f 213 	186 	208
f 259 	3055 	231
f 231 	3055 	230
f 220 	5740 	183
f 256 	3055 	259
f 250 	265 	197
f 265 	252 	197
f 253 	186 	197
f 196 	197 	186
f 187 	5627 	186
f 195 	196 	186
f 270 	252 	265
f 562 	573 	292
f 5662 	5663 	5479
f 5479 	5480 	5662
f 5069 	5477 	5658
f 317 	5627 	316
f 318 	5627 	317
f 320 	5627 	318
f 308 	5612 	320
f 299 	5585 	298
f 309 	5612 	308
f 326 	5612 	309
f 327 	5612 	326
f 328 	5612 	327
f 298 	5606 	328
f 345 	341 	413
f 350 	345 	414
f 413 	414 	345
f 374 	379 	373
f 371 	373 	379
f 370 	371 	379
f 1367 	1365 	397
f 388 	389 	177
f 159 	177 	389
f 159 	389 	162
f 415 	417 	378
f 366 	415 	378
f 162 	389 	144
f 167 	144 	389
f 377 	417 	390
f 395 	186 	394
f 207 	186 	395
f 353 	350 	414
f 414 	415 	353
f 377 	378 	417
f 366 	353 	415
f 418 	392 	417
f 421 	407 	418
f 390 	417 	392
f 392 	418 	404
f 437 	433 	421
f 407 	421 	433
f 404 	418 	407
f 394 	186 	393
f 443 	5799 	461
f 443 	461 	462
f 443 	462 	463
f 461 	5799 	459
f 421 	533 	437
f 490 	483 	533
f 504 	505 	502
f 501 	502 	505
f 493 	490 	533
f 483 	437 	533
f 507 	497 	504
f 505 	504 	497
f 499 	493 	534
f 533 	534 	493
f 513 	1054 	1145
f 516 	1125 	514
f 497 	520 	522
f 528 	905 	520
f 520 	497 	528
f 507 	528 	497
f 487 	628 	498
f 503 	499 	534
f 537 	503 	534
f 530 	515 	537
f 503 	537 	515
f 542 	535 	544
f 546 	544 	659
f 515 	530 	550
f 551 	552 	553
f 550 	530 	555
f 530 	661 	555
f 559 	536 	398
f 559 	398 	399
f 562 	4032 	561
f 561 	567 	463
f 563 	705 	565
f 3068 	292 	573
f 565 	656 	574
f 443 	463 	567
f 543 	688 	563
f 593 	595 	582
f 594 	555 	661
f 601 	594 	661
f 556 	593 	582
f 574 	521 	622
f 610 	601 	661
f 616 	662 	619
f 662 	663 	619
f 521 	498 	622
f 638 	588 	614
f 588 	589 	614
f 662 	610 	661
f 629 	619 	663
f 629 	663 	634
f 616 	610 	662
f 657 	574 	656
f 521 	574 	657
f 664 	634 	663
f 694 	695 	545
f 646 	634 	664
f 698 	694 	545
f 545 	688 	543
f 646 	664 	652
f 664 	3333 	652
f 705 	563 	688
f 688 	545 	695
f 692 	707 	691
f 656 	565 	705
f 659 	544 	535
f 546 	659 	708
f 552 	709 	553
f 716 	691 	707
f 735 	732 	806
f 767 	761 	837
f 717 	773 	723
f 723 	779 	728
f 739 	691 	726
f 726 	691 	716
f 728 	814 	732
f 735 	799 	487
f 752 	691 	746
f 749 	744 	2713
f 3602 	2711 	2505
f 759 	691 	752
f 2505 	2711 	744
f 749 	826 	753
f 753 	827 	756
f 20 	766 	112
f 761 	756 	832
f 832 	837 	761
f 29 	766 	769
f 106 	100 	769
f 779 	723 	773
f 746 	691 	739
f 814 	728 	779
f 628 	622 	498
f 628 	487 	789
f 799 	735 	806
f 798 	939 	797
f 789 	487 	799
f 802 	803 	801
f 803 	804 	801
f 804 	614 	801
f 804 	810 	811
f 804 	811 	614
f 817 	1294 	816
f 806 	732 	814
f 809 	691 	785
f 853 	691 	828
f 614 	811 	638
f 828 	691 	809
f 785 	691 	759
f 832 	756 	827
f 842 	691 	853
f 837 	843 	767
f 843 	848 	767
f 847 	849 	846
f 869 	846 	849
f 850 	851 	614
f 801 	614 	851
f 877 	869 	856
f 877 	856 	857
f 717 	767 	848
f 773 	717 	848
f 827 	753 	826
f 886 	691 	842
f 891 	893 	890
f 889 	890 	893
f 891 	890 	895
f 984 	689 	951
f 1001 	689 	984
f 951 	691 	886
f 529 	520 	966
f 905 	966 	520
f 911 	912 	909
f 908 	909 	912
f 1080 	1082 	913
f 908 	912 	906
f 908 	906 	919
f 916 	920 	915
f 917 	920 	916
f 910 	915 	920
f 929 	932 	1965
f 932 	1498 	1964
f 1963 	1964 	1498
f 1498 	1499 	1963
f 1964 	1965 	932
f 1499 	71 	1963
f 1500 	1501 	1963
f 71 	1500 	1963
f 1962 	1963 	1501
f 1988 	1962 	1501
f 1501 	1502 	1988
f 933 	934 	930
f 928 	930 	934
f 798 	937 	939
f 940 	797 	939
f 941 	797 	940
f 559 	1027 	536
f 942 	943 	937
f 939 	937 	943
f 957 	958 	1084
f 1081 	1083 	958
f 959 	961 	1081
f 958 	959 	1081
f 947 	1975 	945
f 1975 	1081 	961
f 945 	1975 	961
f 906 	529 	966
f 1085 	1086 	964
f 952 	1292 	965
f 953 	1292 	952
f 909 	970 	911
f 966 	919 	906
f 978 	979 	980
f 978 	980 	982
f 991 	993 	979
f 980 	979 	993
f 1463 	987 	990
f 1463 	990 	992
f 967 	964 	1459
f 1458 	1459 	964
f 1086 	1458 	964
f 997 	1085 	964
f 948 	1084 	999
f 950 	1084 	948
f 999 	1085 	997
f 941 	965 	1292
f 954 	1084 	950
f 816 	1294 	974
f 535 	536 	1020
f 658 	659 	535
f 1020 	658 	535
f 709 	1025 	553
f 1020 	536 	1027
f 1025 	1027 	559
f 1025 	559 	553
f 1038 	1032 	1088
f 1088 	1089 	1040
f 1042 	1040 	1089
f 1040 	1038 	1088
f 1047 	928 	934
f 1054 	1055 	1056
f 1044 	1042 	1089
f 1056 	1145 	1054
f 514 	1125 	1056
f 1043 	1044 	1090
f 1049 	1090 	1052
f 1063 	614 	1062
f 1051 	1091 	1061
f 1061 	1091 	1066
f 1089 	1090 	1044
f 1069 	920 	917
f 589 	1068 	614
f 1068 	1062 	614
f 1052 	1091 	1051
f 1065 	1066 	1803
f 910 	913 	1082
f 954 	955 	1084
f 955 	957 	1084
f 1085 	999 	1084
f 1459 	1460 	967
f 996 	967 	1460
f 910 	1082 	915
f 1049 	1043 	1090
f 1052 	1090 	1091
f 1803 	1066 	1091
f 1075 	1065 	1803
f 1803 	1804 	1077
f 1075 	1803 	1077
f 1107 	1108 	1101
f 1106 	1098 	1139
f 1098 	1130 	1139
f 1168 	1169 	1139
f 1169 	1170 	1139
f 1170 	1171 	1139
f 1111 	1113 	1114
f 1115 	1102 	1114
f 1101 	1102 	1115
f 1111 	1114 	1102
f 511 	513 	1145
f 1123 	1125 	1121
f 516 	1121 	1125
f 1125 	1145 	1056
f 1124 	1114 	1113
f 1124 	1113 	1127
f 1101 	1115 	1107
f 1168 	1139 	1130
f 1105 	1106 	1139
f 1104 	1105 	1139
f 1140 	1104 	1139
f 1143 	1144 	1145
f 1116 	511 	1145
f 1144 	1116 	1145
f 1155 	1152 	1153
f 1157 	1152 	1150
f 1160 	1161 	1159
f 1161 	1149 	1159
f 1150 	1159 	1149
f 1155 	1163 	1152
f 1152 	1163 	1150
f 1159 	1150 	1163
f 1175 	1177 	1179
f 1171 	1172 	1139
f 1172 	1173 	1139
f 1173 	1174 	1139
f 1174 	1176 	1139
f 1176 	1178 	1139
f 1178 	1180 	1139
f 1180 	1181 	1139
f 1181 	1183 	1139
f 1183 	1312 	1139
f 1138 	1139 	1312
f 1137 	1138 	1312
f 2034 	1137 	1312
f 1187 	1188 	1186
f 1366 	1379 	1405
f 1405 	1400 	1366
f 1361 	1366 	1400
f 1194 	1195 	1196
f 1198 	1200 	1196
f 1194 	1196 	1200
f 1201 	1194 	1200
f 1201 	1200 	1202
f 1208 	1211 	1212
f 1214 	1216 	1212
f 1215 	1216 	1214
f 1216 	1510 	1212
f 1206 	1207 	1080
f 1206 	1080 	913
f 1221 	1223 	1220
f 1218 	1220 	1223
f 934 	1093 	1047
f 1225 	1047 	1224
f 1224 	1047 	1093
f 1218 	1223 	1228
f 1218 	1228 	1229
f 1230 	1212 	1211
f 1233 	1234 	1235
f 1233 	1235 	1236
f 1248 	1249 	1240
f 1235 	1234 	1244
f 1234 	1245 	1244
f 1243 	1244 	1245
f 1250 	1238 	1249
f 1238 	1239 	1249
f 1239 	1240 	1249
f 1253 	2034 	1252
f 1256 	2034 	1255
f 1257 	2034 	1256
f 1258 	2034 	1257
f 1298 	2034 	1258
f 1260 	2034 	1259
f 1262 	2034 	1260
f 1263 	2034 	1262
f 1264 	2034 	1263
f 1265 	2034 	1264
f 301 	1278 	1268
f 301 	1268 	303
f 1266 	1267 	1270
f 1271 	1273 	1274
f 1280 	1281 	299
f 1278 	301 	300
f 1279 	1268 	1278
f 1266 	1277 	1267
f 1277 	1271 	1267
f 1271 	1274 	1267
f 1179 	1267 	1274
f 1179 	1274 	1175
f 300 	299 	1281
f 1284 	1285 	1287
f 797 	941 	1290
f 941 	1292 	1290
f 1287 	1290 	1292
f 1292 	953 	1294
f 1259 	2034 	1298
f 1281 	1278 	300
f 953 	974 	1294
f 1316 	2034 	1314
f 1313 	1314 	2034
f 1318 	2034 	1316
f 1319 	2034 	1318
f 6134 	1797 	1802
f 1362 	1364 	317
f 1362 	317 	316
f 1371 	689 	1134
f 1134 	689 	1001
f 1369 	1185 	1188
f 1185 	1186 	1188
f 1188 	1405 	1369
f 1389 	309 	308
f 320 	1377 	308
f 1389 	308 	1377
f 1369 	1405 	1379
f 1386 	1772 	1388
f 1336 	2034 	1319
f 1337 	2034 	1336
f 1338 	2034 	1337
f 1340 	2034 	1338
f 1342 	2034 	1340
f 1343 	2034 	1342
f 1346 	2034 	1343
f 1348 	2034 	1346
f 1349 	2034 	1348
f 1350 	2034 	1349
f 1351 	2034 	1350
f 1353 	2034 	1351
f 1354 	2034 	1353
f 1312 	1313 	2034
f 1395 	1390 	1400
f 1392 	1400 	1390
f 1360 	1361 	1392
f 1290 	1287 	1389
f 1396 	1398 	1481
f 1248 	1481 	1398
f 1481 	1478 	1396
f 1395 	1396 	1478
f 1376 	689 	1371
f 1401 	689 	1394
f 1394 	689 	1376
f 1418 	689 	1401
f 1400 	1392 	1361
f 1418 	1429 	689
f 691 	951 	689
f 1285 	1426 	1287
f 326 	309 	1426
f 1287 	1426 	309
f 1252 	2034 	1428
f 1354 	1432 	2034
f 309 	1389 	1287
f 1428 	2034 	1432
f 1429 	1438 	689
f 1438 	1440 	689
f 849 	1445 	1446
f 849 	1446 	869
f 869 	1446 	856
f 1448 	1449 	1450
f 1452 	2656 	1451
f 1453 	1454 	1455
f 1453 	1455 	1448
f 1453 	1448 	1450
f 1460 	1461 	995
f 1462 	992 	1461
f 992 	995 	1461
f 995 	996 	1460
f 1463 	992 	1462
f 1465 	1466 	1467
f 1475 	1465 	1474
f 1467 	1474 	1465
f 371 	1476 	1477
f 371 	1477 	373
f 1468 	1478 	1474
f 1468 	1474 	1467
f 1479 	1476 	371
f 1479 	371 	370
f 373 	1477 	1480
f 1482 	1483 	1480
f 373 	1480 	1483
f 373 	1483 	1484
f 373 	1484 	374
f 1240 	1481 	1248
f 1478 	1468 	1395
f 1390 	1395 	1468
f 1497 	151 	2165
f 151 	156 	2165
f 2166 	1959 	1502
f 1959 	1961 	1502
f 1502 	115 	2166
f 115 	121 	2166
f 121 	1503 	2166
f 1503 	1504 	2165
f 2165 	2166 	1503
f 1504 	1505 	2165
f 1506 	1496 	2165
f 1505 	1506 	2165
f 1496 	1497 	2165
f 1961 	1988 	1502
f 1524 	2165 	1539
f 1208 	1212 	1510
f 1511 	1122 	1447
f 1447 	689 	1440
f 1512 	1484 	1483
f 1512 	1483 	1513
f 1512 	1513 	1514
f 1512 	1514 	1515
f 1512 	1515 	1516
f 1530 	1122 	1520
f 1520 	1122 	1511
f 1519 	1521 	1522
f 1526 	1561 	2165
f 1530 	1532 	1122
f 1521 	1529 	1528
f 1527 	1528 	1529
f 1535 	1536 	1534
f 1533 	1534 	1536
f 159 	162 	2165
f 159 	2165 	156
f 162 	144 	2165
f 144 	146 	2165
f 146 	1537 	2165
f 1539 	2165 	1537
f 1386 	1122 	1532
f 1551 	1552 	1550
f 1556 	1522 	1555
f 1521 	1555 	1522
f 1388 	1600 	1122
f 1528 	1555 	1521
f 1557 	1558 	1559
f 1560 	1564 	1559
f 1386 	1388 	1122
f 1557 	1559 	1566
f 1566 	1559 	1564
f 1565 	1567 	2165
f 1563 	1565 	2165
f 1562 	1563 	2165
f 1568 	1569 	1570
f 1568 	1576 	1569
f 1573 	1568 	1572
f 1571 	1572 	1568
f 1571 	1568 	1570
f 1575 	1513 	1574
f 1483 	1574 	1513
f 1573 	1578 	1568
f 1577 	1578 	1573
f 1576 	1568 	1578
f 18 	2050 	2046
f 1576 	1564 	1569
f 1560 	1569 	1564
f 927 	929 	1965
f 228 	192 	1509
f 1582 	228 	1509
f 1585 	2165 	1583
f 1525 	1526 	2165
f 1597 	2165 	1596
f 1597 	1599 	2165
f 1063 	2165 	614
f 1514 	1513 	1598
f 1575 	1598 	1513
f 850 	2165 	1599
f 614 	2165 	850
f 1600 	1604 	1122
f 1602 	1578 	1577
f 1561 	1562 	2165
f 1583 	2165 	1603
f 1603 	2165 	1063
f 1567 	1596 	2165
f 1605 	1512 	1516
f 1605 	1516 	1606
f 1613 	1610 	2165
f 1611 	1360 	2165
f 689 	1447 	1122
f 1621 	1628 	1122
f 1558 	1612 	1559
f 1610 	1611 	2165
f 1615 	1616 	1617
f 1614 	1621 	1122
f 1614 	1122 	1604
f 1622 	1623 	1619
f 1390 	2165 	1392
f 1609 	1613 	2165
f 1641 	2165 	1639
f 1643 	2165 	1642
f 1619 	1625 	1626
f 1619 	1626 	1620
f 1623 	1627 	1625
f 1623 	1625 	1619
f 1360 	1392 	2165
f 1620 	1626 	1630
f 1629 	1630 	1626
f 1620 	1630 	1631
f 1515 	1606 	1516
f 1468 	2165 	1390
f 1633 	1120 	1632
f 1467 	2165 	1468
f 1466 	2165 	1467
f 1639 	2165 	1466
f 1640 	1120 	1633
f 1642 	2165 	1641
f 1482 	1574 	1483
f 1644 	1120 	1640
f 1647 	2165 	1643
f 1624 	1632 	1122
f 1631 	1645 	1620
f 1645 	1646 	1620
f 1649 	1120 	1644
f 1650 	1120 	1649
f 1648 	2165 	1647
f 1662 	2165 	1660
f 1672 	2165 	1662
f 1620 	1646 	1666
f 1666 	1743 	1620
f 1582 	1509 	1667
f 1665 	1666 	1668
f 1658 	2165 	1670
f 1668 	1666 	1646
f 1669 	1665 	1668
f 1655 	1656 	1373
f 1374 	1373 	1656
f 1303 	1374 	1656
f 1657 	1304 	1656
f 1659 	1315 	1657
f 1661 	1323 	1659
f 1373 	1437 	1655
f 1663 	1327 	1661
f 1303 	1656 	1304
f 1436 	1434 	1654
f 1651 	1652 	1425
f 1660 	2165 	1658
f 1554 	1738 	1579
f 1579 	1701 	1580
f 1580 	1701 	1584
f 1676 	1677 	1678
f 1670 	2165 	1648
f 1585 	1609 	2165
f 1703 	1587 	1702
f 1586 	1702 	1587
f 1588 	1703 	1589
f 1681 	1682 	1683
f 1586 	1584 	1702
f 1689 	1682 	1691
f 1689 	1691 	1692
f 1685 	1714 	2165
f 1687 	2165 	1686
f 1687 	1713 	2165
f 1690 	2165 	1688
f 1719 	2165 	1690
f 1673 	1700 	2165
f 1672 	1673 	2165
f 1593 	1592 	1704
f 1588 	1587 	1703
f 1675 	1720 	1693
f 1590 	1589 	1704
f 1703 	1704 	1589
f 1695 	1698 	1694
f 1593 	1705 	1594
f 1592 	1590 	1704
f 1697 	1698 	1695
f 1696 	1694 	1698
f 1698 	1720 	1696
f 1696 	1720 	1699
f 1685 	2165 	1684
f 1684 	2165 	1700
f 1707 	1402 	1705
f 1706 	1708 	1550
f 1706 	1550 	1552
f 1705 	1593 	1704
f 1688 	2165 	1713
f 1709 	1406 	1707
f 1408 	1406 	1709
f 1594 	1705 	1595
f 1403 	1402 	1707
f 1686 	2165 	1714
f 1682 	1681 	1718
f 1717 	1718 	1681
f 1622 	2165 	1719
f 1682 	1718 	1691
f 1693 	1720 	1721
f 1716 	1722 	1723
f 1716 	1723 	1724
f 1725 	2863 	1724
f 1671 	2859 	1725
f 1726 	1120 	1650
f 1620 	1741 	2165
f 1716 	1724 	2863
f 1619 	2165 	1622
f 1620 	2165 	1619
f 1523 	1739 	1540
f 1675 	1674 	1720
f 1617 	1720 	1674
f 1617 	1674 	1615
f 1720 	1617 	1618
f 1720 	1618 	1733
f 1540 	1739 	1541
f 1628 	1624 	1122
f 1541 	1736 	1547
f 1733 	1699 	1720
f 1736 	1737 	1548
f 1735 	1120 	1734
f 1734 	1120 	1726
f 1701 	1579 	1738
f 1702 	1584 	1701
f 1554 	1553 	1738
f 1738 	1553 	1737
f 1549 	1548 	1737
f 1548 	1547 	1736
f 1745 	1120 	1742
f 1740 	2165 	1741
f 1742 	1120 	1735
f 1549 	1737 	1553
f 1744 	1740 	1743
f 1741 	1743 	1740
f 1741 	1620 	1743
f 1756 	1120 	1746
f 1750 	1751 	1740
f 1744 	1750 	1740
f 1789 	1799 	1600
f 1388 	1789 	1600
f 1490 	1488 	1808
f 1488 	1487 	1808
f 1845 	1614 	1799
f 1758 	1759 	1760
f 1808 	1774 	1490
f 1604 	1600 	1799
f 1769 	1118 	1757
f 1761 	1762 	1760
f 1758 	1760 	1762
f 1757 	1118 	1756
f 1774 	1492 	1491
f 1491 	1490 	1774
f 1765 	1813 	1764
f 1492 	1776 	1493
f 1523 	1518 	1779
f 1767 	1768 	1766
f 1763 	1766 	1768
f 1746 	1120 	1745
f 1494 	1778 	1495
f 1493 	1776 	1494
f 1495 	1778 	1517
f 1678 	1679 	1771
f 1678 	1771 	1676
f 1781 	1118 	1769
f 1785 	1118 	1781
f 1773 	1775 	1777
f 1773 	1777 	1780
f 1739 	1523 	1779
f 1778 	1494 	1776
f 1736 	1541 	1739
f 1774 	1776 	1492
f 1679 	1782 	1770
f 1770 	1771 	1679
f 1789 	1388 	1784
f 1784 	1388 	1772
f 1773 	1786 	1775
f 1786 	1787 	1775
f 1680 	1775 	1787
f 1680 	1787 	1782
f 1680 	1782 	1679
f 1518 	1517 	1779
f 1778 	1779 	1517
f 1078 	1077 	1804
f 1801 	1786 	1773
f 1890 	1802 	1794
f 1472 	1471 	1807
f 1808 	1473 	1807
f 1470 	1469 	1806
f 1470 	1806 	1471
f 1804 	1806 	1469
f 1469 	1078 	1804
f 1487 	1473 	1808
f 1472 	1807 	1473
f 1806 	1807 	1471
f 1794 	1802 	1797
f 1890 	1794 	2057
f 1812 	1813 	1765
f 1763 	1764 	1813
f 1763 	1813 	1815
f 1766 	1763 	1815
f 1604 	1799 	1614
f 1816 	1118 	1814
f 1814 	1118 	1810
f 1819 	1118 	1816
f 1818 	1912 	1817
f 1621 	1851 	1628
f 1845 	1856 	1614
f 1621 	1614 	1856
f 294 	1791 	2168
f 1791 	2171 	2168
f 1822 	1811 	1821
f 1825 	1871 	1824
f 1827 	1871 	1825
f 1872 	1873 	1624
f 1832 	1840 	2165
f 1751 	1829 	2165
f 1829 	1839 	2165
f 1624 	1628 	1872
f 1851 	1872 	1628
f 1740 	1751 	2165
f 1811 	1828 	1821
f 1839 	1836 	2165
f 1834 	2163 	1833
f 1902 	2163 	1835
f 1835 	2163 	1834
f 1836 	1830 	2165
f 1837 	1838 	1831
f 1828 	1831 	1838
f 1821 	1828 	1838
f 1830 	1832 	2165
f 1671 	1837 	1831
f 2859 	1671 	1831
f 1833 	2165 	1840
f 1841 	1842 	1843
f 1843 	1850 	1841
f 1826 	1118 	1819
f 1877 	1847 	1848
f 1877 	1841 	1850
f 1877 	1850 	1847
f 1621 	1856 	1851
f 1822 	1823 	1811
f 1864 	1865 	1862
f 1861 	1862 	1865
f 1861 	1865 	1867
f 1861 	1867 	1868
f 1632 	1624 	1873
f 1632 	1873 	1878
f 1827 	2594 	1871
f 1811 	1824 	1871
f 1875 	1841 	1877
f 2068 	1118 	2066
f 1905 	1633 	1878
f 1633 	1632 	1878
f 1644 	1917 	1649
f 2057 	2056 	1890
f 1885 	2406 	1887
f 1640 	1905 	1644
f 2065 	2057 	1794
f 1866 	2406 	1885
f 1649 	1935 	1650
f 1886 	2406 	1889
f 1901 	1903 	1900
f 1898 	1900 	1903
f 1904 	2163 	1902
f 1726 	1946 	1734
f 1899 	2406 	1898
f 1726 	1650 	1935
f 1887 	2406 	1886
f 1761 	1909 	1762
f 1640 	1633 	1905
f 1900 	1898 	2406
f 1889 	2406 	1899
f 1908 	1900 	2406
f 1907 	1908 	2406
f 1925 	1118 	1916
f 1916 	1118 	1897
f 1897 	1118 	1826
f 1818 	1911 	1912
f 1909 	1761 	1913
f 1912 	1913 	1761
f 1817 	1912 	1761
f 1906 	1907 	2406
f 1917 	1644 	1905
f 1918 	2162 	1904
f 1934 	2161 	1918
f 1919 	2160 	1934
f 1922 	2158 	1921
f 1923 	2157 	1922
f 1921 	2158 	1920
f 1927 	1118 	1925
f 1911 	1926 	1912
f 1858 	1118 	1927
f 1649 	1928 	1935
f 1791 	294 	1890
f 1917 	1928 	1649
f 1874 	1118 	1858
f 1931 	1932 	1930
f 1929 	1930 	1932
f 1931 	1930 	1936
f 1931 	1936 	1937
f 1937 	1936 	1945
f 1946 	1726 	1935
f 1950 	1118 	1949
f 1122 	1632 	1120
f 1949 	1118 	1943
f 1943 	1118 	1785
f 1945 	1948 	1937
f 1976 	1118 	1956
f 1920 	2158 	1919
f 1956 	1118 	1950
f 1993 	2002 	1734
f 1953 	1989 	1952
f 1951 	1952 	1954
f 1946 	1993 	1734
f 925 	926 	1969
f 1965 	1967 	927
f 1969 	1970 	925
f 923 	925 	1972
f 922 	923 	1972
f 1972 	1973 	922
f 921 	922 	1973
f 897 	921 	1973
f 1973 	1974 	897
f 901 	897 	1974
f 899 	901 	1974
f 947 	899 	1974
f 947 	1974 	1975
f 1083 	1084 	958
f 2013 	2015 	2406
f 1960 	2013 	2406
f 1958 	1960 	2406
f 1968 	1971 	2406
f 1971 	1978 	2406
f 1978 	1981 	2406
f 1957 	1958 	2406
f 1955 	1957 	2406
f 1810 	1118 	1976
f 1981 	1984 	2406
f 1984 	1914 	2406
f 1914 	1915 	2406
f 1915 	1906 	2406
f 1970 	1972 	925
f 1990 	2070 	1989
f 1954 	1952 	1989
f 1735 	1734 	2002
f 1994 	1995 	1996
f 1997 	1999 	2000
f 1997 	2000 	1995
f 1997 	1995 	1994
f 1120 	1756 	1118
f 1882 	1884 	1118
f 1874 	1880 	1118
f 1880 	1882 	1118
f 2066 	1118 	2063
f 1888 	1987 	1118
f 1118 	1987 	2063
f 2004 	1742 	2002
f 1735 	2002 	1742
f 2005 	2006 	2007
f 2005 	2007 	2008
f 2006 	2005 	2010
f 1745 	1742 	2011
f 2004 	2011 	1742
f 2025 	2026 	2406
f 2008 	2007 	2014
f 2008 	2014 	2016
f 2008 	2016 	2018
f 2008 	2018 	1999
f 2008 	1999 	1997
f 1028 	2020 	1029
f 1745 	2011 	1746
f 1030 	1029 	2020
f 1031 	1030 	2021
f 1034 	2022 	1036
f 1757 	1756 	2089
f 2020 	2021 	1030
f 1033 	1031 	2021
f 2021 	2022 	1033
f 1034 	1033 	2022
f 2023 	1036 	2022
f 1088 	1032 	2023
f 1746 	2086 	1756
f 2028 	2029 	2406
f 2029 	2030 	2406
f 2030 	2024 	2406
f 2024 	2035 	2406
f 1037 	2023 	1032
f 1036 	2023 	1037
f 2027 	2028 	2406
f 2026 	2027 	2406
f 2059 	1769 	2060
f 1995 	2032 	2033
f 1995 	2033 	1996
f 1757 	2089 	2060
f 1995 	2000 	2032
f 2035 	1966 	2406
f 2017 	2025 	2406
f 1966 	1968 	2406
f 2015 	2017 	2406
f 2709 	2712 	2053
f 2001 	1996 	2033
f 2001 	2033 	2037
f 2001 	2037 	2038
f 2001 	2038 	2039
f 2001 	2039 	2041
f 1781 	1769 	2059
f 2464 	1785 	2071
f 2587 	2610 	2054
f 2610 	2613 	2054
f 2613 	2619 	2054
f 2071 	1785 	1781
f 2047 	2041 	2039
f 2047 	2039 	2049
f 2041 	2047 	2051
f 294 	2168 	2050
f 2042 	2036 	2053
f 2036 	2709 	2053
f 2699 	2042 	2053
f 2515 	2524 	2054
f 2335 	2360 	2055
f 1118 	2299 	2055
f 1791 	1890 	2056
f 1757 	2060 	1769
f 2061 	1794 	1797
f 2061 	1797 	2062
f 2067 	1781 	2059
f 1884 	1888 	1118
f 2069 	1954 	2070
f 2068 	2074 	1118
f 2071 	1781 	2067
f 1991 	1954 	2069
f 1991 	2069 	2072
f 1991 	2072 	2073
f 1991 	2073 	2075
f 1991 	2075 	2076
f 2074 	2079 	1118
f 1955 	2406 	2082
f 2084 	2141 	2076
f 1991 	2076 	2141
f 1991 	2141 	2085
f 2085 	2141 	2087
f 2086 	1746 	2011
f 2089 	1756 	2086
f 2098 	2092 	2097
f 2081 	2092 	2098
f 2080 	2081 	2098
f 2101 	2097 	2092
f 2079 	2100 	1118
f 2100 	2105 	1118
f 1118 	2105 	2109
f 1810 	2115 	2120
f 1976 	2487 	1810
f 1810 	2120 	1814
f 1524 	1525 	2165
f 2165 	1833 	2163
f 2370 	2206 	2344
f 2120 	1816 	1814
f 2134 	1819 	2126
f 1816 	2126 	1819
f 2113 	2116 	2385
f 1819 	2140 	1826
f 2134 	2140 	1819
f 2112 	2113 	2385
f 1954 	1989 	2070
f 2136 	1118 	2132
f 2092 	2081 	2118
f 2121 	2117 	2081
f 2118 	2081 	2117
f 2128 	2385 	2127
f 2123 	2124 	2385
f 2124 	2125 	2385
f 2148 	2385 	2128
f 2129 	2385 	2148
f 2111 	2112 	2385
f 2205 	2385 	2130
f 2127 	2385 	2125
f 2116 	2123 	2385
f 2120 	2126 	1816
f 2142 	2149 	1118
f 2141 	2143 	2087
f 2091 	2087 	2143
f 2091 	2143 	2145
f 2091 	2145 	2146
f 2091 	2146 	2147
f 2091 	2147 	2138
f 2130 	2385 	2129
f 1858 	2150 	2172
f 2173 	2081 	2159
f 2158 	1922 	2157
f 2157 	1923 	2155
f 2160 	1919 	2158
f 2161 	1934 	2160
f 2162 	1918 	2161
f 2163 	1904 	2162
f 2155 	2300 	2154
f 1967 	1969 	927
f 926 	927 	1969
f 2169 	2164 	2081
f 2062 	1797 	2031
f 2156 	2159 	2081
f 2164 	2153 	2081
f 2153 	2156 	2081
f 2172 	2184 	1874
f 2176 	2005 	2175
f 2005 	2137 	2175
f 2174 	2175 	2137
f 2171 	1791 	2056
f 1858 	2172 	1874
f 2137 	2177 	2174
f 1794 	2061 	2065
f 2138 	2180 	2177
f 2138 	2177 	2137
f 2138 	2147 	2180
f 1880 	1874 	2184
f 2187 	2091 	2186
f 2188 	2087 	2187
f 2191 	1991 	2190
f 2193 	2305 	2191
f 2152 	2302 	2193
f 2154 	2301 	2152
f 2190 	2085 	2188
f 1882 	2197 	2200
f 2197 	1882 	2184
f 1880 	2184 	1882
f 2109 	2132 	1118
f 2136 	2142 	1118
f 2198 	1118 	2149
f 2198 	2201 	1118
f 2121 	2081 	2173
f 2218 	2219 	2081
f 2311 	2373 	2081
f 1884 	1882 	2200
f 2206 	2385 	2205
f 2207 	2137 	2206
f 2186 	2138 	2207
f 2218 	2081 	2217
f 2176 	2010 	2005
f 2209 	1118 	2201
f 1888 	2200 	2211
f 1884 	2200 	1888
f 2212 	2215 	1118
f 2209 	2212 	1118
f 2215 	2220 	1118
f 2216 	2047 	2049
f 2213 	2081 	2219
f 2213 	2170 	2081
f 2169 	2081 	2170
f 2051 	2047 	2216
f 2051 	2216 	2221
f 2051 	2221 	2222
f 2211 	2505 	1888
f 1888 	2505 	1987
f 2224 	1118 	2220
f 2226 	530 	537
f 2226 	537 	2227
f 2239 	2240 	2238
f 2240 	2245 	2244
f 2243 	2244 	2245
f 2243 	2245 	2246
f 2246 	2247 	2243
f 2284 	2081 	2282
f 2210 	2081 	2254
f 2217 	2081 	2208
f 2208 	2081 	2210
f 2240 	2256 	2238
f 2257 	2238 	2256
f 2244 	2256 	2240
f 2224 	2225 	1118
f 2283 	2299 	1118
f 2222 	2272 	2273
f 2266 	2051 	2273
f 2222 	2273 	2051
f 2284 	2290 	2081
f 2266 	2287 	2289
f 2266 	2289 	2268
f 2290 	2254 	2081
f 2303 	2055 	2299
f 2241 	2265 	1118
f 2265 	2283 	1118
f 2225 	2241 	1118
f 2302 	2152 	2301
f 2301 	2154 	2300
f 2300 	2155 	1923
f 1951 	1954 	2304
f 2305 	2193 	2302
f 2309 	2281 	2081
f 2307 	2309 	2081
f 2306 	2081 	2373
f 1954 	1991 	2304
f 2001 	2206 	1996
f 1994 	2206 	1997
f 1826 	2140 	2315
f 1826 	2315 	1897
f 2051 	2206 	2041
f 2081 	2082 	2317
f 2317 	2321 	2081
f 2323 	2081 	2321
f 2281 	2282 	2081
f 2306 	2307 	2081
f 2085 	2190 	1991
f 1991 	2191 	2305
f 2091 	2187 	2087
f 2137 	2207 	2138
f 2138 	2186 	2091
f 1997 	2206 	2008
f 2322 	2055 	2320
f 2324 	2055 	2322
f 2320 	2055 	2319
f 2319 	2055 	2303
f 2008 	2206 	2005
f 2310 	2081 	2323
f 2305 	2304 	1991
f 2005 	2206 	2137
f 2087 	2188 	2085
f 2311 	2081 	2310
f 2041 	2206 	2001
f 1996 	2206 	1994
f 2360 	2394 	2055
f 2268 	2206 	2266
f 2266 	2206 	2051
f 2336 	2206 	2328
f 2328 	2206 	2268
f 2347 	2206 	2339
f 2339 	2206 	2338
f 2338 	2206 	2336
f 2343 	2345 	2289
f 2268 	2289 	2345
f 2268 	2345 	2328
f 2273 	2287 	2266
f 2344 	2206 	2349
f 2349 	2206 	2347
f 2375 	2206 	2366
f 2401 	2410 	2055
f 2338 	2365 	2339
f 487 	2391 	2372
f 2336 	2367 	2368
f 2336 	2368 	2369
f 2336 	2369 	2338
f 2345 	2367 	2336
f 2345 	2336 	2328
f 2366 	2206 	2370
f 2335 	2055 	2330
f 521 	2503 	498
f 2031 	5945 	2034
f 498 	2391 	487
f 1897 	2315 	2389
f 1916 	2389 	1925
f 1897 	2389 	1916
f 2054 	2055 	2410
f 2404 	2420 	1925
f 1925 	2389 	2404
f 2426 	2110 	2416
f 2412 	2416 	2110
f 1927 	2420 	2150
f 1927 	1925 	2420
f 2432 	2431 	1709
f 2110 	2111 	2385
f 2385 	2206 	2376
f 2385 	2412 	2110
f 1927 	2150 	1858
f 2446 	2431 	2447
f 2432 	2447 	2431
f 2459 	2460 	2110
f 2456 	2457 	1651
f 2451 	2459 	2110
f 2456 	2446 	2457
f 2447 	2457 	2446
f 1785 	2464 	1943
f 2466 	2110 	2470
f 2469 	2470 	2110
f 2469 	2110 	2462
f 2473 	2110 	2467
f 2474 	1949 	2464
f 1943 	2464 	1949
f 2478 	2110 	2477
f 2479 	1950 	2474
f 1949 	2474 	1950
f 2316 	2317 	2082
f 2484 	1956 	2479
f 1950 	2479 	1956
f 2461 	2110 	2460
f 2462 	2110 	2461
f 2467 	2110 	2466
f 2450 	2451 	2110
f 2450 	2110 	2426
f 2376 	2206 	2375
f 2115 	1810 	2487
f 2473 	2477 	2110
f 2487 	1976 	2484
f 1956 	2484 	1976
f 1866 	1871 	2406
f 2406 	1871 	2594
f 2591 	2759 	2594
f 521 	2755 	2503
f 2488 	2491 	2492
f 2488 	2492 	2493
f 2488 	2493 	2494
f 2488 	2494 	2495
f 2421 	2316 	2082
f 2406 	2421 	2082
f 2675 	2603 	543
f 2498 	2110 	2497
f 2406 	2594 	2759
f 2794 	698 	545
f 2499 	2500 	2110
f 2365 	2506 	2508
f 2365 	2508 	2509
f 2543 	2347 	2509
f 2365 	2509 	2347
f 2365 	2347 	2339
f 2330 	2055 	2324
f 2394 	2401 	2055
f 2423 	2054 	2410
f 2515 	2054 	2423
f 2512 	2110 	2511
f 2513 	2110 	2512
f 2347 	2543 	2349
f 2516 	2110 	2513
f 2338 	2518 	2506
f 2338 	2506 	2365
f 2491 	2110 	2490
f 2369 	2518 	2338
f 1595 	1705 	1402
f 2524 	2529 	2054
f 2478 	2497 	2110
f 2498 	2499 	2110
f 2507 	2511 	2110
f 2516 	2490 	2110
f 2488 	2110 	2491
f 2529 	2545 	2054
f 2507 	2110 	2500
f 2552 	2557 	2530
f 2488 	2530 	2110
f 2532 	2534 	2481
f 2532 	2481 	2480
f 1987 	2505 	3036
f 2344 	2536 	2537
f 2344 	2537 	2370
f 2561 	2587 	2054
f 2349 	2541 	2536
f 2349 	2536 	2344
f 2349 	2543 	2541
f 2546 	2547 	2534
f 2546 	2534 	2532
f 2554 	2555 	2552
f 2589 	2555 	2554
f 2556 	2557 	2555
f 2607 	2606 	2556
f 2558 	2614 	2530
f 2110 	2530 	2614
f 2565 	2566 	2547
f 2565 	2547 	2546
f 2023 	2022 	2567
f 2023 	2567 	2559
f 2022 	2021 	2575
f 2022 	2575 	2567
f 2370 	2580 	2366
f 2582 	2583 	2566
f 2582 	2566 	2565
f 2537 	2584 	2585
f 2537 	2585 	2580
f 2537 	2580 	2370
f 2021 	2020 	2586
f 2021 	2586 	2575
f 1403 	1707 	1406
f 1408 	1709 	1409
f 2020 	4956 	2586
f 1709 	2431 	1409
f 2557 	2552 	2555
f 2591 	2592 	2583
f 2591 	2583 	2582
f 1411 	1409 	2431
f 2391 	498 	2503
f 2594 	2595 	2592
f 2594 	2592 	2591
f 2766 	2596 	2597
f 2375 	2598 	2599
f 2375 	2599 	2600
f 2375 	2600 	2601
f 2375 	2601 	2602
f 2375 	2602 	2376
f 2376 	2602 	2385
f 2596 	2911 	2603
f 2366 	2604 	2598
f 2366 	2598 	2375
f 2580 	2605 	2604
f 2580 	2604 	2366
f 2585 	2605 	2580
f 2558 	2530 	2557
f 2609 	2606 	2607
f 1415 	2446 	1420
f 2606 	2557 	2556
f 2545 	2561 	2054
f 2446 	1414 	2431
f 2446 	2456 	1420
f 2611 	2602 	2601
f 2611 	2601 	2612
f 2385 	2602 	2611
f 1422 	2456 	1423
f 2614 	2625 	2110
f 2619 	2630 	2054
f 2053 	2054 	2699
f 2599 	2616 	2600
f 2630 	2699 	2054
f 1411 	2431 	1414
f 1415 	1414 	2446
f 1421 	2456 	1422
f 2621 	2611 	2612
f 2622 	2623 	2620
f 2617 	2620 	2623
f 2617 	2623 	2624
f 2624 	2623 	2628
f 2624 	2628 	2629
f 2385 	2611 	2621
f 2385 	2621 	2631
f 2385 	2631 	2632
f 2385 	2632 	2634
f 2385 	2634 	2635
f 2385 	2635 	2636
f 2385 	2636 	2412
f 2412 	2636 	2750
f 2412 	2750 	2416
f 2651 	2652 	2650
f 1456 	2659 	1452
f 2656 	2650 	1451
f 2656 	1452 	2659
f 565 	2687 	563
f 1427 	1425 	1652
f 1430 	1427 	1652
f 1421 	1420 	2456
f 1424 	1423 	1651
f 2054 	2666 	2667
f 2054 	2667 	2055
f 2054 	2053 	2670
f 2054 	2670 	2666
f 1652 	1653 	1430
f 2053 	2052 	2673
f 2053 	2673 	2670
f 2456 	1651 	1423
f 4985 	2673 	2052
f 2052 	2668 	2674
f 545 	543 	2603
f 2676 	2603 	2675
f 1425 	1424 	1651
f 2697 	2677 	2678
f 2697 	2678 	2615
f 2680 	2052 	2674
f 2667 	1118 	2055
f 2678 	2679 	2617
f 2678 	2617 	2615
f 2679 	2620 	2617
f 2680 	2682 	2052
f 2682 	2684 	2052
f 1431 	1430 	1653
f 2653 	2675 	563
f 543 	563 	2675
f 2684 	2685 	2052
f 1653 	1654 	1433
f 1433 	1431 	1653
f 2042 	2681 	2036
f 2683 	2681 	2042
f 332 	2608 	3054
f 2909 	2052 	2685
f 2653 	563 	2687
f 2677 	2697 	2698
f 2582 	2565 	2759
f 2637 	2701 	2608
f 2480 	2608 	2701
f 2754 	2759 	2565
f 1823 	1824 	1811
f 2629 	4788 	2624
f 2698 	2697 	2704
f 2700 	2704 	2697
f 622 	2719 	574
f 565 	574 	2687
f 2712 	2723 	2053
f 2707 	2687 	574
f 2532 	2480 	2701
f 2706 	5000 	2705
f 3021 	2773 	5000
f 2854 	5000 	2853
f 2608 	332 	2637
f 332 	315 	2637
f 2629 	2715 	2770
f 2719 	2707 	574
f 2721 	5000 	2720
f 2546 	2532 	2701
f 2732 	2734 	2053
f 2723 	2732 	2053
f 2731 	2634 	2730
f 2632 	2730 	2634
f 2058 	826 	2713
f 2719 	622 	628
f 2719 	628 	2733
f 2736 	2737 	2053
f 2701 	2754 	2546
f 2720 	5000 	2739
f 2705 	5000 	2721
f 2710 	2066 	2711
f 2565 	2546 	2754
f 2711 	2066 	2063
f 2769 	4788 	2770
f 628 	3224 	2733
f 2711 	2063 	2713
f 2058 	2713 	2063
f 2636 	2635 	2738
f 2770 	4788 	2629
f 2416 	2750 	2426
f 2066 	2710 	2708
f 2754 	2701 	2700
f 2760 	5000 	2758
f 2753 	2756 	2052
f 2591 	2582 	2759
f 2636 	2738 	2749
f 2747 	5000 	2746
f 2739 	5000 	2747
f 2750 	2636 	2749
f 656 	2755 	657
f 2734 	2736 	2053
f 2737 	2745 	2053
f 2745 	2753 	2053
f 2052 	2053 	2753
f 657 	2755 	521
f 2426 	2750 	2751
f 2426 	2751 	2752
f 2426 	2752 	2450
f 2068 	2066 	2708
f 2756 	2761 	2052
f 2703 	2074 	2708
f 2702 	2079 	2703
f 2068 	2708 	2074
f 2668 	2052 	2761
f 2757 	5000 	2760
f 2746 	5000 	2757
f 2775 	2776 	3021
f 2777 	2079 	2702
f 2768 	5000 	2767
f 2758 	5000 	2768
f 2074 	2703 	2079
f 2767 	5000 	2773
f 1437 	1436 	1655
f 1434 	1433 	1654
f 1654 	1655 	1436
f 2100 	2079 	2777
f 1304 	1657 	1305
f 2100 	2777 	2105
f 1315 	1659 	1317
f 1305 	1657 	1315
f 2783 	3021 	2781
f 1323 	1661 	1324
f 1317 	1659 	1323
f 1324 	1661 	1327
f 2775 	3021 	2783
f 2787 	3021 	2786
f 2781 	3021 	2787
f 1664 	1330 	1663
f 2105 	2777 	2774
f 2793 	3056 	2785
f 2785 	3056 	2784
f 695 	2792 	688
f 2823 	688 	2792
f 1327 	1663 	1328
f 2786 	3021 	2789
f 2766 	2910 	2596
f 2914 	2603 	2911
f 2105 	2774 	2850
f 2796 	3056 	2793
f 2804 	3056 	2796
f 2802 	2801 	3021
f 2836 	545 	2838
f 2789 	3021 	2788
f 2109 	2850 	2132
f 1328 	1663 	1330
f 2827 	2608 	2480
f 2109 	2105 	2850
f 1330 	1664 	1331
f 2810 	3056 	2807
f 2809 	3056 	2810
f 2799 	2700 	2798
f 2701 	2798 	2700
f 2700 	2799 	2800
f 2700 	2800 	2704
f 1331 	1664 	1334
f 2807 	3056 	2804
f 2788 	3021 	2801
f 1334 	2839 	1335
f 1335 	2839 	1344
f 1344 	2842 	1345
f 2823 	2811 	688
f 705 	2811 	2812
f 2812 	2855 	705
f 2839 	1334 	1664
f 2825 	2755 	2855
f 1347 	1345 	2842
f 705 	688 	2811
f 2826 	2755 	2825
f 2842 	2845 	1356
f 2875 	2873 	2142
f 2792 	2829 	2823
f 1357 	1356 	2845
f 2837 	545 	2862
f 2794 	545 	2837
f 2862 	545 	2836
f 2827 	2480 	2481
f 2847 	5000 	2852
f 2842 	1344 	2839
f 2824 	4987 	2840
f 2848 	5000 	2847
f 413 	335 	397
f 1347 	2842 	1356
f 2701 	2851 	2798
f 2849 	2798 	2851
f 705 	2855 	656
f 1365 	1358 	2845
f 2851 	2637 	2844
f 2755 	656 	2855
f 1367 	397 	335
f 341 	335 	413
f 2845 	397 	1365
f 1358 	1357 	2845
f 2853 	5000 	2856
f 2829 	2858 	2823
f 2852 	5000 	2854
f 2879 	5000 	2706
f 2859 	2860 	2861
f 2871 	2863 	2859
f 2868 	2869 	2867
f 2869 	2870 	2867
f 2861 	2867 	2870
f 2861 	2870 	2871
f 2861 	2871 	2859
f 2872 	2863 	2871
f 2863 	1725 	2859
f 2856 	5000 	2866
f 2883 	2972 	3057
f 2876 	2908 	1716
f 2132 	2882 	2878
f 2865 	5000 	2877
f 2866 	5000 	2865
f 2880 	2876 	1716
f 545 	2603 	2914
f 545 	2914 	2888
f 2838 	545 	2888
f 2132 	2850 	2882
f 2901 	4987 	2900
f 2908 	2913 	1716
f 2878 	2136 	2132
f 2911 	2596 	2910
f 2900 	4987 	2912
f 2766 	2907 	2910
f 2136 	2878 	2142
f 2875 	2142 	2878
f 2918 	2921 	2052
f 2909 	2918 	2052
f 2913 	2919 	1716
f 2923 	4987 	2922
f 2149 	2142 	2873
f 2920 	2925 	1716
f 2919 	2920 	1716
f 2912 	4987 	2923
f 2933 	3057 	2929
f 717 	2945 	2930
f 2931 	1722 	2927
f 1716 	2925 	2926
f 2927 	1722 	2926
f 2937 	1722 	2931
f 2198 	2932 	2201
f 2198 	2149 	2932
f 2873 	2932 	2149
f 723 	2945 	717
f 2701 	2637 	2851
f 2201 	2928 	3003
f 2201 	3003 	2209
f 2201 	2932 	2928
f 2881 	3057 	2874
f 2942 	4987 	2949
f 728 	2959 	2945
f 2945 	723 	728
f 728 	732 	2959
f 2754 	2034 	2759
f 2950 	3057 	2933
f 2864 	3057 	2843
f 3099 	3100 	2964
f 2958 	3097 	2964
f 3097 	3099 	2964
f 2965 	2958 	2964
f 3100 	3101 	2964
f 3080 	3081 	2962
f 3002 	2212 	2209
f 2924 	2929 	2052
f 2922 	4987 	2942
f 2212 	3002 	2215
f 2921 	2924 	2052
f 2969 	2959 	732
f 2989 	2991 	3057
f 2759 	5945 	2406
f 2949 	4987 	2973
f 5945 	2759 	2034
f 487 	2372 	735
f 2969 	732 	2985
f 735 	2985 	732
f 3104 	3080 	2962
f 3103 	3104 	2962
f 3092 	3103 	2962
f 2962 	2963 	3092
f 3091 	3092 	2963
f 3089 	3091 	2963
f 2963 	2964 	3089
f 3101 	3102 	2964
f 2973 	4987 	2975
f 2843 	3057 	2950
f 2874 	3057 	2864
f 2972 	2986 	3057
f 2986 	2989 	3057
f 2225 	3182 	2241
f 2987 	2988 	2715
f 2770 	2715 	2988
f 2991 	2784 	3057
f 3004 	4987 	3008
f 2828 	4987 	2824
f 3102 	3089 	2964
f 2985 	735 	2372
f 3056 	3057 	2784
f 2881 	2883 	3057
f 2052 	2929 	3057
f 2209 	3003 	3002
f 986 	3039 	989
f 3008 	4987 	2828
f 2975 	4987 	3004
f 2842 	2996 	2994
f 2842 	2994 	2845
f 2841 	4987 	2848
f 2776 	2773 	3021
f 3151 	3154 	3025
f 3025 	2976 	3151
f 2976 	2977 	3151
f 2977 	2978 	3168
f 3167 	3168 	2978
f 3166 	3167 	2978
f 3164 	3166 	2978
f 2978 	2979 	3164
f 2979 	2980 	3164
f 3181 	3164 	2980
f 3180 	3181 	2980
f 3154 	3155 	3025
f 3255 	3241 	3021
f 960 	898 	3173
f 3002 	3001 	2215
f 963 	3173 	968
f 969 	3040 	971
f 3036 	2505 	744
f 969 	968 	3040
f 972 	971 	3041
f 3042 	975 	3041
f 3039 	977 	3042
f 3048 	2215 	3001
f 2020 	989 	3039
f 3040 	3041 	971
f 2839 	3045 	2996
f 2839 	2996 	2842
f 749 	3049 	744
f 3036 	744 	3049
f 1028 	989 	2020
f 975 	3042 	977
f 972 	3041 	975
f 3045 	2839 	1664
f 749 	753 	3049
f 977 	3039 	983
f 2859 	3051 	3052
f 2859 	3052 	2860
f 983 	3039 	986
f 3035 	3141 	3046
f 3034 	3140 	3035
f 3033 	3140 	3034
f 3032 	3138 	3033
f 3077 	3083 	3056
f 3031 	3138 	3032
f 3030 	3137 	3031
f 3168 	3151 	2977
f 2867 	3063 	3064
f 2867 	3064 	2868
f 3029 	3137 	3030
f 2868 	3064 	3066
f 2868 	3066 	2869
f 3062 	3049 	753
f 3067 	2870 	2869
f 3067 	2869 	3066
f 3135 	3136 	3028
f 3074 	3059 	2872
f 2863 	2872 	3059
f 756 	3076 	753
f 2771 	3056 	2809
f 3060 	3056 	2771
f 3060 	3077 	3056
f 3056 	3109 	3055
f 4492 	4491 	3068
f 2876 	3075 	2908
f 2880 	3078 	3075
f 2880 	3075 	2876
f 3062 	753 	3076
f 3083 	3093 	3056
f 3078 	2880 	3440
f 1716 	3440 	2880
f 3107 	3109 	3056
f 3176 	3177 	2982
f 3175 	3176 	2982
f 3177 	3178 	2982
f 2981 	2982 	3178
f 3178 	3180 	2981
f 2980 	2981 	3180
f 3093 	3107 	3056
f 3087 	3088 	2984
f 3086 	3087 	2984
f 761 	3095 	756
f 756 	3095 	3076
f 3081 	3082 	2961
f 2961 	2962 	3081
f 3082 	3084 	2960
f 3084 	3086 	2960
f 2984 	2960 	3086
f 2993 	2984 	3088
f 2983 	2993 	3088
f 3088 	3175 	2983
f 2930 	3111 	767
f 2982 	2983 	3175
f 2960 	2961 	3082
f 3095 	761 	767
f 2908 	3110 	2913
f 145 	3055 	3109
f 2908 	3075 	3110
f 3095 	767 	3111
f 2913 	3118 	3116
f 2913 	3110 	3118
f 717 	2930 	767
f 2913 	3116 	2919
f 3132 	2920 	3131
f 3337 	868 	866
f 3337 	866 	845
f 2920 	2919 	3131
f 3116 	3131 	2919
f 2920 	3132 	2925
f 3337 	3161 	871
f 2926 	3139 	2927
f 3144 	2927 	3139
f 3137 	3029 	3136
f 3138 	3031 	3137
f 3140 	3033 	3138
f 3141 	3035 	3140
f 3072 	3046 	3141
f 3029 	3028 	3136
f 3153 	3221 	3027
f 3028 	3027 	3135
f 3220 	3221 	3152
f 872 	871 	3161
f 871 	868 	3337
f 3132 	3139 	2925
f 2925 	3139 	2926
f 2931 	3146 	3145
f 3146 	2931 	3144
f 2927 	3144 	2931
f 4704 	4706 	3016
f 887 	884 	3163
f 3162 	3163 	884
f 2931 	3145 	2937
f 3047 	2224 	3048
f 3145 	3821 	2937
f 3264 	779 	773
f 2215 	3048 	2220
f 2224 	3047 	3182
f 3224 	628 	789
f 3017 	3018 	112
f 112 	113 	3017
f 3061 	3017 	113
f 113 	4704 	3061
f 3015 	3016 	4706
f 4707 	129 	3014
f 2220 	3048 	2224
f 963 	960 	3173
f 3163 	3165 	892
f 3040 	968 	3173
f 3161 	3162 	880
f 882 	880 	3162
f 2958 	3174 	3205
f 892 	3165 	894
f 884 	882 	3162
f 3019 	3020 	3207
f 3212 	3207 	3020
f 3207 	3172 	3019
f 3018 	3019 	3172
f 3172 	112 	3018
f 3020 	3022 	3212
f 3016 	3061 	4704
f 3022 	3023 	3210
f 3210 	3212 	3022
f 3184 	3185 	3187
f 3081 	3185 	3189
f 3081 	3189 	3082
f 2225 	2224 	3182
f 814 	3259 	806
f 3195 	3084 	3189
f 3082 	3189 	3084
f 3193 	3186 	3192
f 3043 	1485 	3194
f 3191 	3192 	3186
f 3086 	3197 	3198
f 3086 	3198 	3087
f 3194 	1485 	3193
f 3054 	2844 	3043
f 3186 	3193 	1485
f 3087 	3198 	3088
f 3150 	3220 	3152
f 3149 	2227 	3150
f 3097 	3205 	3206
f 3097 	3206 	3099
f 3101 	3209 	3211
f 3101 	3211 	3102
f 3012 	3014 	129
f 3014 	3015 	4707
f 4706 	4707 	3015
f 3102 	3211 	3217
f 3089 	3102 	3217
f 3184 	3187 	3219
f 3218 	3219 	3187
f 3135 	3027 	3221
f 3153 	3152 	3221
f 3220 	3150 	2227
f 3147 	2226 	3149
f 2227 	3149 	2226
f 2226 	3147 	3273
f 3222 	3092 	3091
f 3222 	3091 	3223
f 2241 	3182 	3204
f 3089 	3223 	3091
f 3219 	3218 	3222
f 3092 	3222 	3218
f 3092 	3218 	3103
f 3223 	3089 	3217
f 3223 	3217 	3289
f 3234 	3209 	3233
f 3209 	3101 	3233
f 3100 	3233 	3101
f 2265 	3200 	2283
f 799 	3237 	789
f 2265 	2241 	3200
f 2241 	3204 	3200
f 2958 	3205 	3097
f 3254 	1722 	3238
f 3224 	789 	3237
f 3238 	1722 	3236
f 3247 	1722 	3254
f 3191 	3253 	3242
f 3253 	2652 	3242
f 3186 	3253 	3191
f 1716 	2926 	1722
f 806 	3246 	799
f 3237 	799 	3246
f 3288 	1722 	3286
f 3286 	1722 	3247
f 814 	779 	3259
f 3241 	3242 	2652
f 1451 	2650 	3253
f 2650 	2652 	3253
f 2652 	3021 	3241
f 3246 	806 	3259
f 3230 	3273 	3147
f 3229 	3272 	3230
f 3227 	3274 	3228
f 3228 	3275 	3229
f 2283 	3250 	2299
f 2283 	3200 	3250
f 773 	3270 	3264
f 779 	3264 	3259
f 3244 	2303 	3249
f 2299 	3249 	2303
f 2299 	3250 	3249
f 3273 	3230 	3272
f 3226 	5167 	3227
f 3225 	5167 	3226
f 5167 	3274 	3227
f 3275 	3228 	3274
f 3272 	3229 	3275
f 773 	848 	3270
f 3292 	1722 	3291
f 3287 	3217 	3211
f 3293 	1722 	3288
f 3291 	1722 	3293
f 2303 	3244 	3552
f 3296 	1722 	3300
f 3164 	3181 	3299
f 3314 	1722 	3296
f 3301 	3302 	3299
f 3302 	3303 	3299
f 3164 	3299 	3303
f 3164 	3303 	3166
f 3319 	1749 	3314
f 3305 	3306 	3303
f 3167 	3303 	3306
f 3167 	3306 	3168
f 892 	888 	3163
f 3300 	1722 	3292
f 3155 	3154 	3307
f 3327 	3307 	3308
f 3326 	3308 	3309
f 3165 	3173 	898
f 888 	887 	3163
f 3308 	3311 	3312
f 3308 	3312 	3309
f 894 	3165 	898
f 3323 	1749 	3319
f 3312 	3311 	3316
f 3312 	3316 	3305
f 3312 	3305 	3317
f 3397 	827 	3406
f 826 	3406 	827
f 677 	652 	3333
f 680 	677 	3333
f 3325 	1749 	3323
f 3321 	3322 	3320
f 3322 	3172 	3320
f 3397 	832 	827
f 3333 	3334 	680
f 830 	829 	3334
f 3172 	3322 	112
f 17 	112 	3322
f 834 	833 	3335
f 3154 	3308 	3307
f 3327 	3308 	3326
f 3331 	3088 	3198
f 829 	680 	3334
f 3335 	833 	3334
f 833 	830 	3334
f 880 	872 	3161
f 3337 	845 	3336
f 3336 	838 	3335
f 3175 	3339 	3340
f 3175 	3340 	3176
f 839 	3336 	845
f 838 	3336 	839
f 834 	3335 	838
f 3347 	3348 	3345
f 3348 	3178 	3345
f 3177 	3345 	3178
f 3298 	3299 	3351
f 3181 	3351 	3299
f 3351 	3181 	3180
f 3351 	3180 	3353
f 3353 	3180 	3348
f 3178 	3348 	3180
f 3045 	1664 	3357
f 1663 	3360 	3357
f 1663 	3357 	1664
f 848 	843 	3366
f 1661 	3363 	3360
f 1661 	3360 	1663
f 3366 	3270 	848
f 3359 	3329 	3364
f 1659 	3367 	3363
f 1659 	3363 	1661
f 3355 	3356 	3340
f 3356 	3345 	3340
f 3176 	3340 	3345
f 3176 	3345 	3177
f 1657 	3369 	3367
f 1657 	3367 	1659
f 3370 	3339 	3331
f 3088 	3331 	3339
f 3088 	3339 	3175
f 1656 	3371 	3369
f 1656 	3369 	1657
f 837 	3386 	843
f 843 	3377 	3366
f 1655 	3375 	3371
f 1655 	3371 	1656
f 843 	3386 	3377
f 1654 	3378 	3375
f 1654 	3375 	1655
f 1653 	3382 	3378
f 1653 	3378 	1654
f 1652 	3385 	3382
f 1652 	3382 	1653
f 3386 	837 	832
f 1651 	3388 	3385
f 1651 	3385 	1652
f 2457 	3388 	1651
f 3392 	3386 	832
f 3427 	3393 	1671
f 3392 	832 	3397
f 2432 	1709 	3398
f 3207 	3320 	3172
f 3210 	3400 	3401
f 3210 	3401 	3212
f 3403 	3398 	1707
f 1709 	1707 	3398
f 3364 	3329 	3404
f 3460 	3414 	3329
f 2058 	3406 	826
f 1707 	1705 	3407
f 1707 	3407 	3403
f 3404 	3329 	3408
f 1705 	1704 	3411
f 1705 	3411 	3407
f 3408 	3329 	3410
f 1704 	1703 	3415
f 1704 	3415 	3411
f 1703 	1702 	3419
f 1703 	3419 	3415
f 1702 	1701 	3421
f 1702 	3421 	3419
f 3418 	1137 	2754
f 1701 	3627 	3421
f 3427 	1671 	1725
f 1725 	1724 	3429
f 1725 	3429 	3427
f 5824 	5964 	932
f 1724 	1723 	3430
f 1724 	3430 	3429
f 927 	3432 	929
f 3431 	929 	3432
f 1722 	3435 	3430
f 1722 	3430 	1723
f 923 	3437 	925
f 3436 	925 	3437
f 3437 	3438 	3436
f 3434 	3436 	3438
f 3439 	901 	899
f 3440 	1716 	3059
f 2863 	3059 	1716
f 3443 	3444 	3442
f 3444 	3445 	3442
f 921 	3442 	3445
f 921 	3445 	922
f 3444 	3438 	3445
f 3437 	3445 	3438
f 3447 	3448 	3436
f 3447 	3436 	3434
f 3238 	3450 	3449
f 3238 	3449 	3254
f 3451 	926 	3448
f 3451 	3448 	3447
f 3432 	927 	3451
f 926 	3451 	927
f 3286 	3247 	3454
f 3247 	3453 	3454
f 5824 	932 	3431
f 929 	3431 	932
f 899 	3456 	3439
f 3449 	3453 	3254
f 3247 	3254 	3453
f 3457 	3456 	947
f 899 	947 	3456
f 945 	3458 	947
f 3457 	947 	3458
f 3457 	3458 	3459
f 3410 	3329 	3414
f 958 	3461 	3462
f 958 	3462 	959
f 957 	955 	3464
f 955 	3466 	3464
f 3463 	3464 	3466
f 3460 	3329 	3465
f 3482 	3487 	3329
f 950 	3468 	954
f 3467 	954 	3468
f 3467 	3468 	3469
f 3473 	3468 	3474
f 3465 	3329 	3471
f 954 	3467 	3466
f 954 	3466 	955
f 3471 	3329 	3478
f 3483 	3484 	3481
f 3464 	3481 	3484
f 3461 	3464 	3484
f 3478 	3329 	3487
f 3489 	3490 	3462
f 3490 	3491 	3462
f 959 	3462 	3491
f 959 	3491 	961
f 3458 	3491 	3490
f 3458 	3490 	3459
f 3495 	3329 	3502
f 1463 	5941 	987
f 3482 	3329 	3495
f 996 	3519 	3504
f 996 	3504 	967
f 3329 	3332 	3502
f 3503 	3509 	3504
f 3507 	3504 	3509
f 3514 	3507 	3513
f 3507 	3509 	3513
f 3512 	3513 	3509
f 995 	3520 	996
f 3519 	996 	3520
f 3519 	3520 	3522
f 3610 	3604 	3332
f 990 	3528 	992
f 3526 	992 	3528
f 3528 	3529 	3526
f 3525 	3526 	3529
f 3276 	3571 	3277
f 3569 	3570 	3284
f 992 	3526 	3520
f 992 	3520 	995
f 3283 	3569 	3284
f 3282 	3567 	3283
f 2450 	3533 	3719
f 3534 	2451 	3719
f 3536 	2451 	3534
f 2450 	3719 	2451
f 3503 	3504 	3519
f 3281 	3709 	3282
f 2752 	3533 	2450
f 3544 	3545 	3512
f 3513 	3512 	3545
f 3545 	3473 	3513
f 3501 	3467 	3500
f 3469 	3500 	3467
f 1722 	3314 	1749
f 3352 	1749 	3325
f 3559 	1749 	3352
f 3474 	3542 	3473
f 3542 	3513 	3473
f 3588 	3589 	1749
f 3573 	1749 	3568
f 3568 	1749 	3559
f 3571 	3276 	3570
f 3276 	3284 	3570
f 2559 	3278 	3571
f 3569 	3283 	3567
f 3280 	3706 	3281
f 3706 	3709 	3281
f 2459 	3578 	3580
f 2459 	3580 	2460
f 3536 	3585 	3586
f 3536 	3586 	2451
f 3606 	3607 	1748
f 2459 	2451 	3586
f 2459 	3586 	3578
f 2461 	3622 	2462
f 3580 	3591 	3622
f 3580 	3622 	2461
f 3580 	2461 	2460
f 3589 	3596 	1749
f 3596 	3597 	1749
f 3597 	3605 	1749
f 3607 	3648 	1748
f 3293 	3599 	3598
f 1917 	1905 	3601
f 3293 	3288 	3599
f 3603 	3599 	3288
f 1748 	1749 	3605
f 3603 	3288 	3454
f 3286 	3454 	3288
f 3516 	3508 	3332
f 3508 	3502 	3332
f 3633 	3292 	3598
f 3604 	3516 	3332
f 3613 	3610 	3332
f 3291 	3598 	3292
f 2469 	3615 	3616
f 2469 	3616 	2470
f 3598 	3291 	3293
f 2462 	3622 	3623
f 2462 	3623 	3624
f 3625 	3615 	3624
f 2462 	3624 	3615
f 2462 	3615 	2469
f 3332 	3620 	3613
f 1701 	1738 	3627
f 3620 	3332 	3626
f 3300 	3636 	3296
f 1738 	1737 	3631
f 1738 	3631 	3627
f 3296 	3660 	3314
f 3626 	3332 	3630
f 1737 	1736 	3634
f 1737 	3634 	3631
f 3300 	3633 	3636
f 3630 	3332 	3635
f 3660 	3296 	3636
f 3648 	3644 	1748
f 3644 	3656 	1748
f 1749 	3640 	1722
f 3435 	1722 	3640
f 3605 	3606 	1748
f 2467 	2466 	3645
f 2467 	3645 	3646
f 2467 	3646 	3647
f 2467 	3647 	2473
f 3292 	3633 	3300
f 2473 	3647 	2477
f 1749 	1748 	3650
f 1749 	3650 	3640
f 3656 	3665 	1748
f 2470 	3649 	3645
f 2470 	3645 	2466
f 3616 	3649 	2470
f 3665 	3672 	1748
f 3655 	3647 	3646
f 2335 	3535 	3530
f 3911 	3650 	3735
f 1748 	3735 	3650
f 2477 	3647 	3655
f 2477 	3655 	3657
f 2477 	3657 	3658
f 3314 	3661 	3670
f 3314 	3670 	3319
f 3672 	3739 	1748
f 2477 	3658 	3662
f 2477 	3662 	3663
f 2477 	3663 	3679
f 3664 	3637 	1779
f 1739 	1779 	3637
f 3314 	3660 	3661
f 3679 	2478 	2477
f 1779 	1778 	3669
f 1779 	3669 	3664
f 3319 	3670 	3323
f 1778 	1776 	3673
f 1778 	3673 	3669
f 3323 	3676 	3325
f 1776 	1774 	3678
f 1776 	3678 	3673
f 3323 	3670 	3676
f 1774 	3687 	3678
f 3703 	3325 	3681
f 2478 	3684 	3685
f 2478 	3685 	3686
f 2478 	3686 	2497
f 3325 	3676 	3681
f 1774 	1808 	3687
f 3679 	3684 	2478
f 1808 	1807 	3698
f 1808 	3698 	3687
f 1807 	1806 	3701
f 1807 	3701 	3698
f 3704 	1722 	3700
f 3700 	1722 	2937
f 1806 	1804 	3706
f 1806 	3706 	3701
f 3325 	3703 	3352
f 1804 	1803 	3709
f 1804 	3709 	3706
f 3559 	3711 	3710
f 3705 	1722 	3704
f 1803 	3567 	3709
f 3352 	3703 	3711
f 3352 	3711 	3559
f 3559 	3710 	3568
f 3236 	1722 	3705
f 2595 	2594 	3723
f 1827 	3723 	2594
f 3720 	3573 	3722
f 3635 	3332 	3651
f 3573 	3568 	3722
f 3710 	3722 	3568
f 3720 	3728 	3587
f 3588 	3587 	3728
f 1825 	3730 	3723
f 1825 	3723 	1827
f 3739 	3743 	1748
f 3588 	3728 	3589
f 3733 	3589 	3728
f 3729 	3651 	3332
f 3729 	3332 	3736
f 3573 	3720 	3587
f 1824 	3732 	3730
f 1824 	3730 	1825
f 2319 	2303 	3552
f 3597 	3596 	3748
f 3737 	3748 	3596
f 3573 	3587 	1749
f 3587 	3588 	1749
f 3735 	3846 	3847
f 3886 	701 	3885
f 3737 	3596 	3733
f 3589 	3733 	3596
f 1823 	3738 	3732
f 1823 	3732 	1824
f 3605 	3597 	3750
f 3743 	3749 	1748
f 2320 	3552 	3549
f 2319 	3552 	2320
f 3756 	3607 	3744
f 3606 	3744 	3607
f 1822 	3745 	3738
f 1822 	3738 	1823
f 3606 	3605 	3744
f 3750 	3744 	3605
f 3735 	1748 	3765
f 3755 	3765 	1748
f 3748 	3750 	3597
f 1821 	3751 	3745
f 1821 	3745 	1822
f 3740 	3736 	3600
f 2320 	3549 	3546
f 3746 	3740 	3600
f 1821 	1838 	3751
f 3546 	2322 	2320
f 3785 	3644 	3758
f 3648 	3758 	3644
f 3648 	3756 	3758
f 3546 	3540 	2324
f 3607 	3756 	3648
f 3819 	3735 	3816
f 3546 	2324 	2322
f 3497 	987 	5941
f 3813 	3816 	3735
f 3765 	3813 	3735
f 3864 	1106 	3865
f 538 	3746 	3600
f 2324 	3540 	3535
f 2490 	3769 	3770
f 2490 	3770 	2491
f 3769 	2490 	3773
f 2330 	3535 	2335
f 792 	538 	3600
f 1104 	3903 	1105
f 2491 	3770 	3775
f 2491 	3775 	3776
f 2491 	3776 	3777
f 2491 	3777 	2492
f 1784 	1772 	3600
f 2330 	2324 	3535
f 2494 	3779 	2495
f 2034 	2754 	1137
f 2493 	3782 	3779
f 2493 	3779 	2494
f 3777 	3782 	2493
f 3777 	2493 	2492
f 3786 	3656 	3785
f 3644 	3785 	3656
f 1789 	1784 	3600
f 1811 	3757 	1828
f 3889 	1828 	3757
f 3332 	3600 	3736
f 1772 	792 	3600
f 3530 	2360 	2335
f 1799 	1789 	3600
f 3793 	3665 	3786
f 3656 	3786 	3665
f 2497 	3796 	3797
f 2497 	3797 	3798
f 2497 	3798 	2498
f 1828 	3889 	1831
f 3686 	3802 	3796
f 3686 	3796 	2497
f 1851 	1856 	3600
f 1856 	1845 	3600
f 2498 	3798 	2499
f 3665 	3793 	3804
f 3665 	3804 	3672
f 3752 	3755 	1748
f 3749 	3752 	1748
f 3700 	3821 	3820
f 3700 	2937 	3821
f 3820 	3823 	3704
f 3705 	3704 	3823
f 3823 	3829 	3705
f 3700 	3820 	3704
f 2500 	3831 	2507
f 3705 	3829 	3236
f 3829 	3450 	3236
f 3450 	3238 	3236
f 2500 	3832 	3833
f 2500 	3833 	3834
f 2500 	3834 	3831
f 3797 	3837 	3798
f 1838 	1837 	3884
f 1838 	3884 	3882
f 2499 	3798 	3837
f 2499 	3837 	3841
f 2499 	3841 	3842
f 2499 	3842 	3832
f 2499 	3832 	2500
f 1837 	1671 	3884
f 2360 	3530 	3815
f 3735 	3819 	3830
f 3830 	3846 	3735
f 1105 	3865 	1106
f 3735 	3848 	3850
f 3899 	3898 	3849
f 2401 	3814 	3812
f 3864 	1098 	1106
f 3865 	1105 	3903
f 3867 	3735 	3866
f 3849 	1137 	3416
f 3831 	3860 	3861
f 3831 	3861 	3862
f 3831 	3862 	3863
f 3831 	3863 	2507
f 3393 	3884 	1671
f 3858 	3866 	3735
f 3831 	3834 	3860
f 1831 	3896 	3051
f 3051 	2859 	1831
f 3850 	3858 	3735
f 2507 	3863 	2511
f 1873 	3600 	1878
f 3735 	3867 	3868
f 1872 	3600 	1873
f 1851 	3600 	1872
f 3815 	3814 	2360
f 2511 	3874 	3875
f 2511 	3875 	2512
f 3862 	3876 	3863
f 3863 	3876 	3874
f 3863 	3874 	2511
f 1917 	3601 	1928
f 3602 	2086 	3601
f 2513 	2512 	3875
f 2513 	3875 	3879
f 2513 	3879 	3880
f 2513 	3880 	3881
f 2513 	3881 	2516
f 3882 	3751 	1838
f 3885 	701 	3878
f 3847 	3848 	3735
f 3878 	701 	3868
f 2394 	3814 	2401
f 3735 	3868 	701
f 3906 	701 	3886
f 3600 	3601 	1878
f 1845 	1799 	3600
f 1905 	1878 	3601
f 2394 	2360 	3814
f 1993 	3601 	2002
f 1946 	3601 	1993
f 1935 	3601 	1946
f 3896 	1831 	3889
f 2401 	3812 	2410
f 3811 	2410 	3812
f 2002 	3601 	2004
f 3899 	3849 	3902
f 2004 	3601 	2011
f 4089 	4092 	4081
f 4081 	1098 	3864
f 3906 	3908 	701
f 2067 	3602 	2071
f 3902 	3849 	3416
f 3908 	3912 	701
f 2059 	2060 	3602
f 2086 	3602 	2089
f 2011 	3601 	2086
f 2067 	2059 	3602
f 2464 	2071 	3602
f 3354 	3911 	3735
f 2410 	3811 	3810
f 2089 	3602 	2060
f 3912 	3914 	701
f 1928 	3601 	1935
f 3739 	3672 	3913
f 3810 	3984 	2423
f 3926 	3743 	3913
f 3739 	3913 	3743
f 3804 	3913 	3672
f 2423 	2410 	3810
f 2516 	3923 	3925
f 3773 	2490 	3925
f 2516 	3925 	2490
f 2516 	3881 	3923
f 1866 	4120 	3929
f 3939 	3757 	1871
f 3932 	1866 	3929
f 3933 	1871 	3932
f 3749 	3928 	3934
f 1811 	1871 	3757
f 3928 	3749 	3926
f 3743 	3926 	3749
f 1866 	3932 	1871
f 3939 	1871 	3933
f 3752 	3934 	3755
f 3749 	3934 	3752
f 3755 	3937 	3765
f 3933 	3938 	3939
f 3755 	3934 	3937
f 1887 	3941 	3942
f 1887 	3942 	1885
f 3924 	3944 	701
f 3914 	3924 	701
f 3943 	3941 	1887
f 3943 	1887 	1886
f 3946 	701 	3944
f 3942 	3945 	1866
f 3942 	1866 	1885
f 1889 	3943 	1886
f 3813 	3765 	3947
f 3945 	3966 	1866
f 3947 	3765 	3937
f 3360 	4642 	3357
f 3363 	4643 	3360
f 3367 	4644 	3363
f 3369 	4645 	3367
f 3371 	4639 	3369
f 3378 	4158 	3375
f 2457 	4163 	3388
f 3375 	4156 	3371
f 4642 	4641 	3357
f 692 	701 	3960
f 3955 	3960 	701
f 3946 	3955 	701
f 3816 	3813 	3957
f 3813 	3947 	3957
f 3963 	3965 	692
f 3960 	3963 	692
f 3969 	692 	3967
f 3965 	3967 	692
f 3816 	3964 	3970
f 3816 	3957 	3964
f 3987 	3990 	692
f 3953 	3419 	3954
f 3952 	3415 	3953
f 3986 	692 	3980
f 3958 	3411 	3952
f 3956 	3407 	3958
f 3986 	3987 	692
f 3969 	3980 	692
f 3996 	3999 	692
f 3990 	3996 	692
f 3999 	4000 	692
f 4003 	4002 	3631
f 3627 	4001 	3421
f 3419 	3421 	3954
f 3419 	3953 	3415
f 4191 	3403 	3962
f 3962 	3407 	3956
f 4190 	3398 	4191
f 3403 	4191 	3398
f 3407 	3411 	3958
f 3415 	3952 	3411
f 2545 	2529 	3981
f 692 	4000 	707
f 3979 	2561 	3981
f 3819 	3816 	3970
f 2515 	2423 	3984
f 4012 	4013 	4653
f 4013 	4014 	4653
f 4702 	4653 	4014
f 3171 	3210 	3023
f 3148 	3171 	3024
f 3024 	3025 	3148
f 3155 	3148 	3025
f 3984 	2524 	2515
f 3895 	3903 	1140
f 3435 	3440 	3430
f 3429 	3430 	3440
f 3059 	3429 	3440
f 1139 	3898 	1140
f 4003 	3637 	4004
f 3627 	3631 	4002
f 1104 	1140 	3903
f 3984 	3983 	2524
f 3895 	1140 	3898
f 1138 	1137 	3849
f 3418 	3416 	1137
f 3023 	3024 	3171
f 3898 	1139 	3849
f 4001 	3627 	4002
f 3954 	3421 	4001
f 3634 	4003 	3631
f 3637 	4003 	3634
f 1138 	3849 	1139
f 2524 	3983 	3982
f 3982 	3981 	2529
f 2529 	2524 	3982
f 4011 	4012 	4653
f 2545 	3981 	2561
f 4029 	4042 	4655
f 4655 	4656 	4029
f 4654 	4655 	4042
f 4042 	4043 	4654
f 4032 	2652 	2651
f 4032 	2651 	4033
f 292 	2652 	4032
f 1456 	4034 	2659
f 4027 	4028 	4659
f 4658 	4659 	4028
f 4028 	4026 	4658
f 4657 	4658 	4026
f 4026 	4031 	4657
f 4656 	4657 	4031
f 4031 	4029 	4656
f 4653 	4654 	4043
f 4043 	4044 	4653
f 4044 	4045 	4653
f 4009 	4010 	4653
f 4010 	4011 	4653
f 4045 	4009 	4653
f 4030 	4027 	4661
f 4659 	4661 	4027
f 3021 	292 	4338
f 4047 	2706 	2705
f 4066 	2610 	2587
f 4049 	2721 	2720
f 4050 	2721 	4049
f 2721 	4050 	2705
f 4047 	2705 	4050
f 4054 	4292 	4053
f 2630 	2619 	4058
f 2739 	4059 	2720
f 4661 	4662 	4030
f 2739 	4057 	4059
f 4063 	4064 	4065
f 4070 	4071 	4064
f 4070 	4064 	4068
f 3640 	3661 	3435
f 4023 	3687 	4024
f 4022 	3678 	4023
f 4074 	4064 	4071
f 4074 	4071 	4075
f 4021 	3673 	4022
f 3979 	2587 	2561
f 4065 	4064 	4074
f 4076 	4077 	4078
f 4056 	4055 	4078
f 4076 	4078 	4055
f 4292 	4076 	4055
f 4064 	4063 	4076
f 4077 	4076 	4063
f 4064 	4333 	4068
f 4021 	4020 	3669
f 3673 	4021 	3669
f 3678 	4022 	3673
f 3664 	3669 	4020
f 4020 	4004 	3664
f 3637 	3664 	4004
f 4080 	3701 	3280
f 4079 	4025 	3698
f 4081 	4082 	4083
f 4081 	4083 	1168
f 4049 	2720 	4059
f 4071 	4070 	4085
f 4085 	4070 	4084
f 4149 	4084 	4073
f 4071 	4085 	4082
f 4071 	4082 	4081
f 4086 	4071 	4081
f 4086 	4081 	4087
f 4089 	4081 	4091
f 1168 	4091 	4081
f 1098 	4081 	4092
f 4125 	1130 	4092
f 4094 	4081 	3864
f 4081 	4095 	4087
f 4095 	4081 	4094
f 4071 	4096 	4075
f 4096 	4071 	4086
f 4073 	4084 	4070
f 2619 	4062 	4061
f 2746 	4098 	2747
f 1903 	4099 	4100
f 1903 	4100 	4101
f 1903 	4101 	1898
f 1898 	4101 	1899
f 4103 	4098 	2746
f 1901 	4099 	1903
f 2747 	4057 	2739
f 1899 	4107 	4109
f 1899 	4109 	1889
f 4057 	2747 	4098
f 4115 	4116 	4114
f 4113 	4114 	4116
f 4113 	4116 	4117
f 4117 	4130 	4113
f 4118 	4123 	4113
f 4113 	4124 	4119
f 3966 	4120 	1866
f 3931 	3929 	4120
f 3830 	4121 	3846
f 3830 	3819 	4121
f 3970 	4121 	3819
f 4126 	2760 	2758
f 4126 	2757 	2760
f 4123 	4124 	4113
f 2757 	4103 	2746
f 2758 	4144 	4126
f 3847 	3846 	4127
f 2757 	4126 	4103
f 4118 	4113 	4128
f 3846 	4121 	4127
f 4128 	4113 	4130
f 4131 	4109 	4107
f 4134 	4148 	4133
f 3847 	4127 	4135
f 4137 	4139 	4136
f 4138 	4139 	4137
f 4139 	4140 	4136
f 4148 	4136 	4140
f 4114 	4141 	4142
f 4114 	4142 	4115
f 4125 	4091 	1168
f 4171 	4145 	2767
f 2768 	2767 	4145
f 4083 	4146 	1168
f 4144 	2758 	2768
f 2768 	4145 	4144
f 4134 	4150 	4148
f 4147 	4148 	4150
f 3701 	4079 	3698
f 3706 	3280 	3701
f 3567 	3282 	3709
f 4079 	3701 	4080
f 4024 	3687 	4025
f 3687 	3698 	4025
f 4023 	3678 	3687
f 4155 	4119 	4153
f 4151 	4119 	4155
f 4174 	4171 	2773
f 4148 	4164 	4166
f 4133 	4148 	4166
f 4165 	4166 	4164
f 4140 	4167 	4148
f 4164 	4148 	4167
f 2767 	2773 	4171
f 2587 	3979 	4069
f 4150 	4177 	4147
f 2587 	4069 	4066
f 2613 	2610 	4062
f 4066 	4062 	2610
f 4188 	4189 	4187
f 4169 	2776 	4280
f 2775 	4280 	2776
f 4192 	4193 	4189
f 2613 	4062 	2619
f 4196 	4197 	4195
f 4197 	4281 	4195
f 4195 	4199 	4196
f 4199 	4200 	4196
f 4198 	4196 	4200
f 2619 	4061 	4058
f 4203 	4324 	4202
f 4201 	4202 	4211
f 2773 	4169 	4174
f 2776 	4169 	2773
f 3847 	4135 	3848
f 4205 	4207 	4208
f 4208 	4334 	4205
f 4211 	4212 	4201
f 4213 	4214 	4212
f 4935 	4932 	4215
f 4215 	4055 	4056
f 3848 	4218 	4235
f 3848 	4235 	3850
f 4218 	3848 	4135
f 4222 	4204 	4221
f 4205 	4334 	4204
f 1181 	4292 	4225
f 4208 	4209 	4334
f 4224 	4292 	4054
f 4228 	4220 	4227
f 4220 	4216 	4227
f 4229 	4230 	4232
f 4229 	4232 	4233
f 1981 	4229 	1984
f 4233 	1984 	4229
f 4237 	4119 	4236
f 4152 	4119 	4237
f 4153 	4119 	4152
f 4113 	4119 	4151
f 3850 	4235 	3858
f 3751 	3882 	3889
f 3738 	3745 	3757
f 3757 	3732 	3738
f 4292 	1180 	4231
f 4146 	4240 	1168
f 4234 	4236 	4119
f 4240 	4241 	1170
f 3757 	3751 	3889
f 3745 	3751 	3757
f 3884 	3393 	3896
f 3896 	3889 	3882
f 3884 	3896 	3882
f 4248 	4119 	4247
f 4248 	4256 	4119
f 4249 	4119 	4256
f 4250 	4119 	4249
f 4234 	4119 	4250
f 4245 	4246 	4119
f 3051 	3896 	3393
f 3427 	3051 	3393
f 4251 	1170 	4241
f 4263 	4265 	4471
f 4073 	4206 	4149
f 3730 	3939 	3723
f 3757 	3939 	3732
f 4254 	4348 	4251
f 4246 	4247 	4119
f 4257 	4258 	4255
f 3730 	3732 	3939
f 4201 	4212 	4255
f 3939 	3938 	4259
f 4212 	4214 	4255
f 4257 	4255 	4214
f 4259 	4252 	3939
f 2566 	2583 	4252
f 2583 	2592 	4252
f 4264 	2783 	4261
f 4266 	4267 	4471
f 4267 	4268 	4471
f 4396 	4471 	4268
f 4245 	4119 	4270
f 4261 	2783 	2781
f 2783 	4264 	2775
f 4272 	4301 	4271
f 4283 	4277 	4301
f 4275 	4119 	4274
f 4276 	4119 	4275
f 4276 	4269 	4119
f 4279 	4301 	4278
f 4271 	4301 	4279
f 2775 	4264 	4280
f 4189 	4314 	4187
f 4272 	4187 	4314
f 4125 	1168 	1130
f 4269 	4270 	4119
f 4281 	4282 	4194
f 4194 	4195 	4281
f 1098 	4092 	1130
f 4277 	4278 	4301
f 4286 	4287 	4119
f 4287 	4289 	4119
f 4273 	4274 	4119
f 4289 	4291 	4119
f 4273 	4119 	4291
f 2802 	3021 	4338
f 2115 	3602 	2120
f 4224 	4225 	4292
f 4932 	4921 	4292
f 2787 	2786 	4330
f 2787 	4330 	4260
f 2126 	3602 	2134
f 4286 	4119 	4295
f 4293 	3866 	3858
f 4292 	4055 	4932
f 4328 	4330 	2789
f 3858 	4235 	4293
f 4319 	4297 	4231
f 2787 	4260 	2781
f 4298 	4231 	4300
f 3602 	2172 	2150
f 4261 	2781 	4260
f 4302 	3866 	4293
f 4302 	4312 	3866
f 4410 	4119 	4307
f 4294 	4119 	4410
f 2172 	3602 	2184
f 4307 	4119 	4305
f 4304 	4305 	4119
f 4306 	4301 	4309
f 4231 	4298 	4292
f 4292 	4298 	4308
f 2197 	3602 	2200
f 2184 	3602 	2197
f 4306 	4311 	4301
f 3867 	4312 	4316
f 3867 	3866 	4312
f 4314 	4309 	4272
f 4301 	4272 	4309
f 4193 	4314 	4189
f 2150 	2420 	3602
f 2140 	3602 	2315
f 2134 	3602 	2140
f 2120 	3602 	2126
f 4346 	3868 	4316
f 4318 	4301 	4317
f 4311 	4317 	4301
f 4300 	4231 	4296
f 4297 	4296 	4231
f 3868 	3867 	4316
f 4320 	4324 	4203
f 2315 	3602 	2389
f 2389 	3602 	2404
f 4320 	4322 	4324
f 4211 	4202 	4324
f 4231 	4379 	4319
f 4323 	4319 	4379
f 4323 	4379 	4325
f 4068 	4333 	4067
f 4067 	4333 	4325
f 2028 	4327 	2029
f 4326 	2029 	4327
f 4327 	4301 	4326
f 2788 	4338 	2789
f 2786 	2789 	4330
f 4301 	4327 	2026
f 2026 	4327 	2027
f 2025 	4301 	2026
f 4331 	4326 	4318
f 4301 	4318 	4326
f 2025 	4283 	4301
f 2017 	4283 	2025
f 4333 	4064 	4332
f 4332 	4064 	4337
f 4221 	4204 	4334
f 4337 	4064 	4336
f 1966 	4334 	4209
f 2035 	4334 	1966
f 4076 	4336 	4064
f 4323 	4325 	4333
f 4292 	4308 	4336
f 4292 	4336 	4076
f 2801 	4338 	2788
f 4458 	4339 	4338
f 4339 	2789 	4338
f 2802 	4338 	2801
f 1173 	4381 	4231
f 4342 	1173 	4341
f 4343 	4341 	1171
f 4328 	2789 	4339
f 4328 	4339 	4345
f 3878 	4346 	3885
f 4343 	1171 	4347
f 3868 	4346 	3878
f 4254 	4149 	4348
f 4206 	4348 	4149
f 4347 	4251 	4348
f 4347 	1171 	4251
f 1170 	4251 	1171
f 3885 	4346 	4350
f 4359 	4360 	4356
f 4358 	4359 	4356
f 4360 	4362 	4356
f 4357 	4358 	4356
f 4362 	4400 	4356
f 4355 	4356 	4400
f 4354 	4355 	4400
f 4353 	4354 	4400
f 3886 	4363 	4368
f 4363 	3886 	4350
f 3885 	4350 	3886
f 3906 	4368 	3908
f 4352 	4400 	4351
f 4366 	4367 	4403
f 4366 	4403 	4365
f 4351 	4403 	4370
f 4367 	4369 	4403
f 4370 	4403 	4369
f 4365 	4403 	4268
f 3886 	4368 	3906
f 2404 	3602 	2420
f 3908 	4372 	4374
f 3908 	4374 	3912
f 3908 	4368 	4372
f 2479 	2474 	3602
f 3912 	4374 	4377
f 3912 	4377 	3914
f 2464 	3602 	2474
f 2487 	3602 	2115
f 2479 	3602 	2484
f 2484 	3602 	2487
f 3924 	4380 	3944
f 4379 	4231 	4381
f 3914 	4377 	4380
f 3914 	4380 	3924
f 1173 	4342 	4381
f 4265 	4266 	4471
f 2034 	4762 	4253
f 3944 	4380 	4383
f 4406 	3946 	4385
f 2850 	2774 	3602
f 2774 	2777 	3602
f 2505 	2211 	3602
f 4385 	3946 	4383
f 3944 	4383 	3946
f 3584 	3583 	2586
f 3582 	2586 	3583
f 3581 	3579 	2567
f 4389 	4390 	4268
f 4388 	4389 	4268
f 4390 	4392 	4268
f 4392 	4393 	4268
f 4393 	4394 	4268
f 4394 	4395 	4268
f 4395 	4396 	4268
f 4262 	4263 	4471
f 4399 	4422 	4119
f 4402 	4351 	4401
f 4401 	4351 	4400
f 4403 	4351 	4402
f 4404 	4268 	4403
f 4405 	4386 	4268
f 4386 	4387 	4268
f 4352 	4353 	4400
f 4295 	4119 	4294
f 4225 	4411 	1181
f 4407 	1181 	4411
f 3946 	4406 	3955
f 4413 	4407 	4414
f 4416 	5096 	4413
f 4417 	4414 	4407
f 2559 	2567 	3579
f 3277 	3571 	3278
f 3278 	2559 	3579
f 2567 	2575 	3581
f 2586 	3582 	2575
f 3582 	3581 	2575
f 4411 	4417 	4407
f 3960 	4418 	3963
f 4418 	3960 	4406
f 3955 	4406 	3960
f 4304 	4119 	4303
f 4422 	4303 	4119
f 3963 	4425 	3965
f 4425 	3963 	4418
f 4435 	4436 	4437
f 4216 	4217 	4437
f 4435 	4437 	4217
f 4407 	1183 	1181
f 4216 	4437 	4438
f 4438 	4226 	4216
f 4440 	4441 	4442
f 3965 	4425 	4439
f 4231 	1174 	1173
f 4442 	4441 	4443
f 3967 	3965 	4453
f 4439 	4453 	3965
f 4446 	4447 	4119
f 4451 	4452 	4119
f 4542 	4543 	4119
f 4536 	4537 	4119
f 4867 	4868 	4119
f 1176 	4231 	1178
f 4448 	4119 	4447
f 4467 	4468 	4119
f 4450 	4119 	4449
f 4451 	4119 	4450
f 4452 	4397 	4119
f 4398 	4399 	4119
f 4397 	4398 	4119
f 4226 	4227 	4216
f 4454 	4338 	4455
f 4496 	3969 	4453
f 3967 	4453 	3969
f 4455 	4338 	292
f 1176 	1174 	4231
f 4338 	4454 	4458
f 4457 	4458 	4454
f 1178 	4231 	1180
f 4200 	4461 	4198
f 4188 	4463 	4189
f 4464 	4465 	4463
f 4189 	4463 	4465
f 4189 	4465 	4192
f 4469 	4119 	4468
f 4449 	4119 	4469
f 4448 	4467 	4119
f 4404 	4405 	4268
f 4387 	4388 	4268
f 2062 	4253 	2061
f 4472 	4470 	4262
f 2045 	2046 	4262
f 2043 	2045 	4262
f 4253 	4262 	2046
f 4470 	2043 	4262
f 4483 	256 	2824
f 4481 	4356 	4480
f 4471 	4472 	4262
f 2840 	4482 	4483
f 2840 	4483 	2824
f 4355 	4354 	4480
f 2840 	2841 	4482
f 4486 	4482 	2841
f 2848 	2847 	4487
f 4489 	4487 	2847
f 2841 	2848 	4486
f 2848 	4487 	4486
f 2034 	4253 	2031
f 4490 	2852 	4492
f 2847 	2852 	4489
f 2852 	4490 	4489
f 4355 	4480 	4356
f 2050 	4253 	2046
f 2050 	2168 	4253
f 4484 	4480 	4354
f 4492 	2854 	4491
f 2853 	4491 	2854
f 4485 	4484 	4353
f 4353 	4484 	4354
f 2856 	35 	2853
f 4491 	2853 	35
f 2171 	4253 	2168
f 2056 	4253 	2171
f 2057 	4253 	2056
f 2065 	4253 	2057
f 2061 	4253 	2065
f 2031 	4253 	2062
f 4492 	2852 	2854
f 2856 	24 	35
f 4062 	4066 	2666
f 3812 	3814 	2667
f 24 	2866 	46
f 2865 	46 	2866
f 2866 	24 	2856
f 2673 	4827 	2670
f 4823 	4824 	2670
f 4824 	4740 	2670
f 2681 	2683 	2670
f 2666 	2670 	4732
f 4732 	4058 	2666
f 46 	2865 	83
f 2877 	83 	2865
f 2703 	3602 	2702
f 90 	2706 	4047
f 4498 	4494 	4497
f 2708 	3602 	2703
f 2710 	3602 	2708
f 2706 	90 	2879
f 96 	2879 	90
f 2879 	96 	2877
f 83 	2877 	96
f 4500 	4551 	4499
f 4502 	4508 	4501
f 4533 	4589 	4503
f 4502 	4503 	4510
f 4506 	4507 	4505
f 4507 	4700 	4505
f 4504 	4505 	4700
f 4506 	4501 	4508
f 4505 	4499 	4506
f 4499 	4551 	4506
f 4508 	4502 	4510
f 4515 	3980 	4496
f 4983 	4992 	4494
f 4511 	4183 	4494
f 4184 	4494 	4183
f 2081 	4494 	4513
f 4185 	4513 	4494
f 4185 	4494 	4184
f 2080 	4516 	2081
f 4494 	2081 	4516
f 3986 	3980 	4515
f 4292 	1181 	1180
f 3969 	4496 	3980
f 4534 	4517 	4516
f 4517 	4495 	4516
f 4494 	4516 	4495
f 4525 	4119 	4475
f 4526 	4119 	4525
f 4477 	4119 	4476
f 4478 	4119 	4477
f 4446 	4119 	4479
f 4479 	4119 	4478
f 4474 	4475 	4119
f 1173 	1172 	4341
f 4519 	4522 	3986
f 3986 	4515 	4519
f 4535 	4589 	4533
f 4341 	1172 	1171
f 4513 	2082 	2081
f 2668 	4712 	4728
f 1169 	1168 	4240
f 2711 	3602 	2710
f 1169 	4240 	1170
f 2713 	744 	2711
f 826 	749 	2713
f 4182 	2432 	4180
f 4172 	2432 	4182
f 4173 	2447 	4172
f 4180 	3398 	4190
f 2211 	2200 	3602
f 2875 	2878 	3602
f 4522 	4529 	3987
f 2878 	2882 	3602
f 2882 	2850 	3602
f 3987 	3986 	4522
f 4476 	4119 	4526
f 2777 	2702 	3602
f 2932 	3602 	2928
f 3602 	2932 	2873
f 2873 	2875 	3602
f 3990 	4529 	3996
f 3003 	2928 	3602
f 3990 	3987 	4529
f 3204 	3182 	3602
f 3002 	3602 	3001
f 3003 	3602 	3002
f 3048 	3001 	3602
f 4534 	4516 	4535
f 3048 	3602 	3047
f 3047 	3602 	3182
f 2668 	4825 	4712
f 4538 	4544 	4119
f 4539 	4119 	4544
f 4541 	4119 	4539
f 4560 	4119 	4541
f 4474 	4119 	4543
f 4542 	4119 	4560
f 4537 	4538 	4119
f 4546 	3999 	4540
f 3996 	4540 	3999
f 3996 	4529 	4540
f 4548 	4494 	4495
f 4575 	4550 	4554
f 3999 	4546 	4549
f 4497 	4494 	4553
f 4551 	4553 	4555
f 4552 	4550 	4556
f 4000 	4549 	707
f 4548 	4553 	4494
f 4555 	4553 	4548
f 4000 	3999 	4549
f 4554 	4558 	4575
f 4557 	4575 	4558
f 4500 	4553 	4551
f 4501 	4506 	4551
f 4552 	4554 	4550
f 4567 	4568 	4566
f 4568 	4569 	4566
f 4565 	4566 	4569
f 4568 	4567 	4570
f 4573 	4574 	4572
f 4571 	4572 	4574
f 4027 	4030 	4574
f 4577 	4041 	4576
f 4040 	4576 	4041
f 4557 	4578 	4575
f 4536 	4119 	4579
f 4571 	4574 	4580
f 4580 	4574 	4030
f 4580 	4030 	4577
f 4041 	4577 	4030
f 4586 	4119 	4585
f 4586 	4618 	4119
f 4581 	4119 	4614
f 4587 	4589 	2092
f 2092 	4589 	2101
f 4590 	4714 	4588
f 4592 	4741 	4591
f 4588 	4591 	4593
f 4516 	2098 	4535
f 2097 	4535 	2098
f 4594 	4595 	4592
f 4592 	4595 	4596
f 4589 	4535 	2101
f 4600 	4601 	4637
f 4598 	4637 	4601
f 4601 	4744 	4598
f 2098 	4516 	2080
f 2097 	2101 	4535
f 4510 	4503 	4589
f 4510 	4589 	4582
f 4605 	4606 	4604
f 4603 	4604 	4606
f 4610 	4612 	4609
f 4608 	4609 	4612
f 4579 	4119 	4581
f 4612 	4610 	4615
f 4612 	4615 	4616
f 4612 	4616 	4607
f 4613 	4119 	4618
f 4614 	4119 	4613
f 4170 	2447 	4173
f 4154 	2447 	4170
f 4163 	2457 	4154
f 3407 	3962 	3403
f 4162 	3388 	4163
f 4161 	3385 	4162
f 4159 	3382 	4161
f 3398 	4180 	2432
f 4622 	4623 	4624
f 4622 	4624 	4625
f 4622 	4625 	4626
f 4158 	3378 	4159
f 4607 	4627 	4623
f 4607 	4623 	4622
f 2432 	4172 	2447
f 4157 	3375 	4158
f 4563 	4730 	4562
f 4628 	4730 	4563
f 2447 	4154 	2457
f 4156 	3375 	4157
f 4635 	5861 	4631
f 4637 	4638 	4599
f 4599 	4600 	4637
f 4607 	4616 	4627
f 4625 	4652 	4626
f 4660 	4626 	4652
f 4669 	4648 	4626
f 4660 	4669 	4626
f 4663 	4664 	4040
f 4039 	4040 	4664
f 4040 	4041 	4663
f 4664 	4665 	4039
f 4038 	4039 	4665
f 4665 	4666 	4038
f 4037 	4038 	4666
f 4666 	4667 	4037
f 4036 	4037 	4667
f 4667 	4668 	4036
f 4035 	4036 	4668
f 4668 	4670 	4035
f 4060 	4035 	4670
f 4670 	4671 	4060
f 4119 	4060 	4671
f 4672 	4119 	4671
f 4673 	4119 	4672
f 4648 	4669 	4674
f 3250 	3200 	3602
f 4041 	4030 	4662
f 129 	134 	3012
f 3204 	3602 	3200
f 3602 	2667 	3249
f 4676 	4677 	4675
f 4681 	4682 	4678
f 4933 	4681 	4678
f 3249 	3250 	3602
f 4684 	4677 	4682
f 4675 	4677 	4684
f 4677 	4678 	4682
f 3535 	3540 	2667
f 3546 	3549 	2667
f 4686 	5740 	4685
f 4687 	4648 	4674
f 3549 	3552 	2667
f 3552 	3244 	2667
f 4648 	4687 	4688
f 4648 	4688 	4689
f 4648 	4689 	4690
f 4648 	4690 	4692
f 3540 	3546 	2667
f 4676 	4691 	5787
f 4676 	5787 	4677
f 3244 	3249 	2667
f 2667 	2666 	3811
f 3812 	2667 	3811
f 3982 	3983 	2666
f 3814 	3815 	2667
f 4751 	4752 	4682
f 4749 	4751 	4695
f 4695 	4751 	4682
f 3530 	3535 	2667
f 3939 	4252 	2592
f 2592 	2595 	3939
f 3723 	3939 	2595
f 4252 	4762 	2566
f 2547 	2566 	4762
f 3810 	3811 	2666
f 4699 	4860 	4697
f 3815 	3530 	2667
f 4633 	5861 	4632
f 3981 	3982 	2666
f 4786 	4758 	4701
f 4700 	4701 	4758
f 2912 	2923 	178
f 3983 	3984 	2666
f 134 	141 	4018
f 4703 	4705 	4786
f 3984 	3810 	2666
f 4016 	4019 	152
f 4019 	4017 	149
f 4061 	4062 	2666
f 4066 	4069 	2666
f 4069 	3979 	2666
f 4017 	4018 	141
f 141 	149 	4017
f 149 	152 	4019
f 152 	154 	4016
f 4015 	4016 	154
f 4014 	4015 	4708
f 4708 	4709 	4014
f 4702 	4014 	4709
f 154 	4708 	4015
f 4018 	3012 	134
f 3979 	3981 	2666
f 4711 	4730 	4629
f 4877 	4861 	4710
f 204 	201 	2942
f 4591 	4588 	4714
f 4713 	4714 	4590
f 4699 	4710 	4861
f 4715 	4605 	4604
f 4611 	4717 	4604
f 4715 	4604 	4717
f 4703 	4786 	4719
f 4720 	4721 	4722
f 4720 	4722 	4723
f 4725 	2673 	4724
f 4724 	2673 	4718
f 4726 	4727 	4721
f 4722 	4721 	4727
f 2481 	2851 	2827
f 4719 	4786 	4710
f 4729 	4730 	4731
f 3054 	2827 	2844
f 1485 	3043 	2844
f 4712 	2673 	4728
f 4728 	2673 	4725
f 4729 	4562 	4730
f 4628 	4629 	4730
f 4058 	4061 	2666
f 2683 	4732 	2670
f 4734 	2681 	2670
f 4737 	4734 	2670
f 4738 	4737 	2670
f 4593 	4591 	4741
f 4741 	4592 	4742
f 4596 	4742 	4592
f 4597 	4598 	4744
f 4745 	4119 	817
f 4862 	4119 	4745
f 4662 	4663 	4041
f 4597 	4744 	4746
f 4597 	4746 	4747
f 4597 	4747 	4602
f 4747 	4748 	4602
f 857 	4119 	877
f 4750 	4119 	857
f 4937 	4119 	4750
f 4860 	4696 	4752
f 4696 	4684 	4752
f 4684 	4682 	4752
f 4594 	4753 	4595
f 4751 	4749 	4754
f 4754 	4749 	4755
f 2849 	2851 	4757
f 4860 	4752 	4697
f 4757 	2851 	4760
f 4760 	2851 	4762
f 4786 	4705 	4758
f 4705 	4756 	4758
f 4756 	4754 	4758
f 5394 	4758 	4754
f 2844 	2827 	2851
f 4762 	2851 	2547
f 4761 	5831 	4764
f 2481 	2534 	2851
f 4764 	4765 	4761
f 4767 	2034 	4766
f 4767 	4782 	2034
f 4762 	2034 	4768
f 2534 	2547 	2851
f 1265 	4766 	2034
f 1253 	1255 	2034
f 4770 	4771 	4769
f 4253 	4762 	4252
f 4772 	4773 	4774
f 4765 	4769 	4771
f 5143 	4792 	4778
f 4780 	4155 	4779
f 4153 	4779 	4155
f 4783 	2034 	4782
f 4768 	2034 	4783
f 4765 	4784 	4761
f 4786 	4701 	4785
f 2684 	4718 	2685
f 4771 	4784 	4765
f 4787 	4788 	4784
f 4761 	4784 	4788
f 4786 	2118 	2117
f 4785 	4789 	4786
f 4788 	4781 	4761
f 4640 	3371 	4156
f 4639 	3371 	4640
f 4791 	4784 	4790
f 4790 	4784 	4771
f 4645 	3369 	4639
f 3388 	4162 	3385
f 2121 	4786 	2117
f 4784 	4791 	4787
f 4644 	3367 	4645
f 4643 	3363 	4644
f 3385 	4161 	3382
f 4642 	3360 	4643
f 3045 	3357 	4641
f 3382 	4159 	3378
f 4792 	4793 	4776
f 4634 	3045 	4641
f 4651 	4650 	2996
f 2994 	2996 	4650
f 4650 	4649 	2994
f 2118 	4786 	2092
f 4795 	4847 	4794
f 4797 	4885 	4796
f 2092 	4786 	4789
f 2092 	4789 	4587
f 4817 	4119 	4798
f 4799 	4800 	4795
f 4800 	4849 	4795
f 4802 	4803 	4801
f 4806 	4895 	4805
f 4970 	4895 	4806
f 4807 	4838 	4804
f 4895 	4891 	4805
f 4807 	4803 	4808
f 4802 	4808 	4803
f 4891 	4885 	4805
f 4810 	4119 	4809
f 877 	4119 	4810
f 4809 	4119 	4814
f 3046 	3072 	4649
f 4634 	4636 	3045
f 4801 	4803 	4815
f 4692 	4815 	4803
f 4692 	4803 	4648
f 4814 	4119 	4816
f 4817 	4820 	4119
f 4816 	4119 	4819
f 4819 	4119 	893
f 893 	4119 	889
f 4820 	889 	4119
f 4823 	2670 	4822
f 4740 	4738 	2670
f 4712 	4825 	2673
f 4826 	2673 	4825
f 3072 	2994 	4649
f 4636 	4651 	2996
f 3045 	4636 	2996
f 4827 	2673 	4826
f 3051 	3427 	3059
f 3052 	3051 	4829
f 3059 	4836 	3051
f 3429 	3059 	3427
f 4831 	2670 	4827
f 4822 	2670 	4831
f 3067 	3066 	3063
f 3064 	3063 	3066
f 3063 	4829 	3067
f 4836 	3067 	4829
f 4829 	3051 	4836
f 4836 	3059 	3074
f 4804 	4838 	4839
f 4804 	4839 	4840
f 4804 	4840 	4841
f 4804 	4841 	4842
f 4843 	4834 	4842
f 4804 	4842 	4834
f 4807 	4844 	4838
f 2685 	4718 	4716
f 3078 	3440 	3075
f 4808 	4844 	4807
f 4796 	4794 	4847
f 4718 	2684 	4724
f 2682 	2680 	4724
f 3144 	3139 	3435
f 4800 	4848 	4849
f 4847 	4795 	4849
f 4725 	2674 	4728
f 4832 	5003 	4848
f 4849 	4848 	4846
f 3110 	3440 	3118
f 3075 	3440 	3110
f 3118 	3440 	3116
f 3131 	3440 	3132
f 4691 	4857 	5787
f 3132 	3440 	3139
f 4872 	5787 	4859
f 4857 	4859 	5787
f 4909 	1161 	4119
f 4863 	4909 	4119
f 4862 	4863 	4119
f 4883 	4119 	4866
f 4868 	4869 	4119
f 4798 	4119 	4869
f 4874 	4877 	4710
f 201 	178 	2922
f 4860 	4699 	4861
f 4871 	4884 	4986
f 2156 	4874 	2159
f 2153 	4879 	4874
f 2153 	4874 	2156
f 4770 	4769 	4880
f 4858 	4856 	4986
f 4878 	4858 	4986
f 4874 	4879 	4873
f 4872 	4877 	4873
f 4874 	4873 	4877
f 4876 	4871 	4986
f 204 	2942 	2949
f 4881 	4878 	4986
f 4867 	4119 	4883
f 218 	217 	2973
f 4710 	4786 	4874
f 4884 	4881 	4986
f 2975 	218 	2973
f 4876 	4986 	4875
f 4886 	4887 	4888
f 2173 	4874 	4786
f 2173 	4786 	2121
f 4890 	4891 	4887
f 4888 	4887 	4891
f 4888 	4891 	4893
f 4874 	2173 	2159
f 4894 	4985 	4892
f 4899 	4119 	1127
f 4865 	4119 	4899
f 1127 	4119 	1124
f 166 	150 	2900
f 4893 	4891 	4895
f 4797 	4805 	4885
f 4794 	4796 	4885
f 170 	166 	2912
f 4897 	4985 	4896
f 5005 	145 	3109
f 2673 	4985 	4903
f 4904 	2673 	4903
f 2901 	2900 	150
f 4905 	2673 	4904
f 5005 	2901 	145
f 4907 	2673 	4906
f 4905 	4906 	2673
f 4716 	2673 	4907
f 4718 	2673 	4716
f 4908 	4119 	1160
f 4898 	4119 	4908
f 1124 	4119 	4898
f 1161 	1160 	4119
f 4866 	4119 	4865
f 4902 	4903 	4985
f 2900 	2912 	166
f 4985 	4912 	4889
f 4889 	4892 	4985
f 4896 	4985 	4894
f 1287 	4119 	1284
f 1292 	4119 	1287
f 4915 	4119 	4914
f 4916 	4119 	4915
f 4913 	4119 	4916
f 1284 	4119 	4913
f 1294 	4119 	1292
f 817 	4119 	1294
f 4914 	4119 	4673
f 4919 	4920 	4834
f 4830 	4834 	4920
f 4834 	4843 	4919
f 4911 	4912 	4985
f 4918 	4985 	4856
f 4917 	4911 	4985
f 4053 	4292 	4921
f 4931 	5072 	4923
f 4922 	4923 	5072
f 4917 	4985 	4918
f 3116 	3440 	3131
f 3144 	3435 	3146
f 4945 	4924 	4925
f 3440 	3435 	3139
f 4985 	4986 	4856
f 3146 	3435 	3145
f 4910 	4902 	4985
f 4897 	4910 	4985
f 4926 	5044 	5025
f 4928 	5070 	4927
f 4728 	2674 	2668
f 5070 	4945 	4926
f 4725 	4724 	2680
f 2923 	2922 	178
f 4725 	2680 	2674
f 170 	2912 	178
f 2682 	4724 	2684
f 4923 	5106 	4931
f 4936 	5792 	4934
f 2586 	4956 	3584
f 4932 	4935 	4939
f 4938 	4119 	4937
f 4980 	4119 	4938
f 4940 	4119 	4980
f 4941 	4584 	4119
f 4584 	4585 	4119
f 4432 	5050 	4433
f 4430 	4958 	4431
f 4431 	4959 	4432
f 4942 	5792 	4936
f 4925 	4944 	4945
f 4946 	4932 	4945
f 4946 	4945 	4944
f 4960 	3211 	4949
f 4950 	3287 	4960
f 3331 	3198 	5011
f 2922 	2942 	201
f 4932 	4955 	4945
f 4954 	4945 	4955
f 2949 	217 	204
f 3234 	3206 	4949
f 4959 	4431 	4958
f 4957 	4958 	4430
f 5050 	4432 	4959
f 4429 	4428 	4957
f 4430 	4429 	4957
f 4428 	3584 	4956
f 4957 	4428 	4956
f 4930 	5106 	4946
f 4955 	4932 	4966
f 2949 	2973 	217
f 4971 	5028 	4895
f 4972 	4524 	5075
f 4504 	5075 	4524
f 2975 	230 	218
f 4494 	4973 	4974
f 4977 	4978 	4976
f 4974 	4976 	4978
f 4978 	5034 	4974
f 4971 	4895 	4970
f 231 	230 	3004
f 4966 	4932 	4939
f 4931 	5106 	4930
f 4941 	4119 	4940
f 2975 	3004 	230
f 4402 	4981 	4494
f 4494 	4981 	4982
f 4494 	4982 	4983
f 4494 	4988 	4402
f 4402 	4988 	4989
f 4991 	4992 	4983
f 4511 	4494 	4992
f 4992 	4994 	4512
f 4992 	4512 	4511
f 2828 	256 	3008
f 259 	231 	3008
f 2824 	256 	2828
f 259 	3008 	256
f 3004 	3008 	231
f 4998 	4986 	4990
f 4875 	4986 	4837
f 4837 	4986 	4998
f 4987 	5006 	4986
f 5000 	2848 	4987
f 4845 	4846 	5043
f 5043 	4848 	5003
f 5002 	5003 	4832
f 4990 	4986 	5001
f 4945 	5007 	5008
f 5006 	4987 	5005
f 5019 	5044 	4926
f 5016 	5019 	4926
f 5018 	4981 	4402
f 3370 	3331 	5011
f 5011 	5012 	3370
f 3355 	3370 	5012
f 5013 	3347 	5012
f 5014 	3347 	5013
f 5015 	3351 	5014
f 5017 	3302 	5015
f 5020 	3302 	5017
f 5114 	5115 	5057
f 4952 	3184 	4950
f 4945 	5008 	4926
f 5016 	4926 	5008
f 4846 	4848 	5043
f 4907 	2685 	4716
f 4927 	4926 	5025
f 5027 	4945 	4954
f 5030 	4895 	5028
f 4523 	4973 	4494
f 4523 	4494 	4498
f 5030 	5028 	5027
f 4945 	5027 	5028
f 5028 	5033 	4945
f 5033 	5045 	4945
f 4494 	4974 	5034
f 2877 	5000 	2879
f 2840 	4987 	2841
f 3255 	3021 	5000
f 4494 	5034 	4988
f 2652 	292 	3021
f 5037 	4986 	5006
f 5038 	4986 	5037
f 5001 	4986 	5038
f 5005 	4987 	2901
f 4965 	5054 	4967
f 5163 	4967 	5054
f 4964 	5054 	4965
f 4963 	5053 	4964
f 4962 	5052 	4963
f 332 	3054 	3043
f 332 	3043 	315
f 5044 	5004 	5043
f 5004 	4845 	5043
f 5045 	5007 	4945
f 5043 	5025 	5044
f 2827 	3054 	2608
f 397 	2845 	2994
f 397 	3072 	413
f 4058 	2699 	2630
f 2994 	3072 	397
f 2391 	5359 	2372
f 4830 	5029 	5031
f 4830 	5031 	5032
f 5026 	4830 	5032
f 4920 	5029 	4830
f 5053 	4963 	5052
f 5051 	5052 	4962
f 5054 	4964 	5053
f 4962 	4961 	5051
f 4433 	5051 	4961
f 5051 	4433 	5050
f 5389 	5390 	4934
f 87 	19 	5058
f 107 	87 	5058
f 85 	77 	5059
f 5059 	5060 	85
f 109 	85 	5060
f 36 	51 	5066
f 5066 	5067 	36
f 30 	36 	5067
f 31 	30 	5067
f 5676 	31 	5067
f 5068 	5675 	5067
f 4945 	5070 	4924
f 5071 	4924 	5070
f 4926 	4927 	5070
f 5390 	4929 	4933
f 5413 	5118 	5096
f 5105 	5026 	5073
f 5105 	5073 	5074
f 4685 	5740 	4942
f 5792 	4942 	5740
f 5032 	5073 	5026
f 4732 	2699 	4058
f 4386 	4972 	5075
f 4700 	5075 	4504
f 5075 	5078 	5079
f 5075 	5079 	4386
f 5081 	5102 	5083
f 5083 	5084 	5081
f 5080 	5081 	5084
f 4758 	5075 	4700
f 5085 	4952 	3197
f 3184 	4952 	5085
f 4952 	5009 	3197
f 5009 	5010 	3197
f 5394 	4754 	5087
f 4755 	5087 	4754
f 5089 	4772 	5088
f 4774 	5088 	4772
f 5075 	5394 	5078
f 5071 	5070 	5090
f 5093 	5094 	5092
f 5094 	5088 	5092
f 4775 	5092 	5088
f 4775 	5088 	4774
f 5329 	5070 	5315
f 3219 	4950 	3184
f 3222 	4950 	3219
f 3223 	4950 	3222
f 3289 	4950 	3223
f 3287 	4950 	3289
f 3209 	4949 	3211
f 3234 	4949 	3209
f 3205 	3174 	4948
f 4947 	4948 	3174
f 4948 	4949 	3205
f 5394 	5075 	4758
f 3206 	3205 	4949
f 5022 	3317 	5021
f 2683 	2699 	4732
f 5082 	5083 	5102
f 5103 	5086 	5102
f 5082 	5102 	5086
f 3211 	4960 	3287
f 5079 	5104 	4386
f 4921 	4932 	5106
f 5105 	5107 	5108
f 5105 	5108 	5109
f 5105 	5110 	5107
f 3312 	3317 	5055
f 4932 	4946 	5106
f 5108 	5112 	5113
f 5108 	5113 	5111
f 5108 	5111 	5109
f 4055 	4215 	4932
f 2683 	2042 	2699
f 418 	3136 	3135
f 418 	3135 	421
f 5115 	3326 	5057
f 5056 	5057 	3326
f 5055 	5056 	3309
f 3326 	3309 	5056
f 3309 	3312 	5055
f 5022 	5055 	3317
f 3302 	5020 	3317
f 3301 	5015 	3302
f 3298 	5015 	3301
f 3322 	3321 	5058
f 5116 	5117 	5111
f 5121 	5111 	5117
f 5111 	5113 	5116
f 417 	3137 	3136
f 417 	3136 	418
f 3351 	5015 	3298
f 3353 	5014 	3351
f 3348 	5014 	3353
f 3347 	5014 	3348
f 3356 	5012 	3347
f 3355 	5012 	3356
f 5010 	5011 	3198
f 3198 	3197 	5010
f 415 	3138 	3137
f 415 	3137 	417
f 5021 	3317 	5020
f 5057 	5058 	5114
f 3321 	5114 	5058
f 414 	3140 	3138
f 414 	3138 	415
f 413 	3141 	3140
f 413 	3140 	414
f 5120 	5199 	5831
f 3072 	3141 	413
f 4763 	5831 	5122
f 4763 	4764 	5831
f 5074 	5110 	5105
f 5124 	5125 	5123
f 5123 	5125 	5126
f 5170 	1340 	5126
f 463 	3191 	561
f 462 	3192 	3191
f 462 	3191 	463
f 5130 	5131 	5132
f 5130 	5132 	5133
f 5130 	5133 	5128
f 5129 	5123 	5152
f 5135 	5152 	5123
f 5134 	5135 	5123
f 5137 	5138 	5131
f 5137 	5131 	5130
f 5138 	5137 	5139
f 5141 	5142 	5140
f 5124 	5140 	5142
f 5124 	5142 	5125
f 461 	3193 	3192
f 461 	3192 	462
f 5141 	5140 	5143
f 4777 	4778 	4792
f 5141 	5143 	4778
f 459 	3194 	3193
f 459 	3193 	461
f 3449 	3435 	3453
f 3194 	459 	3043
f 315 	3043 	459
f 3450 	3435 	3449
f 3829 	3435 	3450
f 3820 	3435 	3823
f 3650 	3744 	3640
f 443 	3253 	3186
f 3633 	3435 	3636
f 3454 	3435 	3603
f 3453 	3435 	3454
f 4776 	4777 	4792
f 5149 	5166 	3225
f 5148 	5165 	5149
f 530 	2226 	3273
f 5064 	4968 	5164
f 534 	3220 	2227
f 534 	2227 	537
f 2676 	2675 	5281
f 2653 	2687 	5281
f 5136 	5129 	5152
f 533 	3221 	3220
f 533 	3220 	534
f 533 	421 	3221
f 3135 	3221 	421
f 2675 	2653 	5281
f 2503 	2719 	2391
f 5152 	5154 	5136
f 562 	3241 	573
f 5160 	5155 	5159
f 5155 	5111 	5159
f 5121 	5159 	5111
f 3599 	3435 	3598
f 3603 	3435 	3599
f 561 	3242 	3241
f 561 	3241 	562
f 561 	3191 	3242
f 5165 	5148 	5164
f 5166 	5149 	5165
f 5167 	3225 	5166
f 5064 	5164 	5148
f 4968 	4967 	5163
f 5163 	5164 	4968
f 573 	3241 	3255
f 3636 	3435 	3660
f 567 	1451 	3253
f 443 	567 	3253
f 3598 	3435 	3633
f 5173 	5174 	5171
f 3661 	3640 	3670
f 664 	3274 	5167
f 3660 	3435 	3661
f 663 	3275 	3274
f 663 	3274 	664
f 3670 	3640 	3676
f 662 	3272 	3275
f 662 	3275 	663
f 661 	3273 	3272
f 661 	3272 	662
f 3273 	661 	530
f 5190 	5191 	5192
f 5192 	5139 	5190
f 5258 	5194 	5190
f 3710 	3640 	3722
f 5199 	5200 	5197
f 5200 	5201 	5197
f 1351 	5197 	5201
f 3354 	692 	3328
f 3681 	3676 	3640
f 5204 	5219 	5197
f 5197 	1351 	5204
f 5203 	5204 	1351
f 5200 	5199 	5120
f 5831 	5199 	5209
f 692 	691 	3329
f 692 	3329 	3328
f 5122 	5831 	5209
f 691 	689 	3332
f 691 	3332 	3329
f 2503 	2755 	2707
f 2755 	2826 	2707
f 2687 	2707 	2826
f 5220 	5205 	5219
f 5205 	5197 	5219
f 5223 	5173 	5220
f 5219 	5223 	5220
f 2826 	5281 	2687
f 4880 	5227 	4770
f 5171 	4770 	5227
f 3735 	701 	3354
f 5224 	5220 	5171
f 5227 	5224 	5171
f 5173 	5171 	5220
f 5359 	2391 	2719
f 2707 	2719 	2503
f 701 	692 	3354
f 707 	3359 	716
f 3359 	707 	4549
f 2719 	2733 	5359
f 716 	3359 	3364
f 2733 	3224 	5359
f 5155 	5257 	5258
f 5155 	5258 	5157
f 5160 	5257 	5155
f 2597 	5151 	5283
f 5283 	5291 	2597
f 5258 	5262 	5264
f 5258 	5264 	5265
f 5258 	5265 	5194
f 5191 	5190 	5194
f 5258 	5190 	5157
f 3404 	726 	716
f 5151 	2676 	5283
f 5281 	5283 	2676
f 5201 	5274 	1351
f 5291 	5288 	2597
f 3414 	752 	746
f 2766 	2597 	5288
f 2907 	2766 	5288
f 752 	3414 	759
f 1314 	5329 	5298
f 3703 	3640 	3711
f 3681 	3640 	3703
f 5303 	5304 	1314
f 716 	3364 	3404
f 3722 	3640 	3720
f 5311 	5297 	5392
f 5398 	5392 	5297
f 3711 	3640 	3710
f 3408 	739 	3404
f 739 	726 	3404
f 5329 	5315 	5316
f 5398 	5329 	5316
f 3720 	3640 	3728
f 5320 	5144 	5400
f 4832 	4833 	5002
f 5320 	5002 	4833
f 5144 	5320 	4833
f 5145 	5400 	5144
f 739 	3408 	3410
f 739 	3410 	746
f 5145 	5136 	5400
f 4928 	5315 	5070
f 5326 	5139 	5192
f 5137 	5190 	5139
f 746 	3410 	3414
f 5297 	5298 	5329
f 3414 	3460 	759
f 3237 	3246 	5359
f 5090 	5070 	5329
f 5338 	5329 	5304
f 1314 	5304 	5329
f 3748 	3640 	3750
f 3733 	3640 	3737
f 3728 	3640 	3733
f 5329 	5398 	5297
f 3785 	3650 	3786
f 5118 	4922 	5096
f 3465 	785 	759
f 3737 	3640 	3748
f 5329 	4407 	5090
f 5349 	4407 	5338
f 5344 	5127 	5347
f 5348 	5350 	5347
f 5344 	5347 	5350
f 3756 	3650 	3758
f 5128 	5352 	5347
f 5128 	5347 	5127
f 3744 	3650 	3756
f 5133 	5352 	5128
f 3465 	759 	3460
f 5072 	5096 	4922
f 3471 	809 	3465
f 785 	3465 	809
f 5298 	5373 	1314
f 2969 	2985 	5359
f 5344 	5376 	5377
f 5344 	5377 	5370
f 5359 	3246 	2969
f 5370 	5377 	5379
f 5380 	5370 	5379
f 809 	3471 	3478
f 828 	3478 	853
f 828 	809 	3478
f 5359 	2985 	2372
f 853 	3487 	3482
f 853 	3478 	3487
f 853 	3482 	842
f 4681 	4933 	4929
f 5397 	5426 	5395
f 5344 	5350 	5376
f 5399 	5391 	5394
f 5391 	5389 	5394
f 5400 	5136 	5397
f 5087 	5399 	5394
f 2709 	2036 	2681
f 3145 	3435 	3821
f 3823 	3435 	3829
f 3821 	3435 	3820
f 5403 	5404 	5405
f 5406 	5436 	5405
f 5370 	5408 	5409
f 5370 	5409 	5371
f 5371 	5409 	5410
f 5371 	5410 	5411
f 5371 	5411 	5412
f 5380 	5408 	5370
f 3793 	3650 	3804
f 3804 	3650 	3913
f 3786 	3650 	3793
f 3758 	3650 	3785
f 3750 	3640 	3744
f 3354 	4316 	3911
f 3911 	3947 	3650
f 4416 	5413 	5096
f 4407 	4413 	5096
f 5402 	5414 	5415
f 5402 	5415 	5403
f 5414 	5402 	5412
f 5371 	5412 	5402
f 5096 	5090 	4407
f 5415 	5404 	5403
f 3913 	3650 	3926
f 3926 	3650 	3928
f 3928 	3650 	3934
f 2709 	2681 	4734
f 886 	842 	3495
f 3482 	3495 	842
f 3049 	3062 	3406
f 2058 	2063 	3036
f 3366 	3377 	3111
f 3095 	3111 	3386
f 3392 	3397 	3076
f 3259 	3264 	2959
f 3264 	3270 	2945
f 2930 	2945 	3270
f 3270 	3366 	2930
f 5418 	1432 	5417
f 1312 	1183 	4407
f 5393 	5420 	5421
f 5392 	5393 	5421
f 5422 	1351 	5274
f 984 	3508 	1001
f 5423 	5203 	1351
f 1350 	5423 	1351
f 3224 	3237 	5359
f 2959 	3264 	2945
f 5393 	5395 	5426
f 3604 	1001 	3516
f 3111 	2930 	3366
f 2959 	2969 	3259
f 1342 	1340 	5428
f 951 	886 	3502
f 3495 	3502 	886
f 3377 	3386 	3111
f 5123 	1340 	5134
f 5423 	1350 	5425
f 3934 	3650 	3937
f 3508 	984 	951
f 3508 	951 	3502
f 3406 	2058 	3049
f 3937 	3650 	3947
f 3964 	3911 	3970
f 3062 	3076 	3397
f 3397 	3406 	3062
f 3947 	3911 	3957
f 3516 	1001 	3508
f 3957 	3911 	3964
f 3076 	3095 	3392
f 5406 	5434 	5435
f 5406 	5435 	5436
f 5403 	5405 	5436
f 5437 	5438 	5439
f 3386 	3392 	3095
f 5435 	5438 	5437
f 5435 	5437 	5436
f 1088 	2023 	2559
f 4135 	3911 	4218
f 3970 	3911 	4121
f 4121 	3911 	4127
f 3246 	3259 	2969
f 1803 	1091 	3567
f 4127 	3911 	4135
f 1091 	1090 	3569
f 1091 	3569 	3567
f 4933 	4934 	5390
f 4218 	3911 	4235
f 1090 	1089 	3570
f 1090 	3570 	3569
f 1089 	1088 	3571
f 1089 	3571 	3570
f 4293 	3911 	4302
f 4235 	3911 	4293
f 3036 	3049 	2058
f 5437 	5439 	5440
f 5437 	5440 	5441
f 1088 	2559 	3571
f 3328 	4418 	3354
f 4302 	3911 	4312
f 3332 	689 	1122
f 3332 	1122 	3600
f 1987 	3036 	2063
f 1122 	1120 	3601
f 1122 	3601 	3600
f 4316 	3354 	4346
f 4312 	3911 	4316
f 1120 	1118 	3602
f 1120 	3602 	3601
f 4934 	5442 	5389
f 4346 	3354 	4350
f 4363 	3354 	4368
f 4350 	3354 	4363
f 2667 	3602 	1118
f 3416 	3418 	2700
f 2700 	3418 	2754
f 4372 	3354 	4374
f 4368 	3354 	4372
f 1134 	3604 	1371
f 1001 	3604 	1134
f 4374 	3354 	4377
f 5443 	5444 	5445
f 5443 	5445 	5446
f 3490 	5806 	3459
f 4377 	3354 	4380
f 4380 	3354 	4383
f 5448 	5450 	5451
f 5448 	5451 	5452
f 5448 	5452 	5444
f 5448 	5444 	5443
f 5445 	5453 	5446
f 5394 	4390 	4389
f 3447 	5806 	3451
f 3434 	5806 	3447
f 3438 	5806 	3434
f 3451 	5806 	3432
f 3444 	5806 	3438
f 3443 	5806 	3444
f 5449 	5806 	3443
f 3439 	5806 	5449
f 3432 	5806 	3431
f 3456 	5806 	3439
f 4385 	3354 	4406
f 4383 	3354 	4385
f 5442 	5394 	5389
f 4418 	3328 	4425
f 4406 	3354 	4418
f 3457 	5806 	3456
f 3459 	5806 	3457
f 3489 	5806 	3490
f 3481 	5806 	3483
f 3463 	5806 	3481
f 3483 	5806 	3489
f 3466 	5806 	3463
f 3467 	5806 	3466
f 5441 	5455 	5456
f 5441 	5456 	5437
f 3604 	3610 	1371
f 5457 	5458 	5459
f 5457 	5459 	5460
f 4439 	3328 	4453
f 5462 	5463 	5458
f 5462 	5458 	5457
f 5455 	5463 	5462
f 5455 	5462 	5456
f 4425 	3328 	4439
f 4934 	5792 	5442
f 1371 	3610 	3613
f 1371 	3613 	1376
f 4972 	4386 	4405
f 3544 	5806 	3501
f 3512 	5806 	3544
f 3509 	5806 	3512
f 3503 	5806 	3509
f 3519 	5806 	3503
f 3522 	5806 	3519
f 3525 	5806 	3522
f 3497 	5806 	3529
f 3529 	5806 	3525
f 3501 	5806 	3467
f 4977 	4976 	5464
f 5464 	4976 	4404
f 4496 	3328 	4515
f 4453 	3328 	4496
f 3329 	3359 	3328
f 4519 	3328 	4522
f 4515 	3328 	4519
f 4405 	4404 	4972
f 4976 	4972 	4404
f 5018 	4402 	5466
f 4522 	3328 	4529
f 5460 	5459 	5467
f 5460 	5467 	5468
f 5460 	5468 	5469
f 3620 	1394 	3613
f 4529 	3328 	4540
f 4540 	3328 	4546
f 4549 	3328 	3359
f 5471 	5472 	5473
f 5471 	5473 	5474
f 5475 	5476 	5472
f 5475 	5472 	5471
f 5468 	5476 	5475
f 5468 	5475 	5469
f 4546 	3328 	4549
f 299 	300 	5480
f 5481 	299 	5480
f 300 	301 	5480
f 5482 	299 	5481
f 5483 	299 	5482
f 301 	303 	5480
f 5484 	299 	5483
f 5484 	5485 	299
f 5447 	5486 	5487
f 5447 	5487 	5448
f 5474 	5473 	5488
f 5474 	5488 	5489
f 5474 	5489 	5486
f 5474 	5486 	5447
f 5487 	5450 	5448
f 5491 	5492 	299
f 5492 	5495 	299
f 5490 	5491 	299
f 5494 	299 	5493
f 5497 	5498 	299
f 5496 	5497 	299
f 5498 	5510 	299
f 5493 	299 	5499
f 5495 	5496 	299
f 4989 	5464 	4402
f 5091 	5078 	5394
f 5500 	5091 	5394
f 5501 	5502 	5503
f 5501 	5503 	5504
f 5505 	5506 	5507
f 5505 	5507 	5502
f 5505 	5502 	5501
f 5504 	5503 	5508
f 5504 	5508 	5509
f 5511 	5512 	299
f 5512 	5516 	299
f 5510 	5511 	299
f 5514 	299 	5513
f 5499 	299 	5514
f 5517 	299 	5516
f 5513 	299 	5517
f 5509 	5508 	5518
f 5521 	5494 	5520
f 2709 	4734 	2712
f 4737 	2712 	4734
f 5069 	5675 	5068
f 5505 	5522 	5506
f 5394 	4389 	4388
f 5453 	5523 	5522
f 5453 	5522 	5505
f 5453 	5505 	5446
f 5524 	5494 	5521
f 5104 	5525 	4386
f 5394 	4388 	5500
f 4388 	4387 	5500
f 4607 	5526 	4612
f 4608 	4612 	5526
f 4648 	299 	4626
f 4626 	299 	4622
f 2736 	4822 	2737
f 5527 	5528 	5524
f 5494 	5524 	5528
f 5494 	5528 	5529
f 5494 	5529 	5530
f 5494 	5530 	5531
f 5494 	5531 	5526
f 4607 	299 	5526
f 4622 	299 	4607
f 4803 	299 	4648
f 4804 	299 	4807
f 5532 	5533 	5534
f 5532 	5534 	5535
f 5533 	5537 	5534
f 5536 	5537 	5533
f 4450 	5534 	5537
f 4450 	5537 	4451
f 4807 	299 	4803
f 5538 	5537 	5536
f 4830 	299 	4834
f 5109 	299 	5105
f 5105 	299 	5026
f 5818 	5819 	5805
f 5805 	5540 	5818
f 5815 	5816 	5542
f 6159 	5859 	6001
f 6001 	5859 	6000
f 5539 	5426 	5397
f 5136 	5539 	5397
f 1313 	1312 	5419
f 5545 	5419 	1312
f 1312 	4407 	5545
f 5329 	5338 	4407
f 5485 	5490 	299
f 5392 	5421 	5311
f 5111 	299 	5109
f 5026 	299 	4830
f 5130 	299 	5137
f 4834 	299 	4804
f 5155 	299 	5111
f 5545 	4407 	5349
f 5127 	299 	5128
f 5344 	299 	5127
f 2697 	2615 	3864
f 4094 	3864 	2615
f 3899 	3902 	2697
f 3898 	3899 	2697
f 5137 	299 	5190
f 3864 	3865 	2697
f 3903 	3895 	2697
f 3895 	3898 	2697
f 3902 	3416 	2697
f 2700 	2697 	3416
f 5157 	299 	5155
f 5190 	299 	5157
f 5370 	299 	5344
f 5371 	299 	5370
f 5154 	5539 	5136
f 5403 	299 	5402
f 5436 	299 	5403
f 5128 	299 	5130
f 5402 	299 	5371
f 5437 	299 	5436
f 5446 	299 	5443
f 5460 	299 	5457
f 5456 	5462 	299
f 5462 	5457 	299
f 5474 	299 	5471
f 5475 	299 	5469
f 5469 	299 	5460
f 5448 	299 	5447
f 5447 	299 	5474
f 5792 	4395 	5572
f 5443 	299 	5448
f 5573 	1314 	5373
f 4393 	5442 	5572
f 5572 	5442 	5792
f 5393 	1319 	5420
f 5574 	5420 	1319
f 1318 	5574 	1319
f 5471 	299 	5475
f 5505 	299 	5446
f 5581 	299 	5504
f 5504 	299 	5501
f 5501 	299 	5505
f 5573 	5574 	1318
f 5456 	299 	5437
f 5620 	320 	5614
f 316 	5627 	187
f 5576 	299 	5580
f 5577 	299 	5576
f 4077 	2615 	4078
f 5582 	299 	5581
f 4065 	2615 	4063
f 4074 	2615 	4065
f 5579 	5580 	299
f 5586 	298 	5585
f 5587 	298 	5586
f 5584 	299 	5578
f 4063 	2615 	4077
f 4086 	2615 	4096
f 4087 	2615 	4086
f 4096 	2615 	4075
f 3865 	3903 	2697
f 4095 	2615 	4087
f 5589 	298 	5588
f 5588 	298 	5587
f 5578 	299 	5577
f 5585 	299 	5584
f 5582 	5583 	299
f 5494 	5526 	299
f 5579 	299 	5583
f 4390 	5394 	5442
f 5592 	298 	5591
f 5598 	298 	5597
f 5594 	298 	5590
f 5595 	298 	5594
f 5601 	298 	5600
f 5600 	298 	5599
f 5599 	298 	5593
f 5607 	298 	5604
f 5603 	298 	5602
f 1316 	1314 	5573
f 5597 	298 	5589
f 5596 	298 	5595
f 5591 	298 	5596
f 5602 	298 	5601
f 5419 	5303 	1314
f 1313 	5419 	1314
f 5593 	298 	5592
f 5590 	298 	5598
f 5393 	5426 	1319
f 5426 	5427 	1319
f 5606 	298 	5605
f 5609 	328 	5608
f 5610 	328 	5609
f 5608 	328 	5606
f 5613 	328 	5610
f 5605 	298 	5607
f 5573 	1318 	1316
f 5612 	328 	5611
f 5422 	1353 	1351
f 5611 	328 	5613
f 5604 	298 	5603
f 5622 	320 	5621
f 5625 	320 	5622
f 5424 	5425 	1348
f 1349 	1348 	5425
f 5631 	186 	5627
f 5627 	320 	5626
f 1336 	1319 	5629
f 1319 	5427 	5629
f 5633 	5637 	186
f 5631 	5632 	186
f 4740 	2723 	4738
f 5170 	5428 	1340
f 5123 	5126 	1340
f 5429 	5134 	1340
f 1338 	5429 	1340
f 4738 	2723 	4737
f 4737 	2723 	2712
f 5643 	370 	186
f 5642 	186 	5641
f 1349 	5425 	1350
f 1353 	5422 	1354
f 5417 	1354 	5422
f 379 	186 	370
f 5642 	5643 	186
f 5614 	320 	5612
f 5626 	320 	5625
f 5621 	320 	5620
f 5632 	5633 	186
f 5637 	5640 	186
f 5640 	5641 	186
f 393 	186 	379
f 5675 	5069 	5659
f 5661 	5662 	5480
f 5659 	5069 	5658
f 5663 	5664 	5479
f 5664 	5666 	5479
f 5666 	5667 	5479
f 5667 	5668 	5479
f 5478 	5479 	5670
f 5477 	5478 	5670
f 5669 	5479 	5668
f 5670 	5479 	5669
f 16 	5477 	5670
f 5658 	5477 	16
f 80 	81 	5062
f 53 	49 	5065
f 49 	78 	5065
f 78 	80 	5065
f 305 	5661 	5480
f 5676 	5067 	5675
f 303 	305 	5480
f 5065 	5066 	51
f 52 	53 	5065
f 51 	52 	5065
f 81 	65 	5062
f 1376 	3613 	1394
f 2734 	2732 	4740
f 4740 	4824 	2734
f 4392 	5442 	4393
f 1394 	3620 	3626
f 1394 	3626 	1401
f 1401 	3626 	1418
f 2723 	4740 	2732
f 5442 	4392 	4390
f 5525 	4387 	4386
f 2736 	2734 	4823
f 1418 	3635 	1429
f 5525 	5500 	4387
f 4393 	5572 	4394
f 4824 	4823 	2734
f 2736 	4823 	4822
f 5464 	4404 	4403
f 4401 	5701 	4402
f 5701 	5466 	4402
f 3729 	1440 	3651
f 1438 	3651 	1440
f 5464 	4403 	4402
f 1418 	3630 	3635
f 3626 	3630 	1418
f 2745 	4831 	4827
f 2745 	4827 	2753
f 2745 	4822 	4831
f 2737 	4822 	2745
f 1429 	3635 	1438
f 4826 	2756 	4827
f 2753 	4827 	2756
f 2756 	4826 	4825
f 2756 	4825 	2761
f 3651 	1438 	3635
f 2761 	4825 	2668
f 1440 	3736 	1447
f 1520 	3746 	538
f 538 	1530 	1520
f 792 	1532 	538
f 1386 	1532 	1772
f 792 	1772 	1532
f 1530 	538 	1532
f 5734 	5740 	5737
f 5739 	5746 	5792
f 5739 	5792 	5735
f 5734 	5735 	5740
f 56 	5737 	66
f 4686 	5787 	5740
f 1440 	3729 	3736
f 4686 	4677 	5787
f 3740 	1511 	3736
f 5748 	5740 	5787
f 1447 	3736 	1511
f 3740 	1520 	1511
f 3746 	1520 	3740
f 5747 	5743 	5745
f 5745 	5792 	5746
f 4998 	2771 	4837
f 4078 	2615 	4056
f 5775 	5776 	2218
f 5748 	2218 	5776
f 2624 	4788 	2617
f 4558 	5750 	2769
f 4562 	2769 	5750
f 2769 	2772 	4558
f 2615 	2617 	4788
f 4095 	4094 	2615
f 4562 	4729 	2769
f 2217 	2208 	5775
f 2785 	4856 	4858
f 4569 	5753 	4557
f 4578 	4557 	5753
f 5753 	4569 	5756
f 5776 	5755 	5748
f 5755 	5763 	5748
f 5765 	5791 	5748
f 42 	5740 	5748
f 5754 	4565 	4557
f 4565 	4569 	4557
f 5757 	5754 	4557
f 4557 	4558 	2772
f 2772 	5757 	4557
f 4878 	2793 	4858
f 5772 	5771 	2769
f 2769 	4611 	5760
f 5760 	5766 	2769
f 5749 	5777 	5906
f 4729 	4731 	2769
f 5838 	5748 	5762
f 5764 	5748 	5838
f 5765 	5748 	5764
f 2769 	4646 	5793
f 5763 	5762 	5748
f 5766 	5767 	2769
f 5767 	4646 	2769
f 2784 	4856 	2785
f 4723 	5770 	2769
f 5770 	5774 	2769
f 4720 	4723 	2769
f 5772 	2769 	4731
f 4717 	2769 	5774
f 5769 	4720 	2769
f 4611 	2769 	4717
f 5771 	5769 	2769
f 4787 	4791 	2615
f 4790 	2615 	4791
f 5783 	2615 	4790
f 5783 	5788 	2615
f 5030 	2615 	4895
f 4884 	4871 	2807
f 4872 	4873 	5787
f 5788 	5789 	2615
f 4888 	2615 	4886
f 4888 	4893 	2615
f 4895 	2615 	4893
f 4886 	2615 	5789
f 4870 	5787 	4873
f 2217 	5775 	2218
f 2219 	2218 	5787
f 5748 	5787 	2218
f 2213 	4882 	2170
f 2785 	4858 	2793
f 4870 	2213 	5787
f 4882 	2213 	4870
f 2219 	5787 	2213
f 4215 	4056 	2615
f 4075 	2615 	4074
f 4955 	4966 	2615
f 4954 	4955 	2615
f 4878 	4881 	2793
f 5027 	2615 	5030
f 4966 	4939 	2615
f 4939 	4935 	2615
f 4935 	4215 	2615
f 4884 	2804 	4881
f 5027 	4954 	2615
f 2796 	2793 	4881
f 2796 	4881 	2804
f 4884 	2807 	2804
f 5737 	56 	5736
f 56 	58 	5736
f 5740 	220 	5737
f 66 	5737 	220
f 2809 	4875 	4837
f 2809 	2810 	4875
f 4876 	4875 	2810
f 2810 	2807 	4876
f 2807 	4871 	4876
f 4470 	1509 	2043
f 2809 	4837 	2771
f 1509 	4470 	1667
f 4472 	1667 	4470
f 5743 	5747 	5790
f 5790 	246 	5743
f 246 	247 	5743
f 247 	1667 	5743
f 1667 	4472 	5743
f 4471 	5743 	4472
f 5879 	40 	5748
f 5879 	5748 	5791
f 2874 	4894 	2881
f 5740 	5735 	5792
f 4892 	4889 	2881
f 5794 	4781 	2769
f 5743 	5792 	5745
f 5794 	2769 	5793
f 4788 	2769 	4781
f 4788 	4787 	2615
f 5743 	4395 	5792
f 2637 	315 	5799
f 459 	5799 	315
f 5743 	4396 	4395
f 4396 	5743 	4471
f 4394 	5572 	4395
f 567 	6327 	5802
f 4034 	5803 	5801
f 5541 	5542 	5816
f 5540 	5541 	5817
f 5817 	5818 	5540
f 5816 	5817 	5541
f 5809 	5805 	5819
f 5808 	5809 	5820
f 5819 	5820 	5809
f 5820 	5821 	5808
f 5807 	5808 	5821
f 5821 	5822 	5807
f 5822 	13 	5807
f 13 	5823 	5807
f 5806 	5807 	5823
f 5824 	5806 	5823
f 3431 	5806 	5824
f 4897 	4896 	2843
f 5895 	5854 	5906
f 5854 	5850 	582
f 1432 	5831 	1428
f 1432 	5832 	5831
f 5830 	5831 	5832
f 582 	5761 	5906
f 5841 	5842 	5831
f 2843 	4896 	2864
f 5843 	5844 	5544
f 5836 	5843 	5544
f 5844 	5845 	5544
f 5839 	5840 	5831
f 5840 	5852 	5831
f 5842 	1428 	5831
f 5838 	5762 	5837
f 5761 	5837 	5762
f 5830 	5119 	5831
f 5119 	5120 	5831
f 2864 	4896 	2874
f 4894 	2874 	4896
f 388 	177 	5544
f 5846 	388 	5544
f 177 	174 	5544
f 174 	5812 	5544
f 5812 	5813 	5544
f 5814 	5815 	5544
f 5813 	5814 	5544
f 4761 	4781 	5861
f 5847 	5848 	4761
f 5848 	5831 	4761
f 5831 	5848 	5839
f 4892 	2881 	4894
f 5841 	5831 	5852
f 5851 	294 	5850
f 5850 	294 	18
f 294 	5953 	1890
f 2883 	2881 	4889
f 1354 	5417 	1432
f 18 	582 	5850
f 5832 	1432 	5418
f 5761 	5749 	5906
f 4907 	2909 	2685
f 2254 	5911 	5780
f 2918 	2909 	4906
f 4907 	4906 	2909
f 5543 	5544 	5815
f 5542 	5543 	5815
f 2918 	4906 	2921
f 5835 	5836 	5544
f 5989 	5990 	559
f 5833 	5834 	5987
f 5834 	5835 	5985
f 5544 	5985 	5835
f 553 	559 	5990
f 5845 	5846 	5544
f 551 	553 	5991
f 5861 	5793 	4647
f 4646 	4647 	5793
f 5793 	5861 	5794
f 4635 	5862 	5861
f 4647 	4632 	5861
f 4633 	4631 	5861
f 399 	5833 	5988
f 5988 	5989 	399
f 5847 	4761 	5864
f 5864 	4761 	5861
f 5861 	4781 	5794
f 5862 	5864 	5861
f 5987 	5988 	5833
f 5985 	5987 	5834
f 2929 	4903 	4902
f 559 	399 	5989
f 2290 	5911 	2254
f 4903 	2924 	4904
f 4904 	2921 	4905
f 1202 	1229 	1201
f 5874 	1201 	1229
f 5874 	1229 	1228
f 5874 	1228 	1243
f 5874 	1243 	1245
f 5874 	1245 	5875
f 5874 	5875 	1277
f 5874 	1277 	1266
f 5874 	1266 	1270
f 2921 	4906 	4905
f 5576 	5876 	5877
f 5576 	5877 	5878
f 5576 	5878 	5577
f 5577 	5878 	5578
f 5580 	5913 	5576
f 4904 	2924 	2921
f 5579 	5913 	5580
f 42 	5748 	40
f 4903 	2929 	2924
f 2933 	2929 	4902
f 5582 	5880 	5881
f 5581 	5882 	5880
f 5581 	5880 	5582
f 595 	5837 	582
f 5761 	582 	5837
f 5518 	5883 	5884
f 5518 	5884 	5882
f 5518 	5882 	5581
f 5518 	5581 	5504
f 5518 	5504 	5509
f 1529 	5886 	1270
f 5886 	5892 	1270
f 1527 	1529 	1270
f 1536 	1270 	1533
f 5887 	1270 	5891
f 5891 	1270 	5890
f 1536 	5890 	1270
f 5892 	1533 	1270
f 5901 	5893 	5894
f 5894 	5934 	5901
f 5583 	5896 	5897
f 5583 	5897 	5579
f 5582 	5898 	5896
f 5582 	5896 	5583
f 5881 	5899 	5900
f 5881 	5900 	5898
f 5881 	5898 	5582
f 5893 	5901 	5851
f 294 	5851 	5901
f 582 	5906 	5854
f 5887 	5874 	1270
f 5990 	5991 	553
f 6162 	6163 	5859
f 2281 	5901 	5903
f 2281 	5903 	2282
f 5908 	1270 	5904
f 2843 	4910 	4897
f 5937 	5905 	5901
f 5903 	5901 	5905
f 2950 	4910 	2843
f 5907 	5937 	5906
f 2950 	2933 	4910
f 4902 	4910 	2933
f 1706 	1552 	1270
f 5915 	1270 	5908
f 5910 	1270 	5909
f 5885 	1270 	5910
f 5885 	1527 	1270
f 5930 	1706 	1270
f 5911 	5906 	5777
f 5777 	5780 	5911
f 294 	5901 	5953
f 5912 	5876 	5576
f 5913 	5912 	5576
f 5909 	1270 	5914
f 5920 	1270 	5915
f 5897 	5916 	5917
f 5897 	5917 	5579
f 5579 	5917 	5913
f 5905 	5937 	5907
f 5914 	1270 	5920
f 5585 	5921 	5922
f 5585 	5922 	5586
f 5923 	5878 	5877
f 5578 	5878 	5923
f 5578 	5923 	5925
f 5578 	5925 	5926
f 5578 	5926 	5584
f 5586 	5922 	5927
f 5586 	5927 	5587
f 5584 	5926 	5928
f 5584 	5928 	5929
f 5584 	5929 	5921
f 5584 	5921 	5585
f 1485 	2844 	5799
f 2844 	2637 	5799
f 5904 	1270 	1552
f 1692 	1270 	1689
f 5933 	1270 	1692
f 5930 	1270 	5933
f 5934 	5937 	5901
f 443 	3186 	1485
f 1485 	5799 	443
f 5935 	5895 	5906
f 2784 	4918 	4856
f 5937 	5936 	5906
f 5936 	5935 	5906
f 567 	5802 	1451
f 4034 	1456 	5803
f 5588 	5938 	5589
f 5587 	5927 	5939
f 5587 	5939 	5940
f 5587 	5940 	5938
f 5587 	5938 	5588
f 5806 	3497 	5941
f 2986 	4917 	2989
f 5938 	5942 	5943
f 5938 	5943 	5589
f 4917 	4918 	2989
f 5938 	5940 	5942
f 5589 	5943 	5944
f 5589 	5944 	5597
f 5813 	1497 	6004
f 1496 	6004 	1497
f 1497 	5813 	5812
f 1497 	5812 	151
f 5948 	5949 	5947
f 5949 	5950 	5947
f 5946 	5947 	5950
f 1505 	5952 	1506
f 5816 	1506 	5952
f 5816 	5952 	5817
f 115 	1502 	117
f 1502 	104 	117
f 5819 	117 	104
f 5819 	104 	101
f 5819 	101 	5820
f 5955 	4526 	5954
f 4525 	5954 	4526
f 111 	104 	5958
f 1501 	5958 	104
f 1501 	104 	1502
f 71 	68 	1500
f 5959 	1500 	68
f 68 	5822 	5959
f 5821 	5959 	5822
f 5956 	5953 	5984
f 12 	68 	5960
f 68 	71 	5960
f 1499 	5960 	71
f 5961 	5962 	5963
f 2986 	4912 	4911
f 2972 	4912 	2986
f 5946 	5950 	5962
f 5963 	5962 	5950
f 5965 	5963 	5950
f 1498 	932 	5964
f 5823 	5964 	5824
f 2972 	2883 	4912
f 4889 	4912 	2883
f 4911 	4917 	2986
f 5595 	6012 	6013
f 5595 	6013 	5596
f 5594 	6012 	5595
f 5590 	6008 	5594
f 5591 	5966 	5967
f 5591 	5967 	5968
f 5591 	5968 	5592
f 5596 	6013 	5969
f 5596 	5969 	5966
f 5596 	5966 	5591
f 1890 	5953 	5956
f 5592 	5968 	5971
f 5592 	5971 	5593
f 4918 	2991 	2989
f 1767 	5973 	1270
f 5973 	5975 	1270
f 1768 	1767 	1270
f 5975 	5979 	1270
f 5932 	1270 	1780
f 5932 	1689 	1270
f 5972 	1768 	1270
f 1773 	1780 	1270
f 1801 	1773 	1270
f 5979 	5974 	1270
f 6134 	5945 	1797
f 2991 	4918 	2784
f 1797 	5945 	2031
f 4956 	3039 	3042
f 4956 	3042 	4957
f 3042 	3041 	4958
f 3042 	4958 	4957
f 5598 	5976 	5590
f 5597 	5977 	5978
f 5597 	5978 	5976
f 5597 	5976 	5598
f 5974 	1801 	1270
f 3041 	3040 	4959
f 3041 	4959 	4958
f 5944 	5980 	5981
f 5944 	5981 	5977
f 5944 	5977 	5597
f 3040 	5050 	4959
f 2020 	3039 	4956
f 5982 	2421 	2406
f 2406 	5945 	5982
f 4985 	2052 	3057
f 2306 	2373 	5984
f 3057 	3056 	4986
f 3057 	4986 	4985
f 6242 	6243 	1270
f 6229 	6233 	1270
f 5984 	2307 	2306
f 5823 	13 	5964
f 13 	12 	5964
f 5960 	5964 	12
f 2307 	5984 	2309
f 5958 	1501 	5959
f 1500 	5959 	1501
f 5956 	5984 	5983
f 121 	117 	5986
f 121 	5986 	1503
f 5818 	5995 	5986
f 5995 	1504 	5986
f 1503 	5986 	1504
f 5992 	6011 	5860
f 5867 	5860 	6011
f 6011 	5993 	5867
f 5866 	5867 	5993
f 5993 	5994 	5866
f 970 	5866 	5994
f 5994 	5996 	970
f 5996 	5997 	5863
f 5868 	5863 	5997
f 5997 	5998 	5868
f 5859 	5868 	5998
f 5999 	5859 	5998
f 6000 	5859 	5999
f 6162 	5859 	6160
f 6160 	5859 	6159
f 5952 	1505 	5995
f 1504 	5995 	1505
f 6134 	5983 	5982
f 5594 	6002 	6003
f 5815 	6004 	5816
f 1506 	5816 	6004
f 1506 	6004 	1496
f 5956 	5983 	6134
f 5976 	6005 	6006
f 5976 	6006 	6007
f 6008 	5590 	6007
f 5976 	6007 	5590
f 5814 	5813 	6004
f 5976 	5978 	6005
f 5983 	2321 	5982
f 2317 	5982 	2321
f 6008 	6002 	5594
f 5984 	5953 	5901
f 5901 	2281 	5984
f 2309 	5984 	2281
f 2316 	5982 	2317
f 3634 	1736 	1739
f 3634 	1739 	3637
f 2421 	5982 	2316
f 5863 	970 	5996
f 6003 	6012 	5594
f 6194 	6196 	5859
f 6170 	6171 	5859
f 6039 	6040 	5857
f 5600 	6029 	6030
f 5600 	6030 	5601
f 6163 	6165 	5859
f 5593 	5971 	6033
f 5593 	6033 	6035
f 5593 	6035 	6036
f 5593 	6036 	5599
f 5599 	6036 	6029
f 5599 	6029 	5600
f 3056 	3055 	4987
f 3056 	4987 	4986
f 6051 	6052 	5857
f 6052 	6320 	5857
f 4987 	3055 	5000
f 3055 	3068 	5000
f 5603 	6065 	6088
f 5603 	6088 	5604
f 5983 	5984 	6253
f 5602 	6065 	5603
f 5604 	6088 	6071
f 5604 	6071 	6073
f 5604 	6073 	6074
f 6127 	6122 	5859
f 6075 	6076 	5859
f 6109 	1864 	5859
f 1862 	6107 	5859
f 6107 	6108 	5859
f 6040 	6051 	5857
f 6133 	6127 	5859
f 2323 	2321 	6091
f 5983 	6253 	2321
f 6065 	6087 	6088
f 6030 	6090 	6087
f 6030 	6087 	6065
f 6030 	6065 	5602
f 6030 	5602 	5601
f 3077 	4998 	4990
f 3083 	4990 	5001
f 5858 	5859 	6078
f 6078 	6039 	5858
f 5857 	5858 	6039
f 6077 	6078 	5859
f 6108 	6077 	5859
f 5000 	3068 	3255
f 6120 	6131 	6119
f 1864 	1862 	5859
f 3077 	4990 	3083
f 6076 	6109 	5859
f 6118 	6119 	6131
f 6130 	6118 	6131
f 5037 	3093 	5038
f 4542 	4560 	6120
f 6131 	6120 	4560
f 3109 	3107 	5006
f 6122 	6075 	5859
f 3093 	3083 	5038
f 6182 	6139 	6140
f 6142 	6182 	6140
f 6139 	6182 	6145
f 1890 	6134 	1802
f 6148 	6182 	6147
f 6147 	6182 	6142
f 6152 	6153 	6154
f 6152 	6154 	6155
f 6152 	6155 	6156
f 6152 	6156 	6158
f 6164 	6152 	6158
f 5982 	5945 	6134
f 5991 	5992 	551
f 5860 	551 	5992
f 6165 	6166 	5859
f 6166 	6167 	5859
f 6181 	6168 	5859
f 6168 	6170 	5859
f 6167 	6181 	5859
f 6171 	6193 	5859
f 6153 	6175 	6154
f 6193 	6194 	5859
f 1890 	5956 	6134
f 3068 	573 	3255
f 6184 	6185 	6183
f 6182 	6183 	6185
f 6186 	6187 	6185
f 6187 	6182 	6185
f 6188 	6183 	6182
f 3060 	4998 	3077
f 6187 	6145 	6182
f 3060 	2771 	4998
f 6148 	6188 	6182
f 6184 	6190 	6185
f 5001 	5038 	3083
f 6072 	6092 	5859
f 6069 	6072 	5859
f 5037 	3107 	3093
f 5608 	6195 	6197
f 5608 	6197 	5609
f 6199 	6191 	5859
f 6191 	6192 	5859
f 6192 	1875 	5859
f 1875 	1877 	5859
f 1877 	1848 	5859
f 1848 	6069 	5859
f 6092 	6133 	5859
f 6198 	6199 	5859
f 6196 	6198 	5859
f 6201 	5605 	6200
f 5607 	6200 	5605
f 5607 	6202 	6200
f 6202 	5607 	6203
f 6201 	6204 	5606
f 6201 	5606 	5605
f 3109 	5006 	5005
f 5606 	6204 	6205
f 5606 	6205 	6206
f 5606 	6206 	6195
f 5606 	6195 	5608
f 150 	145 	2901
f 5037 	5006 	3107
f 6215 	6209 	1270
f 5970 	5972 	1270
f 6211 	6216 	1270
f 6213 	6215 	1270
f 3040 	3173 	5050
f 6203 	5607 	6214
f 5607 	5604 	6214
f 6074 	6214 	5604
f 3173 	3165 	5051
f 3173 	5051 	5050
f 6209 	5970 	1270
f 6212 	6213 	1270
f 3165 	3163 	5052
f 3165 	5052 	5051
f 3163 	3162 	5053
f 3163 	5053 	5052
f 6228 	1270 	6237
f 6220 	6223 	1270
f 6233 	6218 	1270
f 6221 	6222 	1270
f 6222 	6210 	1270
f 6210 	6211 	1270
f 3162 	3161 	5054
f 3162 	5054 	5053
f 5611 	6234 	6235
f 6223 	6221 	1270
f 5613 	6234 	5611
f 6216 	6212 	1270
f 6235 	6224 	6225
f 6235 	6225 	5612
f 6235 	5612 	5611
f 5163 	5054 	3337
f 3161 	3337 	5054
f 5612 	6225 	6226
f 5612 	6226 	6227
f 5612 	6227 	5614
f 6218 	6219 	1270
f 3336 	5164 	5163
f 3336 	5163 	3337
f 3335 	5165 	5164
f 3335 	5164 	3336
f 6251 	5984 	6232
f 2373 	6232 	5984
f 3334 	5166 	5165
f 3334 	5165 	3335
f 6219 	6220 	1270
f 3333 	5167 	5166
f 3333 	5166 	3334
f 5613 	6236 	6234
f 5167 	3333 	664
f 6197 	6238 	5609
f 5610 	5609 	6238
f 6239 	6240 	6238
f 5610 	6238 	6240
f 5610 	6240 	6236
f 5610 	6236 	5613
f 6217 	6237 	1270
f 6246 	1270 	6245
f 6244 	6245 	1270
f 6243 	6244 	1270
f 6241 	1270 	6248
f 6246 	6248 	1270
f 6241 	6217 	1270
f 6250 	6252 	6249
f 6252 	6255 	6249
f 6247 	6249 	6254
f 6251 	6253 	5984
f 6255 	6257 	6249
f 6254 	6249 	6257
f 6091 	2321 	6256
f 6256 	2321 	6253
f 6259 	4581 	6258
f 6261 	6262 	6263
f 6264 	6265 	6263
f 6265 	6270 	6263
f 6242 	1270 	6266
f 4614 	6268 	6258
f 4614 	6258 	4581
f 6261 	6263 	6269
f 6269 	6263 	6270
f 6266 	1270 	6267
f 6273 	6263 	6262
f 6275 	1270 	6274
f 6281 	1270 	6275
f 6277 	1270 	6276
f 6278 	1270 	6277
f 6279 	1270 	6278
f 6284 	1270 	6279
f 6228 	6229 	1270
f 6276 	1270 	6280
f 6289 	1270 	6281
f 6280 	1270 	6282
f 6283 	6249 	6247
f 6271 	1270 	6284
f 6267 	1270 	6271
f 5620 	6285 	6286
f 5620 	6286 	5621
f 6227 	6287 	6285
f 6227 	6285 	5620
f 6227 	5620 	5614
f 5621 	6286 	6288
f 5621 	6288 	5622
f 6282 	1270 	6289
f 18 	294 	2050
f 1509 	582 	2043
f 18 	2046 	2045
f 2045 	2043 	18
f 582 	18 	2043
f 6320 	6319 	5857
f 6307 	1270 	6291
f 6293 	1270 	6292
f 6294 	1270 	6293
f 6299 	1270 	6294
f 6296 	1270 	6295
f 6305 	1270 	6296
f 6274 	1270 	6297
f 557 	1509 	191
f 556 	1509 	557
f 192 	191 	1509
f 582 	1509 	556
f 6297 	1270 	6298
f 6295 	1270 	6299
f 5626 	6300 	6301
f 5626 	6301 	5627
f 5625 	6302 	6300
f 5625 	6300 	5626
f 5622 	6288 	6303
f 5622 	6303 	6304
f 5622 	6304 	6306
f 5622 	6306 	6302
f 5622 	6302 	5625
f 6298 	1270 	6305
f 6292 	1270 	6307
f 6309 	1270 	6308
f 6310 	1270 	6312
f 6290 	1270 	6311
f 6291 	1270 	6290
f 6311 	1270 	6310
f 6309 	6312 	1270
f 5632 	6313 	6314
f 5632 	6314 	5633
f 5631 	6315 	6316
f 5631 	6316 	6317
f 5631 	6317 	6313
f 5631 	6313 	5632
f 6301 	6315 	5631
f 6301 	5631 	5627
f 6308 	1270 	6318
f 1270 	5857 	6318
f 6319 	6318 	5857
f 5643 	6321 	370
f 5640 	6330 	5641
f 5637 	6330 	5640
f 5642 	6322 	6323
f 5642 	6323 	6324
f 5642 	6324 	6325
f 5642 	6325 	6326
f 5642 	6326 	6321
f 5642 	6321 	5643
f 4033 	6327 	4032
f 567 	4032 	6327
f 6328 	5802 	6327
f 562 	292 	4032
f 567 	561 	4032
f 5801 	5802 	6328
f 5801 	6328 	4034
f 6321 	6329 	1479
f 6321 	1479 	370
f 6321 	6326 	6329
f 3055 	4486 	3068
f 4050 	4049 	3068
f 4049 	4059 	3068
f 6330 	6331 	5641
f 6331 	6332 	5642
f 6331 	5642 	5641
f 4047 	4050 	3068
f 6314 	6333 	6334
f 6314 	6334 	5637
f 6314 	5637 	5633
f 5637 	6334 	6330
f 6332 	6322 	5642
f 4057 	4098 	3068
f 4059 	4057 	3068
f 4098 	4103 	3068
f 4280 	4264 	292
f 4126 	4144 	3068
f 4103 	4126 	3068
f 4264 	4261 	292
f 4144 	4145 	3068
f 4145 	4171 	3068
f 4171 	4174 	3068
f 292 	3068 	4174
f 5668 	4666 	5669
f 4174 	4169 	292
f 292 	4169 	4280
f 5670 	5669 	6335
f 4665 	6345 	5669
f 4261 	4260 	292
f 4260 	4330 	292
f 6336 	31 	5676
f 4661 	5675 	5659
f 4661 	4659 	5675
f 4657 	6337 	4658
f 6336 	5676 	6338
f 6337 	6338 	4659
f 4659 	6338 	5676
f 4658 	6337 	4659
f 4661 	5659 	4662
f 4328 	4345 	292
f 4330 	4328 	292
f 6340 	4664 	6339
f 4663 	6339 	4664
f 4665 	5669 	4666
f 5666 	6341 	5667
f 4667 	5667 	6341
f 4667 	6341 	4668
f 4345 	6347 	292
f 5663 	5662 	6343
f 6342 	6343 	5662
f 6343 	6344 	5664
f 6343 	5664 	5663
f 4670 	6341 	4671
f 6344 	4671 	6341
f 6341 	5666 	6344
f 5664 	6344 	5666
f 4457 	4454 	292
f 5667 	4667 	5668
f 4666 	5668 	4667
f 4664 	6340 	4665
f 4665 	6340 	6345
f 6335 	5669 	6345
f 6347 	4457 	292
f 4663 	4662 	6339
f 6339 	4662 	6346
f 5659 	6346 	4662
f 5658 	6346 	5659
f 5676 	5675 	4659
f 4655 	4654 	6348
f 4654 	725 	6348
f 718 	6348 	725
f 292 	4454 	4455
f 4490 	3068 	4489
f 4483 	3055 	256
f 4486 	3055 	4482
f 4487 	3068 	4486
f 4482 	3055 	4483
f 4492 	3068 	4490
f 4489 	3068 	4487
f 35 	24 	3068
f 4491 	35 	3068
f 83 	96 	3068
f 46 	83 	3068
f 24 	46 	3068
f 52 	450 	448
f 52 	448 	53
f 725 	450 	718
f 65 	154 	69
f 152 	69 	154
f 441 	81 	445
f 80 	445 	81
f 69 	152 	72
# 5635 faces

 #end of obj_0

